best_time_raw,mean_time_raw,median_time_raw,sd_time_raw,cv_time_raw,worst_time_raw,range_time_raw,q25_time_raw,q75_time_raw,best_time_wc,mean_time_wc,median_time_wc,sd_time_wc,cv_time_wc,worst_time_wc,range_time_wc,q25_time_wc,q75_time_wc,improvement_slope_raw,improvement_residual_sd,improvement_slope_wc,best_minus_first,best_minus_latest,improvement_rate_annual,n_records,n_competitions,n_seasons,career_span_years,age_first_record,age_best_record,records_per_year,has_final,n_finals,pct_finals,heats_final_diff,wind_missing_prop,wind_mean,wind_sd,wind_mean_tail,wind_mean_head,height_cm,weight_kg,height_missing,weight_missing,bmi,year_first,year_last,year_mean,career_span_calendar,decade_first,decade_mode,birth_cohort_5yr,athlete_id,sex,lifetime_pb,has_anthro
12.82,12.915,12.915,0.1344,0.0104,13.01,0.19,12.8675,12.9625,12.892,12.951,12.951,0.0834,0.0064,13.01,0.118,12.9215,12.9805,,,,0.0,0.19,0.0,2,2,1,0.0,15.0,15.0,34.7857,0,0,0.0,0.0,0.0,-0.6,0.8485,0.0,-1.2,175.0,63.0,0,0,20.5714,2015,2015,2015.0,0,2010,2010,1995,c056b9414487d484,F,12.44,1
12.77,12.81,12.81,0.0566,0.0044,12.85,0.08,12.79,12.83,12.734,12.789,12.789,0.0778,0.0061,12.844,0.11,12.7615,12.8165,,,,0.0,0.08,0.0,2,2,1,0.0,16.0,16.0,12.3814,0,0,0.0,0.0,0.0,0.35,0.3536,0.35,0.0,,,1,1,,2017,2017,2017.0,0,2010,2010,2000,c48355e0ae97d7df,F,12.14,0
12.53,12.6,12.6,0.099,0.0079,12.67,0.14,12.565,12.635,12.578,12.642,12.642,0.0905,0.0072,12.706,0.128,12.61,12.674,,,,0.14,0.0,3.6525,2,2,1,0.0,16.0,16.0,52.1786,0,0,0.0,0.0,0.0,-0.7,0.1414,0.0,-0.7,,,1,1,,2012,2012,2012.0,0,2010,2010,1995,7c7600dec1f75f90,F,12.04,0
12.4,12.49,12.44,0.1229,0.0098,12.63,0.23,12.42,12.535,12.424,12.518,12.564,0.0814,0.0065,12.566,0.142,12.494,12.565,1.5654,0.0163,0.5143,0.0,0.23,0.0,3,2,1,0.0,15.0,15.0,22.3622,1,1,0.3333,0.135,0.0,-0.4667,1.601,1.1,-1.25,165.0,50.0,0,0,18.3655,2015,2015,2015.0,0,2010,2010,1995,b162eccad4163f21,F,12.4,1
12.47,12.645,12.68,0.1212,0.0096,12.75,0.28,12.6275,12.6975,12.476,12.6345,12.67,0.1087,0.0086,12.722,0.246,12.6155,12.689,-0.3605,0.1007,0.2726,0.21,0.21,0.9588,4,4,1,0.0,16.0,16.0,18.2625,0,0,0.0,0.0,0.0,0.175,0.7974,0.75,-0.4,170.0,62.0,0,0,21.4533,2015,2015,2015.0,0,2010,2010,1995,99d67eababea062e,F,12.47,1
11.26,11.295,11.295,0.0495,0.0044,11.33,0.07,11.2775,11.3125,11.26,11.295,11.295,0.0495,0.0044,11.33,0.07,11.2775,11.3125,,,,0.07,0.0,0.7102,2,2,1,0.0,15.0,16.0,20.2917,0,0,0.0,0.0,1.0,0.0,0.0,0.0,0.0,167.0,58.0,0,0,20.7967,2018,2018,2018.0,0,2010,2010,2000,384b56c907010963,M,11.26,1
12.47,12.5833,12.63,0.0987,0.0078,12.65,0.18,12.55,12.64,12.392,12.5893,12.674,0.1715,0.0136,12.702,0.31,12.533,12.688,-1.2672,0.0082,-2.2064,0.16,0.0,1.1927,3,2,1,0.0,16.0,16.0,22.3622,1,1,0.3333,-0.1,0.0,-0.1,1.2767,1.3,-0.8,165.0,51.0,0,0,18.7328,2015,2015,2015.0,0,2010,2010,1995,436a43bfa91332ce,F,12.23,1
12.93,13.03,13.03,0.1414,0.0109,13.13,0.2,12.98,13.08,12.954,13.042,13.042,0.1245,0.0095,13.13,0.176,12.998,13.086,,,,0.0,0.2,0.0,2,2,1,0.0,16.0,16.0,146.1,0,0,0.0,0.0,0.5,-0.4,0.0,0.0,-0.4,,,1,1,,2019,2019,2019.0,0,2010,2010,2000,393412fc88981a9c,F,12.93,0
12.48,12.658,12.62,0.1365,0.0108,12.81,0.33,12.6,12.78,12.384,12.6016,12.566,0.1987,0.0158,12.81,0.426,12.444,12.804,-1.0895,0.0524,-1.6228,0.33,0.12,1.2299,5,5,1,0.0,16.0,16.0,18.6352,0,0,0.0,0.0,0.2,1.175,1.2606,1.7,-0.4,,,1,1,,2019,2019,2019.0,0,2010,2010,2000,29644ced70cd4464,F,11.9,0
12.71,12.7667,12.78,0.0513,0.004,12.81,0.1,12.745,12.795,12.65,12.7507,12.792,0.0876,0.0069,12.81,0.16,12.721,12.801,1.0349,0.0122,1.8384,0.0,0.1,0.0,3,2,1,0.0,16.0,16.0,36.525,0,0,0.0,0.0,0.3333,0.4,0.8485,1.0,-0.2,,,1,1,,2019,2019,2019.0,0,2010,2010,2000,9d0f4860e4526171,F,12.67,0
12.43,12.5383,12.535,0.0794,0.0063,12.63,0.2,12.4875,12.605,12.43,12.5433,12.529,0.0902,0.0072,12.66,0.23,12.4845,12.614,0.7412,0.0665,0.95,0.08,0.19,0.6217,6,5,1,0.0,15.0,16.0,46.6277,0,0,0.0,0.0,0.5,-0.1667,0.3512,0.2,-0.35,,,1,1,,2019,2019,2019.0,0,2010,2010,2000,466fe8023ef4bf0a,F,12.23,0
12.78,12.8,12.8,0.0283,0.0022,12.82,0.04,12.79,12.81,12.78,12.827,12.827,0.0665,0.0052,12.874,0.094,12.8035,12.8505,,,,0.0,0.04,0.0,2,2,1,0.0,16.0,16.0,31.7609,0,0,0.0,0.0,0.5,-0.9,0.0,0.0,-0.9,161.0,51.0,0,0,19.6752,2019,2019,2019.0,0,2010,2010,2000,5b4110f7e6101edf,F,12.68,1
14.23,14.33,14.33,0.1414,0.0099,14.43,0.2,14.28,14.38,14.236,14.405,14.405,0.239,0.0166,14.574,0.338,14.3205,14.4895,,,,0.0,0.2,0.0,2,2,1,0.0,15.0,15.0,18.7308,1,1,0.5,0.2,0.0,-1.25,1.6263,0.0,-1.25,,,1,1,,2019,2019,2019.0,0,2010,2010,2000,77b4c1f5d8896617,F,13.73,0
11.13,11.24,11.28,0.0964,0.0086,11.31,0.18,11.205,11.295,11.135,11.27,11.33,0.1172,0.0104,11.345,0.21,11.2325,11.3375,1.3697,0.0612,1.174,0.0,0.18,0.0,3,2,1,0.0,15.0,15.0,39.1339,1,1,0.3333,-0.06,0.0,-0.6,0.6245,0.0,-0.6,180.0,71.0,0,0,21.9136,2019,2019,2019.0,0,2010,2010,2000,5323129554bce852,M,11.13,1
12.56,12.6733,12.69,0.106,0.0084,12.77,0.21,12.625,12.73,12.53,12.6773,12.702,0.1367,0.0108,12.8,0.27,12.616,12.751,0.0362,0.0857,0.0536,0.0,0.13,0.0,3,2,2,1.0,15.0,15.0,4.3482,1,2,0.6667,-0.17,0.0,-0.0667,0.5132,0.5,-0.35,158.0,47.0,0,0,18.8271,2019,2020,2019.3333,1,2010,2010,2000,d880e0e10b4f7a01,F,12.56,1
11.29,11.56,11.67,0.2352,0.0203,11.72,0.43,11.48,11.695,11.31,11.5733,11.67,0.2307,0.0199,11.74,0.43,11.49,11.705,-0.4123,0.0821,-0.3953,0.38,0.0,0.3751,3,3,2,1.0,15.0,16.0,2.9615,0,0,0.0,0.0,0.3333,-0.4,0.0,0.0,-0.4,,,1,1,,2019,2020,2019.3333,1,2010,2010,2000,7e2a018e9b13afff,M,10.68,0
12.77,12.8133,12.78,0.0666,0.0052,12.89,0.12,12.775,12.835,12.77,12.8033,12.78,0.0493,0.0039,12.86,0.09,12.775,12.82,0.3387,0.0041,0.2504,0.0,0.12,0.0,3,2,1,0.0,15.0,15.0,8.8367,1,1,0.3333,0.05,0.6667,0.5,0.0,0.5,0.0,,,1,1,,2019,2019,2019.0,0,2010,2010,2000,7123d0f3de075400,F,12.77,0
12.84,12.845,12.845,0.0071,0.0006,12.85,0.01,12.8425,12.8475,12.844,12.845,12.845,0.0014,0.0001,12.846,0.002,12.8445,12.8455,,,,0.0,0.01,0.0,2,1,1,0.0,16.0,16.0,2.0,1,1,0.5,0.01,0.0,0.0,0.1414,0.1,-0.1,,,1,1,,2020,2020,2020.0,0,2020,2020,2000,75a50e61f52662d6,F,12.29,0
13.18,13.21,13.21,0.0424,0.0032,13.24,0.06,13.195,13.225,13.174,13.204,13.204,0.0424,0.0032,13.234,0.06,13.189,13.219,,,,0.0,0.06,0.0,2,1,1,0.0,16.0,16.0,2.0,1,1,0.5,-0.06,0.0,0.1,0.0,0.1,0.0,,,1,1,,2020,2020,2020.0,0,2020,2020,2000,b400f734c4a4ab34,F,12.74,0
13.41,13.425,13.425,0.0212,0.0016,13.44,0.03,13.4175,13.4325,13.272,13.305,13.305,0.0467,0.0035,13.338,0.066,13.2885,13.3215,,,,0.0,0.03,0.0,2,1,1,0.0,16.0,16.0,2.0,1,1,0.5,-0.03,0.0,2.0,0.4243,2.0,0.0,162.0,54.0,0,0,20.5761,2020,2020,2020.0,0,2020,2020,2000,367f109ab140f599,F,12.92,1
12.66,12.68,12.68,0.0283,0.0022,12.7,0.04,12.67,12.69,12.63,12.68,12.68,0.0707,0.0056,12.73,0.1,12.655,12.705,,,,0.0,0.04,0.0,2,1,1,0.0,16.0,16.0,2.0,1,1,0.5,-0.04,0.0,0.0,0.7071,0.5,-0.5,166.0,52.0,0,0,18.8707,2019,2019,2019.0,0,2010,2010,2000,9b8e02d07ee1d6f1,F,11.89,1
11.08,11.17,11.17,0.1273,0.0114,11.26,0.18,11.125,11.215,11.08,11.1625,11.1625,0.1167,0.0105,11.245,0.165,11.1212,11.2038,,,,0.0,0.18,0.0,2,2,1,0.0,15.0,15.0,36.525,1,1,0.5,0.18,0.5,0.3,0.0,0.3,0.0,174.0,58.0,0,0,19.1571,2019,2019,2019.0,0,2010,2010,2000,6823a7787a38f00e,M,10.81,1
11.91,12.0,12.0,0.1273,0.0106,12.09,0.18,11.955,12.045,11.875,11.9925,11.9925,0.1662,0.0139,12.11,0.235,11.9338,12.0512,,,,0.18,0.0,2.5287,2,2,1,0.0,16.0,16.0,28.0962,0,0,0.0,0.0,0.0,0.15,0.7778,0.7,-0.4,173.0,63.0,0,0,21.0498,2019,2019,2019.0,0,2010,2010,2000,da1d171e995728ae,M,11.12,1
12.86,12.92,12.92,0.0849,0.0066,12.98,0.12,12.89,12.95,12.866,12.956,12.956,0.1273,0.0098,13.046,0.18,12.911,13.001,,,,0.12,0.0,43.83,2,2,1,0.0,15.0,15.0,730.5,1,1,0.5,0.12,0.0,-0.6,0.7071,0.0,-0.6,162.0,45.0,0,0,17.1468,2019,2019,2019.0,0,2010,2010,2000,f071966ea3fa4258,F,12.86,1
12.69,12.715,12.715,0.0354,0.0028,12.74,0.05,12.7025,12.7275,12.696,12.733,12.733,0.0523,0.0041,12.77,0.074,12.7145,12.7515,,,,0.0,0.05,0.0,2,1,1,0.0,15.0,15.0,2.0,1,1,0.5,-0.05,0.0,-0.3,0.2828,0.0,-0.3,160.0,50.0,0,0,19.5312,2019,2019,2019.0,0,2010,2010,2000,cc717f8cd10810c6,F,12.01,1
12.73,12.8433,12.78,0.155,0.0121,13.02,0.29,12.755,12.9,12.736,12.8593,12.78,0.1769,0.0138,13.062,0.326,12.758,12.921,0.6677,0.098,0.7266,0.0,0.29,0.0,3,2,1,0.0,15.0,15.0,11.7823,1,1,0.3333,0.095,0.0,-0.2667,0.3786,0.0,-0.4,172.0,58.0,0,0,19.6052,2019,2019,2019.0,0,2010,2010,2000,c30a625095cde66d,F,12.49,1
13.15,13.22,13.22,0.099,0.0075,13.29,0.14,13.185,13.255,13.15,13.217,13.217,0.0948,0.0072,13.284,0.134,13.1835,13.2505,,,,0.0,0.14,0.0,2,1,1,0.0,16.0,16.0,2.0,1,1,0.5,0.14,0.0,0.05,0.0707,0.1,0.0,175.0,52.0,0,0,16.9796,2019,2019,2019.0,0,2010,2010,2000,5b53054337f45e7d,F,13.15,1
11.5,11.655,11.655,0.2192,0.0188,11.81,0.31,11.5775,11.7325,11.465,11.625,11.625,0.2263,0.0195,11.785,0.32,11.545,11.705,,,,0.0,0.31,0.0,2,1,1,0.0,16.0,16.0,2.0,1,1,0.5,-0.31,0.0,0.6,0.1414,0.6,0.0,,,1,1,,2021,2021,2021.0,0,2020,2020,2005,0179039fea625d30,M,11.18,0
13.84,13.85,13.85,0.0141,0.001,13.86,0.02,13.845,13.855,13.846,13.865,13.865,0.0269,0.0019,13.884,0.038,13.8555,13.8745,,,,0.0,0.02,0.0,2,1,1,0.0,15.0,15.0,2.0,1,1,0.5,-0.02,0.0,-0.25,0.2121,0.0,-0.25,165.0,53.0,0,0,19.4674,2020,2020,2020.0,0,2020,2020,2005,41f779b526f6e464,F,12.59,1
13.14,13.275,13.275,0.1909,0.0144,13.41,0.27,13.2075,13.3425,12.996,13.263,13.263,0.3776,0.0285,13.53,0.534,13.1295,13.3965,,,,0.0,0.27,0.0,2,1,1,0.0,16.0,16.0,2.0,1,1,0.5,-0.27,0.0,0.2,3.1113,2.4,-2.0,163.0,45.0,0,0,16.937,2020,2020,2020.0,0,2020,2020,2005,473bb9a1c19c3837,F,12.42,1
11.84,11.87,11.87,0.0424,0.0036,11.9,0.06,11.855,11.885,11.8,11.845,11.845,0.0636,0.0054,11.89,0.09,11.8225,11.8675,,,,0.0,0.06,0.0,2,1,1,0.0,15.0,15.0,2.0,1,1,0.5,0.06,0.0,0.5,0.4243,0.5,0.0,,,1,1,,2019,2019,2019.0,0,2010,2010,2000,a73cdc1861a3a3b1,M,11.84,0
13.62,13.625,13.625,0.0071,0.0005,13.63,0.01,13.6225,13.6275,13.624,13.646,13.646,0.0311,0.0023,13.668,0.044,13.635,13.657,,,,0.0,0.01,0.0,2,1,1,0.0,16.0,16.0,2.0,1,1,0.5,0.01,0.0,-0.35,0.6364,0.1,-0.8,166.0,50.0,0,0,18.1449,2020,2020,2020.0,0,2020,2020,2000,8130068745133117,F,12.92,1
12.03,12.0733,12.06,0.0513,0.0043,12.13,0.1,12.045,12.095,12.03,12.065,12.03,0.0606,0.005,12.135,0.105,12.03,12.0825,-0.018,0.0408,-0.0473,0.0,0.03,0.0,3,2,2,1.0,15.0,15.0,2.7056,1,1,0.3333,-0.085,0.0,0.1667,0.3786,0.6,-0.1,173.0,58.0,0,0,19.3792,2020,2021,2020.3333,1,2020,2020,2005,7ef4e2b1ae91a414,M,11.41,1
12.81,12.89,12.89,0.1131,0.0088,12.97,0.16,12.85,12.93,12.804,12.887,12.887,0.1174,0.0091,12.97,0.166,12.8455,12.9285,,,,0.0,0.16,0.0,2,1,1,0.0,16.0,16.0,2.0,0,0,0.0,0.0,0.5,0.1,0.0,0.1,0.0,167.0,51.0,0,0,18.2868,2019,2019,2019.0,0,2010,2010,2000,b028a8ca78fb0c08,F,12.21,1
13.71,13.9233,13.96,0.1976,0.0142,14.1,0.39,13.835,14.03,13.734,13.9253,13.966,0.1746,0.0125,14.076,0.342,13.85,14.021,-0.2969,0.1021,-0.2532,0.39,0.25,0.437,3,2,2,1.0,15.0,16.0,3.3612,1,1,0.3333,0.32,0.0,-0.0333,0.4041,0.4,-0.25,165.0,53.0,0,0,19.4674,2019,2020,2019.6667,1,2010,2020,2005,274b34e80d0f0810,F,13.47,1
12.08,12.43,12.32,0.3749,0.0302,13.07,0.99,12.31,12.37,12.032,12.412,12.322,0.3725,0.03,13.028,0.996,12.26,12.418,-0.4537,0.1074,-0.4434,0.99,0.23,0.5918,5,5,2,2.0,14.0,16.0,2.989,0,0,0.0,0.0,0.0,0.3,0.7681,0.8333,-0.5,167.0,50.0,0,0,17.9282,2019,2021,2020.6,2,2010,2020,2005,c330c0ec716f54ad,F,12.08,1
11.34,11.5367,11.45,0.2515,0.0218,11.82,0.48,11.395,11.635,11.295,11.5383,11.47,0.2837,0.0246,11.85,0.555,11.3825,11.66,-5.9704,0.0449,-6.5675,0.48,0.11,6.7431,3,2,1,0.0,14.0,14.0,42.1442,1,1,0.3333,0.13,0.0,-0.0333,0.8145,0.9,-0.5,172.0,63.0,0,0,21.2953,2019,2019,2019.0,0,2010,2010,2005,282ce41fcb56e119,M,10.91,1
12.48,12.515,12.515,0.0495,0.004,12.55,0.07,12.4975,12.5325,12.45,12.515,12.515,0.0919,0.0073,12.58,0.13,12.4825,12.5475,,,,0.0,0.07,0.0,2,1,1,0.0,15.0,15.0,2.0,1,1,0.5,-0.07,0.0,0.0,0.7071,0.5,-0.5,158.0,47.0,0,0,18.8271,2019,2019,2019.0,0,2010,2010,2005,b78a9289d8132ba6,F,11.83,1
12.96,13.025,13.025,0.0919,0.0071,13.09,0.13,12.9925,13.0575,12.912,12.989,12.989,0.1089,0.0084,13.066,0.154,12.9505,13.0275,,,,0.0,0.13,0.0,2,1,1,0.0,15.0,15.0,2.0,1,1,0.5,0.13,0.0,0.6,0.2828,0.6,0.0,163.0,50.0,0,0,18.8189,2019,2019,2019.0,0,2010,2010,2005,3fd7411e1fed029e,F,12.5,1
12.16,12.35,12.28,0.2364,0.0191,12.68,0.52,12.19,12.44,12.25,12.3725,12.31,0.1674,0.0135,12.62,0.37,12.2935,12.389,-0.2171,0.114,-0.1194,0.2,0.04,0.1277,4,2,2,2.0,14.0,15.0,2.5542,1,2,0.5,0.18,0.0,-0.375,1.4796,0.9,-1.65,160.0,48.0,0,0,18.75,2019,2021,2020.0,2,2010,2010,2005,c68191ae230c5370,F,12.16,1
13.53,13.58,13.58,0.0707,0.0052,13.63,0.1,13.555,13.605,13.536,13.655,13.655,0.1683,0.0123,13.774,0.238,13.5955,13.7145,,,,0.1,0.0,36.525,2,2,1,0.0,14.0,14.0,730.5,1,1,0.5,0.1,0.0,-1.25,1.6263,0.0,-1.25,165.0,45.0,0,0,16.5289,2019,2019,2019.0,0,2010,2010,2005,cb76f9cdf392134c,F,12.92,1
12.93,13.315,13.315,0.5445,0.0409,13.7,0.77,13.1225,13.5075,13.038,13.393,13.393,0.502,0.0375,13.748,0.71,13.2155,13.5705,,,,0.77,0.0,0.4443,2,2,2,2.0,14.0,16.0,1.154,0,0,0.0,0.0,0.0,-1.3,0.7071,0.0,-1.3,170.0,53.0,0,0,18.3391,2019,2021,2020.0,2,2010,2010,2005,dd2e3508c09a4d15,F,11.99,1
11.11,11.19,11.19,0.1131,0.0101,11.27,0.16,11.15,11.23,11.11,11.19,11.19,0.1131,0.0101,11.27,0.16,11.15,11.23,,,,0.0,0.16,0.0,2,1,1,0.0,16.0,16.0,2.0,1,2,1.0,0.0,1.0,0.0,0.0,0.0,0.0,180.0,61.0,0,0,18.8272,2022,2022,2022.0,0,2020,2020,2005,949bd871cab882a9,M,10.86,1
13.36,13.545,13.545,0.2616,0.0193,13.73,0.37,13.4525,13.6375,13.384,13.56,13.56,0.2489,0.0184,13.736,0.352,13.472,13.648,,,,0.0,0.37,0.0,2,1,1,0.0,15.0,15.0,2.0,1,1,0.5,0.37,0.0,-0.25,0.2121,0.0,-0.25,166.0,62.0,0,0,22.4996,2020,2020,2020.0,0,2020,2020,2005,ab1edbc204b6ab5d,F,13.36,1
11.32,11.655,11.655,0.4738,0.0406,11.99,0.67,11.4875,11.8225,11.31,11.645,11.645,0.4738,0.0407,11.98,0.67,11.4775,11.8125,,,,0.0,0.67,0.0,2,1,1,0.0,16.0,16.0,2.0,1,1,0.5,-0.67,0.0,0.2,0.0,0.2,0.0,182.0,75.0,0,0,22.6422,2022,2022,2022.0,0,2020,2020,2005,5a1136040385b175,M,11.32,1
12.47,12.58,12.59,0.1003,0.008,12.67,0.2,12.5075,12.6625,12.422,12.589,12.59,0.1752,0.0139,12.754,0.332,12.446,12.733,1.1088,0.018,1.9697,0.0,0.2,0.0,4,2,1,0.0,16.0,16.0,26.0893,1,2,0.5,0.02,0.0,-0.15,1.2819,0.95,-1.25,165.0,53.0,0,0,19.4674,2022,2022,2022.0,0,2020,2020,2005,6ebb96183f18261e,F,12.47,1
12.74,12.79,12.79,0.0707,0.0055,12.84,0.1,12.765,12.815,12.722,12.775,12.775,0.075,0.0059,12.828,0.106,12.7485,12.8015,,,,0.0,0.1,0.0,2,1,1,0.0,16.0,16.0,2.0,1,1,0.5,0.1,0.0,0.25,0.0707,0.25,0.0,,,1,1,,2020,2020,2020.0,0,2020,2020,2000,6abb9b86ed5bae1b,F,12.72,0
12.5,12.734,12.62,0.3559,0.028,13.36,0.86,12.53,12.66,12.476,12.7568,12.602,0.4748,0.0372,13.6,1.124,12.504,12.602,-6.0956,0.1904,-8.256,0.86,0.12,7.6613,5,3,1,0.0,15.0,15.0,44.5427,1,2,0.4,0.365,0.0,-0.38,2.5411,1.2667,-2.85,165.0,48.0,0,0,17.6309,2022,2022,2022.0,0,2020,2020,2005,16a3fb24b7523a09,F,12.5,1
12.39,12.6133,12.59,0.2359,0.0187,12.86,0.47,12.49,12.725,12.375,12.615,12.59,0.2534,0.0201,12.88,0.505,12.4825,12.735,-0.3337,0.0816,-0.3585,0.47,0.2,0.4239,3,2,2,1.0,14.0,16.0,2.7056,1,1,0.3333,0.335,0.0,-0.0333,0.3512,0.3,-0.4,165.0,50.0,0,0,18.3655,2020,2021,2020.6667,1,2020,2020,2005,00d6c0632a937004,M,12.18,1
11.7,11.8333,11.78,0.1665,0.0141,12.02,0.32,11.74,11.9,11.595,11.8017,11.75,0.2368,0.0201,12.06,0.465,11.6725,11.905,-2.1666,0.0929,-2.806,0.32,0.08,2.8507,3,3,1,0.0,16.0,16.0,26.7256,0,0,0.0,0.0,0.0,0.6333,1.4503,1.35,-0.8,177.0,61.0,0,0,19.4708,2022,2022,2022.0,0,2020,2020,2005,a1cece09765f4d98,M,11.53,1
12.22,12.235,12.235,0.0212,0.0017,12.25,0.03,12.2275,12.2425,12.202,12.214,12.214,0.017,0.0014,12.226,0.024,12.208,12.22,,,,0.0,0.03,0.0,2,1,1,0.0,16.0,16.0,2.0,1,1,0.5,0.03,0.0,0.35,0.6364,0.8,-0.1,166.0,53.0,0,0,19.2336,2022,2022,2022.0,0,2020,2020,2005,1752a77cbd67b6f1,F,11.92,1
13.06,13.1567,13.12,0.1193,0.0091,13.29,0.23,13.09,13.205,13.018,13.1307,13.138,0.1092,0.0083,13.236,0.218,13.078,13.187,0.7379,0.0245,0.5829,0.0,0.23,0.0,3,2,1,0.0,16.0,16.0,11.0682,1,1,0.3333,0.145,0.0,0.4333,0.6429,0.8,-0.3,163.0,55.0,0,0,20.7008,2022,2022,2022.0,0,2020,2020,2005,72bf77587d2222f3,F,13.06,1
13.67,13.91,13.97,0.2163,0.0156,14.09,0.42,13.82,14.03,13.634,13.908,13.994,0.2427,0.0175,14.096,0.462,13.814,14.045,-0.3247,0.049,-0.3707,0.3,0.0,0.2706,3,2,2,1.0,15.0,16.0,2.7056,1,2,0.6667,0.27,0.0,0.0333,0.5132,0.6,-0.25,177.0,55.0,0,0,17.5556,2020,2021,2020.3333,1,2020,2020,2005,dc7307b3d8400da5,F,13.67,1
12.96,13.26,13.18,0.347,0.0262,13.64,0.68,13.07,13.41,12.918,13.222,13.168,0.3343,0.0253,13.58,0.662,13.043,13.374,-3.0173,0.0898,-2.8426,0.68,0.22,3.5996,3,2,1,0.0,16.0,16.0,15.8804,1,1,0.3333,0.45,0.0,0.6333,0.4041,0.6333,0.0,,,1,1,,2022,2022,2022.0,0,2020,2020,2005,2d6d98ff040f50ee,F,12.03,0
12.9,13.04,13.04,0.198,0.0152,13.18,0.28,12.97,13.11,12.756,13.028,13.028,0.3847,0.0295,13.3,0.544,12.892,13.164,,,,0.0,0.28,0.0,2,1,1,0.0,14.0,14.0,2.0,1,1,0.5,-0.28,0.0,0.2,3.1113,2.4,-2.0,173.0,55.0,0,0,18.3768,2020,2020,2020.0,0,2020,2020,2005,71339553072581dc,F,12.16,1
12.82,12.865,12.865,0.0636,0.0049,12.91,0.09,12.8425,12.8875,12.82,12.865,12.865,0.0636,0.0049,12.91,0.09,12.8425,12.8875,,,,0.0,0.09,0.0,2,1,1,0.0,16.0,16.0,2.0,1,1,0.5,0.09,1.0,0.0,0.0,0.0,0.0,170.0,55.0,0,0,19.0311,2022,2022,2022.0,0,2020,2020,2005,a02425f1d4a4ea55,F,12.15,1
12.38,12.39,12.39,0.0141,0.0011,12.4,0.02,12.385,12.395,12.36,12.3725,12.3725,0.0177,0.0014,12.385,0.025,12.3663,12.3788,,,,0.0,0.02,0.0,2,1,1,0.0,15.0,15.0,2.0,1,1,0.5,-0.02,0.0,0.35,0.0707,0.35,0.0,180.0,60.0,0,0,18.5185,2021,2021,2021.0,0,2020,2020,2005,b1a1ea94afd0a13d,M,12.1,1
12.9,13.025,13.025,0.1768,0.0136,13.15,0.25,12.9625,13.0875,12.972,13.061,13.061,0.1259,0.0096,13.15,0.178,13.0165,13.1055,,,,0.0,0.25,0.0,2,2,1,0.0,16.0,16.0,730.5,1,1,0.5,-0.25,0.0,-0.6,0.8485,0.0,-1.2,,,1,1,,2023,2023,2023.0,0,2020,2020,2005,aa022228a0fb114d,F,12.9,0
13.43,13.86,13.55,0.6437,0.0464,14.6,1.17,13.49,14.075,13.286,13.844,13.67,0.6624,0.0478,14.576,1.29,13.478,14.123,-1.006,0.049,-0.9951,1.17,0.12,1.0604,3,2,2,1.0,14.0,15.0,2.719,1,1,0.3333,0.465,0.0,0.2667,2.203,1.4,-2.0,,,1,1,,2019,2020,2019.6667,1,2010,2020,2005,7d03d3089847b74e,F,13.02,0
13.02,13.77,13.735,0.7261,0.0527,14.59,1.57,13.245,14.26,12.858,13.7235,13.729,0.7818,0.057,14.578,1.72,13.1955,14.257,-1.0849,0.1883,-1.1581,1.13,0.3,1.0216,4,2,2,1.0,15.0,16.0,3.6163,1,2,0.5,0.37,0.0,0.775,1.2868,1.0333,0.0,,,1,1,,2019,2020,2019.5,1,2010,2010,2000,e3b0e32ff0b03a17,F,12.75,0
13.8,13.975,13.975,0.2475,0.0177,14.15,0.35,13.8875,14.0625,13.722,13.93,13.93,0.2942,0.0211,14.138,0.416,13.826,14.034,,,,0.0,0.35,0.0,2,1,1,0.0,14.0,14.0,2.0,1,1,0.5,0.35,0.0,0.75,0.7778,0.75,0.0,,,1,1,,2019,2019,2019.0,0,2010,2010,2005,5337985ff713b258,F,13.42,0
12.45,12.56,12.56,0.1556,0.0124,12.67,0.22,12.505,12.615,12.41,12.54,12.54,0.1838,0.0147,12.67,0.26,12.475,12.605,,,,0.22,0.0,1.7857,2,2,1,0.0,16.0,16.0,16.2333,0,0,0.0,0.0,0.5,0.8,0.0,0.8,0.0,,,1,1,,2023,2023,2023.0,0,2020,2020,2005,8d95e6641c191be3,M,12.02,0
13.3,13.31,13.31,0.0141,0.0011,13.32,0.02,13.305,13.315,13.18,13.25,13.25,0.099,0.0075,13.32,0.14,13.215,13.285,,,,0.0,0.02,0.0,2,1,1,0.0,16.0,16.0,2.0,1,1,0.5,0.02,0.0,1.0,1.4142,2.0,0.0,,,1,1,,2023,2023,2023.0,0,2020,2020,2005,531efae294bf200e,F,13.23,0
13.91,13.97,13.99,0.0529,0.0038,14.01,0.1,13.95,14.0,13.91,13.964,13.972,0.0505,0.0036,14.01,0.1,13.941,13.991,0.2435,0.0408,0.0974,0.0,0.08,0.0,3,2,1,0.0,16.0,16.0,24.35,1,1,0.3333,-0.06,0.6667,0.3,0.0,0.3,0.0,170.0,60.0,0,0,20.7612,2023,2023,2023.0,0,2020,2020,2005,a73a4cbdc35215df,F,13.51,1
11.96,12.14,12.14,0.2546,0.021,12.32,0.36,12.05,12.23,11.93,12.16,12.16,0.3253,0.0267,12.39,0.46,12.045,12.275,,,,0.0,0.36,0.0,2,1,1,0.0,15.0,15.0,2.0,1,1,0.5,-0.36,0.0,-0.4,1.4142,0.6,-1.4,,,1,1,,2022,2022,2022.0,0,2020,2020,2005,179aeca2e3b7e078,M,11.41,0
13.8,13.82,13.81,0.0265,0.0019,13.85,0.05,13.805,13.83,13.716,13.792,13.81,0.0688,0.005,13.85,0.134,13.763,13.83,-0.5218,0.0163,-1.9828,0.01,0.0,0.1739,3,2,1,0.0,16.0,16.0,52.1786,1,2,0.6667,0.045,0.6667,1.4,0.0,1.4,0.0,164.0,60.0,0,0,22.3081,2023,2023,2023.0,0,2020,2020,2005,5ca0b325c5da3909,F,13.8,1
11.4,11.405,11.405,0.0071,0.0006,11.41,0.01,11.4025,11.4075,11.445,11.4525,11.4525,0.0106,0.0009,11.46,0.015,11.4488,11.4562,,,,0.0,0.01,0.0,2,1,1,0.0,16.0,16.0,2.0,1,1,0.5,0.01,0.0,-0.95,0.3536,0.0,-0.95,,,1,1,,2023,2023,2023.0,0,2020,2020,2005,e93c6405d11cc13a,M,10.92,0
13.61,14.0667,13.685,0.8972,0.0638,15.89,2.28,13.6725,13.8175,13.526,14.0667,13.698,0.953,0.0678,16.004,2.478,13.6825,13.772,-2.3426,0.1523,-2.4905,2.28,0.06,2.3262,6,5,2,1.0,15.0,16.0,6.1215,1,3,0.5,0.8267,0.3333,0.0,1.5427,1.25,-1.25,,,1,1,,2022,2023,2022.8333,1,2020,2020,2005,5a1dca4daa5f7aea,F,13.11,0
11.57,11.635,11.635,0.0919,0.0079,11.7,0.13,11.6025,11.6675,11.525,11.595,11.595,0.099,0.0085,11.665,0.14,11.56,11.63,,,,0.0,0.13,0.0,2,1,1,0.0,15.0,15.0,2.0,1,1,0.5,-0.13,0.0,0.8,0.1414,0.8,0.0,,,1,1,,2022,2022,2022.0,0,2020,2020,2005,feee5aedc4f95ea2,M,11.57,0
12.93,13.112,12.99,0.2173,0.0166,13.4,0.47,12.95,13.29,12.72,13.0748,12.954,0.3275,0.025,13.49,0.77,12.866,13.344,0.1952,0.1912,0.0691,0.06,0.47,0.1577,5,3,1,0.0,15.0,15.0,13.1385,1,2,0.4,0.2533,0.0,0.62,1.9817,1.8333,-1.2,,,1,1,,2022,2022,2022.0,0,2020,2020,2005,b1f91c669a768215,F,12.8,0
12.39,12.4775,12.435,0.1187,0.0095,12.65,0.26,12.405,12.5075,12.32,12.4505,12.419,0.1385,0.0111,12.644,0.324,12.377,12.4925,0.6333,0.093,1.0229,0.02,0.26,0.1432,4,3,1,0.0,16.0,16.0,28.6471,1,2,0.5,-0.155,0.0,0.45,0.7188,0.6333,-0.1,167.0,44.0,0,0,15.7768,2019,2019,2019.0,0,2010,2010,2000,a46eb256d79995cf,F,11.95,1
13.09,13.145,13.145,0.0778,0.0059,13.2,0.11,13.1175,13.1725,13.12,13.178,13.178,0.082,0.0062,13.236,0.116,13.149,13.207,,,,0.0,0.11,0.0,2,1,1,0.0,16.0,16.0,2.0,1,1,0.5,0.11,0.0,-0.55,0.0707,0.0,-0.55,,,1,1,,2022,2022,2022.0,0,2020,2020,2005,c7b9654985091c6f,F,12.89,0
12.83,13.1267,13.09,0.3166,0.0241,13.46,0.63,12.96,13.275,12.848,13.1167,13.09,0.2829,0.0216,13.412,0.564,12.969,13.251,-0.3437,0.0279,-0.3077,0.63,0.0,0.344,3,3,3,2.0,14.0,16.0,1.6379,0,0,0.0,0.0,0.3333,0.25,0.7778,0.8,-0.3,,,1,1,,2021,2023,2022.0,2,2020,2020,2005,a3e3857b679764c7,F,12.57,0
11.07,11.2667,11.24,0.2113,0.0188,11.49,0.42,11.155,11.365,10.9,11.2183,11.265,0.2978,0.0265,11.49,0.59,11.0825,11.3775,-0.359,0.0646,-0.4411,0.42,0.0,0.4371,3,3,2,1.0,15.0,16.0,3.1218,0,0,0.0,0.0,0.3333,1.45,2.7577,3.4,-0.5,,,1,1,,2022,2023,2022.6667,1,2020,2020,2005,cffb4bd4b8bdc9eb,M,11.07,0
12.41,12.41,12.41,0.0,0.0,12.41,0.0,12.41,12.41,12.37,12.39,12.39,0.0283,0.0023,12.41,0.04,12.38,12.4,,,,0.0,0.0,0.0,2,2,1,0.0,16.0,16.0,16.2333,0,0,0.0,0.0,0.5,0.8,0.0,0.8,0.0,,,1,1,,2023,2023,2023.0,0,2020,2020,2005,71445409d5a74899,M,12.41,0
12.5,12.6943,12.71,0.1459,0.0115,12.85,0.35,12.59,12.81,12.338,12.5811,12.598,0.1885,0.015,12.854,0.516,12.443,12.696,-0.2464,0.1155,-0.2257,0.29,0.33,0.3678,7,5,2,1.0,15.0,16.0,8.8776,1,2,0.2857,-0.1175,0.0,1.8857,1.6807,2.2667,-0.4,,,1,1,,2022,2023,2022.5714,1,2020,2020,2005,df8adb57c4bdd0dd,F,12.43,0
12.61,12.665,12.665,0.0778,0.0061,12.72,0.11,12.6375,12.6925,12.358,12.434,12.434,0.1075,0.0086,12.51,0.152,12.396,12.472,,,,0.0,0.11,0.0,2,1,1,0.0,15.0,15.0,2.0,1,1,0.5,-0.11,0.0,3.85,0.495,3.85,0.0,,,1,1,,2022,2022,2022.0,0,2020,2020,2005,6e2e83882a033e54,F,12.1,0
10.87,10.92,10.92,0.0707,0.0065,10.97,0.1,10.895,10.945,10.835,10.8975,10.8975,0.0884,0.0081,10.96,0.125,10.8662,10.9288,,,,0.0,0.1,0.0,2,1,1,0.0,16.0,16.0,2.0,1,1,0.5,0.0,0.0,0.45,0.3536,0.45,0.0,,,1,1,,2023,2023,2023.0,0,2020,2020,2005,29a89bebfb2c84c0,M,10.87,0
13.76,14.035,14.035,0.3889,0.0277,14.31,0.55,13.8975,14.1725,13.826,14.068,14.068,0.3422,0.0243,14.31,0.484,13.947,14.189,,,,0.0,0.55,0.0,2,1,1,0.0,15.0,15.0,2.0,1,1,0.5,0.55,0.0,-0.55,0.7778,0.0,-1.1,,,1,1,,2022,2022,2022.0,0,2020,2020,2005,83401667124bc09e,F,13.25,0
13.65,14.114,13.98,0.5245,0.0372,14.97,1.32,13.76,14.21,13.59,14.1152,13.896,0.5859,0.0415,15.084,1.494,13.796,14.21,-1.2033,0.1397,-1.311,1.32,0.11,1.3467,5,4,2,1.0,15.0,16.0,5.1013,1,2,0.4,0.4067,0.2,-0.025,1.5196,1.2,-1.25,160.0,60.0,0,0,23.4375,2022,2023,2022.8,1,2020,2020,2005,09f22fba559ffcc7,F,13.65,1
12.51,12.674,12.66,0.1324,0.0104,12.88,0.37,12.65,12.67,12.468,12.6368,12.602,0.1542,0.0122,12.886,0.418,12.58,12.648,0.4203,0.0842,0.5623,0.16,0.37,0.2837,5,4,1,1.0,15.0,16.0,8.8653,1,1,0.2,0.205,0.0,0.62,0.614,0.8,-0.1,,,1,1,,2022,2022,2022.0,0,2020,2020,2005,2fc7b724ce725a22,F,12.17,0
11.32,11.49,11.34,0.2773,0.0241,11.81,0.49,11.33,11.575,11.245,11.4483,11.365,0.2554,0.0223,11.735,0.49,11.305,11.55,-1.1258,0.2,-0.6254,0.0,0.02,0.0,3,2,1,0.0,16.0,16.0,15.0103,1,1,0.3333,-0.48,0.0,0.8333,1.1547,1.5,-0.5,,,1,1,,2023,2023,2023.0,0,2020,2020,2005,8de1b7dd00f9f797,M,10.8,0
13.54,13.62,13.62,0.1131,0.0083,13.7,0.16,13.58,13.66,13.576,13.653,13.653,0.1089,0.008,13.73,0.154,13.6145,13.6915,,,,0.0,0.16,0.0,2,2,2,1.0,15.0,15.0,2.8424,0,0,0.0,0.0,0.0,-0.55,0.0707,0.0,-0.55,163.0,51.0,0,0,19.1953,2022,2023,2022.5,1,2020,2020,2005,b0a670916535b161,F,13.14,1
12.29,12.545,12.55,0.2666,0.0213,12.79,0.5,12.3275,12.7675,12.308,12.566,12.565,0.2801,0.0223,12.826,0.518,12.332,12.799,-0.6538,0.0206,-0.6879,0.47,0.05,0.668,4,2,2,1.0,15.0,16.0,5.6848,1,1,0.25,-0.195,0.0,-0.35,0.2646,0.0,-0.4667,,,1,1,,2022,2023,2022.5,1,2020,2020,2005,b6c36a3d0ae1e1f5,F,12.29,0
11.55,11.59,11.59,0.0566,0.0049,11.63,0.08,11.57,11.61,11.585,11.6075,11.6075,0.0318,0.0027,11.63,0.045,11.5963,11.6188,,,,0.0,0.08,0.0,2,1,1,0.0,16.0,16.0,2.0,1,1,0.5,0.08,0.0,-0.35,0.495,0.0,-0.7,,,1,1,,2022,2022,2022.0,0,2020,2020,2005,510f143a30032f99,M,11.55,0
10.86,11.1667,11.145,0.1937,0.0173,11.44,0.58,11.1225,11.2575,10.785,11.1508,11.1775,0.2071,0.0186,11.4,0.615,11.115,11.2475,0.2567,0.1673,0.1581,0.0,0.26,0.0,6,3,2,1.0,15.0,15.0,9.7835,1,2,0.3333,0.03,0.0,0.3167,0.9663,0.85,-0.75,,,1,1,,2022,2023,2022.1667,1,2020,2020,2005,b21f76f68beb5296,M,10.78,0
12.73,12.805,12.805,0.1061,0.0083,12.88,0.15,12.7675,12.8425,12.712,12.811,12.811,0.14,0.0109,12.91,0.198,12.7615,12.8605,,,,0.0,0.15,0.0,2,1,1,0.0,15.0,15.0,2.0,1,1,0.5,-0.15,0.0,-0.1,0.5657,0.3,-0.5,,,1,1,,2022,2022,2022.0,0,2020,2020,2005,75fa3c9462004244,F,12.34,0
13.32,13.375,13.375,0.0778,0.0058,13.43,0.11,13.3475,13.4025,13.32,13.396,13.396,0.1075,0.008,13.472,0.152,13.358,13.434,,,,0.0,0.11,0.0,2,1,1,0.0,15.0,15.0,2.0,1,1,0.5,0.11,0.0,-0.35,0.495,0.0,-0.7,170.0,55.0,0,0,19.0311,2019,2019,2019.0,0,2010,2010,2005,24957d4edf1c8112,F,13.11,1
12.51,12.54,12.54,0.0424,0.0034,12.57,0.06,12.525,12.555,12.528,12.549,12.549,0.0297,0.0024,12.57,0.042,12.5385,12.5595,,,,0.0,0.06,0.0,2,1,1,0.0,15.0,15.0,2.0,0,0,0.0,0.0,0.5,-0.3,0.0,0.0,-0.3,170.0,51.0,0,0,17.6471,2019,2019,2019.0,0,2010,2010,2000,ac7847bd6d411d05,F,12.23,1
12.52,12.7,12.71,0.1182,0.0093,12.86,0.34,12.6425,12.7625,12.468,12.674,12.704,0.1702,0.0134,12.896,0.428,12.53,12.776,0.2287,0.0709,0.2627,0.0,0.25,0.0,6,4,2,1.0,15.0,15.0,6.3706,1,2,0.3333,0.0633,0.0,0.4333,1.1961,1.2333,-0.3667,,,1,1,,2022,2023,2022.8333,1,2020,2020,2005,f44df111f50a4df5,F,12.52,0
12.76,12.78,12.78,0.0283,0.0022,12.8,0.04,12.77,12.79,12.766,12.819,12.819,0.075,0.0058,12.872,0.106,12.7925,12.8455,,,,0.0,0.04,0.0,2,1,1,0.0,15.0,15.0,2.0,1,1,0.5,0.04,0.0,-0.65,0.7778,0.0,-0.65,,,1,1,,2022,2022,2022.0,0,2020,2020,2005,5c3eccd072df058c,F,12.54,0
11.35,11.395,11.395,0.0636,0.0056,11.44,0.09,11.3725,11.4175,11.37,11.42,11.42,0.0707,0.0062,11.47,0.1,11.395,11.445,,,,0.0,0.09,0.0,2,1,1,0.0,15.0,15.0,2.0,1,1,0.5,0.09,0.0,-0.5,0.1414,0.0,-0.5,187.0,70.0,0,0,20.0177,2019,2019,2019.0,0,2010,2010,2005,156fb76c9c5a65b8,M,10.43,1
12.19,12.4843,12.52,0.1491,0.0119,12.62,0.43,12.44,12.59,12.04,12.4637,12.46,0.2112,0.0169,12.676,0.636,12.437,12.598,-0.0653,0.131,-0.0706,0.33,0.25,0.2511,7,5,2,1.0,15.0,16.0,5.3266,1,4,0.5714,0.045,0.0,0.3429,1.1588,1.0,-0.8,,,1,1,,2022,2023,2022.7143,1,2020,2020,2005,e030113c02c77ca4,F,12.19,0
11.69,11.7567,11.74,0.0764,0.0065,11.84,0.15,11.715,11.79,11.675,11.76,11.755,0.0876,0.0074,11.85,0.175,11.715,11.8025,7.3639,0.033,9.1018,0.0,0.15,0.0,3,3,1,0.0,16.0,16.0,182.625,1,2,0.6667,-0.025,0.0,-0.0667,0.3215,0.3,-0.25,,,1,1,,2023,2023,2023.0,0,2020,2020,2005,98a9476ea726dbe2,M,11.69,0
11.31,11.7,11.57,0.4687,0.0401,12.22,0.91,11.44,11.895,11.14,11.655,11.565,0.5654,0.0485,12.26,1.12,11.3525,11.9125,-1.0076,0.1073,-1.1719,0.91,0.26,1.1745,3,3,2,1.0,14.0,15.0,3.8719,1,1,0.3333,0.195,0.0,0.9,2.2113,1.75,-0.8,,,1,1,,2022,2023,2022.6667,1,2020,2020,2005,37fa9958c9cd9cad,M,11.31,0
12.48,12.5,12.5,0.0283,0.0023,12.52,0.04,12.49,12.51,12.408,12.446,12.446,0.0537,0.0043,12.484,0.076,12.427,12.465,,,,0.0,0.04,0.0,2,1,1,0.0,16.0,16.0,2.0,1,1,0.5,0.04,0.0,0.9,0.4243,0.9,0.0,,,1,1,,2024,2024,2024.0,0,2020,2020,2005,807ab3f1a1f997b4,F,12.48,0
13.35,13.44,13.44,0.1273,0.0095,13.53,0.18,13.395,13.485,13.362,13.506,13.506,0.2036,0.0151,13.65,0.288,13.434,13.578,,,,0.0,0.18,0.0,2,1,1,0.0,15.0,15.0,2.0,1,1,0.5,-0.18,0.0,-1.1,1.2728,0.0,-1.1,164.0,52.0,0,0,19.3337,2020,2020,2020.0,0,2020,2020,2005,373ec5879d3667a8,F,13.35,1
13.16,13.255,13.255,0.1344,0.0101,13.35,0.19,13.2075,13.3025,13.016,13.243,13.243,0.321,0.0242,13.47,0.454,13.1295,13.3565,,,,0.0,0.19,0.0,2,1,1,0.0,15.0,15.0,2.0,1,1,0.5,-0.19,0.0,0.2,3.1113,2.4,-2.0,163.0,52.0,0,0,19.5717,2020,2020,2020.0,0,2020,2020,2005,b14b1064e8c7311e,F,13.1,1
13.59,13.665,13.665,0.1061,0.0078,13.74,0.15,13.6275,13.7025,13.506,13.611,13.611,0.1485,0.0109,13.716,0.21,13.5585,13.6635,,,,0.0,0.15,0.0,2,2,1,0.0,16.0,16.0,730.5,1,1,0.5,-0.15,0.0,0.9,0.7071,0.9,0.0,,,1,1,,2024,2024,2024.0,0,2020,2020,2005,cc29ec68666195ac,F,12.86,0
11.55,11.555,11.555,0.0071,0.0006,11.56,0.01,11.5525,11.5575,11.465,11.485,11.485,0.0283,0.0025,11.505,0.04,11.475,11.495,,,,0.0,0.01,0.0,2,1,1,0.0,16.0,16.0,2.0,1,1,0.5,0.01,0.0,1.4,0.7071,1.4,0.0,173.0,55.0,0,0,18.3768,2023,2023,2023.0,0,2020,2020,2005,0e951105e6f8627b,M,11.45,1
13.4,13.8244,13.79,0.2969,0.0215,14.32,0.92,13.64,14.0,13.394,13.8591,13.922,0.2885,0.0208,14.314,0.92,13.658,14.044,-0.2603,0.1869,-0.2293,0.6,0.24,0.2998,9,8,3,2.0,14.0,16.0,4.4969,1,3,0.3333,0.2717,0.2222,-0.7429,1.4363,0.2667,-1.5,,,1,1,,2022,2024,2023.2222,2,2020,2020,2005,50289b5176703b1b,F,12.99,0
14.15,14.54,14.57,0.3759,0.0259,14.9,0.75,14.36,14.735,14.132,14.696,14.666,0.5796,0.0394,15.29,1.158,14.399,14.978,0.7524,0.1347,1.088,0.0,0.75,0.0,3,2,2,1.0,15.0,15.0,3.8583,1,1,0.3333,-0.54,0.0,-2.6,3.5086,0.3,-4.05,,,1,1,,2023,2024,2023.6667,1,2020,2020,2005,06d968a32ab2eb74,F,14.15,0
12.35,12.38,12.38,0.0424,0.0034,12.41,0.06,12.365,12.395,12.155,12.2875,12.2875,0.1874,0.0152,12.42,0.265,12.2212,12.3538,,,,0.0,0.06,0.0,2,2,1,0.0,15.0,15.0,13.783,0,0,0.0,0.0,0.0,1.85,2.8991,3.9,-0.2,,,1,1,,2023,2023,2023.0,0,2020,2020,2005,089dc7dced48f7a4,M,12.35,0
14.13,15.32,14.47,1.7749,0.1159,17.36,3.23,14.3,15.915,14.094,15.334,14.434,1.8611,0.1214,17.474,3.38,14.264,15.954,-2.0266,1.1296,-2.1132,3.23,0.0,3.2954,3,3,2,1.0,14.0,15.0,3.0608,0,0,0.0,0.0,0.0,-0.2333,1.4434,0.6,-1.9,,,1,1,,2022,2023,2022.3333,1,2020,2020,2005,91fcdaac60cf1b0c,F,13.88,0
13.51,13.96,13.81,0.5408,0.0387,14.56,1.05,13.66,14.185,13.474,13.972,13.774,0.6211,0.0445,14.668,1.194,13.624,14.221,-0.926,0.2077,-1.0838,1.05,0.3,1.0713,3,3,2,1.0,15.0,15.0,3.0608,1,1,0.3333,0.675,0.0,-0.2,1.3856,0.6,-1.8,,,1,1,,2022,2023,2022.6667,1,2020,2020,2005,f701af2695675d27,F,13.26,0
13.7,13.97,13.97,0.3818,0.0273,14.24,0.54,13.835,14.105,13.652,13.973,13.973,0.454,0.0325,14.294,0.642,13.8125,14.1335,,,,0.54,0.0,0.5509,2,2,2,1.0,14.0,15.0,2.0405,0,0,0.0,0.0,0.0,-0.05,1.2021,0.8,-0.9,,,1,1,,2022,2023,2022.5,1,2020,2020,2005,5137e82c9c3e52d6,F,13.7,0
13.73,14.0,13.96,0.234,0.0167,14.4,0.67,13.87,14.0725,13.652,13.999,13.942,0.294,0.021,14.514,0.862,13.8565,14.0725,0.1471,0.2236,0.1504,0.67,0.23,0.6836,6,5,2,1.0,14.0,14.0,6.1215,1,2,0.3333,0.2325,0.3333,0.025,1.3745,0.6667,-1.9,,,1,1,,2022,2023,2022.5,1,2020,2020,2005,591266c3e4400293,F,13.73,0
15.06,15.4,15.4,0.4808,0.0312,15.74,0.68,15.23,15.57,15.06,15.421,15.421,0.5105,0.0331,15.782,0.722,15.2405,15.6015,,,,0.68,0.0,0.7935,2,2,2,1.0,15.0,16.0,2.3339,0,0,0.0,0.0,0.5,-0.7,0.0,0.0,-0.7,,,1,1,,2022,2023,2022.5,1,2020,2020,2005,56a918b44d2cd076,F,14.42,0
13.24,13.672,13.7,0.3959,0.029,14.07,0.83,13.3,14.05,13.204,13.6696,13.724,0.4208,0.0308,14.076,0.872,13.27,14.074,-0.3769,0.2401,-0.4091,0.81,0.06,0.4126,5,4,3,2.0,14.0,15.0,2.5471,1,2,0.4,0.045,0.0,0.04,0.4827,0.55,-0.3,170.0,50.0,0,0,17.301,2020,2022,2021.0,2,2020,2020,2005,902a9107fca7e553,F,13.24,1
12.94,13.27,13.235,0.2615,0.0197,13.63,0.69,13.07,13.49,12.844,13.264,13.246,0.2911,0.0219,13.624,0.78,13.0565,13.4885,-0.5154,0.08,-0.5777,0.44,0.14,0.4489,8,5,2,1.0,14.0,15.0,8.162,1,4,0.5,0.05,0.25,0.1333,1.2144,0.825,-1.25,,,1,1,,2022,2023,2022.5,1,2020,2020,2005,137f73e2f89d1957,F,12.72,0
13.3,13.33,13.33,0.0424,0.0032,13.36,0.06,13.315,13.345,13.372,13.402,13.402,0.0424,0.0032,13.432,0.06,13.387,13.417,,,,0.0,0.06,0.0,2,1,1,0.0,15.0,15.0,2.0,1,1,0.5,-0.06,0.0,-1.2,0.0,0.0,-1.2,,,1,1,,2022,2022,2022.0,0,2020,2020,2005,2ebb26996142c904,F,12.85,0
12.83,13.295,13.16,0.3876,0.0292,14.19,1.36,13.1225,13.415,12.746,13.3082,13.244,0.4315,0.0324,14.304,1.558,13.127,13.4105,-1.075,0.1865,-1.1626,1.36,0.33,1.2512,10,7,2,1.0,15.0,16.0,9.2003,1,5,0.5,0.302,0.2,-0.275,1.4119,0.75,-1.7333,,,1,1,,2022,2023,2022.9,1,2020,2020,2005,a575032eb8539c89,F,12.83,0
14.21,14.2567,14.26,0.0451,0.0032,14.3,0.09,14.235,14.28,14.21,14.2547,14.26,0.0423,0.003,14.294,0.084,14.235,14.277,0.5276,0.0204,0.4789,0.0,0.09,0.0,3,2,1,0.0,15.0,15.0,24.35,1,1,0.3333,-0.005,0.6667,0.1,0.0,0.1,0.0,172.0,57.0,0,0,19.2672,2023,2023,2023.0,0,2020,2020,2005,f9e1ad1423013add,F,14.21,1
12.66,13.255,13.255,0.8415,0.0635,13.85,1.19,12.9575,13.5525,12.585,13.2075,13.2075,0.8803,0.0667,13.83,1.245,12.8962,13.5188,,,,1.19,0.0,0.7317,2,2,2,2.0,14.0,16.0,1.2298,0,0,0.0,0.0,0.0,0.95,0.7778,0.95,0.0,,,1,1,,2021,2023,2022.0,2,2020,2020,2005,f9f1e6cafaa0796a,M,12.66,0
13.78,14.155,14.155,0.5303,0.0375,14.53,0.75,13.9675,14.3425,13.774,14.179,14.179,0.5728,0.0404,14.584,0.81,13.9765,14.3815,,,,0.75,0.0,0.7652,2,2,2,1.0,14.0,15.0,2.0405,0,0,0.0,0.0,0.0,-0.4,0.7071,0.1,-0.9,155.0,45.0,0,0,18.7305,2022,2023,2022.5,1,2020,2020,2005,f40643259d4c42e8,F,13.21,1
13.43,14.15,14.0,0.8414,0.0595,15.17,1.74,13.475,14.675,13.334,14.165,14.096,0.8977,0.0634,15.134,1.8,13.4375,14.8235,-0.3169,0.6934,-0.1925,1.74,1.08,0.8706,4,3,3,2.0,14.0,15.0,2.0014,1,1,0.25,0.88,0.0,-0.25,2.2368,0.8333,-3.5,170.0,60.0,0,0,20.7612,2022,2024,2023.0,2,2020,2020,2005,555800e342bdf6e7,F,13.43,1
14.19,14.55,14.26,0.564,0.0388,15.2,1.01,14.225,14.73,14.19,14.566,14.254,0.5967,0.041,15.254,1.064,14.222,14.754,-1.0003,0.0286,-1.0588,1.01,0.07,1.0362,3,2,2,1.0,14.0,15.0,3.0779,1,1,0.3333,0.54,0.0,-0.2667,0.5508,0.1,-0.9,,,1,1,,2022,2023,2022.6667,1,2020,2020,2005,98ea05818d95fe52,F,14.1,0
11.42,11.8433,11.7,0.5103,0.0431,12.41,0.99,11.56,12.055,11.525,11.8883,11.71,0.4781,0.0402,12.43,0.905,11.6175,12.07,-0.8501,0.0569,-0.8028,0.99,0.0,0.8973,3,3,2,1.0,14.0,16.0,2.719,1,2,0.6667,0.85,0.0,-0.9,1.044,0.0,-0.9,,,1,1,,2022,2023,2022.6667,1,2020,2020,2005,cb69656cec2e4693,M,11.42,0
12.75,13.1029,13.19,0.2129,0.0162,13.3,0.55,13.01,13.23,12.714,13.1294,13.218,0.2064,0.0157,13.288,0.574,13.068,13.275,-0.4111,0.103,-0.1701,0.47,0.1,0.3606,7,5,2,1.0,14.0,15.0,5.3713,1,3,0.4286,0.0517,0.0,-0.4429,1.9509,1.2,-1.675,,,1,1,,2022,2023,2022.2857,1,2020,2020,2005,df8bcfdccf783936,F,12.02,0
11.31,11.6533,11.595,0.3319,0.0285,12.27,0.96,11.4775,11.6825,11.325,11.65,11.5125,0.3482,0.0299,12.27,0.945,11.4538,11.7625,-0.4017,0.157,-0.4148,0.96,0.39,0.5531,6,5,3,2.0,14.0,16.0,3.4566,1,1,0.1667,-0.056,0.0,0.0667,1.6008,1.1333,-1.5,,,1,1,,2022,2024,2023.5,2,2020,2020,2005,bc76b46ed58b1d4a,M,11.31,0
12.21,12.455,12.475,0.2039,0.0164,12.73,0.52,12.2875,12.58,12.222,12.452,12.489,0.1969,0.0158,12.688,0.466,12.274,12.5885,-0.5377,0.0986,-0.4814,0.52,0.04,0.6049,6,5,2,1.0,15.0,16.0,6.9793,1,2,0.3333,-0.0225,0.0,0.05,0.5753,0.5333,-0.4333,,,1,1,,2023,2024,2023.8333,1,2020,2020,2005,6e16450615381ba0,F,11.93,0
12.3,12.46,12.46,0.2263,0.0182,12.62,0.32,12.38,12.54,12.258,12.439,12.439,0.256,0.0206,12.62,0.362,12.3485,12.5295,,,,0.0,0.32,0.0,2,2,2,1.0,15.0,15.0,2.3264,1,1,0.5,0.32,0.0,0.35,0.495,0.7,0.0,,,1,1,,2023,2024,2023.5,1,2020,2020,2005,025a9d8324f70e87,F,12.14,0
11.29,11.5383,11.585,0.1646,0.0143,11.76,0.47,11.405,11.645,11.236,11.5248,11.588,0.2061,0.0179,11.814,0.578,11.3255,11.6795,-0.0127,0.1576,0.0577,0.34,0.35,0.398,12,11,2,1.0,15.0,15.0,14.0481,1,5,0.4167,0.1597,0.0,0.225,0.8069,0.7857,-0.56,,,1,1,,2023,2024,2023.8333,1,2020,2020,2005,49c7a6469db9ce50,F,11.1,0
12.31,12.936,12.86,0.4361,0.0337,13.67,1.36,12.61,13.2775,12.286,12.9522,12.844,0.4528,0.035,13.67,1.384,12.618,13.309,-0.546,0.1529,-0.5592,1.36,0.0,0.651,10,7,3,2.0,14.0,16.0,4.787,1,4,0.4,0.06,0.0,-0.27,0.7288,0.4,-0.975,,,1,1,,2022,2024,2023.3,2,2020,2020,2005,714273ea7c7c1162,F,12.31,0
13.55,13.712,13.68,0.1408,0.0103,13.91,0.36,13.63,13.79,13.466,13.7504,13.764,0.1984,0.0144,14.0,0.534,13.678,13.844,0.074,0.1251,0.2652,0.24,0.13,0.5313,5,4,1,0.0,14.0,14.0,11.0682,1,1,0.2,0.1025,0.0,-0.64,1.1803,1.4,-1.15,,,1,1,,2022,2022,2022.0,0,2020,2020,2005,c1d3396cfc5804b2,F,13.19,0
12.23,12.43,12.39,0.1508,0.0121,12.6,0.37,12.37,12.56,12.248,12.4264,12.456,0.1339,0.0108,12.588,0.34,12.34,12.5,-2.2315,0.0585,-2.0697,0.33,0.16,3.3481,5,2,1,0.0,16.0,16.0,50.7292,1,2,0.4,0.09,0.0,0.06,0.8019,0.5667,-0.7,170.0,47.0,0,0,16.263,2024,2024,2024.0,0,2020,2020,2005,c0f0b6dd0016506a,F,12.23,1
12.63,12.9733,13.1,0.3007,0.0232,13.19,0.56,12.865,13.145,12.66,13.0433,13.058,0.3762,0.0288,13.412,0.752,12.859,13.235,0.4038,0.1919,0.687,0.0,0.56,0.0,3,2,2,1.0,15.0,15.0,3.727,1,1,0.3333,0.515,0.0,-1.1667,2.2745,0.7,-2.1,,,1,1,,2022,2023,2022.3333,1,2020,2020,2005,5da6b686777827d6,F,12.43,0
12.9,13.08,13.08,0.2546,0.0195,13.26,0.36,12.99,13.17,12.9,13.062,13.062,0.2291,0.0175,13.224,0.324,12.981,13.143,,,,0.36,0.0,1.4942,2,2,1,0.0,15.0,15.0,8.3011,1,1,0.5,-0.36,0.0,0.3,0.4243,0.6,0.0,,,1,1,,2023,2023,2023.0,0,2020,2020,2005,e45a1f4a9e4620f3,F,12.83,0
11.82,12.2686,12.315,0.1922,0.0157,12.55,0.73,12.18,12.3875,11.67,12.2823,12.303,0.2576,0.021,12.65,0.98,12.1635,12.4255,0.0269,0.1837,-0.01,0.44,0.42,0.4514,14,11,2,1.0,15.0,15.0,14.3638,1,6,0.4286,0.2921,0.0,-0.2286,1.297,1.0,-1.025,,,1,1,,2023,2024,2023.7143,1,2020,2020,2005,b0ea169a7562e42e,F,11.82,0
11.32,11.325,11.325,0.0071,0.0006,11.33,0.01,11.3225,11.3275,11.33,11.3325,11.3325,0.0035,0.0003,11.335,0.005,11.3312,11.3338,,,,0.0,0.01,0.0,2,1,1,0.0,15.0,15.0,2.0,1,1,0.5,-0.01,0.0,-0.15,0.0707,0.0,-0.15,,,1,1,,2023,2023,2023.0,0,2020,2020,2005,d66eb626ab6d01ea,M,10.9,0
11.18,11.28,11.23,0.1323,0.0117,11.43,0.25,11.205,11.33,11.185,11.3283,11.25,0.1947,0.0172,11.55,0.365,11.2175,11.4,3.5731,0.0204,5.2802,0.0,0.25,0.0,3,2,1,0.0,15.0,15.0,47.6413,1,1,0.3333,0.15,0.0,-0.9667,1.2503,0.0,-0.9667,,,1,1,,2023,2023,2023.0,0,2020,2020,2005,1336e2538431a127,M,11.06,0
12.86,12.965,12.965,0.1485,0.0115,13.07,0.21,12.9125,13.0175,12.884,12.971,12.971,0.123,0.0095,13.058,0.174,12.9275,13.0145,,,,0.0,0.21,0.0,2,1,1,0.0,15.0,15.0,2.0,1,1,0.5,-0.21,0.0,-0.1,0.4243,0.2,-0.4,,,1,1,,2023,2023,2023.0,0,2020,2020,2005,af97ad19b4901dee,F,12.63,0
13.0,13.095,13.095,0.1344,0.0103,13.19,0.19,13.0475,13.1425,13.06,13.104,13.104,0.0622,0.0047,13.148,0.088,13.082,13.126,,,,0.0,0.19,0.0,2,2,1,0.0,15.0,15.0,33.2045,0,0,0.0,0.0,0.0,-0.15,1.2021,0.7,-1.0,,,1,1,,2023,2023,2023.0,0,2020,2020,2005,c10f22dbb826e4d0,F,12.03,0
11.43,11.52,11.52,0.1273,0.011,11.61,0.18,11.475,11.565,11.395,11.505,11.505,0.1556,0.0135,11.615,0.22,11.45,11.56,,,,0.0,0.18,0.0,2,1,1,0.0,15.0,15.0,2.0,1,1,0.5,-0.18,0.0,0.3,0.5657,0.7,-0.1,,,1,1,,2023,2023,2023.0,0,2020,2020,2005,3a07c6b12a21c503,M,11.28,0
11.12,11.3387,11.305,0.2313,0.0204,11.86,0.74,11.21,11.36,11.13,11.3638,11.3175,0.2723,0.024,11.98,0.85,11.185,11.3938,0.4325,0.1893,0.3407,0.15,0.27,0.3149,8,6,1,0.0,15.0,15.0,16.7931,1,4,0.5,0.0625,0.0,-0.5,1.069,0.45,-0.8167,,,1,1,,2023,2023,2023.0,0,2020,2020,2005,4e5577e00e50dee5,M,10.91,0
12.62,12.82,12.8,0.2022,0.0158,13.06,0.44,12.6725,12.9475,12.506,12.7585,12.725,0.2449,0.0192,13.078,0.572,12.6125,12.871,-1.2208,0.0596,-1.3408,0.29,0.07,1.0699,4,3,1,0.0,14.0,15.0,14.7576,1,2,0.5,-0.04,0.0,1.025,1.0372,1.4667,-0.3,,,1,1,,2022,2022,2022.0,0,2020,2020,2005,2d1aec09fa0d41be,F,12.62,0
12.07,12.1867,12.24,0.1012,0.0083,12.25,0.18,12.155,12.245,12.094,12.1947,12.228,0.0888,0.0073,12.262,0.168,12.161,12.245,0.3275,0.079,0.4187,0.17,0.18,0.9702,3,3,1,0.0,16.0,16.0,17.1211,1,1,0.3333,-0.095,0.0,-0.1333,0.3055,0.2,-0.3,,,1,1,,2024,2024,2024.0,0,2020,2020,2005,0d1ea575694a0c04,F,11.75,0
12.36,12.495,12.495,0.1909,0.0153,12.63,0.27,12.4275,12.5625,12.318,12.417,12.417,0.14,0.0113,12.516,0.198,12.3675,12.4665,,,,0.0,0.27,0.0,2,1,1,0.0,15.0,15.0,2.0,1,1,0.5,-0.27,0.0,1.3,0.8485,1.3,0.0,,,1,1,,2022,2022,2022.0,0,2020,2020,2005,d93c2628a1305e49,F,12.08,0
13.12,13.2625,13.2,0.1839,0.0139,13.53,0.41,13.1575,13.305,13.138,13.3195,13.212,0.2666,0.02,13.716,0.578,13.1935,13.338,0.7052,0.0866,0.9097,0.0,0.41,0.0,4,3,1,0.0,15.0,15.0,9.549,1,2,0.5,0.175,0.0,-0.95,1.4911,0.3,-1.3667,170.0,51.0,0,0,17.6471,2024,2024,2024.0,0,2020,2020,2005,390ca5ae00205062,F,12.81,1
11.77,11.98,11.98,0.297,0.0248,12.19,0.42,11.875,12.085,11.77,12.04,12.04,0.3818,0.0317,12.31,0.54,11.905,12.175,,,,0.0,0.42,0.0,2,2,1,0.0,16.0,16.0,5.7976,0,0,0.0,0.0,0.5,-2.4,0.0,0.0,-2.4,175.0,55.0,0,0,17.9592,2024,2024,2024.0,0,2020,2020,2005,a8cabbfebf0ba1ab,M,11.53,1
11.31,11.3633,11.32,0.0839,0.0074,11.46,0.15,11.315,11.39,11.26,11.3483,11.31,0.1125,0.0099,11.475,0.215,11.285,11.3925,0.3479,0.0572,0.25,0.0,0.15,0.0,3,2,1,0.0,15.0,15.0,13.0446,1,1,0.3333,-0.145,0.3333,0.45,1.0607,1.2,-0.3,175.0,65.0,0,0,21.2245,2024,2024,2024.0,0,2020,2020,2005,3185be4406f0023e,M,11.27,1
13.14,13.275,13.275,0.1909,0.0144,13.41,0.27,13.2075,13.3425,13.116,13.248,13.248,0.1867,0.0141,13.38,0.264,13.182,13.314,,,,0.0,0.27,0.0,2,1,1,0.0,16.0,16.0,2.0,0,0,0.0,0.0,0.0,0.45,0.0707,0.45,0.0,,,1,1,,2023,2023,2023.0,0,2020,2020,2005,553c10d15f79b0aa,F,12.77,0
13.02,13.216,13.19,0.2354,0.0178,13.6,0.58,13.03,13.24,13.02,13.228,13.19,0.2601,0.0197,13.66,0.64,13.03,13.24,1.3075,0.0992,1.4123,0.0,0.58,0.0,5,3,1,0.0,16.0,16.0,14.494,1,1,0.2,0.2567,0.4,-0.3333,0.5774,0.0,-1.0,,,1,1,,2024,2024,2024.0,0,2020,2020,2005,9120022f9234fe72,F,13.02,0
12.6,12.805,12.805,0.2899,0.0226,13.01,0.41,12.7025,12.9075,12.6,12.805,12.805,0.2899,0.0226,13.01,0.41,12.7025,12.9075,,,,0.0,0.41,0.0,2,1,1,0.0,16.0,16.0,2.0,1,1,0.5,0.41,1.0,0.0,0.0,0.0,0.0,165.0,50.0,0,0,18.3655,2024,2024,2024.0,0,2020,2020,2005,ef2c6a485b7fbbc0,F,12.3,1
11.36,11.5,11.5,0.198,0.0172,11.64,0.28,11.43,11.57,11.295,11.4675,11.4675,0.244,0.0213,11.64,0.345,11.3812,11.5538,,,,0.0,0.28,0.0,2,2,1,0.0,16.0,16.0,81.1667,1,1,0.5,-0.28,0.0,0.65,0.9192,1.3,0.0,,,1,1,,2024,2024,2024.0,0,2020,2020,2005,b20fe5e9044ef6ff,M,11.1,0
12.86,12.96,12.96,0.1414,0.0109,13.06,0.2,12.91,13.01,12.86,12.945,12.945,0.1202,0.0093,13.03,0.17,12.9025,12.9875,,,,0.0,0.2,0.0,2,1,1,0.0,16.0,16.0,2.0,0,0,0.0,0.0,0.0,0.25,0.3536,0.5,0.0,169.0,55.0,0,0,19.257,2023,2023,2023.0,0,2020,2020,2005,c8b5be0a4f9350d7,F,12.34,1
13.4,13.41,13.41,0.0141,0.0011,13.42,0.02,13.405,13.415,13.376,13.398,13.398,0.0311,0.0023,13.42,0.044,13.387,13.409,,,,0.0,0.02,0.0,2,1,1,0.0,15.0,15.0,2.0,1,1,0.5,-0.02,0.0,0.2,0.2828,0.4,0.0,,,1,1,,2022,2022,2022.0,0,2020,2020,2005,626cb5b17aab1071,F,12.64,0
12.87,13.2973,13.33,0.2412,0.0181,13.6,0.73,13.135,13.525,12.864,13.3224,13.324,0.245,0.0184,13.69,0.826,13.18,13.534,-0.304,0.1242,-0.3044,0.73,0.26,0.3569,11,8,3,2.0,14.0,16.0,5.3785,1,6,0.5455,0.0453,0.0,-0.4182,0.5862,0.225,-0.7857,,,1,1,,2022,2024,2023.3636,2,2020,2020,2005,fc8d1ddbeca38834,F,12.67,0
12.88,13.1325,13.125,0.2394,0.0182,13.4,0.52,12.9625,13.295,12.856,13.1679,13.1418,0.2917,0.0222,13.532,0.676,12.988,13.3217,-0.2398,0.1814,-0.208,0.38,0.11,0.3133,4,4,2,1.0,14.0,16.0,3.298,1,3,0.75,0.3567,0.0,-0.59,1.1715,0.27,-1.45,,,1,1,,2022,2023,2022.75,1,2020,2020,2005,78121accb01fccc7,F,12.33,0
13.19,13.21,13.21,0.0283,0.0021,13.23,0.04,13.2,13.22,13.19,13.222,13.222,0.0453,0.0034,13.254,0.064,13.206,13.238,,,,0.0,0.04,0.0,2,1,1,0.0,15.0,15.0,2.0,1,1,0.5,0.04,0.0,-0.2,0.2828,0.0,-0.4,,,1,1,,2022,2022,2022.0,0,2020,2020,2005,500389e30b6f9c4e,F,13.0,0
13.63,13.8867,13.99,0.2237,0.0161,14.04,0.41,13.81,14.015,13.498,13.8687,14.032,0.3218,0.0232,14.076,0.578,13.765,14.054,2.0526,0.0002,2.9496,0.0,0.41,0.0,3,3,1,0.0,16.0,16.0,15.0103,0,0,0.0,0.0,0.0,0.3,1.6462,2.2,-0.65,,,1,1,,2023,2023,2023.0,0,2020,2020,2005,220be28e4b74e410,F,13.36,0
13.29,13.714,13.31,0.7171,0.0523,14.542,1.252,13.3,13.926,13.29,13.736,13.334,0.7347,0.0535,14.584,1.294,13.312,13.959,3.6291,0.0082,3.7168,0.0,1.252,0.0,3,2,1,0.0,16.0,16.0,8.766,1,1,0.3333,0.636,0.0,-0.3667,0.3512,0.0,-0.55,,,1,1,,2023,2023,2023.0,0,2020,2020,2005,576af8197d5ef20a,F,12.73,0
13.61,13.79,13.8,0.1752,0.0127,13.96,0.35,13.705,13.88,13.634,13.822,13.836,0.1814,0.0131,13.996,0.362,13.735,13.916,0.2445,0.0297,0.254,0.0,0.35,0.0,3,3,2,1.0,15.0,15.0,2.2136,0,0,0.0,0.0,0.0,-0.5333,0.1155,0.0,-0.5333,,,1,1,,2022,2023,2022.6667,1,2020,2020,2005,c876bf3532d7fab2,F,12.77,0
12.67,12.9233,12.9,0.2658,0.0206,13.2,0.53,12.785,13.05,12.825,12.9823,12.89,0.2186,0.0168,13.232,0.407,12.8575,13.061,-0.4406,0.094,-0.2953,0.53,0.0,0.5232,3,3,2,1.0,14.0,15.0,2.9615,0,0,0.0,0.0,0.0,-1.18,1.715,0.2,-1.87,,,1,1,,2022,2023,2022.3333,1,2020,2020,2005,c1bfa3afc57f1489,M,11.78,0
11.67,11.72,11.72,0.0707,0.006,11.77,0.1,11.695,11.745,11.655,11.715,11.715,0.0849,0.0072,11.775,0.12,11.685,11.745,,,,0.1,0.0,1.0146,2,2,1,0.0,15.0,16.0,20.2917,0,0,0.0,0.0,0.0,0.1,0.2828,0.3,-0.1,,,1,1,,2023,2023,2023.0,0,2020,2020,2005,760c7cec8025a170,M,11.39,0
12.91,13.134,13.16,0.1464,0.0111,13.27,0.36,13.08,13.25,12.91,13.1628,13.19,0.1491,0.0113,13.286,0.376,13.17,13.258,0.6006,0.0745,0.5365,0.0,0.34,0.0,5,3,1,0.0,15.0,15.0,12.8609,1,2,0.4,0.165,0.0,-0.48,0.6611,0.2,-0.8667,,,1,1,,2022,2022,2022.0,0,2020,2020,2005,bca8cc8c36e816e4,F,12.65,0
11.99,12.035,12.035,0.0636,0.0053,12.08,0.09,12.0125,12.0575,11.985,12.0325,12.0325,0.0672,0.0056,12.08,0.095,12.0087,12.0562,,,,0.09,0.0,0.5302,2,2,1,0.0,16.0,16.0,11.7823,0,0,0.0,0.0,0.0,0.05,0.0707,0.1,0.0,,,1,1,,2024,2024,2024.0,0,2020,2020,2005,70d4450a072402f8,M,11.99,0
13.6,14.12,14.12,0.7354,0.0521,14.64,1.04,13.86,14.38,13.594,14.1362,14.1362,0.7668,0.0542,14.6784,1.0844,13.8651,14.4073,,,,0.0,1.04,0.0,2,2,1,0.0,15.0,15.0,15.5426,1,1,0.5,-1.04,0.0,-0.27,0.5233,0.1,-0.64,,,1,1,,2022,2022,2022.0,0,2020,2020,2005,a2e8c03974432491,F,12.81,0
12.93,13.0,13.0,0.099,0.0076,13.07,0.14,12.965,13.035,12.93,13.012,13.012,0.116,0.0089,13.094,0.164,12.971,13.053,,,,0.0,0.14,0.0,2,1,1,0.0,15.0,15.0,2.0,1,1,0.5,0.14,0.0,-0.2,0.2828,0.0,-0.4,,,1,1,,2022,2022,2022.0,0,2020,2020,2005,684454dc226a182d,F,12.77,0
13.66,13.7333,13.74,0.0702,0.0051,13.8,0.14,13.7,13.77,13.654,13.7433,13.734,0.0943,0.0069,13.842,0.188,13.694,13.788,1.0743,0.0327,1.5899,0.0,0.14,0.0,3,2,1,0.0,15.0,15.0,32.2279,1,2,0.6667,0.01,0.0,-0.1667,0.4619,0.1,-0.7,,,1,1,,2023,2023,2023.0,0,2020,2020,2005,12aa802944968f7d,F,12.93,0
12.39,12.395,12.395,0.0071,0.0006,12.4,0.01,12.3925,12.3975,12.39,12.395,12.395,0.0071,0.0006,12.4,0.01,12.3925,12.3975,,,,0.0,0.01,0.0,2,1,1,0.0,16.0,16.0,2.0,1,1,0.5,0.01,1.0,0.0,0.0,0.0,0.0,,,1,1,,2022,2022,2022.0,0,2020,2020,2005,36db50aa1a3796b6,M,11.77,0
12.42,12.6056,12.63,0.1298,0.0103,12.8,0.38,12.5,12.72,12.414,12.6196,12.672,0.1397,0.0111,12.794,0.38,12.488,12.738,-0.2135,0.1071,-0.2309,0.3,0.23,0.3361,9,7,2,1.0,15.0,16.0,10.0836,1,5,0.5556,0.1115,0.0,-0.2333,0.3808,0.15,-0.54,,,1,1,,2023,2024,2023.6667,1,2020,2020,2005,49949fdd876d2e37,F,12.17,0
11.66,11.95,11.75,0.4622,0.0387,12.64,0.98,11.7125,11.9875,11.685,11.9825,11.795,0.452,0.0377,12.655,0.97,11.745,12.0325,-0.7034,0.0271,-0.6874,0.98,0.07,0.7246,4,3,2,1.0,14.0,16.0,2.9575,1,1,0.25,0.2933,0.0,-0.65,0.3416,0.0,-0.65,,,1,1,,2022,2023,2022.75,1,2020,2020,2005,f51a010eb82b0b6c,M,11.09,0
13.41,13.54,13.54,0.1838,0.0136,13.67,0.26,13.475,13.605,13.44,13.609,13.609,0.239,0.0176,13.778,0.338,13.5245,13.6935,,,,0.0,0.26,0.0,2,1,1,0.0,15.0,15.0,2.0,1,1,0.5,0.26,0.0,-1.15,0.9192,0.0,-1.15,,,1,1,,2023,2023,2023.0,0,2020,2020,2005,06db950f6d8d0486,F,12.77,0
13.19,13.33,13.265,0.1691,0.0127,13.65,0.46,13.2375,13.3525,13.22,13.344,13.289,0.1578,0.0118,13.65,0.43,13.257,13.3495,-0.1796,0.074,-0.1611,0.46,0.04,0.1984,6,5,3,2.0,13.0,15.0,2.5874,1,2,0.3333,0.0975,0.0,-0.2333,0.4179,0.2,-0.6,,,1,1,,2022,2024,2023.1667,2,2020,2020,2005,d4067d9821358737,F,13.19,0
12.39,12.598,12.52,0.1813,0.0144,12.85,0.46,12.52,12.71,12.42,12.5872,12.52,0.1519,0.0121,12.808,0.388,12.52,12.668,-0.3439,0.0742,-0.2858,0.46,0.13,0.503,5,5,2,1.0,15.0,16.0,5.4678,1,2,0.4,-0.0283,0.2,0.225,0.5852,0.7,-0.5,,,1,1,,2023,2024,2023.6,1,2020,2020,2005,31a449e2120f5e41,F,11.96,0
11.24,11.4356,11.43,0.1707,0.0149,11.78,0.54,11.31,11.49,11.255,11.4344,11.425,0.1676,0.0147,11.795,0.54,11.29,11.5,-0.1762,0.1325,-0.1797,0.19,0.07,0.1431,9,5,2,1.0,15.0,16.0,6.7778,1,3,0.3333,-0.0213,0.0,0.0222,0.8243,1.0,-0.4667,,,1,1,,2022,2023,2022.5556,1,2020,2020,2005,e051e8cf0440e82d,M,11.0,0
13.44,14.3,14.3,1.2162,0.0851,15.16,1.72,13.87,14.73,13.5,14.33,14.33,1.1738,0.0819,15.16,1.66,13.915,14.745,,,,0.0,1.72,0.0,2,2,1,0.0,16.0,16.0,25.1897,0,0,0.0,0.0,0.0,-0.5,0.7071,0.0,-1.0,,,1,1,,2024,2024,2024.0,0,2020,2020,2005,c48dc06e5e9be010,F,13.11,0
11.44,11.5,11.5,0.0849,0.0074,11.56,0.12,11.47,11.53,11.475,11.585,11.585,0.1556,0.0134,11.695,0.22,11.53,11.64,,,,0.0,0.12,0.0,2,2,1,0.0,16.0,16.0,25.1897,0,0,0.0,0.0,0.0,-1.7,1.4142,0.0,-1.7,,,1,1,,2024,2024,2024.0,0,2020,2020,2005,f6394d0ca240393b,M,11.25,0
11.63,11.775,11.785,0.1115,0.0095,11.9,0.27,11.735,11.825,11.635,11.805,11.8275,0.1234,0.0104,11.93,0.295,11.7738,11.8587,-0.097,0.0878,-0.0633,0.27,0.14,0.2201,4,3,2,1.0,15.0,15.0,3.2612,1,1,0.25,0.1933,0.0,-0.6,0.5099,0.0,-0.6,,,1,1,,2023,2024,2023.25,1,2020,2020,2005,6b33207878263673,M,10.97,0
11.2,11.2467,11.26,0.0416,0.0037,11.28,0.08,11.23,11.27,11.21,11.245,11.26,0.0304,0.0027,11.265,0.055,11.235,11.2625,-1.9667,0.0301,-0.4917,0.08,0.06,4.1743,3,3,1,0.0,15.0,15.0,156.5357,1,1,0.3333,-0.02,0.0,0.0333,0.3215,0.4,-0.15,,,1,1,,2023,2023,2023.0,0,2020,2020,2005,3cd64fe99ec1bfba,M,11.2,0
13.71,13.91,13.91,0.2828,0.0203,14.11,0.4,13.81,14.01,13.686,13.898,13.898,0.2998,0.0216,14.11,0.424,13.792,14.004,,,,0.4,0.0,4.4273,2,2,1,0.0,16.0,16.0,22.1364,0,0,0.0,0.0,0.0,0.2,0.2828,0.4,0.0,168.0,60.0,0,0,21.2585,2024,2024,2024.0,0,2020,2020,2005,b05bfb31cdddc5fc,F,13.1,1
12.55,12.62,12.62,0.099,0.0078,12.69,0.14,12.585,12.655,12.55,12.599,12.599,0.0693,0.0055,12.648,0.098,12.5745,12.6235,,,,0.0,0.14,0.0,2,1,1,0.0,16.0,16.0,2.0,0,0,0.0,0.0,0.5,0.7,0.0,0.7,0.0,,,1,1,,2024,2024,2024.0,0,2020,2020,2005,96b194571fed27d8,F,12.53,0
13.08,13.3733,13.51,0.2542,0.019,13.53,0.45,13.295,13.52,13.086,13.3933,13.528,0.2668,0.0199,13.566,0.48,13.307,13.547,1.766,0.0082,1.8503,0.0,0.45,0.0,3,2,1,0.0,15.0,15.0,12.0412,1,2,0.6667,0.205,0.0,-0.3333,0.2517,0.0,-0.3333,,,1,1,,2023,2023,2023.0,0,2020,2020,2005,b94ec6fc6a76c976,F,13.08,0
12.83,13.01,13.005,0.192,0.0148,13.2,0.37,12.8525,13.1625,12.842,13.049,13.047,0.2164,0.0166,13.26,0.418,12.8735,13.2225,-0.3863,0.0206,-0.4355,0.32,0.03,0.3746,4,2,2,1.0,15.0,16.0,4.6827,0,0,0.0,0.0,0.0,-0.65,0.4123,0.0,-0.65,,,1,1,,2023,2024,2023.5,1,2020,2020,2005,def2e8dfb8c42b84,F,12.71,0
11.1,11.18,11.2,0.0548,0.0049,11.22,0.12,11.1675,11.2125,11.08,11.1737,11.1925,0.0687,0.0062,11.23,0.15,11.1437,11.2225,0.2007,0.0403,0.1907,0.0,0.12,0.0,4,2,1,0.0,15.0,15.0,16.0549,1,2,0.5,0.04,0.0,0.125,0.3775,0.45,-0.2,183.0,56.0,0,0,16.7219,2023,2023,2023.0,0,2020,2020,2005,2ec399c6ea9ea653,M,10.65,1
12.35,13.2367,12.39,1.5012,0.1134,14.97,2.62,12.37,13.68,12.368,13.2527,12.414,1.4926,0.1126,14.976,2.608,12.391,13.695,,,,0.0,2.62,0.0,3,1,1,0.0,16.0,16.0,3.0,1,1,0.3333,-2.58,0.0,-0.2667,0.1528,0.0,-0.2667,,,1,1,,2024,2024,2024.0,0,2020,2020,2005,0bdc2454851aad51,F,12.24,0
12.06,12.198,12.22,0.085,0.007,12.27,0.21,12.18,12.26,12.06,12.186,12.176,0.0956,0.0078,12.304,0.244,12.138,12.252,3.9231,0.0594,0.2706,0.0,0.21,0.0,5,2,1,0.0,16.0,16.0,202.9167,1,2,0.4,0.075,0.0,0.2,1.0368,0.8,-1.4,,,1,1,,2024,2024,2024.0,0,2020,2020,2005,cdd7d52e1bef8e8d,F,12.02,0
12.36,12.5338,12.525,0.0944,0.0075,12.68,0.32,12.4975,12.5925,12.36,12.56,12.573,0.0973,0.0078,12.66,0.3,12.533,12.6245,-0.0223,0.0876,-0.0589,0.16,0.32,0.167,8,3,2,1.0,15.0,16.0,8.3486,1,3,0.375,0.1067,0.0,-0.4375,0.7367,0.35,-1.05,,,1,1,,2023,2024,2023.625,1,2020,2020,2005,4e7ca383308279fc,F,12.01,0
13.18,13.3,13.3,0.1697,0.0128,13.42,0.24,13.24,13.36,13.27,13.42,13.42,0.2121,0.0158,13.57,0.3,13.345,13.495,,,,0.0,0.24,0.0,2,2,1,0.0,16.0,16.0,81.1667,0,0,0.0,0.0,0.0,-2.0,0.7071,0.0,-2.0,,,1,1,,2024,2024,2024.0,0,2020,2020,2005,1e8874a6b5bd0f7f,F,13.06,0
12.59,13.0229,12.67,0.6417,0.0493,14.06,1.47,12.62,13.3,12.58,13.0477,12.658,0.6779,0.052,14.15,1.57,12.622,13.351,-0.7362,0.0662,-0.7934,1.26,0.04,0.6838,7,6,2,2.0,14.0,16.0,3.799,1,3,0.4286,0.6292,0.0,-0.4143,0.7335,0.3,-0.95,,,1,1,,2022,2024,2023.4286,2,2020,2020,2005,55fb45300dac7f8c,F,12.45,0
13.17,13.275,13.275,0.1485,0.0112,13.38,0.21,13.2225,13.3275,13.254,13.329,13.329,0.1061,0.008,13.404,0.15,13.2915,13.3665,,,,0.21,0.0,6.3919,2,2,1,0.0,15.0,15.0,60.875,0,0,0.0,0.0,0.0,-0.9,0.7071,0.0,-0.9,,,1,1,,2022,2022,2022.0,0,2020,2020,2005,50a091e00e16acf9,F,13.17,0
12.0,12.03,12.03,0.0424,0.0035,12.06,0.06,12.015,12.045,12.0,12.0375,12.0375,0.053,0.0044,12.075,0.075,12.0188,12.0562,,,,0.06,0.0,1.8263,2,2,1,0.0,14.0,14.0,60.875,0,0,0.0,0.0,0.0,-0.15,0.2121,0.0,-0.3,,,1,1,,2022,2022,2022.0,0,2020,2020,2005,40f0422a972a62fb,M,11.04,0
12.69,12.7,12.7,0.0141,0.0011,12.71,0.02,12.695,12.705,12.6,12.67,12.67,0.099,0.0078,12.74,0.14,12.635,12.705,,,,0.02,0.0,0.0217,2,2,2,1.0,15.0,16.0,2.1677,1,2,1.0,0.0,0.0,0.5,1.4142,1.5,-0.5,,,1,1,,2023,2024,2023.5,1,2020,2020,2005,12a061916e7e612a,F,12.69,0
11.59,11.695,11.695,0.1485,0.0127,11.8,0.21,11.6425,11.7475,11.61,11.6975,11.6975,0.1237,0.0106,11.785,0.175,11.6537,11.7413,,,,0.21,0.0,1.0365,2,2,1,0.0,15.0,15.0,9.8716,1,2,1.0,0.0,0.0,-0.05,0.495,0.3,-0.4,,,1,1,,2023,2023,2023.0,0,2020,2020,2005,30e556207ac2ca6a,M,11.03,0
13.73,13.75,13.75,0.0283,0.0021,13.77,0.04,13.74,13.76,13.73,13.75,13.75,0.0283,0.0021,13.77,0.04,13.74,13.76,,,,0.0,0.04,0.0,2,2,1,0.0,16.0,16.0,14.9082,1,1,0.5,-0.04,0.0,0.0,0.0,0.0,0.0,,,1,1,,2023,2023,2023.0,0,2020,2020,2005,e9e14582450752a3,F,13.01,0
10.88,11.0425,10.965,0.2089,0.0189,11.5,0.62,10.915,11.0625,10.835,11.0194,10.9225,0.2361,0.0214,11.55,0.715,10.8925,11.0512,-0.191,0.1533,-0.1752,0.31,0.04,0.2568,8,4,2,1.0,15.0,15.0,6.6259,1,4,0.5,0.11,0.0,0.4625,0.7308,0.94,-1.0,,,1,1,,2023,2024,2023.5,1,2020,2020,2005,f76b672ad2d433ff,M,10.73,0
12.68,12.86,12.88,0.1388,0.0108,13.0,0.32,12.7925,12.9475,12.668,12.8705,12.901,0.156,0.0121,13.012,0.344,12.7895,12.982,0.2159,0.0584,0.2497,0.0,0.32,0.0,4,3,2,1.0,15.0,15.0,4.1039,1,2,0.5,0.04,0.0,-0.175,0.3862,0.2,-0.45,,,1,1,,2023,2024,2023.5,1,2020,2020,2005,fd8cbf9e08b4c53a,F,12.54,0
12.13,12.31,12.13,0.3118,0.0253,12.67,0.54,12.13,12.4,12.04,12.2983,12.185,0.3299,0.0268,12.67,0.63,12.1125,12.4275,-1.3887,0.13,-1.2419,0.54,0.0,1.3988,3,3,1,0.0,16.0,16.0,7.7713,0,0,0.0,0.0,0.0,0.2333,1.464,1.8,-1.1,,,1,1,,2023,2023,2023.0,0,2020,2020,2005,6ddef74e67d2de46,M,11.38,0
12.74,13.0792,13.07,0.2489,0.019,13.8,1.06,12.98,13.12,12.698,13.082,13.068,0.3008,0.023,13.98,1.282,12.938,13.126,-0.0162,0.2401,-0.0335,0.27,0.34,0.1299,13,8,3,2.0,14.0,14.0,6.2559,1,5,0.3846,0.1612,0.0,-0.0462,1.1103,0.575,-1.3,,,1,1,,2022,2024,2022.6923,2,2020,2020,2005,82c5c25f7634567d,F,12.74,0
12.85,12.9511,12.95,0.0617,0.0048,13.04,0.19,12.92,13.0,12.81,12.9438,12.998,0.0908,0.007,13.03,0.22,12.842,13.004,0.0573,0.0543,0.0306,0.04,0.19,0.0345,9,6,2,1.0,15.0,15.0,7.7713,1,3,0.3333,0.0017,0.0,0.1222,0.9808,0.76,-0.9,,,1,1,,2022,2023,2022.3333,1,2020,2020,2005,8001b7b5ce881656,F,12.71,0
13.02,13.045,13.045,0.0354,0.0027,13.07,0.05,13.0325,13.0575,12.978,13.024,13.024,0.0651,0.005,13.07,0.092,13.001,13.047,,,,0.0,0.05,0.0,2,1,1,0.0,16.0,16.0,2.0,1,1,0.5,0.05,0.0,0.35,0.495,0.7,0.0,,,1,1,,2022,2022,2022.0,0,2020,2020,2005,f60ee0154cda1158,F,12.53,0
13.14,13.323,13.35,0.1431,0.0107,13.57,0.43,13.205,13.395,13.096,13.3026,13.311,0.1689,0.0127,13.542,0.446,13.163,13.4105,0.0105,0.1355,-0.0123,0.33,0.24,0.1588,10,7,3,2.0,14.0,14.0,4.8123,1,4,0.4,0.0967,0.0,0.34,0.7199,0.6625,-0.95,,,1,1,,2022,2024,2022.6,2,2020,2020,2005,bb70591970260907,F,13.14,0
13.12,13.15,13.15,0.0424,0.0032,13.18,0.06,13.135,13.165,13.072,13.141,13.141,0.0976,0.0074,13.21,0.138,13.1065,13.1755,,,,0.0,0.06,0.0,2,2,1,0.0,16.0,16.0,27.0556,0,0,0.0,0.0,0.0,0.15,0.9192,0.8,-0.5,163.0,51.0,0,0,19.1953,2024,2024,2024.0,0,2020,2020,2005,80aa700053901222,F,12.87,1
13.55,13.776,13.77,0.144,0.0105,13.92,0.37,13.76,13.88,13.526,13.7676,13.776,0.1719,0.0125,13.956,0.43,13.682,13.898,-0.3523,0.0854,-0.3553,0.21,0.0,0.283,5,4,2,1.0,15.0,16.0,6.7389,1,2,0.4,-0.115,0.0,0.14,0.7436,0.85,-0.3333,,,1,1,,2023,2024,2023.2,1,2020,2020,2005,a3904f97bff40aaf,F,13.55,0
12.78,13.125,13.035,0.3586,0.0273,13.77,0.99,12.895,13.22,12.756,13.156,13.071,0.4471,0.034,13.992,1.236,12.8665,13.2035,-0.4838,0.2329,-0.4891,0.48,0.32,0.3931,6,6,2,1.0,15.0,16.0,4.9137,1,1,0.1667,-0.162,0.0,-0.5167,1.6726,0.6,-1.6333,,,1,1,,2023,2024,2023.6667,1,2020,2020,2005,e51f7d0199eb6f22,F,12.78,0
11.07,11.2275,11.24,0.1018,0.0091,11.38,0.31,11.19,11.2725,11.065,11.22,11.23,0.1151,0.0103,11.415,0.35,11.1638,11.2688,0.0823,0.0943,0.1921,0.17,0.19,0.4566,8,4,1,0.0,15.0,16.0,21.4853,1,3,0.375,0.1333,0.5,0.3,0.7118,0.6333,-0.7,,,1,1,,2024,2024,2024.0,0,2020,2020,2005,46c830f2e41d9ce6,M,10.87,0
12.82,13.1225,13.06,0.3554,0.0271,13.55,0.73,12.835,13.3475,12.712,13.0865,13.006,0.4209,0.0322,13.622,0.91,12.772,13.3205,-0.7806,0.1314,-0.8778,0.46,0.02,0.5734,4,4,2,1.0,15.0,16.0,4.9863,0,0,0.0,0.0,0.0,0.6,1.2754,1.2,-1.2,165.0,52.0,0,0,19.1001,2024,2025,2024.5,1,2020,2020,2005,b0d1392e6242ac77,F,12.4,1
11.21,11.298,11.3,0.0618,0.0055,11.38,0.17,11.28,11.32,11.2,11.291,11.28,0.0725,0.0064,11.39,0.19,11.255,11.33,0.0,0.0553,0.0878,0.0,0.11,0.0,5,3,1,0.0,16.0,16.0,34.4575,1,2,0.4,0.02,0.0,0.14,0.3286,0.3667,-0.2,,,1,1,,2023,2023,2023.0,0,2020,2020,2005,6759ed998e74ee24,M,10.87,0
11.5,11.73,11.73,0.3253,0.0277,11.96,0.46,11.615,11.845,11.475,11.7275,11.7275,0.3571,0.0304,11.98,0.505,11.6012,11.8538,,,,0.46,0.0,1.0501,2,2,2,0.0,15.0,16.0,4.5656,0,0,0.0,0.0,0.0,0.05,0.6364,0.5,-0.4,,,1,1,,2023,2024,2023.5,1,2020,2020,2005,cb4c747517d28b63,M,11.5,0
13.15,13.3125,13.315,0.1323,0.0099,13.47,0.32,13.255,13.3725,13.138,13.3215,13.258,0.2156,0.0162,13.632,0.494,13.2085,13.371,0.1844,0.0558,0.2177,0.0,0.32,0.0,4,3,2,1.0,15.0,15.0,3.3129,1,3,0.75,0.0367,0.0,-0.15,1.8699,0.7,-2.7,,,1,1,,2023,2024,2023.5,1,2020,2020,2005,6c791dadf3cf6158,F,13.0,0
12.32,12.894,12.61,0.5979,0.0464,13.77,1.45,12.53,13.24,12.368,12.9036,12.598,0.5756,0.0446,13.746,1.378,12.56,13.246,-0.4,0.5125,-0.4001,0.92,0.29,0.5325,5,5,2,2.0,14.0,16.0,2.8942,1,1,0.2,-0.7533,0.0,-0.16,0.493,0.3,-0.4667,,,1,1,,2023,2025,2024.6,2,2020,2020,2005,141176634ecf8c19,F,12.32,0
12.99,13.1983,13.22,0.1803,0.0137,13.48,0.49,13.06,13.26,13.026,13.2233,13.163,0.1837,0.0139,13.468,0.442,13.099,13.3725,-0.2178,0.1338,-0.1025,0.19,0.03,0.196,6,5,2,1.0,15.0,16.0,6.1907,1,2,0.3333,-0.2575,0.0,-0.4167,1.4414,0.7,-1.5333,,,1,1,,2023,2024,2023.6667,1,2020,2020,2005,7d8659a8ec26cc6f,F,12.87,0
12.64,12.675,12.675,0.0351,0.0028,12.71,0.07,12.6475,12.7025,12.568,12.6195,12.578,0.0898,0.0071,12.754,0.186,12.5755,12.622,0.9131,0.005,1.4153,0.0,0.07,0.0,4,2,1,0.0,16.0,16.0,60.875,1,1,0.25,0.035,0.0,0.925,1.3048,1.5333,-0.9,,,1,1,,2024,2024,2024.0,0,2020,2020,2005,e11e3990df1eb7a6,F,12.64,0
11.56,11.59,11.59,0.0424,0.0037,11.62,0.06,11.575,11.605,11.565,11.57,11.57,0.0071,0.0006,11.575,0.01,11.5675,11.5725,,,,0.06,0.0,0.8766,2,2,1,0.0,16.0,16.0,29.22,0,0,0.0,0.0,0.0,0.4,0.7071,0.9,-0.1,,,1,1,,2024,2024,2024.0,0,2020,2020,2005,5c5fa7b00ce09739,M,11.56,0
13.0,13.04,13.04,0.0566,0.0043,13.08,0.08,13.02,13.06,12.928,13.007,13.007,0.1117,0.0086,13.086,0.158,12.9675,13.0465,,,,0.0,0.08,0.0,2,1,1,0.0,15.0,15.0,2.0,1,1,0.5,0.08,0.0,0.55,0.9192,1.2,-0.1,,,1,1,,2024,2024,2024.0,0,2020,2020,2005,6b0b6dee93aeb02d,F,12.8,0
11.43,11.53,11.53,0.1414,0.0123,11.63,0.2,11.48,11.58,11.39,11.4925,11.4925,0.145,0.0126,11.595,0.205,11.4412,11.5438,,,,0.0,0.2,0.0,2,2,1,0.0,15.0,15.0,365.25,1,1,0.5,0.2,0.0,0.75,0.0707,0.75,0.0,,,1,1,,2023,2023,2023.0,0,2020,2020,2005,e4b155558f3c65ad,M,11.37,0
12.61,12.794,12.81,0.1762,0.0138,13.04,0.43,12.64,12.87,12.532,12.7496,12.774,0.1989,0.0156,13.04,0.508,12.598,12.804,-0.1503,0.1157,-0.1554,0.26,0.03,0.1448,5,5,3,2.0,14.0,16.0,2.7839,1,4,0.8,-0.23,0.0,0.74,0.7266,0.925,0.0,,,1,1,,2023,2025,2024.2,2,2020,2020,2005,d65ecc5da65e1109,F,12.46,0
14.13,14.185,14.185,0.0778,0.0055,14.24,0.11,14.1575,14.2125,14.124,14.182,14.182,0.082,0.0058,14.24,0.116,14.153,14.211,,,,0.0,0.11,0.0,2,1,1,0.0,15.0,15.0,2.0,1,1,0.5,-0.11,0.0,0.05,0.0707,0.1,0.0,,,1,1,,2023,2023,2023.0,0,2020,2020,2005,0032e7d558115ef2,F,13.62,0
10.82,11.3689,11.42,0.3766,0.0331,11.93,1.11,11.12,11.59,10.76,11.3406,11.335,0.3878,0.0342,11.9,1.14,11.085,11.545,-0.3088,0.2414,-0.3197,1.02,0.0,0.5196,9,8,3,2.0,14.0,16.0,4.5847,1,5,0.5556,-0.4165,0.0,0.5667,1.1874,1.0857,-1.25,,,1,1,,2023,2025,2024.0,2,2020,2020,2005,a54c6817867807df,M,10.82,0
11.17,11.484,11.34,0.3635,0.0317,11.98,0.81,11.18,11.75,11.17,11.502,11.34,0.3948,0.0343,12.085,0.915,11.19,11.725,-0.852,0.2295,-0.9736,0.81,0.58,0.9217,5,3,2,1.0,14.0,15.0,5.6893,1,3,0.6,-0.3733,0.4,-0.6,1.3454,0.5,-1.15,,,1,1,,2023,2024,2023.8,1,2020,2020,2005,ea064f357c8d258c,M,10.86,0
12.27,12.455,12.455,0.2616,0.021,12.64,0.37,12.3625,12.5475,12.32,12.475,12.475,0.2192,0.0176,12.63,0.31,12.3975,12.5525,,,,0.37,0.0,0.3633,2,2,2,1.0,14.0,15.0,1.9637,0,0,0.0,0.0,0.0,-0.4,0.8485,0.2,-1.0,171.0,54.0,0,0,18.4672,2023,2024,2023.5,1,2020,2020,2005,859fc290281a80f9,M,11.86,1
11.37,11.5757,11.55,0.1578,0.0136,11.92,0.55,11.4825,11.66,11.32,11.5846,11.5325,0.1834,0.0158,11.915,0.595,11.4638,11.7,-0.1801,0.1203,-0.1565,0.19,0.12,0.1599,14,10,2,1.0,14.0,15.0,11.7823,1,7,0.5,0.02,0.0,-0.1786,1.4719,1.14,-1.025,,,1,1,,2023,2024,2023.6429,1,2020,2020,2005,bb8e479ad3dfc27f,M,11.37,0
11.65,11.9375,11.84,0.3217,0.0269,12.68,1.03,11.78,11.9775,11.695,11.9431,11.8675,0.3166,0.0265,12.68,0.985,11.75,11.9588,-0.1896,0.2715,-0.1249,1.03,0.0,0.9,8,6,2,1.0,14.0,15.0,6.9904,1,4,0.5,0.305,0.125,-0.1286,1.3671,1.1,-1.4,162.0,,0,1,,2023,2024,2023.25,1,2020,2020,2005,bef267f414ab5907,M,11.6,0
13.59,14.0986,14.11,0.3469,0.0246,14.59,1.0,13.885,14.315,13.566,14.1286,14.104,0.3694,0.0261,14.638,1.072,13.939,14.357,-0.3094,0.3251,-0.2876,0.86,1.0,0.4303,7,5,3,2.0,13.0,15.0,3.5024,1,2,0.2857,0.299,0.0,-0.5,0.8426,0.25,-1.3333,,,1,1,,2022,2024,2023.2857,2,2020,2020,2005,4334be71e8254ab2,F,13.59,0
14.46,14.545,14.545,0.1202,0.0083,14.63,0.17,14.5025,14.5875,14.46,14.545,14.545,0.1202,0.0083,14.63,0.17,14.5025,14.5875,,,,0.0,0.17,0.0,2,1,1,0.0,15.0,15.0,2.0,1,1,0.5,-0.17,0.0,0.0,0.0,0.0,0.0,160.0,50.0,0,0,19.5312,2023,2023,2023.0,0,2020,2020,2005,553be80e5134a870,F,13.73,1
13.3,13.545,13.32,0.4635,0.0342,14.24,0.94,13.3075,13.5575,13.252,13.572,13.308,0.5668,0.0418,14.42,1.168,13.2655,13.6145,-0.8457,0.1483,-1.028,0.94,0.03,0.8648,4,3,2,1.0,15.0,15.0,3.6801,1,1,0.25,0.2867,0.0,-0.45,1.8699,0.9,-1.8,,,1,1,,2023,2024,2023.75,1,2020,2020,2005,45dae65fb8f199d7,F,13.14,0
12.74,12.8733,12.89,0.1258,0.0098,12.99,0.25,12.815,12.94,12.716,12.8733,12.938,0.137,0.0106,12.966,0.25,12.827,12.952,0.2082,0.0612,0.1654,0.0,0.25,0.0,3,2,2,1.0,15.0,15.0,3.5692,1,1,0.3333,0.2,0.0,0.0,0.6928,0.4,-0.8,,,1,1,,2022,2023,2022.3333,1,2020,2020,2005,12f09abdc8a4ab68,F,12.02,0
12.88,13.12,13.16,0.1492,0.0114,13.27,0.39,13.09,13.2,12.862,13.096,13.182,0.1554,0.0119,13.228,0.366,13.012,13.196,-0.1482,0.1133,-0.1413,0.39,0.28,0.3588,5,4,2,1.0,15.0,16.0,4.6001,1,1,0.2,0.0375,0.0,0.4,0.6928,0.65,-0.6,,,1,1,,2023,2024,2023.8,1,2020,2020,2005,ba2e06a02a1102ed,F,12.88,0
12.61,13.1012,13.105,0.3062,0.0234,13.48,0.87,13.0,13.3025,12.484,13.096,13.129,0.3596,0.0275,13.564,1.08,12.9775,13.274,-0.1341,0.2349,-0.172,0.82,0.0,0.3069,8,6,3,3.0,13.0,16.0,2.9939,1,4,0.5,0.0925,0.125,0.1,1.2,0.925,-1.0,,,1,1,,2022,2025,2023.375,3,2020,2020,2005,8888d3f9132fc980,F,12.46,0
12.07,12.36,12.26,0.2706,0.0219,12.78,0.71,12.24,12.45,12.02,12.368,12.365,0.281,0.0227,12.78,0.76,12.23,12.445,-0.4453,0.1286,-0.4376,0.71,0.19,0.6219,5,4,2,1.0,14.0,15.0,4.3795,1,1,0.2,0.15,0.2,-0.2,1.5769,0.5667,-2.5,,,1,1,,2023,2024,2023.6,1,2020,2020,2005,22c23901976551ad,M,12.07,0
12.97,13.6,13.6,0.891,0.0655,14.23,1.26,13.285,13.915,13.006,13.636,13.636,0.891,0.0653,14.266,1.26,13.321,13.951,,,,1.26,0.0,0.6574,2,2,2,2.0,14.0,16.0,1.0436,1,2,1.0,0.0,0.0,-0.6,0.0,0.0,-0.6,,,1,1,,2023,2025,2024.0,2,2020,2020,2005,35a1a5c46021870f,F,12.97,0
12.69,12.785,12.785,0.1344,0.0105,12.88,0.19,12.7375,12.8325,12.744,12.803,12.803,0.0834,0.0065,12.862,0.118,12.7735,12.8325,,,,0.0,0.19,0.0,2,1,1,0.0,16.0,16.0,2.0,1,1,0.5,-0.19,0.0,-0.3,0.8485,0.3,-0.9,,,1,1,,2025,2025,2025.0,0,2020,2020,2005,e2ad6387b053ffe4,F,12.69,0
12.77,13.108,13.0,0.3732,0.0285,13.73,0.96,12.9,13.14,12.56,13.0912,12.958,0.4482,0.0342,13.778,1.218,12.954,13.206,-0.2658,0.2111,-0.4371,0.37,0.13,0.2208,5,3,3,2.0,14.0,15.0,2.9841,1,2,0.4,0.1467,0.0,0.28,1.937,2.1,-0.9333,,,1,1,,2022,2024,2023.0,2,2020,2020,2005,6f8325254ef3c8ba,F,12.5,0
12.51,12.6167,12.56,0.1436,0.0114,12.78,0.27,12.535,12.67,12.522,12.6127,12.572,0.1165,0.0092,12.744,0.222,12.547,12.658,-4.4743,0.0204,-3.5977,0.27,0.05,4.9309,3,2,1,0.0,14.0,14.0,54.7875,1,2,0.6667,-0.16,0.0,0.0667,0.4619,0.6,-0.2,,,1,1,,2023,2023,2023.0,0,2020,2020,2005,525a1d85ca5f42ee,F,12.13,0
12.85,13.08,13.08,0.3253,0.0249,13.31,0.46,12.965,13.195,12.868,13.074,13.074,0.2913,0.0223,13.28,0.412,12.971,13.177,,,,0.0,0.46,0.0,2,2,2,1.0,15.0,15.0,2.3641,0,0,0.0,0.0,0.0,0.1,0.5657,0.5,-0.3,164.0,52.0,0,0,19.3337,2024,2025,2024.5,1,2020,2020,2005,3552a00a4902e6f3,F,12.76,1
12.24,12.6243,12.55,0.3912,0.031,13.46,1.22,12.455,12.605,12.24,12.6749,12.612,0.4102,0.0324,13.52,1.28,12.479,12.697,-0.5133,0.2097,-0.5628,1.22,0.31,0.6711,7,5,3,2.0,14.0,16.0,3.8505,1,3,0.4286,0.1183,0.0,-0.8429,1.0628,0.3,-1.24,,,1,1,,2023,2025,2024.1429,2,2020,2020,2005,131f1d7ca55a9a9e,F,12.19,0
12.87,12.88,12.88,0.0141,0.0011,12.89,0.02,12.875,12.885,12.858,12.904,12.904,0.0651,0.005,12.95,0.092,12.881,12.927,,,,0.0,0.02,0.0,2,1,1,0.0,15.0,15.0,2.0,1,1,0.5,0.02,0.0,-0.4,0.8485,0.2,-1.0,,,1,1,,2023,2023,2023.0,0,2020,2020,2005,3ba0fa25f03d0d72,F,12.87,0
12.4,12.57,12.51,0.1704,0.0136,12.82,0.42,12.4525,12.6875,12.412,12.575,12.51,0.1622,0.0129,12.82,0.408,12.472,12.6815,-0.1376,0.1101,-0.1346,0.34,0.13,0.1737,6,5,3,2.0,14.0,15.0,3.065,1,3,0.5,0.0267,0.0,-0.0833,0.2714,0.2,-0.3,,,1,1,,2023,2025,2024.0,2,2020,2020,2005,8931597902f3b147,F,12.4,0
10.8,10.952,10.91,0.1805,0.0165,11.24,0.44,10.81,11.0,10.79,10.963,10.905,0.1978,0.018,11.25,0.46,10.795,11.075,-0.3819,0.068,-0.3838,0.44,0.0,0.4514,5,4,2,1.0,14.0,15.0,5.1299,1,2,0.4,0.1617,0.0,-0.22,0.7396,0.2,-0.85,,,1,1,,2023,2024,2023.8,1,2020,2020,2005,3d38ff9a575a9f54,M,10.8,0
12.25,12.5108,12.515,0.1707,0.0136,12.84,0.59,12.43,12.5775,12.25,12.5223,12.535,0.1743,0.0139,12.876,0.626,12.439,12.597,-0.1003,0.1597,-0.0637,0.24,0.35,0.2231,12,7,2,1.0,15.0,15.0,11.1527,1,4,0.3333,0.1683,0.25,-0.2556,0.6616,0.3667,-0.68,,,1,1,,2023,2024,2023.6667,1,2020,2020,2005,44a96f97dafb0273,F,12.05,0
12.47,12.9543,12.73,0.4403,0.034,13.51,1.04,12.62,13.365,12.344,12.9174,12.674,0.5155,0.0399,13.6,1.256,12.534,13.368,-0.3284,0.0972,-0.3829,1.04,0.21,0.3688,7,6,3,3.0,13.0,16.0,2.4823,1,1,0.1429,0.565,0.0,0.6143,1.4634,1.32,-1.15,,,1,1,,2022,2025,2023.8571,3,2020,2020,2005,79777416f8205751,F,12.45,0
13.12,13.4367,13.34,0.3745,0.0279,13.85,0.73,13.23,13.595,13.0,13.3767,13.25,0.4535,0.0339,13.88,0.88,13.125,13.565,-0.2477,0.2085,-0.2947,0.22,0.0,0.1148,3,3,2,2.0,14.0,15.0,1.5654,1,2,0.6667,-0.145,0.0,1.0,1.3229,1.75,-0.5,,,1,1,,2022,2024,2022.6667,2,2020,2020,2005,b191469550d307ae,F,13.09,0
11.25,11.65,11.65,0.5657,0.0486,12.05,0.8,11.45,11.85,11.185,11.6325,11.6325,0.6329,0.0544,12.08,0.895,11.4088,11.8562,,,,0.8,0.0,0.6859,2,2,2,1.0,14.0,15.0,1.7148,1,1,0.5,0.8,0.0,0.35,1.3435,1.3,-0.6,,,1,1,,2023,2024,2023.5,1,2020,2020,2005,434e176eb4f4d490,M,11.21,0
12.48,12.676,12.62,0.2089,0.0165,13.01,0.53,12.54,12.73,12.474,12.6496,12.618,0.1703,0.0135,12.932,0.458,12.584,12.64,0.8561,0.1168,0.5894,0.0,0.53,0.0,5,3,1,0.0,15.0,15.0,13.1385,1,2,0.4,-0.115,0.0,0.44,1.1216,0.875,-1.3,,,1,1,,2024,2024,2024.0,0,2020,2020,2005,5f9fb82346100d7b,F,12.05,0
13.97,14.025,14.025,0.0778,0.0055,14.08,0.11,13.9975,14.0525,13.88,13.893,13.893,0.0184,0.0013,13.906,0.026,13.8865,13.8995,,,,0.0,0.11,0.0,2,2,2,2.0,14.0,14.0,1.2135,1,1,0.5,-0.11,0.0,2.2,0.9899,2.2,0.0,,,1,1,,2022,2024,2023.0,2,2020,2020,2005,545aad1684bf6174,F,13.97,0
12.63,13.0267,13.21,0.3439,0.0264,13.24,0.61,12.92,13.225,12.51,12.9187,13.096,0.3549,0.0275,13.15,0.64,12.803,13.123,-0.3616,0.0122,-0.3725,0.58,0.0,0.3525,3,2,2,2.0,14.0,15.0,1.8232,1,2,0.6667,0.32,0.0,1.8,0.2646,1.8,0.0,,,1,1,,2022,2024,2022.6667,2,2020,2020,2005,9e5197ee7553b956,F,12.41,0
11.28,11.4667,11.33,0.2811,0.0245,11.79,0.51,11.305,11.56,11.3,11.4967,11.35,0.2984,0.026,11.84,0.54,11.325,11.595,-1.5012,0.0204,-1.5941,0.51,0.05,1.5786,3,2,2,0.0,16.0,16.0,9.286,0,0,0.0,0.0,0.0,-0.6,0.3464,0.0,-0.6,176.0,66.0,0,0,21.3068,2024,2025,2024.6667,1,2020,2020,2005,9cca402cd8b2e7c6,M,11.1,1
13.13,13.155,13.155,0.0354,0.0027,13.18,0.05,13.1425,13.1675,13.184,13.212,13.212,0.0396,0.003,13.24,0.056,13.198,13.226,,,,0.0,0.05,0.0,2,1,1,0.0,15.0,15.0,2.0,0,0,0.0,0.0,0.0,-0.95,0.0707,0.0,-0.95,,,1,1,,2023,2023,2023.0,0,2020,2020,2005,82a0db059e356ab3,F,13.13,0
13.25,13.255,13.255,0.0071,0.0005,13.26,0.01,13.2525,13.2575,13.25,13.252,13.252,0.0028,0.0002,13.254,0.004,13.251,13.253,,,,0.0,0.01,0.0,2,2,1,0.0,16.0,16.0,13.5278,1,2,1.0,0.0,0.0,0.05,0.0707,0.1,0.0,160.0,54.0,0,0,21.0937,2023,2023,2023.0,0,2020,2020,2005,a40b27488fef4724,F,13.07,1
13.27,13.32,13.32,0.05,0.0038,13.37,0.1,13.295,13.345,13.24,13.302,13.296,0.0652,0.0049,13.37,0.13,13.268,13.333,-0.5479,0.0204,-0.7451,0.1,0.05,0.7305,3,2,1,0.0,15.0,16.0,21.915,1,1,0.3333,-0.1,0.0,0.3,0.2646,0.45,0.0,167.0,52.0,0,0,18.6453,2023,2023,2023.0,0,2020,2020,2005,18ac7a3c12ec2b87,F,13.12,1
12.88,13.1,13.07,0.2148,0.0164,13.38,0.5,12.97,13.2,12.82,13.0925,13.058,0.2625,0.02,13.434,0.614,12.937,13.2135,0.3662,0.1803,0.4513,0.26,0.5,0.7537,4,3,1,0.0,15.0,15.0,11.5952,1,1,0.25,0.1333,0.25,0.1667,0.9713,0.7,-0.9,168.0,55.0,0,0,19.487,2024,2024,2024.0,0,2020,2020,2005,60ca349a3a8fff88,F,12.88,1
12.28,12.835,12.835,0.7849,0.0612,13.39,1.11,12.5575,13.1125,12.325,12.8475,12.8475,0.7389,0.0575,13.37,1.045,12.5862,13.1088,,,,1.11,0.0,0.9193,2,2,2,1.0,14.0,16.0,1.6565,1,1,0.5,1.11,0.0,-0.25,0.9192,0.4,-0.9,,,1,1,,2023,2024,2023.5,1,2020,2020,2005,d98c3f1875040c6c,M,11.83,0
12.12,12.345,12.345,0.3182,0.0258,12.57,0.45,12.2325,12.4575,12.13,12.3375,12.3375,0.2934,0.0238,12.545,0.415,12.2337,12.4412,,,,0.45,0.0,0.7371,2,2,2,1.0,15.0,16.0,3.2758,0,0,0.0,0.0,0.0,0.15,0.495,0.5,-0.2,176.0,54.0,0,0,17.4329,2024,2025,2024.5,1,2020,2020,2005,e756c474f89912b2,M,12.12,1
11.42,11.5375,11.54,0.0995,0.0086,11.65,0.23,11.48,11.5975,11.4,11.5075,11.5125,0.0859,0.0075,11.605,0.205,11.4675,11.5525,1.3723,0.0366,1.1094,0.0,0.23,0.0,4,3,1,0.0,15.0,15.0,34.7857,1,2,0.5,-0.075,0.0,0.6,0.3559,0.6,0.0,,,1,1,,2023,2023,2023.0,0,2020,2020,2005,a87ee5a6ac1ee886,M,11.09,0
12.54,12.7775,12.8,0.1804,0.0141,12.97,0.43,12.705,12.8725,12.522,12.8045,12.833,0.2115,0.0165,13.03,0.508,12.732,12.9055,3.249,0.075,3.8663,0.0,0.43,0.0,4,2,1,0.0,14.0,14.0,41.7429,1,2,0.5,0.07,0.0,-0.45,0.5568,0.3,-0.7,,,1,1,,2023,2023,2023.0,0,2020,2020,2005,5d5dfcbd51a9f6a3,F,12.38,0
12.97,13.1833,13.13,0.2444,0.0185,13.45,0.48,13.05,13.29,12.952,13.1933,13.106,0.2949,0.0223,13.522,0.57,13.029,13.314,3.4786,0.0653,4.2873,0.0,0.48,0.0,3,2,1,0.0,16.0,16.0,26.0893,1,1,0.3333,0.08,0.0,-0.1667,0.8963,0.35,-1.2,165.0,45.0,0,0,16.5289,2024,2024,2024.0,0,2020,2020,2005,c41d1410e51602c3,F,12.47,1
11.94,12.025,12.025,0.1202,0.01,12.11,0.17,11.9825,12.0675,11.89,11.995,11.995,0.1485,0.0124,12.1,0.21,11.9425,12.0475,,,,0.0,0.17,0.0,2,2,1,0.0,16.0,16.0,22.1364,1,2,1.0,0.0,0.0,0.6,0.5657,0.6,0.0,,,1,1,,2023,2023,2023.0,0,2020,2020,2005,354dcc4a0ae2d278,M,11.54,0
13.33,13.41,13.41,0.1131,0.0084,13.49,0.16,13.37,13.45,13.384,13.434,13.434,0.0707,0.0053,13.484,0.1,13.409,13.459,,,,0.0,0.16,0.0,2,1,1,0.0,16.0,16.0,2.0,1,1,0.5,0.16,0.0,-0.4,0.7071,0.1,-0.9,,,1,1,,2024,2024,2024.0,0,2020,2020,2005,517774badc5946a2,F,13.33,0
12.16,12.4913,12.36,0.3163,0.0253,13.06,0.9,12.305,12.5975,12.136,12.516,12.444,0.3024,0.0242,13.042,0.906,12.353,12.6095,-0.5548,0.0858,-0.5126,0.73,0.19,0.5486,8,5,2,1.0,14.0,16.0,6.0123,1,4,0.5,0.0525,0.0,-0.4125,0.7699,0.225,-1.05,,,1,1,,2023,2024,2023.75,1,2020,2020,2005,acbbf79c31ea36a9,F,12.16,0
12.38,12.41,12.41,0.0424,0.0034,12.44,0.06,12.395,12.425,12.368,12.392,12.392,0.0339,0.0027,12.416,0.048,12.38,12.404,,,,0.0,0.06,0.0,2,1,1,0.0,15.0,15.0,2.0,1,1,0.5,0.06,0.0,0.3,0.1414,0.3,0.0,154.0,48.0,0,0,20.2395,2024,2024,2024.0,0,2020,2020,2005,37915bf0ffa3808d,F,11.72,1
12.07,12.125,12.125,0.0778,0.0064,12.18,0.11,12.0975,12.1525,12.11,12.16,12.16,0.0707,0.0058,12.21,0.1,12.135,12.185,,,,0.0,0.11,0.0,2,2,1,0.0,15.0,15.0,11.5952,1,2,1.0,0.0,0.0,-0.7,0.1414,0.0,-0.7,,,1,1,,2023,2023,2023.0,0,2020,2020,2005,93c7a077f816225b,M,12.07,0
12.94,13.096,13.11,0.1133,0.0086,13.22,0.28,13.03,13.18,12.91,13.12,13.05,0.1749,0.0133,13.304,0.394,13.036,13.3,0.1668,0.0559,0.2667,0.09,0.28,0.0881,5,4,2,1.0,14.0,14.0,4.8961,1,2,0.4,-0.065,0.0,-0.4,1.2669,0.75,-1.1667,,,1,1,,2023,2024,2023.4,1,2020,2020,2005,e141932a783efca6,F,12.94,0
12.99,13.0625,13.05,0.0714,0.0055,13.16,0.17,13.0275,13.085,13.022,13.1,13.07,0.0948,0.0072,13.238,0.216,13.055,13.115,0.2737,0.0608,1.3515,0.05,0.0,0.6087,4,3,1,0.0,15.0,16.0,48.7,1,2,0.5,0.075,0.0,-0.625,0.8539,0.3,-0.9333,,,1,1,,2024,2024,2024.0,0,2020,2020,2005,31e6aa441b5a311a,F,12.69,0
13.31,13.4083,13.395,0.0749,0.0056,13.53,0.22,13.375,13.4375,13.198,13.4103,13.409,0.1236,0.0092,13.534,0.336,13.3835,13.505,0.011,0.0681,-0.1223,0.06,0.08,0.0314,6,5,3,2.0,14.0,15.0,3.1442,1,1,0.1667,-0.05,0.1667,-0.04,1.9347,1.75,-1.2333,,,1,1,,2023,2025,2024.0,2,2020,2020,2005,f5077f1d84ba04a7,F,13.31,0
12.88,12.9633,12.95,0.0706,0.0054,13.08,0.2,12.9225,12.9925,12.912,12.9833,12.96,0.0754,0.0058,13.08,0.168,12.923,13.048,0.0387,0.0621,-0.0147,0.0,0.2,0.0,6,3,2,1.0,14.0,14.0,6.2794,1,3,0.5,-0.085,0.0,-0.3333,0.5086,0.3,-0.575,,,1,1,,2023,2024,2023.5,1,2020,2020,2005,5162bcdd6e687531,F,12.44,0
13.06,13.3333,13.41,0.2442,0.0183,13.53,0.47,13.235,13.47,13.048,13.3213,13.392,0.2457,0.0184,13.524,0.476,13.22,13.458,0.2513,0.1685,0.2434,0.0,0.35,0.0,3,3,2,1.0,14.0,14.0,2.9695,1,2,0.6667,0.115,0.0,0.2,0.1,0.2,0.0,,,1,1,,2023,2024,2023.3333,1,2020,2020,2005,300c6fd54118a349,F,12.79,0
12.46,12.71,12.71,0.3536,0.0278,12.96,0.5,12.585,12.835,12.455,12.7075,12.7075,0.3571,0.0281,12.96,0.505,12.5812,12.8338,,,,0.5,0.0,0.8534,2,2,2,1.0,15.0,16.0,3.4136,1,1,0.5,0.5,0.5,0.1,0.0,0.1,0.0,,,1,1,,2022,2023,2022.5,1,2020,2020,2005,4d37d9dfce4f1414,M,12.4,0
11.49,11.57,11.57,0.1131,0.0098,11.65,0.16,11.53,11.61,11.525,11.5725,11.5725,0.0672,0.0058,11.62,0.095,11.5488,11.5963,,,,0.16,0.0,0.7897,2,2,1,0.0,16.0,16.0,9.8716,1,1,0.5,0.16,0.0,-0.05,0.9192,0.6,-0.7,,,1,1,,2023,2023,2023.0,0,2020,2020,2005,813244d2273ad129,M,11.02,0
10.94,11.254,11.18,0.2691,0.0239,11.65,0.71,11.13,11.37,10.885,11.229,11.175,0.2991,0.0266,11.675,0.79,11.07,11.34,-0.4598,0.1696,-0.4877,0.43,0.24,0.4387,5,5,2,1.0,15.0,16.0,5.1013,1,3,0.6,-0.3233,0.0,0.5,0.7106,0.75,-0.5,,,1,1,,2023,2024,2023.6,1,2020,2020,2005,6b4f57d5b9ffeb1c,M,10.57,0
11.52,11.7025,11.71,0.1441,0.0123,11.87,0.35,11.6475,11.765,11.455,11.69,11.7175,0.1727,0.0148,11.87,0.415,11.6425,11.765,-8.903,0.0779,-10.0444,0.21,0.17,9.5878,4,2,1,0.0,15.0,15.0,182.625,1,2,0.5,0.155,0.5,0.5,1.1314,1.3,-0.3,,,1,1,,2022,2022,2022.0,0,2020,2020,2005,e916806347c4df44,M,10.96,0
11.94,12.03,12.03,0.1273,0.0106,12.12,0.18,11.985,12.075,11.94,12.0225,12.0225,0.1167,0.0097,12.105,0.165,11.9812,12.0637,,,,0.0,0.18,0.0,2,2,1,0.0,16.0,16.0,104.3571,0,0,0.0,0.0,0.5,0.3,0.0,0.3,0.0,,,1,1,,2022,2022,2022.0,0,2020,2020,2005,4e4b2069895e5002,M,11.02,0
11.68,11.7882,11.76,0.096,0.0081,11.96,0.28,11.71,11.865,11.67,11.8018,11.775,0.0981,0.0083,11.96,0.29,11.7275,11.875,-0.0583,0.0847,-0.0661,0.11,0.03,0.0562,11,11,3,2.0,14.0,15.0,5.6192,1,8,0.7273,-0.0158,0.0,-0.2727,0.6724,0.4,-0.7667,,,1,1,,2023,2025,2023.6364,2,2020,2020,2005,28fe071aff1f4ec4,M,11.68,0
13.06,13.1467,13.1,0.1172,0.0089,13.28,0.22,13.08,13.19,13.0,13.1167,13.1,0.1258,0.0096,13.25,0.25,13.05,13.175,,,,0.0,0.22,0.0,3,1,1,0.0,16.0,16.0,3.0,1,1,0.3333,0.22,0.0,0.5,0.5,0.75,0.0,,,1,1,,2024,2024,2024.0,0,2020,2020,2005,346dd148f0bd5c2f,F,12.83,0
11.56,11.605,11.605,0.0636,0.0055,11.65,0.09,11.5825,11.6275,11.58,11.59,11.59,0.0141,0.0012,11.6,0.02,11.585,11.595,,,,0.09,0.0,1.5654,2,2,1,0.0,16.0,16.0,34.7857,1,2,1.0,0.0,0.0,0.3,0.9899,1.0,-0.4,,,1,1,,2023,2023,2023.0,0,2020,2020,2005,be16e40987cf18f7,M,11.07,0
12.46,12.535,12.535,0.1061,0.0085,12.61,0.15,12.4975,12.5725,12.43,12.53,12.53,0.1414,0.0113,12.63,0.2,12.48,12.58,,,,0.0,0.15,0.0,2,2,1,0.0,15.0,15.0,14.9082,1,1,0.5,-0.15,0.0,0.1,0.7071,0.6,-0.4,,,1,1,,2023,2023,2023.0,0,2020,2020,2005,6a74a5a7be3eeb38,M,11.71,0
11.62,11.7,11.7,0.1131,0.0097,11.78,0.16,11.66,11.74,11.61,11.7125,11.7125,0.145,0.0124,11.815,0.205,11.6612,11.7638,,,,0.0,0.16,0.0,2,1,1,0.0,16.0,16.0,2.0,0,0,0.0,0.0,0.0,-0.25,0.6364,0.2,-0.7,,,1,1,,2024,2024,2024.0,0,2020,2020,2005,0831754dfe2fd8e1,M,11.45,0
11.51,11.565,11.565,0.0778,0.0067,11.62,0.11,11.5375,11.5925,11.5,11.57,11.57,0.099,0.0086,11.64,0.14,11.535,11.605,,,,0.11,0.0,1.6071,2,2,1,0.0,16.0,16.0,29.22,1,2,1.0,0.0,0.0,-0.1,0.4243,0.2,-0.4,,,1,1,,2023,2023,2023.0,0,2020,2020,2005,a42ff60f010b3f7e,M,11.51,0
11.41,11.46,11.46,0.0707,0.0062,11.51,0.1,11.435,11.485,11.39,11.46,11.46,0.099,0.0086,11.53,0.14,11.425,11.495,,,,0.0,0.1,0.0,2,1,1,0.0,15.0,15.0,2.0,1,1,0.5,0.1,0.0,0.0,0.5657,0.4,-0.4,,,1,1,,2023,2023,2023.0,0,2020,2020,2005,96276b37aee84004,M,10.89,0
12.01,12.4167,12.49,0.3754,0.0302,12.75,0.74,12.25,12.62,12.03,12.42,12.48,0.3637,0.0293,12.75,0.72,12.255,12.615,-0.7169,0.1596,-0.6831,0.48,0.0,0.5674,3,3,2,1.0,15.0,16.0,3.5461,1,3,1.0,0.0,0.0,-0.0667,0.3055,0.2,-0.4,,,1,1,,2023,2024,2023.3333,1,2020,2020,2005,e19750095b809afb,M,12.01,0
11.55,11.59,11.59,0.0566,0.0049,11.63,0.08,11.57,11.61,11.55,11.59,11.59,0.0566,0.0049,11.63,0.08,11.57,11.61,,,,0.0,0.08,0.0,2,1,1,0.0,14.0,14.0,2.0,1,1,0.5,-0.08,1.0,0.0,0.0,0.0,0.0,,,1,1,,2022,2022,2022.0,0,2020,2020,2005,69e80227dd28837f,M,10.98,0
12.19,12.248,12.23,0.0622,0.0051,12.34,0.15,12.2,12.28,12.08,12.2648,12.266,0.1376,0.0112,12.43,0.35,12.19,12.358,-0.0141,0.0545,0.0003,0.0,0.09,0.0,5,3,3,2.0,14.0,14.0,2.801,1,3,0.6,0.1033,0.0,-0.28,1.6589,2.5,-1.3,,,1,1,,2022,2024,2023.0,2,2020,2020,2005,e0728676d65bd404,F,11.87,0
12.15,12.4567,12.325,0.3303,0.0265,12.88,0.73,12.2125,12.745,12.138,12.4807,12.338,0.3616,0.029,12.97,0.832,12.2205,12.7735,-0.3807,0.0253,-0.4149,0.7,0.06,0.3799,6,5,3,2.0,14.0,16.0,3.2563,1,3,0.5,0.38,0.0,-0.4,0.7127,0.2,-1.0,,,1,1,,2022,2024,2023.1667,2,2020,2020,2005,3536621a5fae2061,F,12.11,0
12.08,12.1843,12.15,0.122,0.01,12.43,0.35,12.1,12.215,12.062,12.198,12.138,0.1469,0.012,12.466,0.404,12.088,12.272,-0.1055,0.1168,-0.0723,0.04,0.35,0.116,7,4,1,0.0,16.0,16.0,20.2917,1,4,0.5714,0.1267,0.0,-0.2286,0.588,0.225,-0.8333,,,1,1,,2024,2024,2024.0,0,2020,2020,2005,9d13cee45e7881b5,F,11.55,0
11.44,11.6175,11.625,0.142,0.0122,11.78,0.34,11.5525,11.69,11.36,11.625,11.6425,0.2036,0.0175,11.855,0.495,11.5588,11.7088,0.977,0.0906,1.4863,0.22,0.34,0.992,4,4,1,0.0,15.0,15.0,18.037,1,2,0.5,0.205,0.0,-0.15,1.3178,1.6,-1.1,,,1,1,,2024,2024,2024.0,0,2020,2020,2005,eec5d048a86e9ec6,M,11.29,0
12.7,12.92,12.92,0.3111,0.0241,13.14,0.44,12.81,13.03,12.7,12.965,12.965,0.3748,0.0289,13.23,0.53,12.8325,13.0975,,,,0.44,0.0,1.9599,2,2,1,0.0,15.0,15.0,8.9085,1,1,0.5,0.44,0.5,-1.5,0.0,0.0,-1.5,,,1,1,,2022,2022,2022.0,0,2020,2020,2005,b3061f803bd7edef,F,12.41,0
11.38,11.588,11.69,0.1564,0.0135,11.72,0.34,11.46,11.69,11.33,11.566,11.675,0.1756,0.0152,11.7,0.37,11.425,11.7,0.036,0.1399,0.0077,0.31,0.31,1.2443,5,3,1,0.0,15.0,15.0,20.0687,1,1,0.2,-0.1333,0.0,0.44,0.4506,0.6,-0.2,,,1,1,,2023,2023,2023.0,0,2020,2020,2005,8f08f7df100284ee,M,10.9,0
12.73,12.88,12.85,0.1007,0.0078,13.01,0.28,12.83,12.955,12.754,12.8989,12.892,0.0889,0.0069,13.01,0.256,12.863,12.955,-0.1658,0.0462,-0.1376,0.27,0.12,0.2575,7,3,2,1.0,14.0,15.0,6.6756,1,3,0.4286,0.0667,0.0,-0.3143,0.4413,0.0,-0.7333,,,1,1,,2022,2023,2022.7143,1,2020,2020,2005,3ae7c129d3a33c1b,F,12.67,0
12.32,12.736,12.56,0.4719,0.0371,13.5,1.18,12.44,12.86,12.332,12.7348,12.638,0.4401,0.0346,13.428,1.096,12.41,12.866,-0.8733,0.2097,-0.7847,1.18,0.24,1.0461,5,4,2,1.0,14.0,15.0,4.4326,1,2,0.4,0.1433,0.0,0.02,0.9257,0.85,-0.5333,,,1,1,,2023,2024,2023.6,1,2020,2020,2005,cd8efe7396ec7fce,F,12.13,0
12.89,12.91,12.91,0.0283,0.0022,12.93,0.04,12.9,12.92,12.89,12.91,12.91,0.0283,0.0022,12.93,0.04,12.9,12.92,,,,0.0,0.04,0.0,2,1,1,0.0,16.0,16.0,2.0,1,1,0.5,-0.04,0.0,0.0,0.0,0.0,0.0,,,1,1,,2023,2023,2023.0,0,2020,2020,2005,bd3b20b1065e1a48,F,12.8,0
12.62,12.746,12.74,0.1139,0.0089,12.93,0.31,12.7,12.74,12.578,12.782,12.74,0.2032,0.0159,13.122,0.544,12.706,12.764,-0.5863,0.0768,-1.077,0.12,0.12,0.487,5,4,1,0.0,16.0,16.0,20.2917,1,2,0.4,-0.1483,0.0,-0.6,1.5083,0.7,-1.2333,,,1,1,,2024,2024,2024.0,0,2020,2020,2005,2d5010fe2c03c7f0,F,12.59,0
10.94,11.2083,11.175,0.196,0.0175,11.47,0.53,11.06,11.4325,10.94,11.2054,11.18,0.1886,0.0168,11.475,0.535,11.0662,11.3962,-0.3264,0.1108,-0.3047,0.49,0.02,0.4143,12,11,2,1.0,15.0,15.0,10.1458,1,5,0.4167,0.0553,0.0833,0.0636,0.4154,0.3667,-0.375,,,1,1,,2023,2024,2023.5,1,2020,2020,2005,4d993077e09f250b,M,10.81,0
12.19,12.533,12.525,0.3245,0.0259,13.33,1.14,12.3275,12.5775,12.124,12.5288,12.501,0.3501,0.0279,13.348,1.224,12.326,12.6245,-0.3024,0.2609,-0.3273,0.32,0.35,0.3302,10,7,2,1.0,14.0,15.0,10.3178,1,5,0.5,0.234,0.0,0.07,0.8179,0.64,-0.8333,,,1,1,,2023,2024,2023.6,1,2020,2020,2005,c21148b2813a2cbc,F,12.19,0
11.64,11.68,11.66,0.0529,0.0045,11.74,0.1,11.65,11.7,11.55,11.6533,11.665,0.098,0.0084,11.745,0.195,11.6075,11.705,1.2891,0.0327,3.3302,0.0,0.1,0.0,3,2,1,0.0,15.0,15.0,64.4559,1,1,0.3333,-0.09,0.0,0.5333,1.097,1.8,-0.1,,,1,1,,2024,2024,2024.0,0,2020,2020,2005,c3ead1782a5f5924,M,11.64,0
14.45,15.01,15.01,0.792,0.0528,15.57,1.12,14.73,15.29,14.522,14.986,14.986,0.6562,0.0438,15.45,0.928,14.754,15.218,,,,1.12,0.0,1.0997,2,2,2,1.0,14.0,15.0,1.9637,0,0,0.0,0.0,0.0,0.4,2.2627,2.0,-1.2,,,1,1,,2023,2024,2023.5,1,2020,2020,2005,a86566e271ae4f94,F,14.45,0
12.11,12.2667,12.13,0.2542,0.0207,12.56,0.45,12.12,12.345,12.14,12.3433,12.3,0.2281,0.0185,12.59,0.45,12.22,12.445,-1.428,0.1694,-0.4806,0.45,0.0,2.4532,3,3,1,0.0,16.0,16.0,16.3545,1,1,0.3333,-0.44,0.0,-1.5333,1.9732,0.0,-1.5333,,,1,1,,2023,2023,2023.0,0,2020,2020,2005,b663149a30ca2152,M,11.26,0
13.05,13.1,13.095,0.0469,0.0036,13.16,0.11,13.0725,13.1225,13.02,13.112,13.128,0.0692,0.0053,13.172,0.152,13.0785,13.1615,-0.0755,0.0209,-0.1148,0.06,0.03,0.0646,4,3,2,1.0,15.0,16.0,4.3097,1,2,0.5,-0.085,0.0,-0.2,0.5354,0.5,-0.4333,,,1,1,,2023,2024,2023.5,1,2020,2020,2005,37b3a6afc7963b79,F,12.77,0
12.97,13.09,13.05,0.1098,0.0084,13.3,0.33,13.04,13.115,12.988,13.12,13.096,0.1572,0.012,13.438,0.45,13.012,13.147,-0.2949,0.0934,-0.2051,0.09,0.07,0.2739,7,5,1,0.0,15.0,16.0,21.3063,1,5,0.7143,0.021,0.0,-0.5,0.9832,0.55,-0.92,,,1,1,,2024,2024,2024.0,0,2020,2020,2005,3cf4419c7c48e0b2,F,12.84,0
12.65,12.755,12.755,0.1485,0.0116,12.86,0.21,12.7025,12.8075,12.698,12.77,12.77,0.1018,0.008,12.842,0.144,12.734,12.806,,,,0.21,0.0,1.128,2,2,1,0.0,15.0,15.0,10.7426,1,2,1.0,0.0,0.0,-0.25,0.7778,0.3,-0.8,,,1,1,,2023,2023,2023.0,0,2020,2020,2005,946e79aebad8e660,F,12.53,0
11.61,11.7633,11.72,0.179,0.0152,11.96,0.35,11.665,11.84,11.625,11.8267,11.76,0.242,0.0205,12.095,0.47,11.6925,11.9275,16.8015,0.098,22.0976,0.0,0.35,0.0,3,2,1,0.0,16.0,16.0,219.15,1,2,0.6667,-0.065,0.0,-1.2667,1.2662,0.0,-1.2667,,,1,1,,2023,2023,2023.0,0,2020,2020,2005,0eb3cadf17a8119a,M,10.85,0
11.56,11.645,11.645,0.1202,0.0103,11.73,0.17,11.6025,11.6875,11.64,11.685,11.685,0.0636,0.0054,11.73,0.09,11.6625,11.7075,,,,0.17,0.0,0.9856,2,2,1,0.0,15.0,16.0,11.5952,1,1,0.5,-0.17,0.5,-1.6,0.0,0.0,-1.6,,,1,1,,2024,2024,2024.0,0,2020,2020,2005,71c5d9b4e0f7b8f5,M,11.54,0
12.23,12.3425,12.34,0.11,0.0089,12.46,0.23,12.26,12.4225,12.248,12.365,12.358,0.1334,0.0108,12.496,0.248,12.251,12.472,-0.021,0.0952,-0.0588,0.0,0.18,0.0,4,2,1,0.0,16.0,16.0,16.7931,1,2,0.5,0.185,0.0,-0.375,0.5123,0.3,-0.6,,,1,1,,2025,2025,2025.0,0,2020,2020,2005,c2a0168fe306441e,F,12.23,0
11.03,11.1633,11.19,0.1222,0.0109,11.27,0.24,11.11,11.23,11.06,11.21,11.245,0.1359,0.0121,11.325,0.265,11.1525,11.285,-0.1166,0.0813,-0.1232,0.24,0.16,0.2058,3,3,2,1.0,15.0,16.0,2.5722,0,0,0.0,0.0,0.0,-0.9333,0.2887,0.0,-0.9333,,,1,1,,2023,2024,2023.6667,1,2020,2020,2005,c5e1c7529f6fa795,M,10.63,0
13.11,13.19,13.19,0.1131,0.0086,13.27,0.16,13.15,13.23,13.176,13.229,13.229,0.075,0.0057,13.282,0.106,13.2025,13.2555,,,,0.0,0.16,0.0,2,1,1,0.0,14.0,14.0,2.0,1,1,0.5,0.16,0.0,-0.65,0.6364,0.0,-0.65,,,1,1,,2022,2022,2022.0,0,2020,2020,2005,0a5fb9482c4ebe46,F,13.11,0
12.9,13.03,13.03,0.1838,0.0141,13.16,0.26,12.965,13.095,12.93,13.057,13.057,0.1796,0.0138,13.184,0.254,12.9935,13.1205,,,,0.0,0.26,0.0,2,1,1,0.0,15.0,15.0,2.0,1,1,0.5,0.26,0.0,-0.45,0.0707,0.0,-0.45,,,1,1,,2022,2022,2022.0,0,2020,2020,2005,4fdde170ceb979fc,F,12.24,0
11.84,11.93,11.93,0.1273,0.0107,12.02,0.18,11.885,11.975,11.84,11.93,11.93,0.1273,0.0107,12.02,0.18,11.885,11.975,,,,0.18,0.0,10.9575,2,2,1,0.0,16.0,16.0,121.75,1,1,0.5,0.18,1.0,0.0,0.0,0.0,0.0,,,1,1,,2024,2024,2024.0,0,2020,2020,2005,f65765b88c0aa3bf,M,11.42,0
12.33,12.6978,12.62,0.3202,0.0252,13.12,0.79,12.43,13.03,12.204,12.6878,12.602,0.3487,0.0275,13.12,0.916,12.352,13.036,-0.5314,0.1032,-0.5412,0.7,0.02,0.5197,9,7,2,1.0,14.0,15.0,6.6814,1,3,0.3333,0.2217,0.0,0.1667,1.07,0.84,-0.9,160.0,50.0,0,0,19.5312,2024,2025,2024.6667,1,2020,2020,2010,fbd6480e4870aadb,F,12.33,1
12.22,12.73,12.6,0.5859,0.046,13.37,1.15,12.41,12.985,12.052,12.628,12.552,0.6175,0.0489,13.28,1.228,12.302,12.916,-0.5828,0.1532,-0.594,1.15,0.0,0.6954,3,3,2,2.0,14.0,15.0,1.8142,1,2,0.6667,0.96,0.0,1.7,1.0149,1.7,0.0,,,1,1,,2022,2024,2023.3333,2,2020,2020,2005,b9dbfec854986027,F,12.22,0
12.55,13.48,13.075,1.3991,0.1038,16.27,3.72,12.7025,13.2675,12.382,13.394,12.971,1.3997,0.1045,16.18,3.798,12.689,13.1915,1.921,0.1065,1.9168,0.0,3.72,0.0,6,5,2,2.0,14.0,14.0,3.1262,1,4,0.6667,-1.1175,0.0,1.4333,1.2356,1.82,-0.5,,,1,1,,2022,2024,2022.3333,2,2020,2020,2005,3316ceb243a56473,F,12.55,0
13.05,13.2333,13.08,0.2919,0.0221,13.57,0.52,13.065,13.325,13.008,13.1973,13.026,0.3125,0.0237,13.558,0.55,13.017,13.292,-0.636,0.0122,-0.6814,0.52,0.03,0.6549,3,2,2,1.0,15.0,16.0,3.7784,1,2,0.6667,-0.275,0.0,0.6,0.5292,0.6,0.0,,,1,1,,2022,2023,2022.6667,1,2020,2020,2005,11cbfe4705d6a9d1,F,12.16,0
12.76,13.0112,12.995,0.2392,0.0184,13.46,0.7,12.8225,13.1075,12.688,12.9835,12.949,0.2498,0.0192,13.442,0.754,12.791,13.121,0.2569,0.1794,0.2829,0.0,0.32,0.0,8,5,2,1.0,15.0,15.0,6.6409,1,1,0.125,0.102,0.0,0.4625,0.5854,0.7167,-0.6,,,1,1,,2023,2024,2023.625,1,2020,2020,2005,454fce2a8acb372a,F,12.76,0
13.07,13.4583,13.48,0.2594,0.0193,13.8,0.73,13.32,13.61,13.046,13.4633,13.48,0.257,0.0191,13.794,0.748,13.3695,13.6055,-0.3961,0.0933,-0.3773,0.57,0.21,0.4284,6,3,2,1.0,14.0,16.0,4.5093,1,3,0.5,0.15,0.0,-0.0833,0.5193,0.2,-1.1,,,1,1,,2023,2024,2023.6667,1,2020,2020,2005,bd8d2c7530fa3bee,F,12.72,0
13.43,13.43,13.43,0.0,0.0,13.43,0.0,13.43,13.43,13.436,13.478,13.478,0.0594,0.0044,13.52,0.084,13.457,13.499,,,,0.0,0.0,0.0,2,2,1,0.0,14.0,14.0,19.2237,1,1,0.5,0.0,0.0,-0.8,0.9899,0.0,-0.8,168.0,45.0,0,0,15.9439,2025,2025,2025.0,0,2020,2020,2010,c6174d8081b5b78a,F,13.43,1
13.43,13.48,13.475,0.0497,0.0037,13.54,0.11,13.445,13.51,13.45,13.4875,13.48,0.0379,0.0028,13.54,0.09,13.4695,13.498,0.0624,0.0334,-0.0097,0.0,0.07,0.0,4,3,2,1.0,15.0,15.0,3.9064,1,1,0.25,-0.075,0.0,-0.125,0.55,0.4,-0.9,,,1,1,,2023,2024,2023.75,1,2020,2020,2005,409a510a8ad15580,F,12.75,0
13.29,13.305,13.305,0.0212,0.0016,13.32,0.03,13.2975,13.3125,13.236,13.257,13.257,0.0297,0.0022,13.278,0.042,13.2465,13.2675,,,,0.0,0.03,0.0,2,1,1,0.0,15.0,15.0,2.0,1,1,0.5,0.03,0.0,0.8,0.1414,0.8,0.0,,,1,1,,2023,2023,2023.0,0,2020,2020,2005,edc40f8852a5700a,F,12.65,0
12.41,12.77,12.71,0.3004,0.0235,13.33,0.92,12.595,12.875,12.434,12.8163,12.77,0.2876,0.0224,13.33,0.896,12.652,12.938,-0.5113,0.1462,-0.4512,0.54,0.3,0.515,7,3,2,1.0,15.0,16.0,6.6756,1,3,0.4286,0.26,0.0,-0.7714,0.7455,0.0,-1.08,,,1,1,,2022,2023,2022.7143,1,2020,2020,2005,a9695526dcad6ba6,F,12.25,0
13.1,13.37,13.395,0.2165,0.0162,13.59,0.49,13.25,13.515,13.1,13.3925,13.44,0.2114,0.0158,13.59,0.49,13.3175,13.515,-0.3508,0.0791,-0.3044,0.39,0.2,0.4024,4,2,2,1.0,14.0,15.0,4.1271,1,2,0.5,0.05,0.0,-0.375,0.75,0.0,-1.5,,,1,1,,2022,2023,2022.5,1,2020,2020,2005,a5f747e79f359e48,F,12.48,0
12.78,13.0,13.01,0.1623,0.0125,13.25,0.47,12.8625,13.04,12.754,13.042,13.055,0.2105,0.0161,13.43,0.676,12.877,13.0785,-0.1873,0.1421,-0.2493,0.26,0.04,0.2645,10,6,2,1.0,15.0,16.0,10.1741,1,3,0.3,-0.0027,0.0,-0.7,1.0708,1.1,-1.1571,,,1,1,,2023,2024,2023.5,1,2020,2020,2005,8a8bf120787bd46d,F,12.51,0
13.26,13.42,13.42,0.2263,0.0169,13.58,0.32,13.34,13.5,13.344,13.474,13.474,0.1838,0.0136,13.604,0.26,13.409,13.539,,,,0.32,0.0,1.3133,2,2,1,0.0,15.0,16.0,8.2079,0,0,0.0,0.0,0.0,-0.9,0.7071,0.0,-0.9,,,1,1,,2024,2024,2024.0,0,2020,2020,2005,50bf6d78a287cdba,F,13.26,0
12.57,12.81,12.8,0.1596,0.0125,13.02,0.45,12.725,12.915,12.606,12.8357,12.8,0.1473,0.0115,13.062,0.456,12.78,12.911,-0.143,0.1328,-0.086,0.45,0.4,0.3255,7,5,2,1.0,14.0,15.0,5.0629,1,3,0.4286,-0.1633,0.0,-0.4286,1.3647,0.8,-1.15,,,1,1,,2023,2024,2023.5714,1,2020,2020,2005,b4537ee46a5d50cb,F,12.48,0
13.11,13.3275,13.17,0.3576,0.0268,13.86,0.75,13.125,13.3725,13.158,13.3425,13.182,0.3372,0.0253,13.848,0.69,13.173,13.3515,-0.8016,0.1149,-0.7659,0.75,0.1,0.8614,4,3,2,1.0,15.0,15.0,4.5943,1,1,0.25,-0.7,0.0,-0.25,0.6403,0.3,-0.8,,,1,1,,2023,2024,2023.75,1,2020,2020,2005,36dbac04d72733c2,F,13.11,0
12.52,12.6975,12.73,0.1253,0.0099,12.81,0.29,12.6625,12.765,12.418,12.6195,12.661,0.1398,0.0111,12.738,0.32,12.5875,12.693,-5.4004,0.0756,-5.7566,0.23,0.19,7.637,4,3,1,0.0,16.0,16.0,132.8182,1,2,0.5,-0.125,0.0,1.3,0.2708,1.3,0.0,,,1,1,,2024,2024,2024.0,0,2020,2020,2005,33bde3fb8b5bbc0b,F,12.47,0
11.3,11.34,11.34,0.0566,0.005,11.38,0.08,11.32,11.36,11.32,11.355,11.355,0.0495,0.0044,11.39,0.07,11.3375,11.3725,,,,0.0,0.08,0.0,2,1,1,0.0,16.0,16.0,2.0,0,0,0.0,0.0,0.0,-0.3,0.1414,0.0,-0.3,,,1,1,,2025,2025,2025.0,0,2020,2020,2005,739d86c4e4ca1858,M,10.81,0
13.13,13.31,13.31,0.2546,0.0191,13.49,0.36,13.22,13.4,13.088,13.322,13.322,0.3309,0.0248,13.556,0.468,13.205,13.439,,,,0.36,0.0,8.766,2,2,1,0.0,16.0,16.0,48.7,1,1,0.5,0.36,0.0,-0.2,1.2728,0.7,-1.1,168.0,52.0,0,0,18.424,2024,2024,2024.0,0,2020,2020,2005,62d844dde91d6627,F,13.12,1
13.31,13.525,13.55,0.1678,0.0124,13.69,0.38,13.4375,13.6375,13.238,13.5085,13.559,0.1996,0.0148,13.678,0.44,13.4195,13.648,0.0689,0.1393,0.0556,0.31,0.38,0.1838,4,3,3,2.0,14.0,15.0,2.3718,1,1,0.25,0.2867,0.0,0.275,0.65,0.7,-0.3,,,1,1,,2023,2025,2024.0,2,2020,2020,2005,9cadead01393ac37,F,13.31,0
12.87,12.93,12.93,0.0849,0.0066,12.99,0.12,12.9,12.96,12.852,12.9,12.9,0.0679,0.0053,12.948,0.096,12.876,12.924,,,,0.0,0.12,0.0,2,1,1,0.0,16.0,16.0,2.0,1,1,0.5,0.12,0.0,0.5,0.2828,0.5,0.0,162.0,47.0,0,0,17.9089,2023,2023,2023.0,0,2020,2020,2005,2bf28c948e18d4a1,F,12.48,1
12.93,12.97,12.97,0.0566,0.0044,13.01,0.08,12.95,12.99,12.93,12.988,12.988,0.082,0.0063,13.046,0.116,12.959,13.017,,,,0.0,0.08,0.0,2,1,1,0.0,16.0,16.0,2.0,1,1,0.5,0.08,0.0,-0.3,0.4243,0.0,-0.6,162.0,44.0,0,0,16.7657,2023,2023,2023.0,0,2020,2020,2005,f1ef8e2f3a37deb8,F,12.69,1
13.08,13.09,13.09,0.0141,0.0011,13.1,0.02,13.085,13.095,13.04,13.084,13.084,0.0622,0.0048,13.128,0.088,13.062,13.106,,,,0.0,0.02,0.0,2,1,1,0.0,15.0,15.0,2.0,1,1,0.5,0.02,0.0,0.1,1.2728,1.0,-0.8,160.0,50.0,0,0,19.5312,2023,2023,2023.0,0,2020,2020,2005,a589afd30b41ff6c,F,12.86,1
13.5,13.6533,13.68,0.1419,0.0104,13.78,0.28,13.59,13.73,13.482,13.6513,13.62,0.187,0.0137,13.852,0.37,13.551,13.736,0.1408,0.0795,0.2301,0.18,0.28,0.1367,3,3,2,1.0,14.0,15.0,2.2781,1,1,0.3333,0.23,0.0,0.0333,1.124,0.65,-1.2,168.0,50.0,0,0,17.7154,2023,2024,2023.3333,1,2020,2020,2005,f969e518cd47385c,F,13.5,1
13.7,13.78,13.78,0.1131,0.0082,13.86,0.16,13.74,13.82,13.64,13.801,13.801,0.2277,0.0165,13.962,0.322,13.7205,13.8815,,,,0.0,0.16,0.0,2,2,2,1.0,15.0,15.0,1.5187,0,0,0.0,0.0,0.0,-0.35,1.9092,1.0,-1.7,166.0,55.0,0,0,19.9594,2023,2024,2023.5,1,2020,2020,2005,d253053d687dc406,F,13.4,1
13.01,13.025,13.025,0.0212,0.0016,13.04,0.03,13.0175,13.0325,13.058,13.064,13.064,0.0085,0.0006,13.07,0.012,13.061,13.067,,,,0.0,0.03,0.0,2,1,1,0.0,15.0,15.0,2.0,1,1,0.5,0.03,0.0,-0.65,0.2121,0.0,-0.65,166.0,50.0,0,0,18.1449,2023,2023,2023.0,0,2020,2020,2005,c97e2d7ddf89f54f,F,12.84,1
11.86,12.085,12.095,0.2319,0.0192,12.29,0.43,11.8975,12.2825,11.87,12.12,12.11,0.2681,0.0221,12.39,0.52,11.9,12.33,0.328,0.1251,0.3533,0.0,0.42,0.0,4,4,2,1.0,14.0,14.0,3.0374,0,0,0.0,0.0,0.25,-0.9333,0.9452,0.0,-0.9333,170.0,50.0,0,0,17.301,2023,2024,2023.75,1,2020,2020,2005,2227ef7f8c0a58ac,M,11.86,1
11.69,11.73,11.73,0.0566,0.0048,11.77,0.08,11.71,11.75,11.69,11.745,11.745,0.0778,0.0066,11.8,0.11,11.7175,11.7725,,,,0.08,0.0,0.0823,2,2,2,1.0,15.0,16.0,2.0577,0,0,0.0,0.0,0.5,-0.6,0.0,0.0,-0.6,174.0,55.0,0,0,18.1662,2023,2024,2023.5,1,2020,2020,2005,99161ef59aa3c771,M,11.49,1
12.77,12.815,12.815,0.0636,0.005,12.86,0.09,12.7925,12.8375,12.818,12.854,12.854,0.0509,0.004,12.89,0.072,12.836,12.872,,,,0.0,0.09,0.0,2,1,1,0.0,15.0,15.0,2.0,1,1,0.5,0.09,0.0,-0.65,0.2121,0.0,-0.65,163.0,52.0,0,0,19.5717,2023,2023,2023.0,0,2020,2020,2005,b6dced32fc1a2bf4,F,12.28,1
14.74,15.04,15.04,0.4243,0.0282,15.34,0.6,14.89,15.19,14.77,15.082,15.082,0.4412,0.0293,15.394,0.624,14.926,15.238,,,,0.0,0.6,0.0,2,2,2,1.0,15.0,15.0,1.5187,0,0,0.0,0.0,0.0,-0.7,0.2828,0.0,-0.7,165.0,53.0,0,0,19.4674,2023,2024,2023.5,1,2020,2020,2005,c5543eeb6d62b4c5,F,14.41,1
14.03,14.38,14.1,0.5467,0.038,15.01,0.98,14.065,14.555,14.06,14.452,14.1,0.6446,0.0446,15.196,1.136,14.08,14.648,0.5978,0.2969,0.6837,0.0,0.98,0.0,3,3,2,1.0,14.0,14.0,2.2781,0,0,0.0,0.0,0.3333,-1.8,1.8385,0.0,-1.8,168.0,50.0,0,0,17.7154,2023,2024,2023.6667,1,2020,2020,2005,64a6c7eb80bb3fbe,F,13.62,1
13.05,13.06,13.06,0.0141,0.0011,13.07,0.02,13.055,13.065,13.098,13.099,13.099,0.0014,0.0001,13.1,0.002,13.0985,13.0995,,,,0.0,0.02,0.0,2,1,1,0.0,15.0,15.0,2.0,1,1,0.5,0.02,0.0,-0.65,0.2121,0.0,-0.65,168.0,56.0,0,0,19.8413,2023,2023,2023.0,0,2020,2020,2005,3608650365cab3f3,F,12.78,1
13.37,13.6133,13.53,0.294,0.0216,13.94,0.57,13.45,13.735,13.37,13.6133,13.5,0.3156,0.0232,13.97,0.6,13.435,13.735,-0.4063,0.1087,-0.4503,0.57,0.16,0.4668,3,3,2,1.0,15.0,16.0,2.4568,0,0,0.0,0.0,0.3333,0.0,0.7071,0.5,-0.5,170.0,55.0,0,0,19.0311,2023,2024,2023.6667,1,2020,2020,2005,9692ffc64da5464b,F,13.2,1
12.32,12.33,12.33,0.0141,0.0011,12.34,0.02,12.325,12.335,12.25,12.32,12.32,0.099,0.008,12.39,0.14,12.285,12.355,,,,0.0,0.02,0.0,2,2,1,0.0,16.0,16.0,34.7857,1,2,1.0,0.0,0.0,0.2,1.6971,1.4,-1.0,170.0,60.0,0,0,20.7612,2024,2024,2024.0,0,2020,2020,2005,31b94b5a683599dd,M,12.11,1
11.92,11.97,11.97,0.0707,0.0059,12.02,0.1,11.945,11.995,11.89,11.9625,11.9625,0.1025,0.0086,12.035,0.145,11.9262,11.9988,,,,0.1,0.0,0.4806,2,2,1,0.0,16.0,16.0,9.6118,1,2,1.0,0.0,0.0,0.15,0.6364,0.6,-0.3,178.0,63.0,0,0,19.8839,2024,2024,2024.0,0,2020,2020,2005,fd3fc8d725155153,M,11.65,1
11.79,11.8,11.8,0.0141,0.0012,11.81,0.02,11.795,11.805,11.755,11.7625,11.7625,0.0106,0.0009,11.77,0.015,11.7588,11.7662,,,,0.0,0.02,0.0,2,2,1,0.0,15.0,15.0,10.4357,1,1,0.5,0.02,0.0,0.75,0.495,0.75,0.0,179.0,72.0,0,0,22.4712,2024,2024,2024.0,0,2020,2020,2005,4b96b0f4e6da9b6d,M,11.56,1
12.79,12.946,12.91,0.159,0.0123,13.21,0.42,12.87,12.95,12.73,12.9508,12.91,0.2019,0.0156,13.276,0.546,12.87,12.968,0.3479,0.1335,0.4522,0.08,0.42,0.2319,5,3,1,0.0,15.0,16.0,14.494,1,3,0.6,0.1567,0.4,-0.1333,1.0599,1.0,-0.7,170.0,52.0,0,0,17.9931,2024,2024,2024.0,0,2020,2020,2005,01f43197c37d025c,F,12.79,1
11.43,11.635,11.635,0.2899,0.0249,11.84,0.41,11.5325,11.7375,11.43,11.61,11.61,0.2546,0.0219,11.79,0.36,11.52,11.7,,,,0.41,0.0,0.5609,2,2,2,1.0,15.0,16.0,2.736,1,2,1.0,0.0,0.0,0.5,0.7071,1.0,0.0,181.0,62.0,0,0,18.9249,2024,2025,2024.5,1,2020,2020,2005,6a120b183ecb7258,M,11.38,1
12.51,12.5533,12.54,0.0513,0.0041,12.61,0.1,12.525,12.575,12.498,12.5613,12.51,0.0995,0.0079,12.676,0.178,12.504,12.593,-0.6237,0.0129,-1.2674,0.1,0.03,0.7305,3,3,1,0.0,15.0,16.0,21.915,1,2,0.6667,-0.065,0.0,-0.1333,0.8505,0.35,-1.1,165.0,50.0,0,0,18.3655,2024,2024,2024.0,0,2020,2020,2005,d7cc8eda8fec783f,F,12.31,1
11.83,11.97,11.97,0.198,0.0165,12.11,0.28,11.9,12.04,11.83,11.9475,11.9475,0.1662,0.0139,12.065,0.235,11.8888,12.0062,,,,0.28,0.0,4.87,2,2,1,0.0,16.0,16.0,34.7857,1,2,1.0,0.0,0.0,0.45,0.6364,0.9,0.0,170.0,60.0,0,0,20.7612,2024,2024,2024.0,0,2020,2020,2005,c5847196b0333327,M,11.71,1
11.46,11.52,11.52,0.06,0.0052,11.58,0.12,11.49,11.55,11.405,11.4833,11.445,0.103,0.009,11.6,0.195,11.425,11.5225,0.0066,0.049,0.3086,0.06,0.12,0.3087,3,3,1,0.0,15.0,15.0,15.4331,1,2,0.6667,-0.09,0.0,0.7333,1.0017,1.3,-0.4,175.0,65.0,0,0,21.2245,2024,2024,2024.0,0,2020,2020,2005,9651c40be82c5afe,M,11.28,1
11.88,11.995,11.995,0.1626,0.0136,12.11,0.23,11.9375,12.0525,11.965,12.08,12.08,0.1626,0.0135,12.195,0.23,12.0225,12.1375,,,,0.0,0.23,0.0,2,2,1,0.0,16.0,16.0,11.5952,1,1,0.5,0.23,0.0,-1.7,0.0,0.0,-1.7,170.0,65.0,0,0,22.4913,2024,2024,2024.0,0,2020,2020,2005,7b218c036d0e1ea2,M,11.88,1
13.1,13.385,13.385,0.4031,0.0301,13.67,0.57,13.2425,13.5275,13.076,13.406,13.406,0.4667,0.0348,13.736,0.66,13.241,13.571,,,,0.0,0.57,0.0,2,2,1,0.0,16.0,16.0,11.5952,1,1,0.5,0.57,0.0,-0.35,1.0607,0.4,-1.1,168.0,60.0,0,0,21.2585,2024,2024,2024.0,0,2020,2020,2005,5b60d5488e492335,F,12.95,1
12.49,12.71,12.75,0.1744,0.0137,12.85,0.36,12.61,12.85,12.418,12.7055,12.744,0.2314,0.0182,12.916,0.498,12.5695,12.88,-1.0684,0.1359,-1.666,0.36,0.36,2.348,4,4,1,0.0,16.0,16.0,26.0893,1,2,0.5,-0.08,0.0,0.075,0.9946,0.85,-0.7,160.0,50.0,0,0,19.5312,2024,2024,2024.0,0,2020,2020,2005,72229c20be56aa50,F,12.49,1
11.7,11.78,11.78,0.1131,0.0096,11.86,0.16,11.74,11.82,11.7,11.735,11.735,0.0495,0.0042,11.77,0.07,11.7175,11.7525,,,,0.16,0.0,0.8349,2,2,1,0.0,16.0,16.0,10.4357,1,1,0.5,-0.16,0.0,0.9,1.2728,1.8,0.0,177.0,65.0,0,0,20.7476,2024,2024,2024.0,0,2020,2020,2005,f07e0596ac10fa82,M,11.27,1
13.1,13.105,13.105,0.0071,0.0005,13.11,0.01,13.1025,13.1075,13.01,13.135,13.135,0.1768,0.0135,13.26,0.25,13.0725,13.1975,,,,0.0,0.01,0.0,2,2,1,0.0,16.0,16.0,8.5941,1,1,0.5,0.01,0.0,-0.5,2.8284,1.5,-2.5,161.0,48.0,0,0,18.5178,2024,2024,2024.0,0,2020,2020,2005,1ad2bc057d138fa5,F,12.87,1
11.26,11.35,11.35,0.1273,0.0112,11.44,0.18,11.305,11.395,11.295,11.37,11.37,0.1061,0.0093,11.445,0.15,11.3325,11.4075,,,,0.18,0.0,1.3417,2,2,1,0.0,16.0,16.0,14.9082,1,1,0.5,-0.18,0.0,-0.4,0.4243,0.0,-0.4,175.0,125.0,0,0,40.8163,2024,2024,2024.0,0,2020,2020,2005,4b2d17eedb386a99,M,11.06,0
11.0,11.055,11.035,0.0656,0.0059,11.15,0.15,11.0225,11.0675,10.98,11.055,11.0525,0.0634,0.0057,11.135,0.155,11.0325,11.075,-0.4003,0.0403,-0.4003,0.04,0.03,0.2001,4,2,1,0.0,15.0,15.0,20.0137,1,2,0.5,0.04,0.0,0.0,0.4082,0.35,-0.35,,,1,1,,2025,2025,2025.0,0,2020,2020,2010,fb345a37e94498b6,M,11.0,0
11.61,11.77,11.82,0.1418,0.012,11.88,0.27,11.715,11.85,11.655,11.8017,11.8,0.1475,0.0125,11.95,0.295,11.7275,11.875,-0.419,0.0627,-0.3254,0.21,0.0,0.3742,3,3,1,1.0,15.0,16.0,5.3451,0,0,0.0,0.0,0.0,-0.6333,0.9292,0.4,-1.15,,,1,1,,2025,2025,2025.0,0,2020,2020,2010,4c3c42f728f998d6,M,11.61,0
15.45,15.51,15.51,0.0849,0.0055,15.57,0.12,15.48,15.54,15.84,15.846,15.846,0.0085,0.0005,15.852,0.012,15.843,15.849,,,,0.0,0.12,0.0,2,1,1,0.0,16.0,16.0,2.0,1,1,0.5,0.12,0.0,-5.6,1.2728,0.0,-5.6,,,1,1,,2024,2024,2024.0,0,2020,2020,2005,7176bd5e2c098ca7,F,14.03,0
11.16,11.3487,11.32,0.1363,0.012,11.57,0.41,11.265,11.42,11.09,11.3356,11.3175,0.1619,0.0143,11.57,0.48,11.2312,11.4538,-0.2443,0.078,-0.2696,0.41,0.17,0.3062,8,7,2,1.0,15.0,16.0,5.9755,1,4,0.5,0.1025,0.125,0.3,0.7572,0.8,-0.55,,,1,1,,2024,2025,2024.875,1,2020,2020,2010,0de3d3899905a02c,M,11.16,0
13.94,13.97,13.97,0.0424,0.003,14.0,0.06,13.955,13.985,14.018,14.021,14.021,0.0042,0.0003,14.024,0.006,14.0195,14.0225,,,,0.0,0.06,0.0,2,1,1,0.0,16.0,16.0,2.0,1,1,0.5,0.06,0.0,-0.85,0.7778,0.0,-0.85,,,1,1,,2024,2024,2024.0,0,2020,2020,2005,9fa7b0b943ccd7e5,F,13.94,0
13.13,13.18,13.18,0.0707,0.0054,13.23,0.1,13.155,13.205,13.1,13.159,13.159,0.0834,0.0063,13.218,0.118,13.1295,13.1885,,,,0.0,0.1,0.0,2,1,1,0.0,16.0,16.0,2.0,1,1,0.5,-0.1,0.0,0.35,0.2121,0.35,0.0,,,1,1,,2024,2024,2024.0,0,2020,2020,2005,06e14be20316eb93,F,13.13,0
13.62,13.645,13.645,0.0354,0.0026,13.67,0.05,13.6325,13.6575,13.62,13.645,13.645,0.0354,0.0026,13.67,0.05,13.6325,13.6575,,,,0.0,0.05,0.0,2,1,1,0.0,16.0,16.0,2.0,1,1,0.5,0.05,1.0,0.0,0.0,0.0,0.0,,,1,1,,2024,2024,2024.0,0,2020,2020,2005,d6c129eee4bac4a7,F,12.95,0
11.23,11.5,11.5,0.3818,0.0332,11.77,0.54,11.365,11.635,11.19,11.485,11.485,0.4172,0.0363,11.78,0.59,11.3375,11.6325,,,,0.54,0.0,2.6653,2,2,1,0.0,16.0,16.0,9.8716,0,0,0.0,0.0,0.0,0.3,0.7071,0.8,-0.2,,,1,1,,2025,2025,2025.0,0,2020,2020,2005,2a4f319f7136ff41,M,11.09,0
13.65,13.74,13.66,0.1473,0.0107,13.91,0.26,13.655,13.785,13.644,13.732,13.69,0.1149,0.0084,13.862,0.218,13.667,13.776,2.2247,0.0412,1.8166,0.0,0.26,0.0,3,3,1,0.0,16.0,16.0,24.35,1,1,0.3333,0.135,0.0,0.1333,0.6506,0.45,-0.5,170.0,60.0,0,0,20.7612,2025,2025,2025.0,0,2020,2020,2005,6f39e6e379bc0724,F,13.65,1
11.81,11.89,11.89,0.1131,0.0095,11.97,0.16,11.85,11.93,11.765,11.865,11.865,0.1414,0.0119,11.965,0.2,11.815,11.915,,,,0.0,0.16,0.0,2,2,1,0.0,16.0,16.0,365.25,1,1,0.5,0.16,0.0,0.5,0.5657,0.5,0.0,174.0,55.0,0,0,18.1662,2022,2022,2022.0,0,2020,2020,2005,163c0dd404d0a598,M,11.61,1
13.49,13.58,13.58,0.1273,0.0094,13.67,0.18,13.535,13.625,13.496,13.655,13.655,0.2249,0.0165,13.814,0.318,13.5755,13.7345,,,,0.18,0.0,65.745,2,2,1,0.0,15.0,15.0,730.5,1,1,0.5,0.18,0.0,-1.25,1.6263,0.0,-1.25,,,1,1,,2019,2019,2019.0,0,2010,2010,2000,c011b77c3d3d03b6,F,13.09,0
13.85,13.966,13.97,0.1193,0.0085,14.14,0.29,13.86,14.01,13.814,13.9648,13.91,0.144,0.0103,14.14,0.326,13.866,14.094,0.1363,0.0901,0.2523,0.0,0.29,0.0,5,3,2,1.0,15.0,15.0,5.1735,1,1,0.2,-0.06,0.2,0.025,1.0532,0.8,-0.75,,,1,1,,2023,2024,2023.6,1,2020,2020,2005,709a0d894c1d5d68,F,13.7,0
12.29,12.505,12.505,0.3041,0.0243,12.72,0.43,12.3975,12.6125,12.28,12.495,12.495,0.3041,0.0243,12.71,0.43,12.3875,12.6025,,,,0.43,0.0,1.0265,2,2,1,0.0,14.0,15.0,4.7745,1,2,1.0,0.0,0.0,0.2,0.0,0.2,0.0,,,1,1,,2023,2023,2023.0,0,2020,2020,2005,84726aa33db7c7ea,M,12.25,0
13.47,13.545,13.545,0.1061,0.0078,13.62,0.15,13.5075,13.5825,13.47,13.542,13.542,0.1018,0.0075,13.614,0.144,13.506,13.578,,,,0.0,0.15,0.0,2,1,1,0.0,14.0,14.0,2.0,1,1,0.5,0.15,0.0,0.05,0.0707,0.1,0.0,175.0,52.0,0,0,16.9796,2019,2019,2019.0,0,2010,2010,2005,c60b7b940555f114,F,12.37,1
13.35,13.445,13.445,0.1344,0.01,13.54,0.19,13.3975,13.4925,13.35,13.418,13.418,0.0962,0.0072,13.486,0.136,13.384,13.452,,,,0.19,0.0,1.6926,2,2,1,0.0,16.0,16.0,17.8171,0,0,0.0,0.0,0.0,0.45,0.6364,0.9,0.0,,,1,1,,2022,2022,2022.0,0,2020,2020,2005,ef88bc104f0bef36,F,13.24,0
12.38,12.4067,12.41,0.0252,0.002,12.43,0.05,12.395,12.42,12.425,12.455,12.455,0.03,0.0024,12.485,0.06,12.44,12.47,-0.0457,0.0123,-0.065,0.03,0.0,0.0355,3,3,2,1.0,15.0,16.0,3.5461,0,0,0.0,0.0,0.0,-0.9667,0.5033,0.0,-0.9667,,,1,1,,2023,2024,2023.3333,1,2020,2020,2005,8e1117d548d3a4ee,M,11.46,0
12.2,12.455,12.505,0.1775,0.0142,12.61,0.41,12.4175,12.5425,12.068,12.4295,12.517,0.2461,0.0198,12.616,0.548,12.389,12.5575,1.1402,0.1343,1.7021,0.0,0.32,0.0,4,3,1,0.0,16.0,16.0,19.2237,1,2,0.5,0.19,0.0,0.425,1.1871,2.2,-0.1667,159.0,48.0,0,0,18.9866,2019,2019,2019.0,0,2010,2010,2000,11abaa34849ce571,F,12.2,1
12.85,12.87,12.87,0.0283,0.0022,12.89,0.04,12.86,12.88,12.88,12.894,12.894,0.0198,0.0015,12.908,0.028,12.887,12.901,,,,0.0,0.04,0.0,2,1,1,0.0,16.0,16.0,2.0,0,0,0.0,0.0,0.0,-0.4,0.1414,0.0,-0.4,,,1,1,,2023,2023,2023.0,0,2020,2020,2005,26b2dea6460abc06,F,12.85,0
13.15,13.4144,13.39,0.1424,0.0106,13.6,0.45,13.36,13.52,13.084,13.4004,13.39,0.1762,0.0132,13.618,0.534,13.318,13.556,0.2595,0.1377,0.3814,0.21,0.0,0.4214,9,7,1,0.0,15.0,16.0,18.0618,1,6,0.6667,0.0183,0.1111,0.2625,0.6948,0.825,-0.3,,,1,1,,2023,2023,2023.0,0,2020,2020,2005,fc9cb6f322cfbc60,F,12.99,0
12.9,12.925,12.925,0.0354,0.0027,12.95,0.05,12.9125,12.9375,12.906,12.922,12.922,0.0226,0.0018,12.938,0.032,12.914,12.93,,,,0.0,0.05,0.0,2,1,1,0.0,15.0,15.0,2.0,1,1,0.5,0.05,0.0,0.05,0.2121,0.2,-0.1,,,1,1,,2022,2022,2022.0,0,2020,2020,2005,b12276df67b078ec,F,12.3,0
12.57,14.0125,13.15,2.1778,0.1554,17.18,4.61,12.585,14.5775,12.57,14.0488,13.2225,2.156,0.1535,17.18,4.61,12.6525,14.6188,1.1719,1.7202,1.2247,0.02,1.14,0.0171,4,4,2,1.0,14.0,15.0,3.4296,0,0,0.0,0.0,0.0,-0.725,0.8846,0.0,-1.45,,,1,1,,2023,2024,2023.5,1,2020,2020,2005,88f47fd6aa6294ba,M,12.08,0
11.31,11.5029,11.4,0.1995,0.0173,11.87,0.56,11.37,11.6,11.205,11.4771,11.4,0.2252,0.0196,11.87,0.665,11.335,11.5975,-0.056,0.1829,0.0222,0.09,0.03,0.0548,7,5,3,2.0,14.0,16.0,4.2613,1,3,0.4286,-0.1933,0.4286,0.9,2.005,2.0,-0.2,178.0,65.0,0,0,20.5151,2023,2025,2024.0,2,2020,2020,2005,be2f88377e0a6dd0,M,11.22,1
12.68,12.8025,12.775,0.1297,0.0101,12.98,0.3,12.725,12.8525,12.656,12.8145,12.811,0.1445,0.0113,12.98,0.324,12.719,12.9065,-1.4124,0.0902,-2.3096,0.06,0.0,0.6641,4,3,1,0.0,16.0,16.0,44.2727,1,1,0.25,-0.235,0.0,-0.2,0.6928,0.4,-1.2,,,1,1,,2023,2023,2023.0,0,2020,2020,2005,4e79f9981fc29d72,F,12.68,0
11.54,11.8233,11.79,0.2489,0.0211,12.2,0.66,11.6425,11.9675,11.52,11.8058,11.7575,0.2506,0.0212,12.19,0.67,11.6412,11.945,-0.1459,0.213,-0.1596,0.66,0.0,0.4531,6,5,3,1.0,14.0,16.0,4.1194,1,5,0.8333,-0.1,0.0,0.35,0.5958,0.46,-0.2,,,1,1,,2023,2025,2024.1667,2,2020,2020,2005,d15815683b08674a,M,11.42,0
11.34,11.8267,12.06,0.4216,0.0356,12.08,0.74,11.7,12.07,11.32,11.8333,12.09,0.4446,0.0376,12.09,0.77,11.705,12.09,-0.7139,0.087,-0.7479,0.74,0.0,0.6674,3,3,2,1.0,15.0,16.0,2.7056,0,0,0.0,0.0,0.0,-0.1333,0.5033,0.4,-0.4,,,1,1,,2024,2025,2024.3333,1,2020,2020,2005,d0d33552a2c4e3a6,M,11.34,0
13.09,13.225,13.225,0.1909,0.0144,13.36,0.27,13.1575,13.2925,13.084,13.207,13.207,0.1739,0.0132,13.33,0.246,13.1455,13.2685,,,,0.27,0.0,2.0126,2,2,1,0.0,16.0,16.0,14.9082,1,2,1.0,0.0,0.0,0.3,0.2828,0.3,0.0,,,1,1,,2024,2024,2024.0,0,2020,2020,2005,22a3fd29620f1cf2,F,12.81,0
13.25,13.3925,13.41,0.104,0.0078,13.5,0.25,13.37,13.4325,13.334,13.43,13.443,0.0745,0.0055,13.5,0.166,13.391,13.482,-0.1192,0.0649,-0.0477,0.16,0.16,0.1526,4,2,2,1.0,14.0,16.0,3.8146,1,1,0.25,-0.035,0.0,-0.625,0.732,0.0,-1.25,,,1,1,,2022,2023,2022.5,1,2020,2020,2005,fcaf3a091d118a1e,F,12.47,0
12.58,12.59,12.59,0.0141,0.0011,12.6,0.02,12.585,12.595,12.575,12.5825,12.5825,0.0106,0.0008,12.59,0.015,12.5788,12.5862,,,,0.02,0.0,0.0635,2,2,1,0.0,15.0,16.0,6.3522,0,0,0.0,0.0,0.0,0.15,0.0707,0.15,0.0,,,1,1,,2024,2024,2024.0,0,2020,2020,2005,5497c4f8290f01e4,M,12.58,0
10.7,10.945,10.955,0.1943,0.0178,11.17,0.47,10.865,11.035,10.595,10.9425,10.9425,0.2839,0.0259,11.29,0.695,10.8462,11.0388,-0.611,0.0655,-0.8485,0.29,0.0,0.4666,4,3,2,1.0,15.0,16.0,6.4361,1,1,0.25,-0.06,0.0,0.05,1.8877,1.4,-1.3,,,1,1,,2023,2024,2023.25,1,2020,2020,2005,7b0cd46d9857ba5c,M,10.52,0
11.93,12.075,12.075,0.2051,0.017,12.22,0.29,12.0025,12.1475,11.905,12.0575,12.0575,0.2157,0.0179,12.21,0.305,11.9812,12.1338,,,,0.0,0.29,0.0,2,2,1,0.0,16.0,16.0,17.3929,0,0,0.0,0.0,0.0,0.35,0.2121,0.35,0.0,,,1,1,,2022,2022,2022.0,0,2020,2020,2005,69e824b25b04d7b9,M,11.93,0
13.17,13.175,13.175,0.0071,0.0005,13.18,0.01,13.1725,13.1775,13.146,13.199,13.199,0.075,0.0057,13.252,0.106,13.1725,13.2255,,,,0.01,0.0,0.0913,2,2,1,0.0,16.0,16.0,18.2625,1,1,0.5,-0.01,0.0,-0.4,1.1314,0.4,-1.2,,,1,1,,2025,2025,2025.0,0,2020,2020,2005,09c4317991fe5672,F,13.08,0
13.92,14.015,14.015,0.1344,0.0096,14.11,0.19,13.9675,14.0625,13.878,13.988,13.988,0.1556,0.0111,14.098,0.22,13.933,14.043,,,,0.19,0.0,5.7831,2,2,1,0.0,16.0,16.0,60.875,1,1,0.5,0.19,0.0,0.45,0.3536,0.45,0.0,,,1,1,,2023,2023,2023.0,0,2020,2020,2005,e7dd4ccbeaf8d9e4,F,13.92,0
11.68,11.8,11.805,0.0949,0.008,11.91,0.23,11.7625,11.8425,11.695,11.7962,11.795,0.0838,0.0071,11.9,0.205,11.7663,11.825,-0.0037,0.0822,0.0012,0.11,0.23,0.1913,4,4,1,1.0,15.0,16.0,6.9571,1,1,0.25,-0.1467,0.0,0.075,0.4113,0.4,-0.25,,,1,1,,2024,2024,2024.0,0,2020,2020,2005,2035a22d56f4dfbb,M,11.61,0
11.5,11.765,11.675,0.2694,0.0229,12.25,0.75,11.615,11.84,11.47,11.7575,11.6525,0.2894,0.0246,12.28,0.81,11.61,11.8338,-0.5031,0.0925,-0.5406,0.75,0.11,0.643,6,4,2,1.0,15.0,16.0,5.1444,1,3,0.5,0.19,0.0,0.15,0.501,0.4,-0.35,,,1,1,,2023,2024,2023.6667,1,2020,2020,2005,da927992fa29a39d,M,11.27,0
12.76,12.8533,12.89,0.0814,0.0063,12.91,0.15,12.825,12.9,12.682,12.8273,12.878,0.1278,0.01,12.922,0.24,12.78,12.9,0.4012,0.0526,0.6693,0.0,0.15,0.0,3,3,1,0.0,15.0,15.0,13.8703,1,1,0.3333,-0.055,0.0,0.4333,0.7767,0.75,-0.2,168.0,52.0,0,0,18.424,2023,2023,2023.0,0,2020,2020,2005,f8910ed10b1476db,F,12.58,1
13.24,13.385,13.385,0.2051,0.0153,13.53,0.29,13.3125,13.4575,13.324,13.481,13.481,0.222,0.0165,13.638,0.314,13.4025,13.5595,,,,0.0,0.29,0.0,2,1,1,0.0,15.0,15.0,2.0,1,1,0.5,-0.29,0.0,-1.6,0.2828,0.0,-1.6,,,1,1,,2023,2023,2023.0,0,2020,2020,2005,a774b98dc6da4dc1,F,13.24,0
12.01,12.13,12.13,0.1697,0.014,12.25,0.24,12.07,12.19,11.99,12.12,12.12,0.1838,0.0152,12.25,0.26,12.055,12.185,,,,0.24,0.0,1.5379,2,2,1,0.0,16.0,16.0,12.8158,0,0,0.0,0.0,0.5,0.4,0.0,0.4,0.0,,,1,1,,2023,2023,2023.0,0,2020,2020,2005,e58ee21ad0069ba3,M,11.68,0
13.05,13.14,13.14,0.1273,0.0097,13.23,0.18,13.095,13.185,13.116,13.173,13.173,0.0806,0.0061,13.23,0.114,13.1445,13.2015,,,,0.18,0.0,1.1534,2,2,1,0.0,16.0,16.0,12.8158,0,0,0.0,0.0,0.5,-1.1,0.0,0.0,-1.1,,,1,1,,2023,2023,2023.0,0,2020,2020,2005,907d7977fd3cb971,F,12.68,0
13.48,13.615,13.615,0.1909,0.014,13.75,0.27,13.5475,13.6825,13.486,13.618,13.618,0.1867,0.0137,13.75,0.264,13.552,13.684,,,,0.27,0.0,1.6715,2,2,1,0.0,15.0,16.0,12.3814,1,1,0.5,-0.27,0.0,-0.05,0.0707,0.0,-0.1,,,1,1,,2025,2025,2025.0,0,2020,2020,2005,2474954f8f765439,F,13.48,0
10.88,10.935,10.935,0.0778,0.0071,10.99,0.11,10.9075,10.9625,10.815,10.8875,10.8875,0.1025,0.0094,10.96,0.145,10.8512,10.9238,,,,0.0,0.11,0.0,2,1,1,0.0,16.0,16.0,2.0,1,1,0.5,0.11,0.0,0.95,0.495,0.95,0.0,,,1,1,,2024,2024,2024.0,0,2020,2020,2005,7be8a2d576078ddd,M,10.8,0
13.07,13.095,13.09,0.0265,0.002,13.13,0.06,13.0775,13.1075,13.04,13.0815,13.078,0.0375,0.0029,13.13,0.09,13.0625,13.097,-0.487,0.0206,-1.2905,0.01,0.03,0.2435,4,2,1,0.0,16.0,16.0,97.4,1,2,0.5,-0.04,0.0,0.225,0.3202,0.5,-0.1,,,1,1,,2023,2023,2023.0,0,2020,2020,2005,ca5831f15e3ad7ad,F,12.42,0
12.69,13.1444,12.96,0.4008,0.0305,13.85,1.16,12.83,13.45,12.666,13.1304,13.026,0.4112,0.0313,13.832,1.166,12.78,13.444,-0.4386,0.1795,-0.4805,0.76,0.12,0.3577,9,5,3,2.0,14.0,15.0,4.2361,1,4,0.4444,0.1025,0.0,0.2333,0.6745,0.5333,-1.1,,,1,1,,2023,2025,2024.1111,2,2020,2020,2005,5009e4e713e2df4c,F,12.69,0
11.76,11.775,11.775,0.0212,0.0018,11.79,0.03,11.7675,11.7825,11.76,11.825,11.825,0.0919,0.0078,11.89,0.13,11.7925,11.8575,,,,0.0,0.03,0.0,2,2,1,0.0,16.0,16.0,26.0893,1,1,0.5,0.03,0.5,-2.0,0.0,0.0,-2.0,,,1,1,,2024,2024,2024.0,0,2020,2020,2005,e85ca1c7eaa054e7,M,11.24,0
13.07,13.235,13.235,0.2333,0.0176,13.4,0.33,13.1525,13.3175,12.992,13.205,13.205,0.3012,0.0228,13.418,0.426,13.0985,13.3115,,,,0.33,0.0,0.9063,2,2,1,0.0,16.0,16.0,5.4925,1,2,1.0,0.0,0.0,0.5,1.1314,1.3,-0.3,,,1,1,,2022,2022,2022.0,0,2020,2020,2005,6916d32034cabb79,F,12.69,0
13.33,13.665,13.665,0.4738,0.0347,14.0,0.67,13.4975,13.8325,13.36,13.674,13.674,0.4441,0.0325,13.988,0.628,13.517,13.831,,,,0.67,0.0,6.614,2,2,1,0.0,15.0,16.0,19.7432,1,2,1.0,0.0,0.0,-0.15,0.495,0.2,-0.5,,,1,1,,2023,2023,2023.0,0,2020,2020,2005,29c55b4f24c8407a,F,12.82,0
13.17,13.3525,13.25,0.2611,0.0196,13.74,0.57,13.23,13.3725,13.158,13.3375,13.232,0.2627,0.0197,13.728,0.57,13.209,13.3605,-0.4031,0.052,-0.4112,0.57,0.08,0.4678,4,4,2,1.0,15.0,16.0,3.2831,1,3,0.75,-0.1367,0.0,0.25,0.1,0.25,0.0,,,1,1,,2022,2023,2022.75,1,2020,2020,2005,a3504fef34fcf2ca,F,12.19,0
13.29,13.37,13.37,0.1131,0.0085,13.45,0.16,13.33,13.41,13.32,13.451,13.451,0.1853,0.0138,13.582,0.262,13.3855,13.5165,,,,0.0,0.16,0.0,2,1,1,0.0,15.0,15.0,2.0,1,1,0.5,0.16,0.0,-1.35,1.2021,0.0,-1.35,,,1,1,,2023,2023,2023.0,0,2020,2020,2005,c6b5447ff7ae0919,F,13.2,0
11.52,11.64,11.59,0.1513,0.013,11.81,0.29,11.555,11.7,11.47,11.6067,11.565,0.1616,0.0139,11.785,0.315,11.5175,11.675,5.4787,0.0286,5.7473,0.0,0.29,0.0,3,2,1,0.0,15.0,15.0,64.4559,1,1,0.3333,0.075,0.0,0.6667,0.2887,0.6667,0.0,,,1,1,,2024,2024,2024.0,0,2020,2020,2005,11c94d76ccdeaf03,M,11.44,0
12.26,12.265,12.265,0.0071,0.0006,12.27,0.01,12.2625,12.2675,12.228,12.289,12.289,0.0863,0.007,12.35,0.122,12.2585,12.3195,,,,0.0,0.01,0.0,2,1,1,0.0,16.0,16.0,2.0,1,1,0.5,0.01,0.0,-0.4,1.5556,0.7,-1.5,,,1,1,,2025,2025,2025.0,0,2020,2020,2005,f15f2d10c64c8098,F,12.22,0
11.77,11.82,11.82,0.0707,0.006,11.87,0.1,11.795,11.845,11.78,11.805,11.805,0.0354,0.003,11.83,0.05,11.7925,11.8175,,,,0.1,0.0,0.2372,2,2,1,0.0,15.0,16.0,4.7435,1,1,0.5,0.1,0.0,0.3,0.7071,0.8,-0.2,,,1,1,,2023,2023,2023.0,0,2020,2020,2005,7853b105e3f0a3af,M,11.39,0
11.89,11.9733,11.92,0.1193,0.01,12.11,0.22,11.905,12.015,11.845,11.94,11.88,0.1354,0.0113,12.095,0.25,11.8625,11.9875,-0.8606,0.0122,-0.9761,0.22,0.03,0.9236,3,2,1,0.0,15.0,15.0,12.5948,1,2,0.6667,-0.08,0.0,0.6667,0.3215,0.6667,0.0,,,1,1,,2022,2022,2022.0,0,2020,2020,2005,b6135a0216289de7,M,11.63,0
12.95,13.01,13.01,0.0849,0.0065,13.07,0.12,12.98,13.04,12.865,12.96,12.96,0.1344,0.0104,13.055,0.19,12.9125,13.0075,,,,0.0,0.12,0.0,2,2,1,1.0,15.0,15.0,3.3054,1,1,0.5,-0.12,0.0,1.0,0.9899,1.0,0.0,,,1,1,,2023,2023,2023.0,0,2020,2020,2005,920f7e02e680b9ff,M,12.95,0
12.06,12.18,12.18,0.1697,0.0139,12.3,0.24,12.12,12.24,12.075,12.1725,12.1725,0.1379,0.0113,12.27,0.195,12.1238,12.2213,,,,0.24,0.0,1.3697,2,2,1,0.0,16.0,16.0,11.4141,0,0,0.0,0.0,0.0,0.15,0.6364,0.6,-0.3,,,1,1,,2023,2023,2023.0,0,2020,2020,2005,8ed9643e2727c4b8,M,11.71,0
11.74,11.865,11.865,0.1768,0.0149,11.99,0.25,11.8025,11.9275,11.72,11.855,11.855,0.1909,0.0161,11.99,0.27,11.7875,11.9225,,,,0.25,0.0,2.0753,2,2,1,0.0,16.0,16.0,16.6023,0,0,0.0,0.0,0.0,0.2,0.2828,0.4,0.0,,,1,1,,2023,2023,2023.0,0,2020,2020,2005,01627a15c6bfb6be,M,11.74,0
13.4,13.445,13.445,0.0636,0.0047,13.49,0.09,13.4225,13.4675,13.322,13.403,13.403,0.1146,0.0085,13.484,0.162,13.3625,13.4435,,,,0.09,0.0,32.8725,2,2,1,0.0,15.0,15.0,730.5,1,1,0.5,0.09,0.0,0.7,0.8485,0.7,0.0,,,1,1,,2022,2022,2022.0,0,2020,2020,2005,aad3cd686f6e8f18,F,12.98,0
11.52,11.63,11.55,0.1652,0.0142,11.82,0.3,11.535,11.685,11.52,11.63,11.555,0.1612,0.0139,11.815,0.295,11.5375,11.685,-0.5022,0.1102,-0.5022,0.03,0.0,0.0913,3,2,2,0.0,15.0,15.0,9.1312,1,1,0.3333,0.12,0.3333,0.0,0.1414,0.1,-0.1,,,1,1,,2023,2024,2023.3333,1,2020,2020,2005,5c6334717d442df5,M,10.92,0
13.22,13.6425,13.63,0.3787,0.0278,14.09,0.87,13.4075,13.865,13.142,13.65,13.624,0.4606,0.0337,14.21,1.068,13.37,13.904,0.5393,0.1381,0.6453,0.0,0.87,0.0,4,2,2,1.0,15.0,15.0,3.6253,1,2,0.5,-0.025,0.0,-0.125,1.3937,0.85,-1.1,,,1,1,,2019,2020,2019.5,1,2010,2010,2005,bc292339b8424e0d,F,13.22,0
13.62,13.635,13.635,0.0212,0.0016,13.65,0.03,13.6275,13.6425,13.59,13.626,13.626,0.0509,0.0037,13.662,0.072,13.608,13.644,,,,0.0,0.03,0.0,2,1,1,0.0,15.0,15.0,2.0,0,0,0.0,0.0,0.0,0.15,0.495,0.5,-0.2,,,1,1,,2023,2023,2023.0,0,2020,2020,2005,559e32b89399b568,F,13.24,0
13.11,13.18,13.18,0.099,0.0075,13.25,0.14,13.145,13.215,13.122,13.171,13.171,0.0693,0.0053,13.22,0.098,13.1465,13.1955,,,,0.0,0.14,0.0,2,1,1,0.0,15.0,15.0,2.0,0,0,0.0,0.0,0.0,0.15,0.495,0.5,-0.2,,,1,1,,2023,2023,2023.0,0,2020,2020,2005,297f8eda77fba2ff,F,13.11,0
12.31,12.48,12.48,0.2404,0.0193,12.65,0.34,12.395,12.565,12.16,12.384,12.384,0.3168,0.0256,12.608,0.448,12.272,12.496,,,,0.0,0.34,0.0,2,1,1,0.0,16.0,16.0,2.0,1,1,0.5,0.34,0.0,1.6,1.2728,1.6,0.0,,,1,1,,2023,2023,2023.0,0,2020,2020,2005,9d5ad9746833d504,F,12.21,0
13.46,13.565,13.565,0.1485,0.0109,13.67,0.21,13.5125,13.6175,13.43,13.52,13.52,0.1273,0.0094,13.61,0.18,13.475,13.565,,,,0.0,0.21,0.0,2,1,1,0.0,15.0,15.0,2.0,0,0,0.0,0.0,0.0,0.75,0.3536,0.75,0.0,,,1,1,,2023,2023,2023.0,0,2020,2020,2005,ac7274ec0397fbce,F,13.46,0
12.31,12.48,12.48,0.2404,0.0193,12.65,0.34,12.395,12.565,12.16,12.384,12.384,0.3168,0.0256,12.608,0.448,12.272,12.496,,,,0.0,0.34,0.0,2,1,1,0.0,16.0,16.0,2.0,1,1,0.5,0.34,0.0,1.6,1.2728,1.6,0.0,,,1,1,,2023,2023,2023.0,0,2020,2020,2005,2e45a538e0a54678,F,12.21,0
11.15,11.5992,11.53,0.2984,0.0257,11.96,0.81,11.37,11.88,11.14,11.5804,11.595,0.287,0.0248,11.94,0.8,11.4,11.86,-0.3712,0.136,-0.3348,0.63,0.33,0.3205,13,5,3,2.0,13.0,15.0,6.6132,1,4,0.3077,0.074,0.0,0.3769,1.0994,1.0286,-0.575,,,1,1,,2022,2024,2022.7692,2,2020,2020,2005,6d4718a0ec3c6a53,M,11.0,0
12.24,12.365,12.365,0.1768,0.0143,12.49,0.25,12.3025,12.4275,12.25,12.3825,12.3825,0.1874,0.0151,12.515,0.265,12.3162,12.4488,,,,0.0,0.25,0.0,2,2,1,0.0,16.0,16.0,9.74,0,0,0.0,0.0,0.0,-0.35,0.2121,0.0,-0.35,,,1,1,,2023,2023,2023.0,0,2020,2020,2005,2151544dc2061082,M,11.86,0
11.72,11.875,11.875,0.2192,0.0185,12.03,0.31,11.7975,11.9525,11.75,11.8975,11.8975,0.2086,0.0175,12.045,0.295,11.8238,11.9712,,,,0.31,0.0,0.9846,2,2,1,0.0,15.0,16.0,6.3522,0,0,0.0,0.0,0.0,-0.45,0.2121,0.0,-0.45,,,1,1,,2024,2024,2024.0,0,2020,2020,2005,cb158df9145b03ed,M,11.64,0
12.9,12.965,12.965,0.0919,0.0071,13.03,0.13,12.9325,12.9975,12.864,12.953,12.953,0.1259,0.0097,13.042,0.178,12.9085,12.9975,,,,0.0,0.13,0.0,2,1,1,0.0,15.0,15.0,2.0,0,0,0.0,0.0,0.0,0.2,0.5657,0.6,-0.2,,,1,1,,2023,2023,2023.0,0,2020,2020,2005,141a08a6ced55b64,F,12.86,0
12.66,12.7067,12.72,0.0416,0.0033,12.74,0.08,12.69,12.73,12.66,12.7067,12.72,0.0416,0.0033,12.74,0.08,12.69,12.73,0.1141,0.0294,0.1141,0.06,0.08,0.1712,3,3,1,0.0,16.0,16.0,8.5605,1,2,0.6667,-0.07,0.3333,0.0,0.0,0.0,0.0,,,1,1,,2024,2024,2024.0,0,2020,2020,2005,a854483ee74c9580,F,12.43,0
13.41,13.43,13.43,0.0283,0.0021,13.45,0.04,13.42,13.44,13.45,13.463,13.463,0.0184,0.0014,13.476,0.026,13.4565,13.4695,,,,0.04,0.0,0.2563,2,2,1,0.0,16.0,16.0,12.8158,0,0,0.0,0.0,0.5,-1.1,0.0,0.0,-1.1,,,1,1,,2023,2023,2023.0,0,2020,2020,2005,827a0b956d0e845e,F,13.09,0
13.22,13.405,13.405,0.2616,0.0195,13.59,0.37,13.3125,13.4975,13.16,13.426,13.426,0.3762,0.028,13.692,0.532,13.293,13.559,,,,0.0,0.37,0.0,2,2,1,0.0,16.0,16.0,6.0372,1,1,0.5,0.37,0.0,-0.35,1.9092,1.0,-1.7,,,1,1,,2023,2023,2023.0,0,2020,2020,2005,23f8633ba8dab64b,F,12.89,0
11.9,11.92,11.92,0.0283,0.0024,11.94,0.04,11.91,11.93,11.92,11.955,11.955,0.0495,0.0041,11.99,0.07,11.9375,11.9725,,,,0.0,0.04,0.0,2,1,1,0.0,15.0,15.0,2.0,0,0,0.0,0.0,0.0,-0.7,0.4243,0.0,-0.7,,,1,1,,2023,2023,2023.0,0,2020,2020,2005,f6da80bd30c0d338,M,11.83,0
11.91,12.09,12.07,0.1918,0.0159,12.31,0.4,11.94,12.22,11.915,12.0588,12.01,0.1808,0.015,12.3,0.385,11.9225,12.1462,1.5584,0.0447,1.3514,0.0,0.4,0.0,4,2,1,0.0,15.0,15.0,19.48,1,2,0.5,0.08,0.0,0.625,0.8846,0.8667,-0.1,,,1,1,,2023,2023,2023.0,0,2020,2020,2005,d9d69bca15f02b54,M,11.79,0
13.11,13.13,13.13,0.0283,0.0022,13.15,0.04,13.12,13.14,13.084,13.091,13.091,0.0099,0.0008,13.098,0.014,13.0875,13.0945,,,,0.0,0.04,0.0,2,2,1,0.0,15.0,15.0,38.4474,0,0,0.0,0.0,0.0,0.65,0.6364,0.65,0.0,,,1,1,,2022,2022,2022.0,0,2020,2020,2005,753dce711f7a0fc2,F,12.55,0
11.76,11.76,11.76,0.0,0.0,11.76,0.0,11.76,11.76,11.675,11.73,11.73,0.0778,0.0066,11.785,0.11,11.7025,11.7575,,,,0.0,0.0,0.0,2,2,2,1.0,15.0,15.0,1.7602,0,0,0.0,0.0,0.0,0.6,1.5556,1.7,-0.5,,,1,1,,2023,2024,2023.5,1,2020,2020,2005,37a90192b353d2a1,M,11.35,0
13.19,13.44,13.44,0.3536,0.0263,13.69,0.5,13.315,13.565,13.19,13.44,13.44,0.3536,0.0263,13.69,0.5,13.315,13.565,,,,0.0,0.5,0.0,2,2,1,0.0,15.0,15.0,14.0481,1,1,0.5,0.5,1.0,0.0,0.0,0.0,0.0,166.0,63.0,0,0,22.8625,2024,2024,2024.0,0,2020,2020,2005,7da4eff42aca5ec1,F,13.19,1
11.25,11.285,11.285,0.0495,0.0044,11.32,0.07,11.2675,11.3025,11.2,11.235,11.235,0.0495,0.0044,11.27,0.07,11.2175,11.2525,,,,0.0,0.07,0.0,2,1,1,0.0,16.0,16.0,2.0,1,1,0.5,-0.07,0.0,1.0,0.0,1.0,0.0,,,1,1,,2021,2021,2021.0,0,2020,2020,2005,90a0234263cf0aeb,M,11.0,0
12.68,12.94,12.94,0.1619,0.0125,13.27,0.59,12.85,13.015,12.566,12.9405,12.962,0.1894,0.0146,13.27,0.704,12.871,13.018,-0.1196,0.1359,-0.1061,0.35,0.42,0.2542,11,8,2,1.0,13.0,14.0,7.9876,1,5,0.4545,0.076,0.0,-0.0091,0.8179,1.0,-0.5167,,,1,1,,2024,2025,2024.6364,1,2020,2020,2010,9b3165de88d75395,F,12.68,0
11.51,11.555,11.555,0.0636,0.0055,11.6,0.09,11.5325,11.5775,11.55,11.61,11.61,0.0849,0.0073,11.67,0.12,11.58,11.64,,,,0.0,0.09,0.0,2,2,1,0.0,16.0,16.0,146.1,1,1,0.5,0.09,0.0,-1.1,0.4243,0.0,-1.1,,,1,1,,2023,2023,2023.0,0,2020,2020,2005,7a53668d70344baf,M,11.27,0
13.19,13.195,13.195,0.0071,0.0005,13.2,0.01,13.1925,13.1975,13.244,13.255,13.255,0.0156,0.0012,13.266,0.022,13.2495,13.2605,,,,0.0,0.01,0.0,2,1,1,0.0,14.0,14.0,2.0,0,0,0.0,0.0,0.0,-1.0,0.1414,0.0,-1.0,,,1,1,,2023,2023,2023.0,0,2020,2020,2005,1511a57939d24d94,F,12.32,0
11.73,11.775,11.775,0.0636,0.0054,11.82,0.09,11.7525,11.7975,11.735,11.805,11.805,0.099,0.0084,11.875,0.14,11.77,11.84,,,,0.0,0.09,0.0,2,2,1,0.0,15.0,15.0,6.3522,0,0,0.0,0.0,0.0,-0.6,0.7071,0.0,-0.6,,,1,1,,2024,2024,2024.0,0,2020,2020,2005,efa437d96a455ea1,M,11.2,0
11.96,12.0875,12.08,0.1245,0.0103,12.23,0.27,11.9975,12.17,11.945,12.0862,12.075,0.1473,0.0122,12.25,0.305,11.9713,12.19,0.8228,0.0334,0.9934,0.0,0.27,0.0,4,2,1,0.0,15.0,15.0,16.0549,1,2,0.5,0.065,0.0,0.025,0.5058,0.45,-0.4,,,1,1,,2023,2023,2023.0,0,2020,2020,2005,1b02d893a1ade088,M,11.68,0
11.88,12.004,11.96,0.1426,0.0119,12.25,0.37,11.95,11.98,11.865,12.036,12.0,0.1731,0.0144,12.325,0.46,11.96,12.03,-0.7156,0.1082,-0.9607,0.37,0.1,1.4851,5,5,1,0.0,14.0,14.0,20.0687,1,4,0.8,-0.03,0.0,-0.64,0.7829,0.3,-0.875,,,1,1,,2025,2025,2025.0,0,2020,2020,2010,18f9bc2202217a23,M,11.88,0
13.64,13.715,13.705,0.0835,0.0061,13.81,0.17,13.6475,13.7725,13.602,13.727,13.712,0.1173,0.0085,13.882,0.28,13.6665,13.7725,0.018,0.0722,-0.1909,0.17,0.12,0.4467,4,3,1,0.0,15.0,15.0,10.5108,1,1,0.25,0.0867,0.0,-0.2,0.9522,0.6,-1.0,,,1,1,,2022,2022,2022.0,0,2020,2020,2005,89ce665b41535682,F,13.23,0
12.5,12.665,12.665,0.2333,0.0184,12.83,0.33,12.5825,12.7475,12.425,12.615,12.615,0.2687,0.0213,12.805,0.38,12.52,12.71,,,,0.33,0.0,0.5479,2,2,2,1.0,15.0,16.0,3.3205,1,1,0.5,-0.33,0.0,1.0,0.7071,1.0,0.0,,,1,1,,2022,2023,2022.5,1,2020,2020,2005,ddebbf5da1f8ebd6,M,11.85,0
13.49,13.51,13.51,0.0283,0.0021,13.53,0.04,13.5,13.52,13.496,13.516,13.516,0.0283,0.0021,13.536,0.04,13.506,13.526,,,,0.0,0.04,0.0,2,1,1,0.0,16.0,16.0,2.0,1,1,0.5,-0.04,0.0,-0.1,0.0,0.0,-0.1,,,1,1,,2022,2022,2022.0,0,2020,2020,2005,66e926b98e2cd265,F,12.99,0
13.43,13.59,13.57,0.1709,0.0126,13.77,0.34,13.5,13.67,13.376,13.568,13.57,0.191,0.0141,13.758,0.382,13.473,13.664,-1.0063,0.0572,-1.0622,0.34,0.14,1.2672,3,2,1,0.0,15.0,16.0,11.1811,1,1,0.3333,0.03,0.0,0.3667,0.4726,0.55,0.0,,,1,1,,2022,2022,2022.0,0,2020,2020,2005,7fff7941da08e2f8,F,13.3,0
11.48,11.7422,11.81,0.1865,0.0159,11.99,0.51,11.56,11.83,11.44,11.7189,11.785,0.2105,0.018,11.995,0.555,11.545,11.85,-0.3782,0.1028,-0.4071,0.2,0.08,0.2087,9,3,2,1.0,15.0,15.0,9.3921,1,3,0.3333,-0.0067,0.0,0.4667,0.7714,0.7571,-0.55,,,1,1,,2022,2023,2022.3333,1,2020,2020,2005,7c0f7c41216548e8,M,11.35,0
13.19,13.2725,13.205,0.1452,0.0109,13.49,0.3,13.1975,13.28,13.166,13.289,13.241,0.1539,0.0116,13.508,0.342,13.1915,13.3385,-0.4507,0.1032,-0.4034,0.01,0.02,0.0312,4,3,1,0.0,15.0,16.0,12.4872,1,2,0.5,-0.135,0.0,-0.275,0.6801,0.4,-0.75,,,1,1,,2024,2024,2024.0,0,2020,2020,2005,354ebc6eae749316,F,13.19,0
13.44,13.5,13.5,0.0849,0.0063,13.56,0.12,13.47,13.53,13.44,13.512,13.512,0.1018,0.0075,13.584,0.144,13.476,13.548,,,,0.0,0.12,0.0,2,2,1,0.0,15.0,15.0,12.8158,0,0,0.0,0.0,0.5,-0.4,0.0,0.0,-0.4,,,1,1,,2023,2023,2023.0,0,2020,2020,2005,757d2efd5f7a1ad2,F,13.44,0
12.93,13.198,13.31,0.2172,0.0165,13.41,0.48,13.0,13.34,12.894,13.168,13.268,0.2161,0.0164,13.416,0.522,12.994,13.268,-0.4509,0.0792,-0.4029,0.38,0.07,0.4506,5,3,2,1.0,15.0,16.0,5.9294,1,3,0.6,-0.0467,0.0,0.5,0.5148,0.65,-0.1,,,1,1,,2023,2024,2023.4,1,2020,2020,2005,6d022a434d58c38b,F,12.92,0
11.79,11.8,11.8,0.0141,0.0012,11.81,0.02,11.795,11.805,11.78,11.825,11.825,0.0636,0.0054,11.87,0.09,11.8025,11.8475,,,,0.0,0.02,0.0,2,2,1,0.0,16.0,16.0,146.1,1,1,0.5,0.02,0.0,-0.5,0.9899,0.2,-1.2,,,1,1,,2023,2023,2023.0,0,2020,2020,2005,3842d0bd6587caa3,M,11.46,0
11.51,12.1333,12.36,0.5465,0.045,12.53,1.02,11.935,12.445,11.495,12.105,12.325,0.5351,0.0442,12.495,1.0,11.91,12.41,-0.8985,0.0673,-0.8802,1.02,0.0,0.8684,3,3,2,1.0,15.0,16.0,2.5542,1,1,0.3333,-0.595,0.0,0.5667,0.2309,0.5667,0.0,,,1,1,,2022,2023,2022.3333,1,2020,2020,2005,6a93ddd0172cfc24,M,11.01,0
11.84,11.9767,12.01,0.1234,0.0103,12.08,0.24,11.925,12.045,11.815,11.98,12.03,0.1465,0.0122,12.095,0.28,11.9225,12.0625,-0.7719,0.0286,-0.932,0.17,0.0,0.6401,3,2,1,0.0,15.0,15.0,11.2964,0,0,0.0,0.0,0.0,-0.0667,0.4933,0.5,-0.35,,,1,1,,2022,2022,2022.0,0,2020,2020,2005,dc1ddaafeba1b763,M,11.65,0
12.81,13.345,13.27,0.3784,0.0284,13.92,1.11,13.21,13.525,12.81,13.335,13.249,0.3874,0.0291,13.956,1.146,13.1935,13.4905,-0.2292,0.3283,-0.214,0.43,0.0,0.2649,6,5,3,2.0,14.0,16.0,3.6956,1,3,0.5,-0.2833,0.0,0.1667,0.4502,0.4,-0.6,,,1,1,,2022,2024,2023.0,2,2020,2020,2005,0a7968c3321978ec,F,12.13,0
13.23,13.66,13.61,0.4571,0.0335,14.14,0.91,13.42,13.875,13.188,13.682,13.628,0.5231,0.0382,14.23,1.042,13.408,13.929,2.2649,0.1526,2.5859,0.0,0.91,0.0,3,3,1,0.0,15.0,15.0,9.3654,1,1,0.3333,0.075,0.0,-0.3667,1.1015,0.7,-0.9,,,1,1,,2024,2024,2024.0,0,2020,2020,2005,56a44086e1d78d1f,F,13.23,0
12.82,13.015,13.025,0.1696,0.013,13.25,0.43,12.875,13.115,12.824,13.012,12.986,0.1712,0.0132,13.25,0.426,12.8825,13.13,-1.0779,0.0773,-1.1818,0.32,0.01,1.1572,6,3,1,0.0,15.0,16.0,21.698,1,1,0.1667,-0.26,0.0,0.05,0.5822,0.4667,-0.55,,,1,1,,2023,2023,2023.0,0,2020,2020,2005,e9dd26d346499fe2,F,12.66,0
11.25,11.33,11.33,0.1131,0.01,11.41,0.16,11.29,11.37,11.325,11.4,11.4,0.1061,0.0093,11.475,0.15,11.3625,11.4375,,,,0.16,0.0,0.1821,2,2,2,1.0,14.0,15.0,2.2757,0,0,0.0,0.0,0.0,-1.4,0.1414,0.0,-1.4,,,1,1,,2023,2024,2023.5,1,2020,2020,2005,0351fcef37b6e82a,M,10.9,0
11.42,11.515,11.515,0.1344,0.0117,11.61,0.19,11.4675,11.5625,11.415,11.54,11.54,0.1768,0.0153,11.665,0.25,11.4775,11.6025,,,,0.0,0.19,0.0,2,1,1,0.0,16.0,16.0,2.0,0,0,0.0,0.0,0.0,-0.5,0.8485,0.1,-1.1,,,1,1,,2023,2023,2023.0,0,2020,2020,2005,d3039a4b350cfda7,M,11.42,0
11.93,11.95,11.95,0.0283,0.0024,11.97,0.04,11.94,11.96,11.76,11.865,11.865,0.1485,0.0125,11.97,0.21,11.8125,11.9175,,,,0.0,0.04,0.0,2,2,2,1.0,15.0,15.0,1.7774,1,1,0.5,-0.04,0.5,3.4,0.0,3.4,0.0,179.0,55.0,0,0,17.1655,2023,2024,2023.5,1,2020,2020,2005,48cace88e3f82e0c,M,11.87,1
11.05,11.145,11.145,0.1344,0.0121,11.24,0.19,11.0975,11.1925,11.02,11.125,11.125,0.1485,0.0133,11.23,0.21,11.0725,11.1775,,,,0.0,0.19,0.0,2,2,1,0.0,16.0,16.0,730.5,1,1,0.5,0.0,0.0,0.4,0.2828,0.4,0.0,,,1,1,,2023,2023,2023.0,0,2020,2020,2005,d36a8efe56749401,M,10.82,0
11.68,11.72,11.73,0.0361,0.0031,11.75,0.07,11.705,11.74,11.58,11.6733,11.715,0.081,0.0069,11.725,0.145,11.6475,11.72,-0.0522,0.0286,-0.2174,0.05,0.07,0.1739,3,2,1,0.0,15.0,15.0,10.4357,1,2,0.6667,0.045,0.0,0.9333,0.9292,0.9333,0.0,,,1,1,,2024,2024,2024.0,0,2020,2020,2005,1fbb034ed61737ac,M,11.61,0
11.69,11.81,11.81,0.1697,0.0144,11.93,0.24,11.75,11.87,11.69,11.81,11.81,0.1697,0.0144,11.93,0.24,11.75,11.87,,,,0.24,0.0,14.61,2,2,1,0.0,16.0,16.0,121.75,1,1,0.5,0.24,1.0,0.0,0.0,0.0,0.0,,,1,1,,2024,2024,2024.0,0,2020,2020,2005,119eb70fcf61afbd,M,11.69,0
13.33,13.36,13.36,0.0424,0.0032,13.39,0.06,13.345,13.375,13.33,13.36,13.36,0.0424,0.0032,13.39,0.06,13.345,13.375,,,,0.0,0.06,0.0,2,1,1,0.0,15.0,15.0,2.0,1,1,0.5,0.06,0.0,0.0,0.0,0.0,0.0,,,1,1,,2022,2022,2022.0,0,2020,2020,2005,0001cf6c22609b80,F,12.82,0
13.5,13.565,13.565,0.0919,0.0068,13.63,0.13,13.5325,13.5975,13.488,13.574,13.574,0.1216,0.009,13.66,0.172,13.531,13.617,,,,0.0,0.13,0.0,2,2,1,0.0,15.0,15.0,19.7432,1,2,1.0,0.0,0.0,-0.15,0.495,0.2,-0.5,,,1,1,,2023,2023,2023.0,0,2020,2020,2005,4ec46265af6221b9,F,13.5,0
11.56,11.9433,12.09,0.335,0.0281,12.18,0.62,11.825,12.135,11.57,11.9517,12.12,0.3313,0.0277,12.165,0.595,11.845,12.1425,-0.6819,0.0367,-0.6789,0.53,0.0,0.6285,3,2,2,1.0,14.0,15.0,3.5576,1,1,0.3333,-0.355,0.0,-0.1667,0.4509,0.3,-0.4,,,1,1,,2023,2024,2023.3333,1,2020,2020,2005,7cd4f48fa285921b,M,11.29,0
11.66,11.7867,11.77,0.1358,0.0115,11.93,0.27,11.715,11.85,11.74,11.8133,11.77,0.1021,0.0086,11.93,0.19,11.755,11.85,-1.429,0.0002,-1.0367,0.27,0.0,1.4292,3,3,1,0.0,16.0,16.0,15.8804,1,1,0.3333,0.025,0.6667,-1.6,0.0,0.0,-1.6,,,1,1,,2024,2024,2024.0,0,2020,2020,2005,d1801c7903f976fc,M,11.66,0
12.04,12.1175,12.12,0.0634,0.0052,12.19,0.15,12.085,12.1525,11.998,12.0875,12.093,0.087,0.0072,12.166,0.168,12.0205,12.16,0.0195,0.0549,-0.0812,0.0,0.06,0.0,4,3,1,0.0,15.0,15.0,16.2333,1,2,0.5,0.095,0.0,0.5,0.8524,0.7667,-0.3,,,1,1,,2023,2023,2023.0,0,2020,2020,2005,8ffab65df60540ac,F,11.77,0
13.01,13.19,13.065,0.3009,0.0228,13.79,0.78,13.03,13.16,12.986,13.218,13.059,0.3583,0.0271,13.922,0.936,13.025,13.216,-0.3455,0.1875,-0.4222,0.78,0.06,0.3979,6,5,3,2.0,14.0,15.0,3.0608,1,2,0.3333,0.2325,0.0,-0.4667,1.0463,0.45,-1.2333,,,1,1,,2023,2025,2024.0,2,2020,2020,2005,9a36fb1a7adaab1b,F,13.01,0
13.42,13.445,13.445,0.0354,0.0026,13.47,0.05,13.4325,13.4575,13.432,13.463,13.463,0.0438,0.0033,13.494,0.062,13.4475,13.4785,,,,0.0,0.05,0.0,2,1,1,0.0,14.0,14.0,2.0,1,1,0.5,0.05,0.0,-0.3,0.1414,0.0,-0.3,163.0,63.0,0,0,23.7118,2019,2019,2019.0,0,2010,2010,2005,02a48bb2b75316cb,F,12.04,1
13.59,13.625,13.625,0.0495,0.0036,13.66,0.07,13.6075,13.6425,13.578,13.619,13.619,0.058,0.0043,13.66,0.082,13.5985,13.6395,,,,0.0,0.07,0.0,2,2,1,0.0,16.0,16.0,5.2554,0,0,0.0,0.0,0.0,0.1,0.1414,0.2,0.0,,,1,1,,2024,2024,2024.0,0,2020,2020,2005,05321b27d737954e,F,13.59,0
12.19,12.24,12.24,0.0707,0.0058,12.29,0.1,12.215,12.265,12.17,12.2275,12.2275,0.0813,0.0067,12.285,0.115,12.1988,12.2562,,,,0.0,0.1,0.0,2,2,2,0.0,15.0,15.0,4.8377,1,1,0.5,-0.1,0.0,0.25,0.2121,0.25,0.0,,,1,1,,2024,2025,2024.5,1,2020,2020,2005,63fbe25468249fce,M,12.19,0
11.63,11.685,11.685,0.0778,0.0067,11.74,0.11,11.6575,11.7125,11.515,11.6275,11.6275,0.1591,0.0137,11.74,0.225,11.5713,11.6838,,,,0.11,0.0,0.7049,2,2,1,0.0,16.0,16.0,12.8158,0,0,0.0,0.0,0.5,2.3,0.0,2.3,0.0,,,1,1,,2023,2023,2023.0,0,2020,2020,2005,74f793e42d395a9a,M,11.63,0
13.69,14.205,14.205,0.7283,0.0513,14.72,1.03,13.9475,14.4625,13.636,14.187,14.187,0.7792,0.0549,14.738,1.102,13.9115,14.4625,,,,1.03,0.0,3.8001,2,2,1,0.0,16.0,16.0,7.3788,0,0,0.0,0.0,0.0,0.3,0.8485,0.9,-0.3,,,1,1,,2022,2022,2022.0,0,2020,2020,2005,4d263cff5627030c,F,13.62,0
11.18,11.4255,11.32,0.3124,0.0273,12.29,1.11,11.27,11.445,11.145,11.4173,11.305,0.3254,0.0285,12.3,1.155,11.2325,11.4375,-0.1519,0.2617,-0.2779,1.11,0.14,0.6365,11,6,3,2.0,14.0,15.0,6.3073,1,3,0.2727,0.2773,0.0,0.1636,0.6546,0.5714,-0.55,175.0,60.0,0,0,19.5918,2022,2024,2023.0909,2,2020,2020,2005,0933d7bace0a5c7b,M,11.03,1
13.24,13.29,13.29,0.0707,0.0053,13.34,0.1,13.265,13.315,13.18,13.26,13.26,0.1131,0.0085,13.34,0.16,13.22,13.3,,,,0.0,0.1,0.0,2,1,1,0.0,16.0,16.0,2.0,0,0,0.0,0.0,0.0,0.5,0.7071,1.0,0.0,,,1,1,,2023,2023,2023.0,0,2020,2020,2005,f519840ae99aa64c,F,13.24,0
11.76,11.92,11.92,0.2263,0.019,12.08,0.32,11.84,12.0,11.75,11.92,11.92,0.2404,0.0202,12.09,0.34,11.835,12.005,,,,0.0,0.32,0.0,2,2,1,0.0,16.0,16.0,8.0275,0,0,0.0,0.0,0.0,0.0,0.2828,0.2,-0.2,,,1,1,,2023,2023,2023.0,0,2020,2020,2005,41839ed0f7ba598a,M,11.68,0
11.73,12.135,12.235,0.256,0.0211,12.36,0.63,11.9875,12.3175,11.68,12.1067,12.18,0.2503,0.0207,12.33,0.65,12.0038,12.2888,-0.538,0.0864,-0.489,0.52,0.18,0.5427,6,3,2,1.0,14.0,15.0,6.2614,0,0,0.0,0.0,0.0,0.5667,0.8214,0.84,-0.8,,,1,1,,2022,2023,2022.3333,1,2020,2020,2005,d7d1d01eec900cc1,M,11.71,0
12.42,12.8167,12.83,0.3902,0.0304,13.2,0.78,12.625,13.015,12.46,12.8267,12.865,0.3491,0.0272,13.155,0.695,12.6625,13.01,-0.3798,0.2336,-0.315,0.78,0.41,0.5767,3,3,2,1.0,14.0,15.0,2.2181,0,0,0.0,0.0,0.0,-0.2,0.9539,0.9,-0.75,,,1,1,,2022,2023,2022.6667,1,2020,2020,2005,fae97502221454d7,M,12.42,0
12.16,12.16,12.16,0.0,0.0,12.16,0.0,12.16,12.16,12.2,12.2075,12.2075,0.0106,0.0009,12.215,0.015,12.2038,12.2112,,,,0.0,0.0,0.0,2,2,1,0.0,15.0,15.0,730.5,1,1,0.5,0.0,0.0,-0.95,0.2121,0.0,-0.95,169.0,66.0,0,0,23.1084,2019,2019,2019.0,0,2010,2010,2000,af069fda9bb98dd7,M,12.16,1
12.15,12.4067,12.52,0.2228,0.018,12.55,0.4,12.335,12.535,12.0,12.4187,12.556,0.3697,0.0298,12.7,0.7,12.278,12.628,1.0612,0.1511,1.0168,0.0,0.4,0.0,3,2,1,0.0,16.0,16.0,14.8074,1,1,0.3333,0.385,0.0,-0.2,2.7514,2.5,-1.55,,,1,1,,2023,2023,2023.0,0,2020,2020,2005,22347099f3d58b4e,F,12.15,0
11.9,12.055,12.055,0.2192,0.0182,12.21,0.31,11.9775,12.1325,11.883,12.029,12.029,0.2065,0.0172,12.175,0.292,11.956,12.102,,,,0.31,0.0,2.4615,2,2,1,0.0,16.0,16.0,15.8804,0,0,0.0,0.0,0.0,0.52,0.2546,0.52,0.0,,,1,1,,2022,2022,2022.0,0,2020,2020,2005,436df54a6e751715,M,11.71,0
11.93,11.99,11.99,0.0849,0.0071,12.05,0.12,11.96,12.02,11.89,11.9675,11.9675,0.1096,0.0092,12.045,0.155,11.9288,12.0062,,,,0.0,0.12,0.0,2,2,1,0.0,16.0,16.0,8.0275,0,0,0.0,0.0,0.0,0.45,0.495,0.45,0.0,,,1,1,,2023,2023,2023.0,0,2020,2020,2005,20ce8a3ad1f704c0,M,11.93,0
12.83,12.86,12.86,0.0424,0.0033,12.89,0.06,12.845,12.875,12.83,12.86,12.86,0.0424,0.0033,12.89,0.06,12.845,12.875,,,,0.0,0.06,0.0,2,1,1,0.0,16.0,16.0,2.0,1,1,0.5,-0.06,1.0,0.0,0.0,0.0,0.0,,,1,1,,2023,2023,2023.0,0,2020,2020,2005,6513d0586a476452,F,12.55,0
12.82,12.905,12.915,0.0635,0.0049,12.97,0.15,12.88,12.94,12.796,12.884,12.905,0.0614,0.0048,12.93,0.134,12.865,12.924,-0.2236,0.0461,-0.1565,0.08,0.11,0.2982,4,2,1,0.0,15.0,16.0,14.9082,1,2,0.5,-0.09,0.0,0.35,0.3416,0.4667,0.0,,,1,1,,2022,2022,2022.0,0,2020,2020,2005,4b108503f2f5dcbd,F,12.82,0
12.82,13.02,12.93,0.263,0.0202,13.48,0.66,12.9,12.97,12.796,13.02,12.922,0.3087,0.0237,13.564,0.768,12.888,12.93,0.7975,0.1501,0.9743,0.08,0.66,0.1299,5,3,2,1.0,15.0,16.0,8.1167,1,2,0.4,0.1167,0.0,0.0,0.8367,0.4667,-1.4,,,1,1,,2022,2023,2022.2,1,2020,2020,2005,b9f54e3524869499,F,12.82,0
11.17,11.29,11.29,0.1697,0.015,11.41,0.24,11.23,11.35,11.04,11.22,11.22,0.2546,0.0227,11.4,0.36,11.13,11.31,,,,0.0,0.24,0.0,2,1,1,0.0,16.0,16.0,2.0,0,0,0.0,0.0,0.0,1.4,1.6971,1.4,0.0,,,1,1,,2023,2023,2023.0,0,2020,2020,2005,f8fcddaf0135662f,M,11.17,0
13.02,13.1975,13.215,0.1424,0.0108,13.34,0.32,13.1175,13.295,13.02,13.1915,13.179,0.1635,0.0124,13.388,0.368,13.0815,13.289,-0.3541,0.1139,-0.3988,0.13,0.26,0.4845,4,2,1,0.0,16.0,16.0,14.9082,1,2,0.5,0.225,0.0,0.1,0.6831,0.6,-0.8,,,1,1,,2022,2022,2022.0,0,2020,2020,2005,815338e6aa7c808c,F,12.62,0
13.16,13.3214,13.28,0.1858,0.0139,13.67,0.51,13.175,13.395,13.104,13.3137,13.328,0.2308,0.0173,13.742,0.638,13.119,13.392,-0.0878,0.1681,-0.1485,0.51,0.28,0.4764,7,4,2,1.0,15.0,15.0,6.539,1,3,0.4286,-0.0033,0.0,0.1286,0.8789,0.725,-1.0,,,1,1,,2022,2023,2022.2857,1,2020,2020,2005,ea330f4d006cec13,F,13.02,0
12.98,13.1362,13.135,0.1484,0.0113,13.38,0.4,12.995,13.225,12.974,13.146,13.147,0.1599,0.0122,13.422,0.448,12.995,13.2475,-0.1537,0.1261,-0.1376,0.29,0.23,0.2615,8,6,2,1.0,14.0,15.0,7.2148,1,4,0.5,-0.0675,0.0,-0.1625,0.5528,0.3,-0.7333,,,1,1,,2023,2024,2023.75,1,2020,2020,2005,231c979229a552a7,F,12.48,0
11.96,12.085,12.085,0.1768,0.0146,12.21,0.25,12.0225,12.1475,11.95,12.06,12.06,0.1556,0.0129,12.17,0.22,12.005,12.115,,,,0.0,0.25,0.0,2,2,1,0.0,15.0,15.0,8.3966,1,1,0.5,0.25,0.0,0.5,0.4243,0.5,0.0,,,1,1,,2022,2022,2022.0,0,2020,2020,2005,ccd00e453ede7af6,M,11.53,0
12.56,12.9167,12.785,0.3206,0.0248,13.47,0.91,12.6925,13.0425,12.56,12.9207,12.83,0.315,0.0244,13.44,0.88,12.6965,13.053,-0.3578,0.2185,-0.341,0.88,0.39,0.4514,12,7,3,2.0,14.0,15.0,6.1559,1,6,0.5,-0.047,0.0833,-0.0727,0.7101,0.55,-0.5,,,1,1,,2023,2025,2023.9167,2,2020,2020,2005,527a5ca0825de39f,F,12.56,0
11.88,11.945,11.945,0.0919,0.0077,12.01,0.13,11.9125,11.9775,11.86,11.9475,11.9475,0.1237,0.0104,12.035,0.175,11.9038,11.9913,,,,0.0,0.13,0.0,2,1,1,0.0,15.0,15.0,2.0,0,0,0.0,0.0,0.0,-0.05,0.6364,0.4,-0.5,,,1,1,,2023,2023,2023.0,0,2020,2020,2005,8553c18ac5424466,M,11.88,0
12.6,12.76,12.76,0.2263,0.0177,12.92,0.32,12.68,12.84,12.545,12.7625,12.7625,0.3076,0.0241,12.98,0.435,12.6538,12.8712,,,,0.32,0.0,0.7639,2,2,1,0.0,14.0,14.0,4.7745,0,0,0.0,0.0,0.0,-0.05,1.6263,1.1,-1.2,170.0,55.0,0,0,19.0311,2024,2024,2024.0,0,2020,2020,2010,8e8570e30f448e91,M,12.6,1
11.09,11.4767,11.3,0.499,0.0435,12.04,0.95,11.195,11.67,11.065,11.4683,11.26,0.5386,0.047,12.08,1.015,11.1625,11.67,2.3046,0.3878,2.7176,0.21,0.95,1.8263,3,2,1,0.0,16.0,16.0,26.0893,0,0,0.0,0.0,0.0,0.1667,0.8505,0.65,-0.8,,,1,1,,2023,2023,2023.0,0,2020,2020,2005,4efccdf689aacb19,M,11.01,0
11.82,11.895,11.895,0.1061,0.0089,11.97,0.15,11.8575,11.9325,11.775,11.86,11.86,0.1202,0.0101,11.945,0.17,11.8175,11.9025,,,,0.0,0.15,0.0,2,2,1,0.0,16.0,16.0,20.8714,1,1,0.5,0.15,0.0,0.7,0.2828,0.7,0.0,,,1,1,,2023,2023,2023.0,0,2020,2020,2005,f0530eaf42608e9f,M,11.65,0
12.26,12.46,12.29,0.3208,0.0257,12.83,0.57,12.275,12.56,12.242,12.464,12.272,0.3588,0.0288,12.878,0.636,12.257,12.575,-2.8155,0.0122,-3.1503,0.57,0.03,2.8916,3,2,1,0.0,16.0,16.0,15.2188,1,1,0.3333,0.3,0.0,-0.0667,0.6351,0.3,-0.8,166.0,53.0,0,0,19.2336,2019,2019,2019.0,0,2010,2010,2000,824bde8938051f8e,F,12.06,1
12.77,13.2567,12.85,0.7747,0.0584,14.15,1.38,12.81,13.5,12.65,13.19,12.78,0.8253,0.0626,14.14,1.49,12.715,13.46,-0.6978,0.0303,-0.7422,1.38,0.0,0.717,3,3,2,2.0,13.0,15.0,1.5587,1,1,0.3333,0.61,0.0,1.3333,1.1015,1.3333,0.0,,,1,1,,2022,2024,2023.3333,2,2020,2020,2005,439fd946499b9e74,M,12.06,0
11.67,11.695,11.695,0.0354,0.003,11.72,0.05,11.6825,11.7075,11.69,11.72,11.72,0.0424,0.0036,11.75,0.06,11.705,11.735,,,,0.05,0.0,3.6525,2,2,1,0.0,16.0,16.0,146.1,1,1,0.5,-0.05,0.0,-0.5,0.1414,0.0,-0.5,,,1,1,,2023,2023,2023.0,0,2020,2020,2005,d3ab7e1ac2e4ee8d,M,11.11,0
11.31,11.6225,11.65,0.2302,0.0198,11.93,0.62,11.46,11.755,11.28,11.6375,11.665,0.2381,0.0205,11.96,0.68,11.4737,11.7712,-0.4181,0.0799,-0.4183,0.58,0.03,0.4341,8,4,2,1.0,14.0,15.0,5.9877,1,4,0.5,0.05,0.0,-0.3,0.521,0.6,-0.6,,,1,1,,2023,2024,2023.5,1,2020,2020,2005,51032d2cc2e61c0b,M,11.13,0
12.83,13.0633,13.06,0.235,0.018,13.3,0.47,12.945,13.18,12.758,13.0533,13.066,0.2892,0.0222,13.336,0.578,12.912,13.201,0.6824,0.0939,0.8151,0.0,0.47,0.0,3,2,2,1.0,15.0,15.0,5.7671,1,1,0.3333,0.35,0.0,0.1667,0.9292,1.2,-0.35,,,1,1,,2024,2025,2024.3333,1,2020,2020,2005,f161984c09e08b13,F,12.81,0
11.37,11.56,11.56,0.2687,0.0232,11.75,0.38,11.465,11.655,11.28,11.505,11.505,0.3182,0.0277,11.73,0.45,11.3925,11.6175,,,,0.38,0.0,3.1544,2,2,1,0.0,16.0,16.0,16.6023,0,0,0.0,0.0,0.0,1.1,0.9899,1.1,0.0,,,1,1,,2023,2023,2023.0,0,2020,2020,2005,df76d4e8eeba77b4,M,11.37,0
14.6,14.615,14.615,0.0212,0.0015,14.63,0.03,14.6075,14.6225,14.6,14.612,14.612,0.017,0.0012,14.624,0.024,14.606,14.618,,,,0.0,0.03,0.0,2,1,1,0.0,15.0,15.0,2.0,1,1,0.5,0.03,0.0,0.05,0.0707,0.1,0.0,167.0,56.0,0,0,20.0796,2023,2023,2023.0,0,2020,2020,2005,378c5aa45708afb0,F,14.04,1
11.74,11.7833,11.8,0.0379,0.0032,11.81,0.07,11.77,11.805,11.71,11.7417,11.755,0.0275,0.0023,11.76,0.05,11.7325,11.7575,0.3089,0.0116,0.2207,0.0,0.07,0.0,3,3,1,0.0,16.0,16.0,13.2018,1,1,0.3333,-0.04,0.0,0.8333,0.2082,0.8333,0.0,,,1,1,,2023,2023,2023.0,0,2020,2020,2005,a7861072254b2f98,M,11.74,0
11.71,11.75,11.75,0.0566,0.0048,11.79,0.08,11.73,11.77,11.685,11.7475,11.7475,0.0884,0.0075,11.81,0.125,11.7162,11.7787,,,,0.08,0.0,5.844,2,2,1,0.0,16.0,16.0,146.1,1,1,0.5,-0.08,0.0,0.05,0.6364,0.5,-0.4,,,1,1,,2023,2023,2023.0,0,2020,2020,2005,fdf9becb48d7e313,M,11.71,0
13.13,13.2567,13.32,0.1097,0.0083,13.32,0.19,13.225,13.32,13.1,13.2887,13.38,0.1634,0.0123,13.386,0.286,13.24,13.383,-0.9639,0.0776,-1.39,0.19,0.19,1.9277,3,2,1,0.0,15.0,15.0,30.4375,0,0,0.0,0.0,0.0,-0.5333,0.8963,0.5,-1.05,,,1,1,,2024,2024,2024.0,0,2020,2020,2005,7a1ca99b88cdde55,F,13.13,0
11.83,11.935,11.935,0.0804,0.0067,12.03,0.2,11.8775,12.0,11.84,11.9442,11.9475,0.0878,0.0073,12.05,0.21,11.8712,12.0125,-0.5898,0.0536,-0.6197,0.04,0.0,0.1522,6,4,1,0.0,15.0,16.0,22.8281,1,2,0.3333,0.0217,0.0,-0.1833,0.2229,0.2,-0.26,,,1,1,,2023,2023,2023.0,0,2020,2020,2005,c1c0b2df15b54a02,M,11.7,0
11.81,12.355,12.035,0.7971,0.0645,13.54,1.73,11.975,12.415,11.79,12.3575,12.045,0.8044,0.0651,13.55,1.76,11.9587,12.4438,-0.2681,0.6789,-0.3103,0.22,0.0,0.2609,4,3,2,1.0,15.0,16.0,4.7435,1,1,0.25,0.4333,0.0,-0.05,0.5066,0.35,-0.45,,,1,1,,2023,2024,2023.25,1,2020,2020,2005,19224ee82ead36f5,M,11.81,0
12.98,12.985,12.985,0.0071,0.0005,12.99,0.01,12.9825,12.9875,12.948,12.979,12.979,0.0438,0.0034,13.01,0.062,12.9635,12.9945,,,,0.0,0.01,0.0,2,1,1,0.0,15.0,15.0,2.0,1,1,0.5,0.01,0.0,0.1,0.8485,0.7,-0.5,,,1,1,,2022,2022,2022.0,0,2020,2020,2005,00bffa0c79f9c0da,F,12.47,0
13.15,13.1933,13.17,0.0586,0.0044,13.26,0.11,13.16,13.215,13.098,13.1613,13.168,0.0603,0.0046,13.218,0.12,13.133,13.193,-0.1552,0.0367,0.0239,0.02,0.0,0.0477,3,2,1,0.0,15.0,16.0,7.1618,1,2,0.6667,-0.035,0.0,0.5333,0.7638,0.95,-0.3,,,1,1,,2023,2023,2023.0,0,2020,2020,2005,4bbd0a6c5f7c1410,F,12.77,0
11.83,12.0267,11.98,0.2237,0.0186,12.27,0.44,11.905,12.125,11.79,11.9933,11.935,0.2379,0.0198,12.255,0.465,11.8625,12.095,-1.5324,0.0612,-1.6478,0.44,0.15,1.8472,3,2,1,0.0,16.0,16.0,12.5948,1,2,0.6667,-0.295,0.0,0.6667,0.3215,0.6667,0.0,,,1,1,,2022,2022,2022.0,0,2020,2020,2005,6798026a5726d505,M,11.3,0
12.29,12.34,12.34,0.0707,0.0057,12.39,0.1,12.315,12.365,12.345,12.375,12.375,0.0424,0.0034,12.405,0.06,12.36,12.39,,,,0.1,0.0,0.7454,2,2,1,0.0,16.0,16.0,14.9082,1,1,0.5,0.1,0.0,-0.7,0.5657,0.0,-0.7,,,1,1,,2023,2023,2023.0,0,2020,2020,2005,fe25e4cd66d7a47f,M,12.11,0
11.14,11.3986,11.45,0.1986,0.0174,11.67,0.53,11.24,11.525,11.02,11.3743,11.43,0.2468,0.0217,11.635,0.615,11.2,11.5675,-0.3305,0.1031,-0.4266,0.31,0.16,0.3235,7,3,2,1.0,15.0,16.0,7.305,1,3,0.4286,-0.0983,0.0,0.4857,1.2838,1.325,-0.6333,,,1,1,,2022,2023,2022.4286,1,2020,2020,2005,11f9b1728126a8f9,M,11.14,0
11.89,11.945,11.945,0.0778,0.0065,12.0,0.11,11.9175,11.9725,11.9,11.955,11.955,0.0778,0.0065,12.01,0.11,11.9275,11.9825,,,,0.11,0.0,1.4349,2,2,1,0.0,14.0,14.0,26.0893,1,1,0.5,-0.11,0.0,-0.2,0.0,0.0,-0.2,,,1,1,,2023,2023,2023.0,0,2020,2020,2005,f2c2537cf26e67ac,M,11.64,0
12.11,12.22,12.22,0.09,0.0074,12.35,0.24,12.17,12.25,12.085,12.185,12.155,0.1104,0.0091,12.37,0.285,12.125,12.19,-0.086,0.0623,-0.0167,0.24,0.11,0.1793,5,4,2,1.0,14.0,15.0,3.7347,1,2,0.4,-0.025,0.0,0.7,1.0794,1.4,-0.35,,,1,1,,2023,2024,2023.4,1,2020,2020,2005,ab49f675f6f86558,M,11.42,0
12.91,13.15,13.16,0.1513,0.0115,13.31,0.4,13.08,13.27,12.91,13.125,13.14,0.1587,0.0121,13.29,0.38,13.01,13.2625,0.1181,0.1274,0.2092,0.2,0.38,0.1581,6,5,2,1.0,14.0,15.0,4.7435,1,2,0.3333,0.08,0.3333,0.625,0.9465,1.25,0.0,167.0,60.0,0,0,21.5139,2023,2024,2023.8333,1,2020,2020,2005,21bbb909b85edec1,F,12.75,1
13.6,13.65,13.65,0.0707,0.0052,13.7,0.1,13.625,13.675,13.6,13.65,13.65,0.0707,0.0052,13.7,0.1,13.625,13.675,,,,0.0,0.1,0.0,2,1,1,0.0,14.0,14.0,2.0,1,1,0.5,-0.1,0.0,0.0,0.0,0.0,0.0,,,1,1,,2022,2022,2022.0,0,2020,2020,2005,707ed946f08dba29,F,12.73,0
13.8,13.84,13.82,0.0529,0.0038,13.9,0.1,13.81,13.86,13.734,13.792,13.754,0.0837,0.0061,13.888,0.154,13.744,13.821,0.0961,0.0082,0.1538,0.0,0.1,0.0,3,2,2,1.0,14.0,14.0,3.2039,1,2,0.6667,-0.03,0.0,0.8,0.5196,0.8,0.0,,,1,1,,2022,2023,2022.3333,1,2020,2020,2005,aaa937e8db8db0fa,F,13.62,0
12.61,13.0938,13.16,0.3114,0.0238,13.44,0.83,12.83,13.365,12.442,13.045,13.109,0.3593,0.0275,13.47,1.028,12.774,13.3435,-0.1532,0.2842,-0.1594,0.63,0.77,0.6575,8,3,2,1.0,13.0,14.0,8.3486,1,3,0.375,0.3367,0.0,0.8125,1.0092,1.1667,-0.5,,,1,1,,2022,2023,2022.375,1,2020,2020,2005,e087f5e59d3c2008,F,12.61,0
14.03,14.29,14.29,0.3677,0.0257,14.55,0.52,14.16,14.42,14.096,14.323,14.323,0.321,0.0224,14.55,0.454,14.2095,14.4365,,,,0.0,0.52,0.0,2,1,1,0.0,15.0,15.0,2.0,1,1,0.5,0.52,0.0,-0.55,0.7778,0.0,-1.1,,,1,1,,2022,2022,2022.0,0,2020,2020,2005,e2319c1cf02a18b7,F,12.86,0
11.65,11.67,11.67,0.0283,0.0024,11.69,0.04,11.66,11.68,11.615,11.645,11.645,0.0424,0.0036,11.675,0.06,11.63,11.66,,,,0.0,0.04,0.0,2,1,1,0.0,15.0,15.0,2.0,0,0,0.0,0.0,0.0,0.5,0.2828,0.5,0.0,,,1,1,,2024,2024,2024.0,0,2020,2020,2005,3b4846e66b67a4da,M,11.65,0
11.66,11.67,11.67,0.0141,0.0012,11.68,0.02,11.665,11.675,11.66,11.665,11.665,0.0071,0.0006,11.67,0.01,11.6625,11.6675,,,,0.0,0.02,0.0,2,1,1,0.0,15.0,15.0,2.0,1,1,0.5,0.02,0.0,0.1,0.1414,0.2,0.0,175.0,65.0,0,0,21.2245,2019,2019,2019.0,0,2010,2010,2000,0327055f12cd4585,M,11.58,1
13.22,13.818,14.13,0.4725,0.0342,14.18,0.96,13.39,14.17,13.196,13.8288,14.14,0.4947,0.0358,14.21,1.014,13.39,14.208,-0.8061,0.097,-0.8335,0.95,0.17,0.8505,5,5,2,1.0,12.0,13.0,4.4761,1,2,0.4,0.055,0.0,-0.18,0.7396,0.45,-0.9,,,1,1,,2024,2025,2024.4,1,2020,2020,2010,3550ec7551037dc0,F,13.22,0
12.45,12.61,12.61,0.2263,0.0179,12.77,0.32,12.53,12.69,12.432,12.712,12.712,0.396,0.0312,12.992,0.56,12.572,12.852,,,,0.32,0.0,0.3641,2,2,2,1.0,14.0,15.0,2.2757,0,0,0.0,0.0,0.0,-1.7,2.8284,0.3,-3.7,,,1,1,,2023,2024,2023.5,1,2020,2020,2005,098f48d99b5396ab,F,12.21,0
12.07,12.475,12.475,0.5728,0.0459,12.88,0.81,12.2725,12.6775,12.01,12.435,12.435,0.601,0.0483,12.86,0.85,12.2225,12.6475,,,,0.0,0.81,0.0,2,2,1,0.0,16.0,16.0,8.0275,0,0,0.0,0.0,0.0,0.8,0.5657,0.8,0.0,,,1,1,,2023,2023,2023.0,0,2020,2020,2005,c7cd0bdde50182d4,M,12.07,0
12.7,12.85,12.88,0.1375,0.0107,12.97,0.27,12.79,12.925,12.706,12.884,12.922,0.1624,0.0126,13.024,0.318,12.814,12.973,-0.6848,0.0735,-0.799,0.27,0.18,1.0273,3,2,1,0.0,14.0,14.0,11.4141,1,2,0.6667,0.045,0.0,-0.5667,0.4163,0.0,-0.5667,,,1,1,,2024,2024,2024.0,0,2020,2020,2010,ce4efb548b9286e9,F,12.7,0
11.59,11.61,11.61,0.0283,0.0024,11.63,0.04,11.6,11.62,11.57,11.58,11.58,0.0141,0.0012,11.59,0.02,11.575,11.585,,,,0.0,0.04,0.0,2,2,1,1.0,15.0,15.0,3.4952,0,0,0.0,0.0,0.0,0.6,0.8485,1.2,0.0,,,1,1,,2023,2023,2023.0,0,2020,2020,2005,75a9cbfdcd988548,M,11.59,0
12.03,12.1,12.07,0.0889,0.0073,12.2,0.17,12.05,12.135,12.005,12.0717,12.05,0.0797,0.0066,12.16,0.155,12.0275,12.105,0.5648,0.0163,0.4989,0.0,0.17,0.0,3,2,1,0.0,15.0,15.0,11.2964,0,0,0.0,0.0,0.0,0.5667,0.2082,0.5667,0.0,,,1,1,,2022,2022,2022.0,0,2020,2020,2005,712a966506b27da2,M,11.31,0
13.07,13.15,13.1,0.1136,0.0086,13.28,0.21,13.085,13.19,13.046,13.132,13.076,0.1239,0.0094,13.274,0.228,13.061,13.175,-1.9441,0.0144,-2.1241,0.21,0.03,2.073,3,3,1,0.0,16.0,16.0,29.6149,1,2,0.6667,-0.12,0.0,0.3,0.1732,0.3,0.0,,,1,1,,2023,2023,2023.0,0,2020,2020,2005,3fb2e91f9390efa5,F,12.88,0
13.34,13.456,13.48,0.0966,0.0072,13.55,0.21,13.37,13.54,13.322,13.4524,13.426,0.1134,0.0084,13.588,0.266,13.376,13.55,0.4032,0.0646,0.2513,0.0,0.21,0.0,5,3,1,0.0,15.0,15.0,13.1385,1,2,0.4,-0.0067,0.0,0.06,0.7797,0.85,-0.7,,,1,1,,2022,2022,2022.0,0,2020,2020,2005,26346c2b1f358f06,F,13.2,0
12.76,13.058,12.92,0.2961,0.0227,13.45,0.69,12.87,13.29,12.76,13.052,12.92,0.2921,0.0224,13.432,0.672,12.858,13.29,0.1236,0.2647,0.0524,0.53,0.69,2.3323,5,4,1,0.0,16.0,16.0,22.003,1,2,0.4,0.055,0.0,0.1,0.1414,0.25,0.0,,,1,1,,2023,2023,2023.0,0,2020,2020,2005,8ba8824a701701f0,F,12.62,0
11.36,11.575,11.575,0.3041,0.0263,11.79,0.43,11.4675,11.6825,11.225,11.495,11.495,0.3818,0.0332,11.765,0.54,11.36,11.63,,,,0.43,0.0,1.5864,2,2,1,0.0,15.0,16.0,7.3788,0,0,0.0,0.0,0.0,1.6,1.5556,1.6,0.0,,,1,1,,2022,2022,2022.0,0,2020,2020,2005,5ba535d93eb6913e,M,10.82,0
13.57,13.58,13.58,0.0141,0.001,13.59,0.02,13.575,13.585,13.566,13.568,13.568,0.0028,0.0002,13.57,0.004,13.567,13.569,,,,0.0,0.02,0.0,2,1,1,0.0,16.0,16.0,2.0,1,1,0.5,0.02,0.0,0.2,0.2828,0.4,0.0,,,1,1,,2022,2022,2022.0,0,2020,2020,2005,cce6483209bf1b25,F,12.93,0
