best_time_raw,mean_time_raw,median_time_raw,sd_time_raw,cv_time_raw,worst_time_raw,range_time_raw,q25_time_raw,q75_time_raw,best_time_wc,mean_time_wc,median_time_wc,sd_time_wc,cv_time_wc,worst_time_wc,range_time_wc,q25_time_wc,q75_time_wc,improvement_slope_raw,improvement_residual_sd,improvement_slope_wc,best_minus_first,best_minus_latest,improvement_rate_annual,n_records,n_competitions,n_seasons,career_span_years,age_first_record,age_best_record,records_per_year,has_final,n_finals,pct_finals,heats_final_diff,wind_missing_prop,wind_mean,wind_sd,wind_mean_tail,wind_mean_head,height_cm,weight_kg,height_missing,weight_missing,bmi,year_first,year_last,year_mean,career_span_calendar,decade_first,decade_mode,birth_cohort_5yr,athlete_id,sex,lifetime_pb,has_anthro
12.64,12.74,12.74,0.1414,0.0111,12.84,0.2,12.69,12.79,12.61,12.794,12.794,0.2602,0.0203,12.978,0.368,12.702,12.886,,,,0.0,0.2,0.0,2,1,1,0.0,19.0,19.0,2.0,1,1,0.5,-0.2,0.0,-0.9,1.9799,0.5,-2.3,,,1,1,,2019,2019,2019.0,0,2010,2010,2000,fef0c0b545c38473,F,12.64,0
12.56,12.7967,12.82,0.2259,0.0177,13.01,0.45,12.69,12.915,12.608,12.8367,12.892,0.2066,0.0161,13.01,0.402,12.75,12.951,-0.0827,0.0795,-0.08,0.26,0.0,0.0605,3,3,2,4.0,15.0,20.0,0.6979,0,0,0.0,0.0,0.0,-0.6667,0.611,0.0,-1.0,175.0,63.0,0,0,20.5714,2015,2019,2016.3333,4,2010,2010,1995,c056b9414487d484,F,12.44,1
11.82,12.0175,12.005,0.1074,0.0089,12.18,0.36,11.9725,12.0875,11.682,12.0065,12.003,0.1543,0.0128,12.192,0.51,11.976,12.112,-0.188,0.06,-0.1987,0.36,0.17,0.2689,12,8,2,1.0,18.0,20.0,8.9632,1,3,0.25,0.039,0.0,0.1833,0.987,1.325,-0.3875,,,1,1,,2014,2015,2014.8333,1,2010,2010,1995,3dc3b7e66fa9b48b,F,11.82,0
11.17,11.23,11.23,0.0849,0.0076,11.29,0.12,11.2,11.26,11.185,11.2375,11.2375,0.0742,0.0066,11.29,0.105,11.2112,11.2638,,,,0.12,0.0,1.2523,2,2,1,0.0,19.0,19.0,20.8714,0,0,0.0,0.0,0.0,-0.15,0.2121,0.0,-0.3,,,1,1,,2016,2016,2016.0,0,2010,2010,1995,229768dea099fb25,M,11.01,0
11.88,12.1782,12.13,0.2208,0.0181,12.56,0.68,12.045,12.29,11.772,12.1607,12.136,0.2438,0.02,12.542,0.77,12.007,12.314,0.4317,0.1319,0.4484,0.21,0.68,0.1982,11,8,2,1.0,18.0,19.0,10.3818,1,2,0.1818,0.1564,0.0,0.2909,0.7476,0.94,-0.25,,,1,1,,2015,2016,2015.2727,1,2010,2010,1995,c8b74923a5cdd3b0,F,11.88,0
12.1,12.318,12.3,0.147,0.0119,12.5,0.4,12.3,12.39,12.076,12.3096,12.33,0.1467,0.0119,12.456,0.38,12.282,12.404,0.204,0.1025,0.1006,0.2,0.4,0.2024,5,4,2,1.0,18.0,19.0,5.0589,1,1,0.2,-0.09,0.0,0.14,1.0213,0.7667,-0.8,,,1,1,,2016,2017,2016.2,1,2010,2010,1995,228f16dacf006514,F,12.1,0
12.96,12.96,12.96,0.0,0.0,12.96,0.0,12.96,12.96,13.104,13.104,13.104,0.0,0.0,13.104,0.0,13.104,13.104,,,,0.0,0.0,0.0,2,2,1,0.0,20.0,20.0,24.35,1,2,1.0,0.0,0.0,-2.4,0.0,0.0,-2.4,172.0,50.0,0,0,16.901,2020,2020,2020.0,0,2020,2020,2000,06abb92b9a798eba,F,12.92,1
11.78,11.8556,11.87,0.0461,0.0039,11.91,0.13,11.82,11.89,11.68,11.8136,11.856,0.0852,0.0072,11.894,0.214,11.726,11.876,0.0112,0.043,-0.0169,0.09,0.13,0.0445,9,6,3,2.0,17.0,18.0,4.4543,1,4,0.4444,0.005,0.0,0.7,0.8732,1.1,-0.1,,,1,1,,2015,2017,2016.1111,2,2010,2010,1995,5de1a384f781c8ac,F,11.71,0
12.57,12.738,12.77,0.1207,0.0095,12.85,0.28,12.66,12.84,12.564,12.7356,12.734,0.1291,0.0101,12.876,0.312,12.66,12.844,-0.0723,0.0945,-0.0534,0.2,0.27,0.0954,5,5,2,2.0,16.0,18.0,2.3841,0,0,0.0,0.0,0.2,0.05,0.4933,0.2667,-0.6,,,1,1,,2017,2019,2018.2,2,2010,2010,2000,c48355e0ae97d7df,F,12.14,0
11.16,11.285,11.285,0.1768,0.0157,11.41,0.25,11.2225,11.3475,11.07,11.2425,11.2425,0.244,0.0217,11.415,0.345,11.1562,11.3288,,,,0.0,0.25,0.0,2,2,1,0.0,20.0,20.0,26.0893,0,0,0.0,0.0,0.0,0.85,1.3435,1.8,-0.1,,,1,1,,2017,2017,2017.0,0,2010,2010,1995,cbe3a0c30fc4baf3,M,10.86,0
12.89,12.97,12.97,0.1131,0.0087,13.05,0.16,12.93,13.01,12.908,12.985,12.985,0.1089,0.0084,13.062,0.154,12.9465,13.0235,,,,0.16,0.0,0.1724,2,2,2,1.0,18.0,18.0,2.1549,1,1,0.5,0.16,0.0,-0.25,0.0707,0.0,-0.25,174.0,64.0,0,0,21.1389,2019,2020,2019.5,1,2010,2010,2000,2cd95dcf6b7c3bfe,F,12.83,1
12.31,12.48,12.495,0.1226,0.0098,12.6,0.29,12.3975,12.585,12.19,12.46,12.484,0.1581,0.0127,12.618,0.428,12.4095,12.5705,-0.142,0.0321,-0.1534,0.29,0.08,0.1453,6,6,3,2.0,17.0,19.0,3.0062,0,0,0.0,0.0,0.0,0.3333,0.8824,0.9,-0.2333,,,1,1,,2015,2017,2015.8333,2,2010,2010,1995,763ad4b01147423c,F,12.06,0
12.32,12.56,12.49,0.2369,0.0189,13.07,0.75,12.4525,12.59,12.332,12.569,12.49,0.2561,0.0204,13.136,0.804,12.4405,12.5945,-0.2548,0.1349,-0.2819,0.75,0.05,0.3481,8,7,3,2.0,16.0,18.0,3.7128,1,1,0.125,0.0114,0.375,-0.24,0.5177,0.3,-0.375,,,1,1,,2017,2019,2018.5,2,2010,2010,2000,4197da84068801d2,F,11.95,0
12.76,13.125,13.06,0.2717,0.0207,13.62,0.86,12.935,13.29,12.634,13.0764,12.99,0.3069,0.0235,13.62,0.986,12.9125,13.301,-0.0488,0.2531,-0.0552,0.7,0.15,0.2214,10,10,4,3.0,16.0,17.0,3.1623,0,0,0.0,0.0,0.3,1.1571,1.2985,1.5,-0.9,172.0,57.0,0,0,19.2672,2016,2019,2018.0,3,2010,2010,2000,997096a020c5254a,F,12.76,1
10.56,10.6067,10.61,0.0451,0.0043,10.65,0.09,10.585,10.63,10.43,10.5317,10.57,0.0889,0.0084,10.595,0.165,10.5,10.5825,-0.6417,0.0204,-0.9378,0.09,0.05,0.8884,3,2,1,0.0,17.0,17.0,29.6149,1,1,0.3333,-0.05,0.0,1.5,0.9644,1.5,0.0,,,1,1,,2017,2017,2017.0,0,2010,2010,2000,6f0dbd0388aef32c,M,10.35,0
11.13,11.18,11.18,0.0707,0.0063,11.23,0.1,11.155,11.205,11.025,11.06,11.06,0.0495,0.0045,11.095,0.07,11.0425,11.0775,,,,0.1,0.0,12.175,2,2,1,0.0,18.0,18.0,243.5,0,0,0.0,0.0,0.0,2.4,0.4243,2.4,0.0,179.0,65.0,0,0,20.2865,2019,2019,2019.0,0,2010,2010,2000,e1093ff95ace0a52,M,11.13,1
13.2,13.335,13.335,0.1909,0.0143,13.47,0.27,13.2675,13.4025,13.17,13.389,13.389,0.3097,0.0231,13.608,0.438,13.2795,13.4985,,,,0.0,0.27,0.0,2,1,1,0.0,17.0,17.0,2.0,1,1,0.5,-0.27,0.0,-0.9,1.9799,0.5,-2.3,,,1,1,,2019,2019,2019.0,0,2010,2010,2000,907c511a817ad62a,F,12.73,0
12.76,12.93,12.96,0.1317,0.0102,13.07,0.31,12.83,13.03,12.61,12.8592,12.942,0.2046,0.0159,13.07,0.46,12.674,13.0,-0.0587,0.1015,-0.0775,0.27,0.2,0.0895,5,5,4,3.0,16.0,18.0,1.6572,1,1,0.2,-0.0375,0.2,1.475,1.2447,1.475,0.0,168.0,52.0,0,0,18.424,2017,2020,2018.6,3,2010,2010,2000,18e78a10b9030d73,F,12.76,1
12.76,13.545,13.575,0.4564,0.0337,14.16,1.4,13.4875,13.7,12.76,13.554,13.62,0.4532,0.0334,14.136,1.376,13.481,13.72,-0.1243,0.3672,-0.1062,1.4,0.81,0.3257,6,6,4,4.0,15.0,18.0,1.3959,0,0,0.0,0.0,0.5,-0.3,1.044,0.3,-1.5,165.0,50.0,0,0,18.3655,2015,2019,2017.3333,4,2010,2010,1995,96f057992072ec0b,F,12.76,1
12.49,12.6943,12.67,0.1577,0.0124,12.91,0.42,12.595,12.8,12.43,12.702,12.702,0.1811,0.0143,12.964,0.534,12.6,12.809,0.1139,0.0744,0.1131,0.04,0.38,0.0129,7,7,3,3.0,16.0,17.0,2.2646,0,0,0.0,0.0,0.2857,-0.18,0.9524,0.85,-0.8667,,,1,1,,2018,2021,2019.4286,3,2010,2010,2000,a7712f6f6b70ff33,F,12.49,0
12.27,12.37,12.42,0.0866,0.007,12.42,0.15,12.345,12.42,12.282,12.378,12.36,0.1062,0.0086,12.492,0.21,12.321,12.426,-0.0413,0.0609,0.0136,0.15,0.0,0.0807,3,3,2,2.0,18.0,20.0,1.6138,0,0,0.0,0.0,0.0,-0.1333,1.1015,1.0,-0.7,,,1,1,,2014,2016,2015.3333,2,2010,2010,1995,63ebc4a3bac02ecd,F,11.9,0
12.52,12.5675,12.575,0.0395,0.0031,12.6,0.08,12.5425,12.6,12.454,12.5825,12.611,0.0894,0.0071,12.654,0.2,12.5575,12.636,0.0114,0.0328,-0.0074,0.03,0.08,0.0151,4,4,2,2.0,18.0,20.0,2.0152,0,0,0.0,0.0,0.0,-0.25,0.9147,1.1,-0.7,163.0,45.0,0,0,16.937,2019,2021,2020.5,2,2010,2020,2000,e6ee62e1efb4bbdd,F,12.52,1
12.14,12.3327,12.33,0.1019,0.0083,12.48,0.34,12.275,12.39,12.002,12.2984,12.276,0.1465,0.0119,12.57,0.568,12.242,12.394,-0.0402,0.086,-0.0272,0.22,0.19,0.0681,11,10,3,3.0,16.0,19.0,3.4049,1,2,0.1818,0.0217,0.0,0.5727,1.0593,0.9333,-1.05,,,1,1,,2014,2017,2016.1818,3,2010,2010,1995,39a579b820eb6edf,F,12.14,0
12.04,12.31,12.215,0.3362,0.0273,12.77,0.73,12.07,12.455,12.004,12.2875,12.188,0.3585,0.0292,12.77,0.766,12.0205,12.455,0.5645,0.1344,0.6119,0.0,0.73,0.0,4,4,2,1.0,18.0,18.0,3.9593,0,0,0.0,0.0,0.5,0.75,0.2121,0.75,0.0,,,1,1,,2017,2018,2017.5,1,2010,2010,1995,d79a547d25cd4db7,F,12.04,0
12.22,12.5031,12.485,0.1978,0.0158,12.89,0.67,12.3675,12.6725,12.22,12.5125,12.484,0.2246,0.018,12.962,0.742,12.363,12.7045,-0.016,0.1905,-0.0249,0.67,0.51,0.1636,16,13,5,4.0,16.0,19.0,3.9064,1,4,0.25,0.2442,0.25,-0.2083,0.6653,0.7,-0.6571,,,1,1,,2017,2021,2019.4375,4,2010,2010,2000,d4fab485cd6aab59,F,12.22,0
11.72,11.81,11.82,0.0854,0.0072,11.89,0.17,11.77,11.855,11.72,11.8017,11.77,0.1013,0.0086,11.915,0.195,11.745,11.8425,-0.0595,0.0444,-0.087,0.17,0.1,0.0856,3,3,2,2.0,18.0,20.0,1.5114,1,3,1.0,0.0,0.3333,0.25,1.0607,1.0,-0.5,184.0,72.0,0,0,21.2665,2017,2019,2018.3333,2,2010,2010,1995,4bc8fdb83fcc90a2,M,11.38,1
12.97,13.249,13.195,0.207,0.0156,13.58,0.61,13.1125,13.4275,12.916,13.2652,13.214,0.2326,0.0175,13.64,0.724,13.1315,13.459,-0.0229,0.1949,-0.0437,0.13,0.19,0.0324,10,10,4,4.0,16.0,19.0,2.4898,1,2,0.2,0.3237,0.1,-0.3,0.6727,0.65,-0.8,,,1,1,,2017,2021,2019.3,4,2010,2010,2000,15e3990a5984f25e,F,12.97,0
12.11,12.145,12.145,0.0495,0.0041,12.18,0.07,12.1275,12.1625,12.044,12.07,12.07,0.0368,0.003,12.096,0.052,12.057,12.083,,,,0.07,0.0,0.3364,2,2,1,0.0,19.0,19.0,9.6118,1,2,1.0,0.0,0.0,1.25,0.2121,1.25,0.0,,,1,1,,2017,2017,2017.0,0,2010,2010,1995,1d1901d5e14c875a,F,11.88,0
12.41,12.7807,12.84,0.1529,0.012,12.97,0.56,12.725,12.89,12.254,12.7727,12.818,0.2015,0.0158,12.988,0.734,12.666,12.936,-0.0428,0.1484,-0.0423,0.56,0.11,0.1763,15,12,4,3.0,17.0,17.0,4.7231,1,4,0.2667,0.0805,0.0667,0.1429,1.1393,1.1333,-0.8,,,1,1,,2019,2022,2020.3333,3,2010,2020,2000,d818c6a8216977f4,F,12.33,0
11.34,11.435,11.435,0.1344,0.0117,11.53,0.19,11.3875,11.4825,11.35,11.435,11.435,0.1202,0.0105,11.52,0.17,11.3925,11.4775,,,,0.19,0.0,0.0657,2,2,2,3.0,17.0,20.0,0.6911,1,1,0.5,-0.19,0.0,0.0,0.2828,0.2,-0.2,184.0,70.0,0,0,20.6758,2019,2022,2020.5,3,2010,2010,2000,d8771cb7bb9f69b6,M,10.97,1
12.06,12.3333,12.37,0.1584,0.0128,12.53,0.47,12.21,12.46,12.06,12.3433,12.37,0.1689,0.0137,12.554,0.494,12.21,12.47,-0.0536,0.1301,-0.0678,0.38,0.4,0.1105,9,7,2,3.0,16.0,19.0,2.6172,1,2,0.2222,-0.0471,0.7778,-0.75,0.495,0.0,-0.75,,,1,1,,2015,2018,2017.3333,3,2010,2010,1995,5011fd1326886067,F,12.06,0
12.15,12.285,12.26,0.1399,0.0114,12.47,0.32,12.195,12.35,12.186,12.3195,12.278,0.1663,0.0135,12.536,0.35,12.1905,12.407,0.2297,0.0545,0.2898,0.0,0.32,0.0,4,3,2,1.0,18.0,18.0,4.081,1,1,0.25,0.1,0.0,-0.575,0.6702,0.4,-0.9,176.0,57.0,0,0,18.4013,2020,2021,2020.5,1,2020,2020,2000,155bc2d58600a67b,F,12.15,1
10.78,10.9889,10.95,0.1536,0.014,11.31,0.53,10.9,11.05,10.7,10.985,10.975,0.167,0.0152,11.31,0.61,10.91,11.055,-0.0814,0.1264,-0.0402,0.12,0.15,0.0586,9,8,3,2.0,18.0,19.0,4.3947,1,1,0.1111,0.235,0.1111,0.0875,0.8919,0.825,-0.65,,,1,1,,2019,2021,2019.6667,2,2010,2010,2000,6665fd12ea3759be,M,10.78,0
11.65,11.8367,11.9,0.1317,0.0111,11.95,0.3,11.7375,11.9275,11.642,11.8237,11.888,0.1373,0.0116,11.942,0.3,11.7105,11.92,0.1999,0.1065,0.1937,0.27,0.3,0.2025,6,4,2,1.0,19.0,19.0,4.5,1,4,0.6667,-0.025,0.0,0.2167,0.4622,0.5667,-0.1333,,,1,1,,2019,2020,2019.5,1,2010,2010,2000,eb83d65c9f4c4a21,F,11.65,0
12.6,12.7243,12.75,0.0806,0.0063,12.83,0.23,12.67,12.775,12.632,12.7269,12.726,0.1013,0.008,12.914,0.282,12.642,12.766,0.0136,0.0744,0.0232,0.08,0.15,0.0257,7,6,3,3.0,16.0,19.0,2.2467,1,1,0.1429,-0.03,0.1429,-0.05,0.8264,0.45,-1.05,,,1,1,,2017,2020,2019.1429,3,2010,2010,2000,4357c6fa83ae6aae,F,12.6,0
12.43,12.5989,12.61,0.0796,0.0063,12.71,0.28,12.58,12.64,12.472,12.5909,12.606,0.0691,0.0055,12.668,0.196,12.55,12.64,0.0069,0.0741,0.0053,0.17,0.19,0.0428,9,7,4,4.0,16.0,18.0,2.2655,1,2,0.2222,-0.0464,0.1111,0.15,0.484,0.44,-0.3333,165.0,56.0,0,0,20.5693,2017,2021,2019.4444,4,2010,2020,2000,49970f54379bbfc8,F,12.43,1
12.23,12.6986,12.705,0.3441,0.0271,13.52,1.29,12.455,12.8525,12.074,12.6699,12.698,0.3783,0.0299,13.526,1.452,12.4235,12.851,-0.1101,0.3288,-0.1076,0.6,0.2,0.1842,14,13,4,3.0,16.0,19.0,4.2971,1,1,0.0714,0.2892,0.3571,0.7444,1.1215,1.0571,-0.35,164.0,43.0,0,0,15.9875,2016,2019,2018.0714,3,2010,2010,2000,0f720320757dee89,F,12.23,1
10.79,10.9314,10.95,0.0979,0.009,11.07,0.28,10.875,10.98,10.765,10.9121,10.94,0.1034,0.0095,11.025,0.26,10.85,10.9775,-0.0465,0.0855,-0.0297,0.28,0.21,0.138,7,6,3,2.0,18.0,19.0,3.4504,0,0,0.0,0.0,0.0,0.3857,0.5242,0.64,-0.25,,,1,1,,2015,2017,2015.8571,2,2010,2010,1995,10ca33e3a2c4fc34,M,10.77,0
12.37,12.418,12.4,0.0444,0.0036,12.47,0.1,12.39,12.46,12.364,12.4204,12.406,0.0492,0.004,12.482,0.118,12.39,12.46,0.0084,0.0386,0.01,0.03,0.1,0.0096,5,5,4,3.0,17.0,19.0,1.6062,1,1,0.2,-0.065,0.2,-0.05,0.1291,0.1,-0.15,,,1,1,,2017,2020,2018.2,3,2010,2010,2000,c8524c084f6a5edb,F,11.96,0
12.0,12.2,12.2,0.2828,0.0232,12.4,0.4,12.1,12.3,11.934,12.176,12.176,0.3422,0.0281,12.418,0.484,12.055,12.297,,,,0.4,0.0,1.4465,2,2,1,0.0,20.0,20.0,7.2327,1,1,0.5,0.4,0.0,0.4,0.9899,1.1,-0.3,,,1,1,,2017,2017,2017.0,0,2010,2010,1995,0b120829247d63be,F,11.95,0
11.83,12.0536,12.07,0.0866,0.0072,12.18,0.35,12.0225,12.0875,11.86,12.0707,12.062,0.0951,0.0079,12.264,0.404,12.028,12.108,0.0276,0.081,0.0255,0.2,0.28,0.0964,14,10,3,2.0,16.0,17.0,6.746,1,4,0.2857,0.0033,0.2143,-0.3636,0.6185,0.25,-0.7143,165.0,55.0,0,0,20.202,2016,2018,2017.0714,2,2010,2010,2000,f368c1de1b9e119c,F,11.83,1
12.27,12.47,12.49,0.1543,0.0124,12.77,0.5,12.345,12.58,12.266,12.488,12.49,0.1776,0.0142,12.77,0.504,12.3285,12.595,0.0165,0.1468,-0.0008,0.31,0.09,0.1463,12,11,3,2.0,16.0,18.0,5.6628,1,1,0.0833,-0.12,0.5,-0.6,1.1883,0.3,-1.5,,,1,1,,2017,2019,2017.9167,2,2010,2010,2000,134bbb663b484986,F,11.9,0
10.85,11.214,11.24,0.2332,0.0208,11.51,0.66,11.01,11.4075,10.705,11.1735,11.235,0.2818,0.0252,11.51,0.805,10.9362,11.4075,-0.1591,0.1648,-0.1729,0.66,0.33,0.2425,10,9,4,3.0,17.0,19.0,3.6745,1,1,0.1,0.4044,0.3,1.1571,1.2804,1.72,-0.5,193.0,70.0,0,0,18.7925,2018,2021,2019.2,3,2010,2010,2000,09885f25906ad916,M,10.85,1
12.35,12.929,12.605,1.1289,0.0873,16.12,3.77,12.555,12.635,12.35,12.9128,12.63,1.082,0.0838,15.964,3.614,12.468,12.6415,-0.007,1.071,0.001,0.29,0.26,0.0959,10,9,3,3.0,16.0,17.0,3.3084,1,1,0.1,0.6675,0.3,0.3857,1.4531,2.5,-0.46,,,1,1,,2018,2021,2019.1,3,2010,2010,2000,8b97e56dedc9692e,F,12.35,0
12.04,12.2562,12.19,0.1769,0.0144,12.67,0.63,12.15,12.3,12.052,12.2548,12.18,0.201,0.0164,12.706,0.654,12.102,12.306,-0.1232,0.1056,-0.1503,0.63,0.15,0.1829,13,10,3,3.0,16.0,18.0,3.7744,1,1,0.0769,0.101,0.0,0.0231,0.7865,0.76,-0.5,,,1,1,,2012,2015,2014.1538,3,2010,2010,1995,7c7600dec1f75f90,F,12.04,0
11.44,11.6336,11.65,0.1014,0.0087,11.76,0.32,11.575,11.695,11.398,11.6255,11.642,0.1028,0.0088,11.76,0.362,11.566,11.698,-0.042,0.0878,-0.0268,0.26,0.25,0.1059,11,9,2,2.0,17.0,19.0,4.4791,1,4,0.3636,0.0825,0.0,0.1364,0.6697,0.5333,-0.425,,,1,1,,2019,2021,2020.4545,2,2010,2020,2000,a10267ad2ef5b097,F,11.42,0
11.76,11.8275,11.835,0.0512,0.0043,11.88,0.12,11.805,11.8575,11.646,11.8035,11.847,0.106,0.009,11.874,0.228,11.79,11.8605,-0.4241,0.0322,-0.9897,0.06,0.0,0.3593,4,3,1,0.0,18.0,18.0,23.9508,1,3,0.75,0.07,0.0,0.4,1.0132,1.0,-0.2,,,1,1,,2019,2019,2019.0,0,2010,2010,2000,8c637b32f3e471e2,F,11.65,0
10.67,10.73,10.72,0.0606,0.0056,10.81,0.14,10.6925,10.7575,10.515,10.64,10.67,0.0865,0.0081,10.705,0.19,10.6162,10.6938,-0.0173,0.0505,0.0136,0.0,0.03,0.0,4,3,2,2.0,18.0,18.0,2.0124,0,0,0.0,0.0,0.0,1.8,1.01,1.8,0.0,,,1,1,,2017,2019,2017.5,2,2010,2010,1995,ebac919e00c346d2,M,10.35,0
12.3,12.46,12.465,0.1361,0.0109,12.63,0.33,12.345,12.5625,12.288,12.488,12.465,0.1706,0.0137,12.762,0.474,12.378,12.5655,0.0047,0.1242,-0.0104,0.02,0.12,0.0177,6,4,2,1.0,18.0,19.0,5.3192,1,2,0.3333,-0.0075,0.1667,-0.56,1.004,0.2,-1.0667,,,1,1,,2019,2020,2019.6667,1,2010,2020,2000,2a4b29c0859d8b9c,F,12.3,0
10.38,10.3967,10.4,0.0153,0.0015,10.41,0.03,10.39,10.405,10.36,10.3783,10.375,0.0202,0.0019,10.4,0.04,10.3675,10.3875,-0.1238,0.0082,0.1702,0.03,0.02,0.1857,3,2,1,0.0,20.0,20.0,18.572,1,1,0.3333,0.025,0.0,0.3667,0.5508,0.55,0.0,,,1,1,,2015,2015,2015.0,0,2010,2010,1995,778dcf6c7cc4c69c,M,10.22,0
11.04,11.115,11.115,0.1061,0.0095,11.19,0.15,11.0775,11.1525,11.005,11.1075,11.1075,0.145,0.0131,11.21,0.205,11.0562,11.1588,,,,0.15,0.0,1.9567,2,2,1,0.0,18.0,18.0,26.0893,0,0,0.0,0.0,0.0,0.15,0.7778,0.7,-0.4,181.0,65.0,0,0,19.8407,2020,2020,2020.0,0,2020,2020,2000,9f0d2c0ca2363009,M,10.93,1
12.3,12.3825,12.365,0.0888,0.0072,12.5,0.2,12.3225,12.425,12.276,12.3855,12.383,0.1012,0.0082,12.5,0.224,12.3165,12.452,-0.0247,0.0679,-0.0224,0.2,0.1,0.0645,4,4,2,3.0,16.0,19.0,1.2895,0,0,0.0,0.0,0.5,-0.1,0.7071,0.4,-0.6,172.0,50.0,0,0,16.901,2018,2021,2019.5,3,2010,2010,2000,e926e29562429ddd,F,12.27,1
12.59,12.8633,12.77,0.3301,0.0257,13.23,0.64,12.68,13.0,12.542,12.8473,12.77,0.3505,0.0273,13.23,0.688,12.656,13.0,-0.1721,0.2569,-0.1507,0.64,0.18,0.6184,3,3,2,1.0,18.0,18.0,2.8988,0,0,0.0,0.0,0.3333,0.4,0.5657,0.8,0.0,,,1,1,,2017,2018,2017.3333,1,2010,2010,1995,bc3fcc5ab0bbd19f,F,12.27,0
12.4,12.5963,12.625,0.1277,0.0101,12.81,0.41,12.5525,12.64,12.424,12.603,12.594,0.1263,0.01,12.798,0.374,12.539,12.6745,0.0466,0.1011,0.0463,0.0,0.24,0.0,8,7,4,4.0,15.0,15.0,1.8611,1,1,0.125,0.2243,0.0,-0.1125,1.3538,0.925,-1.15,165.0,50.0,0,0,18.3655,2015,2019,2016.25,4,2010,2010,1995,b162eccad4163f21,F,12.4,1
12.57,12.6925,12.665,0.1318,0.0104,12.87,0.3,12.6075,12.75,12.564,12.6925,12.665,0.1363,0.0107,12.876,0.312,12.606,12.7515,1.3332,0.103,1.3845,0.14,0.3,1.3457,4,3,1,0.0,16.0,16.0,38.4474,0,0,0.0,0.0,0.5,0.0,0.1414,0.1,-0.1,,,1,1,,2019,2019,2019.0,0,2010,2010,2000,0a4c43f027d5ccb4,F,12.57,0
12.28,12.3727,12.35,0.1166,0.0094,12.69,0.41,12.295,12.395,12.232,12.3531,12.358,0.1146,0.0093,12.642,0.41,12.278,12.383,0.0035,0.1107,0.021,0.15,0.08,0.0458,11,10,4,3.0,16.0,17.0,3.3621,1,1,0.0909,0.08,0.2727,0.45,0.8485,0.8833,-0.85,,,1,1,,2015,2018,2016.4545,3,2010,2010,1995,606fdf5760f0caee,F,12.11,0
12.33,12.56,12.45,0.359,0.0286,13.52,1.19,12.3625,12.5325,12.34,12.5504,12.383,0.362,0.0288,13.52,1.18,12.3625,12.5345,0.0865,0.3327,0.0677,0.21,0.17,0.1578,10,10,2,1.0,18.0,19.0,7.5154,0,0,0.0,0.0,0.6,0.4,1.4376,1.3,-0.5,,,1,1,,2018,2019,2018.6,1,2010,2010,2000,dfba195f7f689407,F,12.33,0
12.12,12.3329,12.21,0.3087,0.025,12.99,0.87,12.145,12.36,12.036,12.326,12.204,0.3254,0.0264,12.996,0.96,12.139,12.384,-0.3361,0.1731,-0.3449,0.87,0.3,0.4371,7,4,3,2.0,17.0,19.0,3.5169,1,3,0.4286,0.1683,0.0,0.1143,0.6203,0.425,-0.3,167.0,50.0,0,0,17.9282,2019,2021,2020.4286,2,2010,2020,2000,cf7e5fd2cb73e12f,F,12.12,1
11.94,12.035,12.035,0.1344,0.0112,12.13,0.19,11.9875,12.0825,11.9,12.015,12.015,0.1626,0.0135,12.13,0.23,11.9575,12.0725,,,,0.0,0.19,0.0,2,2,2,1.0,18.0,18.0,2.1741,0,0,0.0,0.0,0.0,0.4,0.5657,0.8,0.0,,,1,1,,2020,2021,2020.5,1,2020,2020,2000,40536428304fa4e9,M,11.94,0
12.87,13.0675,13.075,0.1467,0.0112,13.39,0.52,12.9425,13.145,12.75,13.058,13.048,0.1844,0.0141,13.516,0.766,12.9545,13.1205,-0.0837,0.1118,-0.0781,0.52,0.08,0.1261,12,12,5,4.0,16.0,19.0,2.9104,0,0,0.0,0.0,0.1667,0.19,1.102,0.7833,-0.9333,,,1,1,,2014,2018,2016.25,4,2010,2010,1995,72e305be0d93f811,F,12.87,0
10.64,10.7757,10.79,0.0624,0.0058,10.82,0.18,10.78,10.81,10.55,10.76,10.8,0.104,0.0097,10.855,0.305,10.745,10.8125,0.003,0.0584,0.031,0.13,0.15,0.0653,7,7,3,2.0,17.0,19.0,3.5169,0,0,0.0,0.0,0.4286,0.55,1.2342,1.6,-0.5,,,1,1,,2017,2019,2018.2857,2,2010,2010,2000,325a3638c940ae32,M,10.58,0
10.81,11.098,11.08,0.1698,0.0153,11.38,0.57,10.9875,11.2125,10.8,11.09,11.0675,0.1947,0.0176,11.455,0.655,10.975,11.2225,-0.082,0.1502,-0.1016,0.46,0.17,0.2311,10,8,3,2.0,17.0,19.0,5.0241,1,2,0.2,0.0975,0.0,0.16,0.7849,0.5143,-1.0,177.0,54.0,0,0,17.2364,2019,2021,2020.1,2,2010,2020,2000,a51489eef9f5e716,M,10.81,1
12.43,12.46,12.46,0.0424,0.0034,12.49,0.06,12.445,12.475,12.508,12.508,12.508,0.0,0.0,12.508,0.0,12.508,12.508,,,,0.0,0.06,0.0,2,2,1,0.0,19.0,19.0,34.7857,0,0,0.0,0.0,0.0,-0.8,0.7071,0.0,-0.8,,,1,1,,2014,2014,2014.0,0,2010,2010,1995,bb53cae1bc0f8696,F,12.28,0
12.45,12.52,12.51,0.0668,0.0053,12.61,0.16,12.4875,12.5425,12.45,12.5215,12.513,0.0663,0.0053,12.61,0.16,12.492,12.5425,-0.0007,0.0579,0.0045,0.07,0.05,0.0603,4,4,2,1.0,18.0,18.0,3.4458,0,0,0.0,0.0,0.75,-0.1,0.0,0.0,-0.1,170.0,55.0,0,0,19.0311,2018,2019,2018.25,1,2010,2010,2000,264006353eaae4aa,F,12.45,1
11.81,11.9642,11.985,0.0841,0.007,12.07,0.26,11.9175,12.0175,11.816,11.9622,11.974,0.0917,0.0077,12.132,0.316,11.9115,12.015,-0.042,0.06,-0.0266,0.2,0.19,0.0601,12,8,3,3.0,16.0,19.0,3.6044,1,4,0.3333,-0.0111,0.0,0.0333,0.8117,0.82,-0.6167,,,1,1,,2011,2014,2013.1667,3,2010,2010,1995,2254bf38a423624e,F,11.66,0
12.45,12.9917,12.98,0.4134,0.0318,13.48,1.03,12.71,13.325,12.45,13.0067,12.968,0.4351,0.0335,13.522,1.072,12.71,13.373,-0.2276,0.1154,-0.2375,0.92,0.24,0.2763,6,6,2,3.0,17.0,20.0,1.8022,0,0,0.0,0.0,0.5,-0.5,0.8185,0.4,-0.95,,,1,1,,2015,2018,2016.5,3,2010,2010,1995,b762079ed36ac502,F,12.45,0
11.81,12.0118,12.02,0.0889,0.0074,12.15,0.34,11.98,12.055,11.726,11.9938,12.006,0.1035,0.0086,12.102,0.376,11.974,12.067,-0.0357,0.0784,-0.0076,0.29,0.21,0.1246,11,8,2,2.0,17.0,19.0,4.7268,1,4,0.3636,0.0146,0.0,0.3,0.7071,0.5875,-0.4667,,,1,1,,2019,2021,2020.4545,2,2010,2020,2000,a3c42af0460f6671,F,11.81,0
12.89,13.27,13.355,0.2639,0.0199,13.48,0.59,13.1975,13.4275,12.872,13.3165,13.415,0.3086,0.0232,13.564,0.692,13.2335,13.498,0.1777,0.2095,0.2032,0.0,0.52,0.0,4,4,2,1.0,18.0,18.0,3.2685,0,0,0.0,0.0,0.0,-0.775,0.7455,0.3,-1.1333,169.0,59.0,0,0,20.6575,2019,2020,2019.25,1,2010,2010,2000,495d46a191087715,F,12.89,1
12.3,12.35,12.33,0.0663,0.0054,12.44,0.14,12.3,12.38,12.192,12.314,12.312,0.1042,0.0085,12.44,0.248,12.2595,12.3665,0.0079,0.0567,0.0382,0.0,0.0,0.0,4,4,3,3.0,17.0,20.0,1.2045,1,1,0.25,0.0667,0.25,0.8,0.866,0.8,0.0,,,1,1,,2017,2020,2018.75,3,2010,2010,2000,4b91d8ec827df638,F,12.04,0
12.11,12.2675,12.175,0.2333,0.019,12.61,0.5,12.125,12.3175,11.966,12.2,12.076,0.3256,0.0267,12.682,0.716,12.0395,12.2365,0.4411,0.0407,0.6104,0.0,0.5,0.0,4,3,2,1.0,18.0,18.0,3.7752,1,1,0.25,0.1833,0.0,1.125,1.7689,1.9,-1.2,169.0,51.0,0,0,17.8565,2019,2020,2019.25,1,2010,2010,2000,cfbbe527754ab04e,F,12.11,1
10.94,11.2373,11.26,0.1823,0.0162,11.51,0.57,11.07,11.385,10.885,11.233,11.24,0.1964,0.0175,11.525,0.64,11.08,11.3875,-0.0982,0.132,-0.0976,0.11,0.15,0.033,15,11,4,3.0,17.0,20.0,4.5018,1,4,0.2667,0.1532,0.2,0.1083,1.004,0.675,-1.025,,,1,1,,2019,2022,2020.2,3,2010,2010,2000,18cc1ffaa664540b,M,10.93,0
12.47,12.62,12.68,0.119,0.0094,12.75,0.28,12.52,12.68,12.476,12.6128,12.662,0.1059,0.0084,12.722,0.246,12.526,12.678,-0.1734,0.0922,-0.1405,0.21,0.05,0.2056,5,5,2,1.0,16.0,16.0,4.8961,0,0,0.0,0.0,0.0,0.12,0.7014,0.75,-0.3,170.0,62.0,0,0,21.4533,2015,2016,2015.2,1,2010,2010,1995,99d67eababea062e,F,12.47,1
12.41,12.5783,12.56,0.1577,0.0125,12.89,0.48,12.44,12.695,12.332,12.5603,12.53,0.1739,0.0138,12.89,0.558,12.413,12.704,-0.0779,0.1425,-0.1085,0.16,0.14,0.0768,12,8,3,2.0,16.0,17.0,5.7595,1,4,0.3333,0.1314,0.3333,0.45,0.8552,1.0,-0.4667,,,1,1,,2018,2020,2019.0,2,2010,2010,2000,d0c4e0396df7da85,F,12.41,0
12.09,12.498,12.57,0.2872,0.023,12.82,0.73,12.34,12.67,12.03,12.5088,12.67,0.3468,0.0277,12.892,0.862,12.28,12.672,-0.1456,0.111,-0.1889,0.73,0.25,0.2189,5,4,4,3.0,17.0,20.0,1.4994,1,1,0.2,0.51,0.2,-0.225,1.4292,1.0,-1.45,,,1,1,,2017,2020,2018.8,3,2010,2020,2000,e2ec187a4a5c2087,F,12.09,0
12.31,12.6,12.51,0.2777,0.022,13.13,0.82,12.44,12.685,12.28,12.6103,12.51,0.2767,0.0219,13.13,0.85,12.473,12.703,0.1591,0.2269,0.1576,0.1,0.27,0.0464,7,6,3,2.0,16.0,16.0,3.2487,1,1,0.1429,0.105,0.5714,-0.4,0.8185,0.5,-0.85,,,1,1,,2017,2019,2018.0,2,2010,2010,2000,3df590272ebb8a86,F,12.31,0
10.85,11.11,11.015,0.1977,0.0178,11.42,0.57,11.0075,11.2525,10.705,11.0812,11.03,0.2417,0.0218,11.44,0.735,10.9438,11.2525,-0.1427,0.0727,-0.1684,0.57,0.15,0.1702,8,6,4,3.0,17.0,20.0,2.3892,1,2,0.25,0.2333,0.125,0.6571,1.2647,1.8667,-0.5,172.0,58.0,0,0,19.6052,2017,2020,2019.125,3,2010,2020,2000,e1d591694620d1f3,M,10.85,1
12.87,13.25,13.04,0.5449,0.0411,14.19,1.32,12.91,13.24,12.864,13.226,13.046,0.5202,0.0393,14.13,1.266,12.91,13.18,0.3578,0.3425,0.3201,0.04,1.32,0.0171,5,4,3,2.0,16.0,17.0,2.136,1,1,0.2,-1.175,0.2,0.5,0.5831,0.7,-0.1,162.0,55.0,0,0,20.9572,2018,2020,2019.2,2,2010,2010,2000,83234316004bb828,F,12.87,1
12.16,12.235,12.235,0.1061,0.0087,12.31,0.15,12.1975,12.2725,12.136,12.196,12.196,0.0849,0.007,12.256,0.12,12.166,12.226,,,,0.0,0.15,0.0,2,2,1,0.0,19.0,19.0,4.9358,0,0,0.0,0.0,0.0,0.65,0.3536,0.65,0.0,,,1,1,,2015,2015,2015.0,0,2010,2010,1995,b28e9c3ab62467d0,F,12.11,0
12.25,12.59,12.48,0.4182,0.0332,13.47,1.22,12.335,12.63,12.25,12.602,12.48,0.4212,0.0334,13.47,1.22,12.347,12.66,0.2905,0.3491,0.3087,0.0,0.11,0.0,7,5,2,1.0,18.0,18.0,6.4402,1,2,0.2857,-0.378,0.5714,-0.4667,0.8021,0.3,-0.85,,,1,1,,2018,2019,2018.7143,1,2010,2010,2000,ec6424ad6c91bf80,F,12.13,0
12.71,12.8833,12.8,0.1809,0.014,13.21,0.5,12.77,12.95,12.692,12.8793,12.82,0.1739,0.0135,13.192,0.5,12.8,12.866,-0.102,0.0992,-0.0916,0.24,0.06,0.0759,9,9,3,3.0,16.0,19.0,2.8461,0,0,0.0,0.0,0.2222,0.0857,0.7267,0.525,-0.5,,,1,1,,2016,2019,2017.7778,3,2010,2010,2000,b8bf9993b4a5ccc6,F,12.32,0
10.66,10.8767,10.91,0.2021,0.0186,11.06,0.4,10.785,10.985,10.665,10.8617,10.91,0.1775,0.0163,11.01,0.345,10.7875,10.96,-0.2875,0.0911,-0.2356,0.4,0.0,0.3775,3,3,2,1.0,18.0,20.0,2.8314,0,0,0.0,0.0,0.0,0.3,0.6083,1.0,-0.1,,,1,1,,2015,2016,2015.6667,1,2010,2010,1995,f4206e215e3f00f1,M,10.66,0
11.52,11.73,11.76,0.1253,0.0107,11.88,0.36,11.665,11.81,11.526,11.7403,11.73,0.1322,0.0113,11.922,0.396,11.677,11.825,-1.124,0.0662,-1.1276,0.34,0.13,1.3798,7,5,1,0.0,19.0,19.0,28.4083,1,3,0.4286,0.0758,0.0,-0.1714,0.3684,0.5,-0.2833,,,1,1,,2019,2019,2019.0,0,2010,2010,2000,96b4c55a8639894f,F,11.52,0
11.92,12.1353,12.12,0.1429,0.0118,12.52,0.6,12.045,12.185,11.812,12.1097,12.142,0.1524,0.0126,12.46,0.648,11.992,12.179,-0.0567,0.1446,-0.0339,0.36,0.6,0.1213,15,12,4,3.0,17.0,19.0,5.0542,1,1,0.0667,0.1667,0.0,0.4267,0.9699,1.1625,-0.4833,,,1,1,,2013,2016,2014.5333,3,2010,2010,1995,b4f1a7b3e86b40ad,F,11.92,0
10.38,10.45,10.47,0.0534,0.0051,10.51,0.13,10.41,10.48,10.31,10.4,10.385,0.079,0.0076,10.525,0.215,10.37,10.41,0.0325,0.0271,0.0281,0.0,0.09,0.0,5,4,3,3.0,17.0,17.0,1.6248,1,2,0.4,0.0083,0.0,1.0,0.8276,1.325,-0.3,,,1,1,,2017,2020,2018.4,3,2010,2010,2000,900bdc0aafc76db5,M,10.29,0
12.01,12.1889,12.21,0.0984,0.0081,12.35,0.34,12.14,12.24,12.004,12.1736,12.192,0.1127,0.0093,12.38,0.376,12.086,12.222,-0.0714,0.0912,-0.1201,0.34,0.13,0.3036,9,7,2,1.0,18.0,19.0,8.0373,1,2,0.2222,0.0179,0.1111,0.2875,0.8323,0.65,-0.8,,,1,1,,2016,2017,2016.3333,1,2010,2010,1995,54f1a284e9cfe803,F,12.01,0
12.42,12.6867,12.69,0.1684,0.0133,12.95,0.53,12.6675,12.705,12.492,12.7127,12.687,0.1531,0.012,12.95,0.458,12.663,12.7755,0.108,0.1388,0.0871,0.0,0.27,0.0,6,6,3,2.0,17.0,17.0,2.7846,0,0,0.0,0.0,0.3333,-0.65,0.8426,0.3,-0.9667,,,1,1,,2017,2019,2018.3333,2,2010,2010,2000,25df92626683d3c8,F,12.42,0
12.25,12.3957,12.37,0.1233,0.0099,12.56,0.31,12.3,12.495,12.25,12.4069,12.37,0.1221,0.0098,12.56,0.31,12.324,12.51,-0.1282,0.0931,-0.1213,0.28,0.02,0.1422,7,6,3,2.0,17.0,18.0,3.556,1,1,0.1429,0.03,0.7143,-0.65,0.2121,0.0,-0.65,,,1,1,,2017,2019,2018.0,2,2010,2010,2000,7eaf1ae1e76ed544,F,11.91,0
12.17,12.185,12.185,0.0212,0.0017,12.2,0.03,12.1775,12.1925,12.128,12.17,12.17,0.0594,0.0049,12.212,0.084,12.149,12.191,,,,0.03,0.0,0.1857,2,2,1,0.0,19.0,20.0,12.3814,0,0,0.0,0.0,0.0,0.25,1.3435,1.2,-0.7,,,1,1,,2015,2015,2015.0,0,2010,2010,1995,df9a30197b971662,F,11.96,0
10.72,10.9942,11.025,0.155,0.0141,11.2,0.48,10.915,11.0925,10.66,10.9892,11.035,0.165,0.015,11.185,0.525,10.9312,11.0925,-0.1503,0.0652,-0.1561,0.48,0.02,0.1476,12,10,4,3.0,16.0,19.0,3.6894,1,2,0.1667,0.173,0.5,0.2,0.7183,0.7667,-0.55,,,1,1,,2017,2020,2018.5833,3,2010,2010,2000,cb5856798864c33b,M,10.72,0
10.3,10.378,10.385,0.0329,0.0032,10.41,0.11,10.3725,10.3975,10.185,10.3255,10.3475,0.077,0.0075,10.395,0.21,10.32,10.3738,0.0088,0.0305,0.0146,0.11,0.09,0.0442,10,9,3,2.0,17.0,18.0,4.0226,1,5,0.5,0.0285,0.0,1.05,1.3269,1.4,-0.35,,,1,1,,2013,2015,2014.3,2,2010,2010,1995,2993adc9e894e4ac,M,10.22,0
12.11,12.1925,12.14,0.1269,0.0104,12.38,0.27,12.1175,12.215,12.11,12.2105,12.158,0.1423,0.0117,12.416,0.306,12.1175,12.251,0.0315,0.1026,0.0268,0.05,0.0,0.0164,4,4,3,3.0,17.0,20.0,1.3103,1,1,0.25,0.0967,0.25,-0.4,0.3464,0.0,-0.6,165.0,52.0,0,0,19.1001,2015,2018,2017.0,3,2010,2010,1995,4664df8ec74d96c4,F,12.11,1
11.12,11.26,11.14,0.2254,0.02,11.52,0.4,11.13,11.33,11.12,11.2533,11.12,0.2309,0.0205,11.52,0.4,11.12,11.32,-0.2213,0.0824,-0.2215,0.4,0.0,0.2197,3,3,3,2.0,18.0,19.0,1.6477,0,0,0.0,0.0,0.0,0.1333,0.2309,0.4,0.0,,,1,1,,2014,2016,2015.0,2,2010,2010,1995,c844a806884e5fc4,M,10.84,0
12.12,12.3525,12.39,0.1746,0.0141,12.51,0.39,12.27,12.4725,12.054,12.3855,12.408,0.258,0.0208,12.672,0.618,12.276,12.5175,-0.1476,0.0773,-0.2024,0.2,0.0,0.0945,4,3,2,2.0,17.0,19.0,1.89,1,1,0.25,-0.21,0.0,-0.55,1.5864,1.1,-1.1,,,1,1,,2019,2021,2019.5,2,2010,2010,2000,a5711e43ae7c52a9,F,11.97,0
10.93,10.9967,10.95,0.0987,0.009,11.11,0.18,10.94,11.03,10.93,10.9967,10.95,0.0987,0.009,11.11,0.18,10.94,11.03,-0.1889,0.077,-0.1889,0.02,0.0,0.0664,3,3,1,0.0,20.0,20.0,9.9614,0,0,0.0,0.0,1.0,0.0,0.0,0.0,0.0,,,1,1,,2018,2018,2018.0,0,2010,2010,1995,7d7ae59af13da66b,M,10.63,0
11.15,11.28,11.28,0.1838,0.0163,11.41,0.26,11.215,11.345,11.125,11.2875,11.2875,0.2298,0.0204,11.45,0.325,11.2062,11.3687,,,,0.26,0.0,2.7931,2,2,1,0.0,17.0,17.0,21.4853,0,0,0.0,0.0,0.0,-0.15,0.9192,0.5,-0.8,172.0,61.0,0,0,20.6193,2019,2019,2019.0,0,2010,2010,2000,f156dad31442e25c,M,10.56,1
12.75,12.795,12.795,0.0636,0.005,12.84,0.09,12.7725,12.8175,12.66,12.738,12.738,0.1103,0.0087,12.816,0.156,12.699,12.777,,,,0.09,0.0,0.9668,2,2,1,0.0,17.0,17.0,21.4853,0,0,0.0,0.0,0.0,0.95,0.7778,0.95,0.0,168.0,48.0,0,0,17.0068,2019,2019,2019.0,0,2010,2010,2000,fa9884b0867d819e,F,12.66,1
12.92,13.1562,13.065,0.1963,0.0149,13.4,0.48,13.02,13.375,12.908,13.151,13.083,0.2034,0.0155,13.4,0.492,12.9945,13.375,-0.0992,0.1691,-0.0809,0.1,0.13,0.0464,8,8,3,2.0,16.0,18.0,3.7128,0,0,0.0,0.0,0.5,0.175,0.5795,0.4333,-0.6,,,1,1,,2017,2019,2018.375,2,2010,2010,2000,78896e3f4f2a16f0,F,12.91,0
12.64,12.74,12.65,0.1347,0.0106,12.94,0.3,12.65,12.82,12.514,12.7172,12.668,0.1808,0.0142,12.976,0.462,12.614,12.814,-0.0974,0.0861,-0.1032,0.3,0.01,0.1019,5,5,4,3.0,17.0,20.0,1.6988,0,0,0.0,0.0,0.0,0.38,1.0616,0.9333,-0.45,162.0,49.0,0,0,18.6709,2014,2017,2015.8,3,2010,2010,1995,f2c84bdd81710500,F,12.64,1
12.78,12.9217,12.905,0.1248,0.0097,13.15,0.37,12.865,12.93,12.774,12.9097,12.893,0.1329,0.0103,13.15,0.376,12.8275,12.93,0.0266,0.1026,0.0417,0.1,0.15,0.0322,6,6,4,3.0,16.0,18.0,1.9308,0,0,0.0,0.0,0.5,0.4,0.3,0.4,0.0,161.0,54.0,0,0,20.8325,2015,2018,2017.0,3,2010,2010,1995,7bc22268b206ca4e,F,12.78,1
11.86,12.1357,12.19,0.1263,0.0104,12.22,0.36,12.135,12.205,11.728,12.1169,12.172,0.1813,0.015,12.3,0.572,12.126,12.183,0.2103,0.0662,0.3051,0.0,0.35,0.0,7,5,3,2.0,18.0,18.0,3.6369,1,5,0.7143,0.104,0.0,0.3143,1.224,1.1,-1.1,,,1,1,,2019,2021,2020.0,2,2010,2020,2000,2e0c8e69a4bc7861,F,11.86,0
11.42,11.746,11.64,0.2941,0.025,12.15,0.73,11.58,11.94,11.375,11.744,11.665,0.3068,0.0261,12.15,0.775,11.58,11.95,-0.3245,0.1375,-0.3306,0.73,0.0,0.3481,5,5,3,2.0,16.0,18.0,2.3841,0,0,0.0,0.0,0.2,0.05,0.6028,0.9,-0.35,165.0,54.0,0,0,19.8347,2018,2020,2019.2,2,2010,2010,2000,37b0ceba6261ed93,M,11.42,1
12.42,12.53,12.53,0.0577,0.0046,12.61,0.19,12.52,12.555,12.42,12.5369,12.53,0.0791,0.0063,12.688,0.268,12.517,12.543,0.0121,0.0534,0.0036,0.11,0.19,0.0934,7,7,2,1.0,18.0,19.0,5.9459,0,0,0.0,0.0,0.5714,-0.2667,0.9074,0.25,-1.3,,,1,1,,2018,2019,2018.8571,1,2010,2010,2000,7c8e9488b9fce57e,F,12.08,0
11.03,11.3467,11.37,0.2072,0.0183,11.65,0.62,11.26,11.42,10.965,11.3367,11.3725,0.2288,0.0202,11.65,0.685,11.2562,11.425,-0.0786,0.1713,-0.0797,0.36,0.0,0.1204,6,6,4,3.0,16.0,19.0,2.0069,0,0,0.0,0.0,0.5,0.4,0.8544,0.8,-0.4,174.0,65.0,0,0,21.4692,2016,2019,2017.8333,3,2010,2010,2000,e56bb0a00a3df989,M,11.03,1
12.46,12.6386,12.64,0.1308,0.0104,12.86,0.4,12.555,12.7,12.442,12.6283,12.654,0.1498,0.0119,12.872,0.43,12.516,12.699,-0.0694,0.1114,-0.0878,0.4,0.23,0.1915,7,7,3,2.0,17.0,18.0,3.3509,0,0,0.0,0.0,0.0,0.1714,0.5345,0.55,-0.3333,,,1,1,,2014,2016,2015.4286,2,2010,2010,1995,0e85be5129cb025e,F,12.39,0
11.26,11.3922,11.37,0.114,0.01,11.66,0.4,11.33,11.42,11.26,11.3994,11.39,0.1153,0.0101,11.675,0.415,11.335,11.415,0.0556,0.09,0.0426,0.07,0.11,0.0286,9,9,3,2.0,15.0,16.0,3.6729,1,1,0.1111,-0.3012,0.3333,-0.2167,0.9131,0.4,-0.8333,167.0,58.0,0,0,20.7967,2018,2020,2019.1111,2,2010,2010,2000,384b56c907010963,M,11.26,1
12.52,12.6958,12.69,0.1391,0.011,13.06,0.54,12.62,12.7325,12.496,12.7103,12.717,0.1601,0.0126,13.132,0.636,12.5975,12.7505,-0.1227,0.0753,-0.1523,0.54,0.15,0.1756,12,12,4,3.0,17.0,19.0,3.9029,1,2,0.1667,0.103,0.4167,-0.4143,0.8133,0.7,-0.86,,,1,1,,2017,2020,2018.75,3,2010,2010,2000,96fea2ee19e4865e,F,12.43,0
10.83,11.042,11.02,0.1958,0.0177,11.28,0.45,10.88,11.2,10.775,11.029,11.03,0.2152,0.0195,11.28,0.505,10.86,11.2,0.3977,0.0753,0.4199,0.19,0.45,0.1861,5,4,2,1.0,19.0,19.0,4.8961,0,0,0.0,0.0,0.4,0.4333,0.6506,0.75,-0.2,,,1,1,,2017,2018,2017.4,1,2010,2010,1995,6c60ddfd2672c656,M,10.66,0
12.23,12.54,12.55,0.2766,0.0221,12.98,0.75,12.3275,12.645,12.196,12.528,12.533,0.3089,0.0247,12.98,0.784,12.266,12.695,0.0402,0.245,0.0328,0.4,0.75,0.0981,6,4,3,4.0,16.0,18.0,1.4718,1,2,0.3333,0.1125,0.1667,0.24,1.1149,0.9333,-0.8,165.0,51.0,0,0,18.7328,2015,2019,2016.3333,4,2010,2010,1995,436a43bfa91332ce,F,12.23,1
10.72,11.1144,11.14,0.2082,0.0187,11.35,0.63,11.0,11.3,10.505,11.0783,11.125,0.2676,0.0242,11.395,0.89,10.985,11.225,-0.2681,0.1715,-0.2533,0.63,0.0,0.3227,9,8,3,2.0,18.0,20.0,4.6104,0,0,0.0,0.0,0.0,0.7222,1.5619,1.1429,-1.5,184.0,68.0,0,0,20.0851,2015,2017,2016.0,2,2010,2010,1995,c246e758315b6100,M,10.72,1
10.94,11.015,11.015,0.1061,0.0096,11.09,0.15,10.9775,11.0525,10.945,11.0475,11.0475,0.145,0.0131,11.15,0.205,10.9962,11.0988,,,,0.15,0.0,1.8892,2,2,1,0.0,19.0,19.0,25.1897,0,0,0.0,0.0,0.0,-0.65,0.7778,0.0,-0.65,181.0,70.0,0,0,21.3669,2016,2016,2016.0,0,2010,2010,1995,bf6713c419254eb2,M,10.72,1
11.94,12.1067,12.17,0.1457,0.012,12.21,0.27,12.055,12.19,11.94,12.0647,12.084,0.1162,0.0096,12.17,0.23,12.012,12.127,-0.1555,0.0939,-0.0291,0.27,0.23,0.2709,3,2,2,1.0,19.0,20.0,3.0103,1,1,0.3333,-0.095,0.6667,2.1,0.0,2.1,0.0,,,1,1,,2017,2018,2017.6667,1,2010,2010,1995,a804ffaa7f025239,F,11.82,0
11.62,11.6725,11.685,0.0359,0.0031,11.7,0.08,11.665,11.6925,11.572,11.629,11.642,0.0391,0.0034,11.66,0.088,11.6215,11.6495,-0.034,0.0087,-0.0367,0.07,0.0,0.0327,4,3,3,2.0,17.0,19.0,1.8707,1,2,0.5,-0.025,0.0,0.725,0.1708,0.725,0.0,,,1,1,,2017,2019,2017.75,2,2010,2010,2000,13221256c721572b,F,11.49,0
12.17,12.265,12.265,0.1344,0.011,12.36,0.19,12.2175,12.3125,12.185,12.2725,12.2725,0.1237,0.0101,12.36,0.175,12.2288,12.3162,,,,0.19,0.0,0.1789,2,2,2,1.0,17.0,18.0,1.8827,0,0,0.0,0.0,0.5,-0.3,0.0,0.0,-0.3,174.0,62.0,0,0,20.4783,2018,2019,2018.5,1,2010,2010,2000,bf78b5491785b222,M,11.33,1
11.85,11.9017,11.91,0.0325,0.0027,11.94,0.09,11.885,11.92,11.85,11.9097,11.913,0.0417,0.0035,11.97,0.12,11.8865,11.929,0.05,0.022,0.0698,0.03,0.09,0.0327,6,5,2,1.0,18.0,19.0,6.5418,1,1,0.1667,0.002,0.5,-0.2667,0.2082,0.0,-0.2667,,,1,1,,2018,2019,2018.5,1,2010,2010,2000,52f73a5c09bd0c48,F,11.67,0
12.33,12.5467,12.62,0.1909,0.0152,12.69,0.36,12.475,12.655,12.426,12.5907,12.626,0.1502,0.0119,12.72,0.294,12.526,12.673,-0.2819,0.0701,-0.2048,0.29,0.0,0.2469,3,3,2,1.0,16.0,18.0,2.5542,1,2,0.6667,0.11,0.0,-0.7333,0.7767,0.0,-0.7333,168.0,56.0,0,0,19.8413,2019,2020,2019.3333,1,2010,2010,2000,2bc8f7c7cc42e62f,F,12.33,1
12.56,12.612,12.58,0.0687,0.0054,12.72,0.16,12.56,12.64,12.56,12.6312,12.64,0.0654,0.0052,12.726,0.166,12.58,12.65,-0.1222,0.0607,0.2088,0.08,0.0,0.2783,5,5,1,0.0,19.0,19.0,17.3929,0,0,0.0,0.0,0.6,-0.8,0.9899,0.0,-0.8,,,1,1,,2019,2019,2019.0,0,2010,2010,2000,12c96e89dbecb8e3,F,12.05,0
13.0,13.27,13.0,0.4677,0.0352,13.81,0.81,13.0,13.405,12.964,13.252,13.03,0.4429,0.0334,13.762,0.798,12.997,13.396,0.3814,0.0119,0.3593,0.0,0.81,0.0,3,3,2,2.0,17.0,18.0,1.3888,0,0,0.0,0.0,0.0,0.3,0.7,0.7,-0.5,168.0,54.0,0,0,19.1327,2019,2021,2019.6667,2,2010,2010,2000,5d7eba5c5aa82f2d,F,13.0,1
11.39,11.4767,11.42,0.125,0.0109,11.62,0.23,11.405,11.52,11.395,11.4817,11.44,0.1134,0.0099,11.61,0.215,11.4175,11.525,-0.1609,0.0122,-0.1441,0.23,0.03,0.1721,3,2,2,1.0,16.0,17.0,2.2454,1,1,0.3333,0.085,0.0,-0.1,0.3,0.2,-0.25,185.0,57.0,0,0,16.6545,2019,2020,2019.6667,1,2010,2020,2000,4e3d30bffe684d9b,M,11.26,1
12.63,12.835,12.87,0.1466,0.0114,12.97,0.34,12.7875,12.9175,12.63,12.877,12.93,0.1723,0.0134,13.018,0.388,12.828,12.979,-0.1053,0.0783,-0.0832,0.27,0.21,0.1421,4,2,2,2.0,18.0,20.0,2.1052,1,2,0.5,-0.14,0.0,-0.7,1.0165,0.1,-1.45,165.0,55.0,0,0,20.202,2020,2022,2021.0,2,2020,2020,2000,03e2fbf12a734f9f,F,12.21,1
12.93,13.0325,13.035,0.0826,0.0063,13.13,0.2,12.9975,13.07,12.93,13.0175,13.005,0.0928,0.0071,13.13,0.2,12.948,13.0745,0.0248,0.0715,-0.3939,0.0,0.09,0.0,4,4,1,0.0,16.0,16.0,18.037,0,0,0.0,0.0,0.25,0.3333,1.0214,1.5,-0.25,,,1,1,,2019,2019,2019.0,0,2010,2010,2000,393412fc88981a9c,F,12.93,0
11.96,12.2467,12.13,0.3595,0.0294,12.65,0.69,12.045,12.39,11.93,12.2287,12.142,0.3501,0.0286,12.614,0.684,12.036,12.378,-0.3053,0.0708,-0.2915,0.69,0.17,0.3476,3,3,2,2.0,18.0,20.0,1.5114,0,0,0.0,0.0,0.0,0.3,0.4359,0.55,-0.2,168.0,60.0,0,0,21.2585,2019,2021,2020.3333,2,2010,2020,2000,5845fc4ac0fdadb8,F,11.76,1
10.83,10.925,10.935,0.0733,0.0067,11.0,0.17,10.89,10.97,10.86,10.9025,10.875,0.0655,0.006,11.0,0.14,10.8675,10.91,-0.0534,0.0343,-0.0369,0.13,0.08,0.0612,4,3,2,2.0,18.0,20.0,1.8827,1,1,0.25,0.1267,0.0,0.45,1.561,1.6,-0.7,,,1,1,,2019,2021,2020.0,2,2010,2010,2000,c78897c8939245fd,M,10.51,0
12.24,12.4806,12.46,0.1534,0.0123,12.77,0.53,12.3925,12.5825,12.252,12.5185,12.5,0.1955,0.0156,13.01,0.758,12.378,12.637,0.0794,0.1294,0.0866,0.21,0.53,0.0523,16,12,5,4.0,16.0,18.0,3.9864,1,6,0.375,0.1343,0.125,-0.7214,1.3104,0.425,-1.18,,,1,1,,2019,2023,2020.1875,4,2010,2010,2000,e33ddc9d07bdbecb,F,12.24,0
12.53,12.8033,12.85,0.2532,0.0198,13.03,0.5,12.69,12.94,12.47,12.8133,12.874,0.3174,0.0248,13.096,0.626,12.672,12.985,-0.2184,0.0667,-0.2742,0.5,0.0,0.2579,3,3,2,2.0,18.0,20.0,1.5477,0,0,0.0,0.0,0.0,-0.1667,1.0693,1.0,-0.75,167.0,51.0,0,0,18.2868,2019,2021,2019.6667,2,2010,2010,2000,5448ccc98510b0b9,F,12.53,1
10.72,10.7333,10.73,0.0153,0.0014,10.75,0.03,10.725,10.74,10.68,10.6933,10.695,0.0126,0.0012,10.705,0.025,10.6875,10.7,0.0173,0.0087,0.0178,0.0,0.01,0.0,3,3,2,1.0,18.0,18.0,2.6596,1,2,0.6667,-0.02,0.0,0.8,0.1,0.8,0.0,,,1,1,,2019,2020,2019.6667,1,2010,2020,2000,a6e6b33f086cbdbc,M,10.44,0
12.63,12.808,12.73,0.1924,0.015,13.11,0.48,12.69,12.88,12.576,12.7888,12.73,0.1968,0.0154,13.092,0.516,12.69,12.856,0.9313,0.1077,0.8875,0.06,0.48,0.1461,5,4,1,0.0,16.0,16.0,12.175,1,1,0.2,0.1475,0.4,0.5333,0.3215,0.5333,0.0,165.0,57.0,0,0,20.9366,2019,2019,2019.0,0,2010,2010,2000,af1ae5783c754976,F,12.46,1
11.98,12.38,12.44,0.2568,0.0207,12.73,0.75,12.23,12.525,11.968,12.38,12.442,0.275,0.0222,12.808,0.84,12.221,12.5,0.0368,0.2344,0.0208,0.75,0.58,0.1918,7,5,3,4.0,16.0,17.0,1.7904,1,2,0.2857,0.315,0.0,0.0,0.728,0.475,-0.95,165.0,52.0,0,0,19.1001,2019,2023,2020.4286,4,2010,2010,2000,3ac31c137e98b466,F,11.98,1
10.96,11.065,11.0,0.1368,0.0124,11.34,0.38,10.9675,11.1325,10.915,11.0756,11.02,0.1694,0.0153,11.435,0.52,10.9713,11.1125,0.0629,0.1321,0.0849,0.38,0.21,0.1737,8,5,3,2.0,17.0,18.0,3.6571,1,3,0.375,0.0773,0.0,-0.2125,0.856,0.8,-0.66,183.0,64.0,0,0,19.1108,2019,2021,2019.75,2,2010,2020,2000,b454be960ca1456f,M,10.78,1
12.42,12.5478,12.57,0.0887,0.0071,12.65,0.23,12.46,12.63,12.408,12.5651,12.558,0.1204,0.0096,12.782,0.374,12.482,12.618,0.0586,0.0786,0.0703,0.0,0.21,0.0,9,7,2,1.0,19.0,19.0,7.9788,1,2,0.2222,-0.08,0.1111,-0.325,0.9239,0.26,-1.3,,,1,1,,2019,2020,2019.4444,1,2010,2010,2000,26a21365cbc9d62c,F,12.42,0
11.4,11.7075,11.76,0.1406,0.012,11.82,0.42,11.67,11.8,11.4,11.6663,11.704,0.1385,0.0119,11.82,0.42,11.625,11.7535,-0.0067,0.1322,-0.03,0.0,0.4,0.0,8,4,2,1.0,19.0,19.0,8.1849,1,4,0.5,0.1767,0.25,0.9167,0.4446,0.9167,0.0,,,1,1,,2022,2023,2022.625,1,2020,2020,2000,e705ddcb57b0d399,F,11.4,0
12.88,12.93,12.93,0.0707,0.0055,12.98,0.1,12.905,12.955,12.772,12.855,12.855,0.1174,0.0091,12.938,0.166,12.8135,12.8965,,,,0.0,0.1,0.0,2,1,1,0.0,18.0,18.0,2.0,1,1,0.5,0.1,0.0,1.25,0.7778,1.25,0.0,164.0,50.0,0,0,18.5901,2019,2019,2019.0,0,2010,2010,2000,38f33b82ac313e81,F,12.22,1
11.9,12.5264,12.6,0.3296,0.0263,13.05,1.15,12.375,12.705,11.948,12.4991,12.566,0.3482,0.0279,13.116,1.168,12.257,12.708,-0.1623,0.1657,-0.1457,0.91,0.2,0.2101,11,9,3,4.0,16.0,20.0,2.5397,1,3,0.2727,0.2654,0.0909,0.5,1.4391,1.66,-0.66,,,1,1,,2019,2023,2020.0909,4,2010,2010,2000,29644ced70cd4464,F,11.9,0
11.56,11.605,11.605,0.0636,0.0055,11.65,0.09,11.5825,11.6275,11.43,11.5375,11.5375,0.152,0.0132,11.645,0.215,11.4838,11.5912,,,,0.0,0.09,0.0,2,2,1,0.0,17.0,17.0,19.7432,0,0,0.0,0.0,0.0,1.35,1.7678,1.35,0.0,172.0,60.0,0,0,20.2812,2019,2019,2019.0,0,2010,2010,2000,8119fa9703dd3b6b,M,11.56,1
12.75,12.7825,12.76,0.0525,0.0041,12.86,0.11,12.75,12.7925,12.732,12.7765,12.79,0.0298,0.0023,12.794,0.062,12.774,12.7925,0.0044,0.0451,0.0222,0.0,0.02,0.0,4,3,3,3.0,17.0,19.0,1.5203,1,2,0.5,0.065,0.0,0.1,0.7832,0.7,-0.5,160.0,53.0,0,0,20.7031,2020,2023,2022.0,3,2020,2020,2000,7e7659f5b7f84931,F,12.52,1
11.92,12.244,12.34,0.2035,0.0166,12.41,0.49,12.17,12.38,11.86,12.2308,12.34,0.2456,0.0201,12.44,0.58,12.104,12.41,-0.2361,0.086,-0.319,0.42,0.25,0.3105,5,4,2,1.0,18.0,20.0,3.6969,1,1,0.2,0.405,0.4,0.3667,1.1846,1.05,-1.0,,,1,1,,2019,2020,2019.4,1,2010,2010,2000,9726e6b069d18096,F,11.92,0
10.86,11.1858,11.22,0.2298,0.0205,11.67,0.81,10.98,11.28,10.755,11.1734,11.2,0.2564,0.0229,11.67,0.915,10.9725,11.2975,-0.1811,0.1084,-0.1857,0.81,0.01,0.2073,19,15,5,4.0,16.0,19.0,4.8632,1,3,0.1579,0.2253,0.0526,0.2611,1.2462,0.9727,-1.2,175.0,65.0,0,0,21.2245,2018,2022,2020.6316,4,2010,2020,2000,d83687aac1a002dd,M,10.86,1
12.58,12.8829,12.86,0.2014,0.0156,13.21,0.63,12.78,12.985,12.628,12.8991,12.926,0.1921,0.0149,13.216,0.588,12.777,12.985,0.2623,0.1834,0.5484,0.0,0.28,0.0,7,6,1,0.0,16.0,16.0,25.0662,0,0,0.0,0.0,0.4286,-0.475,0.5679,0.1,-0.6667,,,1,1,,2019,2019,2019.0,0,2010,2010,2000,364dfe3945009dfa,F,12.58,0
12.67,12.764,12.78,0.0733,0.0057,12.85,0.18,12.71,12.81,12.622,12.7256,12.754,0.0848,0.0067,12.81,0.188,12.65,12.792,0.0033,0.0656,-0.1003,0.04,0.18,0.0761,5,3,1,1.0,16.0,16.0,9.5117,1,1,0.2,0.11,0.2,0.8,0.7483,1.1333,-0.2,,,1,1,,2019,2019,2019.0,0,2010,2010,2000,9d0f4860e4526171,F,12.67,0
12.43,12.5586,12.56,0.0901,0.0072,12.68,0.25,12.495,12.625,12.43,12.5611,12.56,0.0949,0.0076,12.668,0.238,12.489,12.646,0.0421,0.0664,0.0374,0.08,0.25,0.023,7,6,2,3.0,15.0,16.0,2.0116,0,0,0.0,0.0,0.4286,-0.075,0.3403,0.2,-0.35,,,1,1,,2019,2022,2019.4286,3,2010,2010,2000,466fe8023ef4bf0a,F,12.23,0
11.47,11.6689,11.68,0.1068,0.0092,11.81,0.34,11.6,11.78,11.44,11.6645,11.642,0.1282,0.011,11.854,0.414,11.566,11.787,-0.0463,0.096,-0.0605,0.33,0.15,0.1344,19,13,3,2.0,17.0,20.0,7.7366,1,11,0.5789,0.0165,0.0,0.0737,0.6081,0.4818,-0.5571,,,1,1,,2021,2023,2022.0,2,2020,2020,2000,166200646ae800fa,F,11.47,0
11.07,11.085,11.085,0.0212,0.0019,11.1,0.03,11.0775,11.0925,11.06,11.095,11.095,0.0495,0.0045,11.13,0.07,11.0775,11.1125,,,,0.0,0.03,0.0,2,2,2,1.0,18.0,18.0,2.1741,1,1,0.5,0.03,0.0,-0.2,1.4142,0.8,-1.2,174.0,60.0,0,0,19.8177,2020,2021,2020.5,1,2020,2020,2000,8dee414af181f4ff,M,10.63,1
11.71,11.82,11.82,0.1556,0.0132,11.93,0.22,11.765,11.875,11.596,11.769,11.769,0.2447,0.0208,11.942,0.346,11.6825,11.8555,,,,0.0,0.22,0.0,2,1,1,0.0,20.0,20.0,2.0,1,1,0.5,0.22,0.0,0.85,1.4849,1.9,-0.2,167.0,51.0,0,0,18.2868,2022,2022,2022.0,0,2020,2020,2000,796474f8e6840ab5,F,11.71,1
11.32,11.34,11.34,0.0283,0.0025,11.36,0.04,11.33,11.35,11.32,11.3775,11.3775,0.0813,0.0071,11.435,0.115,11.3487,11.4062,,,,0.0,0.04,0.0,2,2,1,0.0,19.0,19.0,26.0893,0,0,0.0,0.0,0.0,-0.75,1.0607,0.0,-1.5,176.0,60.0,0,0,19.3698,2019,2019,2019.0,0,2010,2010,2000,08b5ae3953fcb8e0,M,10.57,1
13.18,13.4967,13.19,0.5398,0.04,14.12,0.94,13.185,13.655,13.024,13.4707,13.196,0.6306,0.0468,14.192,1.168,13.11,13.694,0.4508,0.0324,0.5174,0.01,0.94,0.0047,3,3,2,2.0,17.0,17.0,1.4012,0,0,0.0,0.0,0.0,0.4333,1.9553,2.6,-0.65,170.0,55.0,0,0,19.0311,2019,2021,2019.6667,2,2010,2010,2000,90a261cfd063653d,F,13.18,1
12.14,12.205,12.205,0.0919,0.0075,12.27,0.13,12.1725,12.2375,12.14,12.205,12.205,0.0919,0.0075,12.27,0.13,12.1725,12.2375,,,,0.0,0.13,0.0,2,2,1,0.0,19.0,19.0,30.4375,1,1,0.5,-0.13,1.0,0.0,0.0,0.0,0.0,,,1,1,,2019,2019,2019.0,0,2010,2010,1995,57b3b5f6ee6cbce4,F,11.71,0
12.86,12.98,12.98,0.1697,0.0131,13.1,0.24,12.92,13.04,12.854,12.977,12.977,0.1739,0.0134,13.1,0.246,12.9155,13.0385,,,,0.24,0.0,2.5046,2,2,1,0.0,18.0,18.0,20.8714,0,0,0.0,0.0,0.5,0.1,0.0,0.1,0.0,,,1,1,,2019,2019,2019.0,0,2010,2010,2000,c8548d8408cf614c,F,12.86,0
12.95,13.1962,13.195,0.1981,0.015,13.47,0.52,13.035,13.365,12.92,13.1985,13.192,0.2105,0.016,13.488,0.568,13.059,13.381,-0.0036,0.1852,0.0098,0.43,0.52,0.1755,8,6,3,2.0,16.0,17.0,3.2648,1,2,0.25,0.255,0.125,-0.0429,0.668,0.6333,-0.55,171.0,48.0,0,0,16.4153,2019,2021,2019.75,2,2010,2020,2000,a8112c95c085a4c9,F,12.95,1
12.36,12.5444,12.57,0.119,0.0095,12.7,0.34,12.46,12.6,12.36,12.5624,12.582,0.1363,0.0108,12.732,0.372,12.472,12.682,-0.2038,0.0692,-0.2032,0.3,0.02,0.266,9,7,2,1.0,18.0,19.0,7.9788,1,2,0.2222,0.07,0.1111,-0.3375,0.7927,0.25,-0.64,,,1,1,,2019,2020,2019.4444,1,2010,2010,2000,69ee115ff72ecad1,F,12.36,0
11.46,11.72,11.785,0.191,0.0163,11.93,0.47,11.535,11.865,11.465,11.7344,11.805,0.186,0.0158,11.93,0.465,11.5775,11.87,-0.2021,0.0789,-0.1931,0.47,0.0,0.2323,8,8,3,2.0,16.0,18.0,3.954,0,0,0.0,0.0,0.125,-0.3286,0.4348,0.0,-0.3833,175.0,65.0,0,0,21.2245,2019,2021,2019.75,2,2010,2010,2000,f53b5a74bf11e9e8,M,11.46,1
10.81,10.85,10.85,0.0566,0.0052,10.89,0.08,10.83,10.87,10.77,10.845,10.845,0.1061,0.0098,10.92,0.15,10.8075,10.8825,,,,0.0,0.08,0.0,2,2,1,0.0,19.0,19.0,13.0446,0,0,0.0,0.0,0.0,0.1,0.9899,0.8,-0.6,179.0,77.0,0,0,24.0317,2022,2022,2022.0,0,2020,2020,2000,71b9c2a9b6b77238,M,10.54,1
10.88,11.1233,10.93,0.379,0.0341,11.56,0.68,10.905,11.245,10.9,11.1117,10.925,0.3452,0.0311,11.51,0.61,10.9125,11.2175,-0.1676,0.0242,-0.153,0.68,0.05,0.173,3,3,2,4.0,16.0,20.0,0.7631,0,0,0.0,0.0,0.0,0.2333,0.7095,0.55,-0.4,172.0,65.0,0,0,21.9713,2019,2023,2021.6667,4,2010,2020,2000,d19e1323eb89e4b8,M,10.72,1
12.68,12.752,12.78,0.0672,0.0053,12.82,0.14,12.68,12.8,12.59,12.746,12.78,0.1085,0.0085,12.874,0.284,12.692,12.794,-0.0079,0.0589,-0.0117,0.1,0.0,0.0308,5,5,2,3.0,16.0,16.0,1.5385,0,0,0.0,0.0,0.2,0.125,1.0079,0.8,-0.55,161.0,51.0,0,0,19.6752,2019,2022,2020.2,3,2010,2010,2000,5b4110f7e6101edf,F,12.68,1
11.13,11.1833,11.19,0.0503,0.0045,11.23,0.1,11.16,11.21,11.1,11.1683,11.175,0.0653,0.0058,11.23,0.13,11.1375,11.2025,0.6817,0.0194,0.8711,0.0,0.06,0.0,3,3,1,0.0,20.0,20.0,25.4826,0,0,0.0,0.0,0.0,0.3,0.3,0.45,0.0,180.0,70.0,0,0,21.6049,2021,2021,2021.0,0,2020,2020,2000,b25df1a814cb9ec2,M,11.13,1
12.24,12.39,12.39,0.2121,0.0171,12.54,0.3,12.315,12.465,12.24,12.408,12.408,0.2376,0.0191,12.576,0.336,12.324,12.492,,,,0.3,0.0,0.09,2,2,2,3.0,17.0,20.0,0.5998,0,0,0.0,0.0,0.0,-0.3,0.4243,0.0,-0.6,167.0,50.0,0,0,17.9282,2019,2022,2020.5,3,2010,2010,2000,07c7773d4fbefa51,F,12.07,1
11.33,11.46,11.46,0.1838,0.016,11.59,0.26,11.395,11.525,11.335,11.45,11.45,0.1626,0.0142,11.565,0.23,11.3925,11.5075,,,,0.26,0.0,5.5862,2,2,1,0.0,17.0,17.0,42.9706,0,0,0.0,0.0,0.0,0.2,0.4243,0.5,-0.1,180.0,68.0,0,0,20.9877,2021,2021,2021.0,0,2020,2020,2000,3cb252a692ad1f03,M,11.33,1
12.74,13.4375,13.46,0.633,0.0471,14.09,1.35,12.995,13.9025,12.578,13.418,13.466,0.7173,0.0535,14.162,1.584,12.9635,13.9205,-0.9538,0.1492,-1.0542,1.1,0.34,0.9945,4,2,2,1.0,16.0,17.0,3.6163,1,2,0.5,0.295,0.0,0.325,1.6681,2.7,-0.7,,,1,1,,2019,2020,2019.5,1,2010,2010,2000,bde7a378146acf25,F,12.74,0
10.71,10.8425,10.78,0.1614,0.0149,11.19,0.48,10.75,10.85,10.71,10.8512,10.775,0.1994,0.0184,11.285,0.575,10.7275,10.8588,0.0943,0.1295,0.1196,0.0,0.26,0.0,8,6,3,2.0,18.0,18.0,5.0554,1,3,0.375,0.1693,0.0,-0.175,0.7942,0.4,-1.3,166.0,55.0,0,0,19.9594,2022,2024,2023.25,2,2020,2020,2000,a9a52cfaca1fe2ad,M,10.71,1
13.73,14.13,14.23,0.3606,0.0255,14.43,0.7,13.98,14.33,13.568,14.126,14.236,0.5119,0.0362,14.574,1.006,13.902,14.405,-0.1967,0.0903,-0.2738,0.5,0.0,0.1626,3,3,2,3.0,15.0,19.0,0.9757,1,2,0.6667,0.45,0.0,0.0667,2.5541,2.7,-1.25,,,1,1,,2019,2022,2020.0,3,2010,2010,2000,77b4c1f5d8896617,F,13.73,0
11.34,11.456,11.36,0.2265,0.0198,11.86,0.52,11.34,11.38,11.295,11.47,11.365,0.2325,0.0203,11.865,0.57,11.335,11.49,-0.2462,0.1072,-0.2073,0.52,0.04,0.2737,5,3,3,2.0,16.0,18.0,2.6315,1,2,0.4,0.1433,0.0,-0.28,1.2008,0.7,-0.9333,178.0,86.0,0,0,27.143,2020,2022,2021.2,2,2020,2020,2000,d917c395d860f0f7,M,11.34,1
11.13,11.3122,11.28,0.1913,0.0169,11.78,0.65,11.25,11.31,11.085,11.3317,11.325,0.1989,0.0176,11.785,0.7,11.265,11.345,0.0011,0.1804,0.0034,0.0,0.15,0.0,9,6,4,3.0,15.0,17.0,2.9194,1,3,0.3333,0.0033,0.0,-0.3889,0.9816,0.5667,-0.8667,180.0,71.0,0,0,21.9136,2019,2022,2020.5556,3,2010,2010,2000,5323129554bce852,M,11.13,1
13.92,15.5267,14.12,2.6115,0.1682,18.54,4.62,14.02,16.33,13.926,15.5147,14.078,2.6211,0.1689,18.54,4.614,14.002,16.309,2.2865,1.1712,2.2807,0.0,4.62,0.0,3,3,3,2.0,16.0,16.0,1.5789,0,0,0.0,0.0,0.0,0.2,0.4359,0.7,-0.1,167.0,45.0,0,0,16.1354,2020,2022,2021.0,2,2020,2020,2000,3bfcda286f08c044,F,13.92,1
10.74,11.098,10.97,0.5445,0.0491,12.05,1.31,10.75,10.98,10.695,11.111,11.025,0.5464,0.0492,12.04,1.345,10.725,11.07,-1.3674,0.1402,-1.2955,1.31,0.23,1.3478,5,5,2,1.0,19.0,20.0,5.1444,0,0,0.0,0.0,0.0,-0.26,1.1415,0.5333,-1.45,182.0,65.0,0,0,19.6232,2023,2024,2023.8,1,2020,2020,2000,21a88790bb280427,M,10.74,1
11.85,12.0867,12.09,0.1259,0.0104,12.24,0.39,12.0425,12.1825,11.85,12.0797,12.065,0.141,0.0117,12.318,0.468,12.0035,12.187,-0.0579,0.113,-0.0964,0.38,0.34,0.1684,12,9,3,2.0,17.0,19.0,5.3192,1,6,0.5,-0.02,0.1667,0.14,0.9143,0.84,-0.7,170.0,60.0,0,0,20.7612,2021,2023,2022.4167,2,2020,2020,2000,efa406ed72338280,F,11.71,1
12.56,12.796,12.77,0.2123,0.0166,13.13,0.57,12.69,12.83,12.53,12.7984,12.8,0.2193,0.0171,13.13,0.6,12.702,12.83,0.0787,0.1621,0.0832,0.0,0.27,0.0,5,4,4,3.0,15.0,15.0,1.7493,1,3,0.6,0.0817,0.2,-0.05,0.4203,0.5,-0.35,158.0,47.0,0,0,18.8271,2019,2022,2020.2,3,2010,2010,2000,d880e0e10b4f7a01,F,12.56,1
10.66,10.78,10.74,0.0954,0.0088,10.93,0.27,10.72,10.845,10.675,10.7864,10.74,0.1081,0.01,10.99,0.315,10.72,10.83,-0.0391,0.0855,-0.0461,0.2,0.06,0.1036,7,6,3,2.0,18.0,20.0,3.6266,1,3,0.4286,0.0758,0.0,-0.1286,0.5407,0.2667,-0.5667,188.0,78.0,0,0,22.0688,2019,2021,2020.5714,2,2010,2020,2000,d9ab887af8d1c34e,M,10.58,1
10.88,11.2683,11.185,0.3581,0.0318,11.72,0.84,10.9975,11.575,10.88,11.2783,11.2175,0.3635,0.0322,11.74,0.86,10.99,11.58,-0.1891,0.1255,-0.1892,0.79,0.2,0.2014,6,5,4,4.0,15.0,18.0,1.5293,1,1,0.1667,0.466,0.1667,-0.24,0.5225,0.5,-0.5667,,,1,1,,2019,2023,2020.8333,4,2010,2010,2000,7e2a018e9b13afff,M,10.68,0
12.77,12.934,12.89,0.1721,0.0133,13.13,0.36,12.78,13.1,12.77,12.9244,12.86,0.1696,0.0131,13.118,0.348,12.78,13.094,0.0773,0.095,0.0769,0.0,0.36,0.0,5,4,3,4.0,15.0,15.0,1.1874,1,2,0.4,-0.035,0.4,0.2667,0.2082,0.2667,0.0,,,1,1,,2019,2023,2020.0,4,2010,2010,2000,7123d0f3de075400,F,12.77,0
12.27,12.6125,12.42,0.4243,0.0336,13.4,1.13,12.295,12.8125,12.186,12.5972,12.39,0.4355,0.0346,13.364,1.178,12.307,12.8119,-0.3008,0.2031,-0.2927,1.13,0.45,0.2946,8,6,4,4.0,15.0,18.0,2.0857,1,3,0.375,0.0147,0.0,0.255,0.8856,0.76,-0.5867,169.0,54.0,0,0,18.9069,2019,2023,2022.0,4,2010,2020,2000,7b1ed1fcbe1e1071,F,12.27,1
11.46,11.53,11.53,0.099,0.0086,11.6,0.14,11.495,11.565,11.42,11.505,11.505,0.1202,0.0104,11.59,0.17,11.4625,11.5475,,,,0.14,0.0,1.382,2,2,1,0.0,19.0,19.0,19.7432,0,0,0.0,0.0,0.0,0.5,0.4243,0.5,0.0,180.0,70.0,0,0,21.6049,2023,2023,2023.0,0,2020,2020,2000,fb40c8d784334463,M,11.46,1
11.03,11.08,11.08,0.0707,0.0064,11.13,0.1,11.055,11.105,11.045,11.0925,11.0925,0.0672,0.0061,11.14,0.095,11.0688,11.1163,,,,0.0,0.1,0.0,2,1,1,0.0,18.0,18.0,2.0,1,1,0.5,0.1,0.0,-0.25,0.0707,0.0,-0.25,,,1,1,,2021,2021,2021.0,0,2020,2020,2000,0e83450190f7fa96,M,10.72,0
12.29,12.6417,12.765,0.2565,0.0203,12.85,0.56,12.44,12.8275,12.23,12.6307,12.759,0.2712,0.0215,12.846,0.616,12.443,12.829,-0.2316,0.0231,-0.2456,0.55,0.05,0.2453,6,3,2,2.0,16.0,18.0,2.6758,1,3,0.5,0.0033,0.0,0.1833,0.4119,0.325,-0.1,,,1,1,,2020,2022,2020.6667,2,2020,2020,2000,75a50e61f52662d6,F,12.29,0
12.11,12.18,12.18,0.0361,0.003,12.22,0.11,12.16,12.21,12.102,12.1673,12.178,0.0391,0.0032,12.214,0.112,12.144,12.19,-0.0144,0.0335,0.0376,0.1,0.07,0.0434,9,7,3,2.0,17.0,18.0,3.9087,1,3,0.3333,0.015,0.0,0.2111,0.7623,0.66,-0.4667,162.0,49.0,0,0,18.6709,2021,2023,2022.4444,2,2020,2020,2000,cb7fe86c5aecc305,F,11.75,1
10.88,10.995,11.01,0.087,0.0079,11.08,0.2,10.955,11.05,10.875,10.9875,11.0075,0.0833,0.0076,11.06,0.185,10.95,11.045,0.1134,0.0572,0.096,0.0,0.2,0.0,4,2,2,1.0,18.0,18.0,4.1506,1,1,0.25,0.0,0.0,0.15,0.1732,0.2,0.0,,,1,1,,2022,2023,2022.25,1,2020,2020,2000,ad4a89df5d74d926,M,10.82,0
12.23,12.4025,12.39,0.1595,0.0129,12.6,0.37,12.305,12.4875,12.122,12.401,12.417,0.2399,0.0193,12.648,0.526,12.2465,12.5715,2.8867,0.0637,4.6186,0.0,0.37,0.0,4,2,1,0.0,18.0,18.0,47.129,1,2,0.5,-0.025,0.0,0.025,1.5196,1.25,-1.2,173.0,59.0,0,0,19.7133,2019,2019,2019.0,0,2010,2010,2000,ebc8a3af0b09332e,F,12.23,1
11.14,11.2733,11.225,0.1677,0.0149,11.59,0.45,11.1625,11.295,11.075,11.2533,11.2275,0.1787,0.0159,11.59,0.515,11.1588,11.255,-0.2041,0.0562,-0.2086,0.45,0.06,0.2233,6,5,2,2.0,17.0,19.0,2.9776,1,2,0.3333,0.125,0.0,0.4,0.9716,1.2,-0.6,182.0,72.0,0,0,21.7365,2021,2023,2022.6667,2,2020,2020,2000,9906927391e84fe8,M,11.14,1
12.74,13.0025,13.015,0.245,0.0188,13.24,0.5,12.8225,13.195,12.746,13.007,13.024,0.2347,0.018,13.234,0.488,12.842,13.189,-0.1003,0.0443,-0.0952,0.44,0.11,0.1063,4,2,2,4.0,16.0,20.0,0.9663,1,2,0.5,-0.085,0.0,-0.075,0.2363,0.1,-0.25,,,1,1,,2020,2024,2022.0,4,2020,2020,2000,b400f734c4a4ab34,F,12.74,0
12.09,12.3638,12.275,0.2951,0.0239,12.93,0.84,12.145,12.52,12.012,12.336,12.225,0.3601,0.0292,13.032,1.02,12.0685,12.526,-0.1103,0.2626,-0.1303,0.07,0.0,0.0363,8,5,3,2.0,17.0,19.0,4.1506,1,4,0.5,0.1225,0.0,0.4625,1.0914,1.12,-0.6333,,,1,1,,2019,2021,2019.75,2,2010,2010,2000,f5bfc66a5a7a8a4b,F,12.09,0
12.3,12.5325,12.55,0.118,0.0094,12.71,0.41,12.5,12.5725,12.306,12.519,12.517,0.1167,0.0093,12.716,0.41,12.492,12.559,-0.1052,0.083,-0.0974,0.26,0.0,0.1147,8,7,3,2.0,16.0,18.0,3.529,1,2,0.25,-0.0233,0.0,0.225,0.5007,0.52,-0.2667,180.0,60.0,0,0,18.5185,2020,2022,2020.75,2,2020,2020,2000,db842ae06b369387,F,12.3,1
13.12,13.3167,13.28,0.2173,0.0163,13.55,0.43,13.2,13.415,13.084,13.3247,13.328,0.239,0.0179,13.562,0.478,13.206,13.445,-0.0647,0.1362,-0.0567,0.43,0.16,0.0998,3,3,3,4.0,15.0,18.0,0.6966,0,0,0.0,0.0,0.0,-0.1333,0.7024,0.6,-0.5,170.0,48.0,0,0,16.609,2019,2023,2021.0,4,2010,2010,2000,4209119478609303,F,13.12,1
11.36,11.51,11.465,0.1734,0.0151,11.75,0.39,11.3975,11.5775,11.425,11.5375,11.4725,0.1638,0.0142,11.78,0.355,11.4475,11.5625,-0.0989,0.0179,-0.0853,0.39,0.05,0.1058,4,3,3,4.0,15.0,19.0,1.0854,1,1,0.25,0.2,0.0,-0.55,1.3026,1.3,-1.1667,186.0,65.0,0,0,18.7883,2019,2023,2021.5,4,2010,2020,2000,b9f5b6a5e615b7d6,M,11.36,1
12.52,12.82,12.77,0.2622,0.0205,13.22,0.7,12.64,12.975,12.56,12.8303,12.77,0.2705,0.0211,13.256,0.696,12.623,12.99,-0.131,0.1553,-0.1285,0.6,0.25,0.1393,7,6,4,4.0,15.0,19.0,1.6254,1,1,0.1429,0.35,0.0,-0.1714,0.5314,0.45,-0.525,168.0,52.0,0,0,18.424,2019,2023,2021.8571,4,2010,2020,2000,29a8313d7c176696,F,12.52,1
12.32,12.4875,12.455,0.1784,0.0143,12.72,0.4,12.365,12.5775,12.212,12.453,12.431,0.2309,0.0185,12.738,0.526,12.302,12.582,-0.0947,0.0704,-0.1246,0.21,0.06,0.0723,4,2,2,3.0,17.0,19.0,1.377,1,1,0.25,0.23,0.25,0.7667,1.0504,1.3,-0.3,169.0,50.0,0,0,17.5064,2019,2022,2020.5,3,2010,2010,2000,4a2524293848c0a6,F,12.32,1
11.5,12.1331,11.92,0.6631,0.0546,13.88,2.38,11.77,12.32,11.458,12.1174,11.882,0.6687,0.0552,13.844,2.386,11.728,12.284,-0.2074,0.644,-0.1849,0.82,0.52,0.4015,13,10,3,2.0,18.0,19.0,6.3649,1,5,0.3846,0.0148,0.0,0.2615,0.5738,0.5667,-0.5667,,,1,1,,2021,2023,2022.5385,2,2020,2020,2000,698dcf2b6330b738,F,11.5,0
13.02,13.1767,13.19,0.1504,0.0114,13.32,0.3,13.105,13.255,12.96,13.1287,13.124,0.171,0.013,13.302,0.342,13.042,13.213,0.1848,0.0694,0.2234,0.0,0.3,0.0,3,2,2,1.0,16.0,16.0,2.5782,1,1,0.3333,0.235,0.0,0.8,0.4359,0.8,0.0,,,1,1,,2020,2021,2020.3333,1,2020,2020,2000,eff648db9d5f35b7,F,13.02,0
12.73,12.805,12.805,0.1061,0.0083,12.88,0.15,12.7675,12.8425,12.67,12.745,12.745,0.1061,0.0083,12.82,0.15,12.7075,12.7825,,,,0.0,0.15,0.0,2,1,1,0.0,17.0,17.0,2.0,1,1,0.5,0.15,0.0,1.0,0.0,1.0,0.0,,,1,1,,2020,2020,2020.0,0,2020,2020,2000,ff474758bcd9a748,F,12.73,0
11.56,11.7333,11.81,0.1504,0.0128,11.83,0.27,11.685,11.82,11.565,11.7433,11.83,0.1545,0.0132,11.835,0.27,11.6975,11.8325,0.02,0.1208,0.0297,0.27,0.25,0.1023,3,3,3,3.0,16.0,17.0,1.1367,0,0,0.0,0.0,0.0,-0.2,0.2646,0.0,-0.3,186.0,68.0,0,0,19.6555,2019,2022,2020.3333,3,2010,2010,2000,aa50ed55ac09949c,M,11.56,1
10.66,12.235,11.04,3.1245,0.2554,18.6,7.94,10.8875,11.185,10.64,12.2342,11.045,3.1324,0.256,18.615,7.975,10.8913,11.1762,0.2703,2.8848,0.2568,0.0,0.53,0.0,6,3,2,1.0,18.0,18.0,5.3978,1,3,0.5,-2.4967,0.0,0.0167,0.2787,0.2333,-0.3,186.0,64.0,0,0,18.4992,2019,2020,2019.3333,1,2010,2010,2000,7a661641daee2da5,M,10.66,1
12.12,12.2943,12.27,0.1139,0.0093,12.48,0.36,12.245,12.35,12.072,12.3008,12.29,0.1423,0.0116,12.5316,0.4596,12.244,12.362,0.0694,0.085,0.0749,0.21,0.14,0.1088,7,6,2,2.0,18.0,18.0,3.6266,1,2,0.2857,-0.085,0.0,-0.1086,0.6692,0.5,-0.565,163.0,50.0,0,0,18.8189,2019,2021,2019.8571,2,2010,2010,2000,8033fc781da06229,F,12.12,1
10.57,10.625,10.64,0.0379,0.0036,10.65,0.08,10.615,10.65,10.59,10.635,10.6425,0.0334,0.0031,10.665,0.075,10.62,10.6575,-0.0164,0.0295,-0.0202,0.08,0.08,0.0421,4,2,2,2.0,18.0,19.0,2.1052,1,2,0.5,0.02,0.0,-0.2,0.1826,0.0,-0.2667,175.0,61.0,0,0,19.9184,2019,2021,2020.5,2,2010,2020,2000,278b734f27433603,M,10.33,1
12.18,12.4737,12.41,0.2048,0.0164,12.91,0.73,12.34,12.58,12.174,12.4746,12.41,0.216,0.0173,12.952,0.778,12.343,12.613,-0.0871,0.1746,-0.086,0.73,0.26,0.2128,19,17,4,3.0,16.0,19.0,5.5385,1,7,0.3684,-0.0507,0.0526,-0.0167,0.8542,0.6222,-0.9833,158.0,45.0,0,0,18.026,2021,2024,2022.6842,3,2020,2020,2000,9b88cc4f466897f2,F,12.18,1
11.42,11.64,11.64,0.3111,0.0267,11.86,0.44,11.53,11.75,11.42,11.6475,11.6475,0.3217,0.0276,11.875,0.455,11.5338,11.7612,,,,0.0,0.44,0.0,2,2,1,0.0,19.0,19.0,91.3125,0,0,0.0,0.0,0.5,-0.3,0.0,0.0,-0.3,,,1,1,,2022,2022,2022.0,0,2020,2020,2000,7b42183418eef26a,M,11.18,0
12.92,13.225,13.27,0.2466,0.0186,13.44,0.52,13.0775,13.4175,12.932,13.1485,13.162,0.1892,0.0144,13.338,0.406,13.022,13.2885,-0.1394,0.0864,-0.1097,0.49,0.21,0.1682,4,3,2,3.0,16.0,19.0,1.3731,1,3,0.75,0.2467,0.0,1.275,1.0658,1.7667,-0.2,162.0,54.0,0,0,20.5761,2020,2023,2021.5,3,2020,2020,2000,367f109ab140f599,F,12.92,1
10.81,10.9829,10.94,0.1707,0.0155,11.24,0.43,10.855,11.09,10.76,10.9836,10.97,0.1832,0.0167,11.22,0.46,10.845,11.1225,-0.1268,0.1467,-0.1443,0.0,0.13,0.0,7,5,2,1.0,18.0,18.0,5.5102,1,2,0.2857,0.025,0.0,-0.0143,1.0542,0.75,-1.0333,172.0,53.0,0,0,17.9151,2022,2023,2022.4286,1,2020,2020,2000,42d87c6517324e3e,M,10.81,1
10.97,11.09,11.11,0.0812,0.0073,11.17,0.2,11.05,11.15,10.955,11.073,11.06,0.0903,0.0082,11.195,0.24,11.035,11.12,-0.0459,0.0616,-0.0355,0.14,0.08,0.0717,5,3,2,2.0,17.0,19.0,2.5614,1,2,0.4,0.0167,0.0,0.34,0.8849,0.8,-0.35,172.0,75.0,0,0,25.3515,2020,2022,2021.2,2,2020,2020,2000,0dfff091f1d2e129,M,10.97,1
10.86,10.9186,10.92,0.0418,0.0038,10.98,0.12,10.89,10.945,10.81,10.8914,10.875,0.0642,0.0059,10.975,0.165,10.845,10.945,0.0057,0.0386,-0.0175,0.09,0.08,0.0708,7,5,2,1.0,18.0,19.0,5.5102,1,2,0.2857,0.068,0.0,0.5429,0.8121,0.96,-0.5,170.0,55.0,0,0,19.0311,2022,2023,2022.2857,1,2020,2020,2000,671dc4cb05d2dc1b,M,10.86,1
12.16,12.3858,12.365,0.169,0.0136,12.7,0.54,12.255,12.4825,12.124,12.3918,12.315,0.1841,0.0149,12.73,0.606,12.275,12.538,-0.1014,0.0951,-0.0977,0.5,0.1,0.126,12,8,3,4.0,16.0,19.0,3.0248,1,5,0.4167,-0.0837,0.0,-0.1,0.8213,0.85,-0.6571,166.0,52.0,0,0,18.8707,2019,2023,2022.0,4,2010,2020,2000,9b8e02d07ee1d6f1,F,11.89,1
12.59,12.776,12.775,0.1227,0.0096,12.96,0.37,12.7025,12.86,12.584,12.803,12.766,0.1655,0.0129,13.056,0.472,12.704,12.9455,-0.0433,0.1148,0.0157,0.1,0.31,0.0787,10,8,2,1.0,18.0,18.0,7.8718,1,7,0.7,0.001,0.1,-0.5,1.261,0.625,-1.4,158.0,48.0,0,0,19.2277,2022,2023,2022.6,1,2020,2020,2000,92aaba9eb45354e9,F,12.59,1
12.53,12.896,12.9,0.2322,0.018,13.12,0.59,12.86,13.07,12.53,12.8912,12.942,0.211,0.0164,13.042,0.512,12.902,13.04,-2.7808,0.0478,-2.3774,0.54,0.0,2.8176,5,3,1,0.0,20.0,20.0,26.0893,1,2,0.4,-0.115,0.0,0.08,0.8497,0.9,-0.7,165.0,50.0,0,0,18.3655,2020,2020,2020.0,0,2020,2020,2000,3bea927667826b89,F,12.53,1
11.08,11.335,11.37,0.2049,0.0181,11.52,0.44,11.215,11.49,11.08,11.3462,11.3775,0.2232,0.0197,11.55,0.47,11.2038,11.52,0.3708,0.0581,0.4087,0.0,0.44,0.0,4,4,2,1.0,15.0,15.0,3.8346,1,1,0.25,0.34,0.25,-0.3,0.5196,0.3,-0.6,174.0,58.0,0,0,19.1571,2019,2020,2019.5,1,2010,2010,2000,6823a7787a38f00e,M,10.81,1
11.54,11.8467,11.91,0.2804,0.0237,12.09,0.55,11.725,12.0,11.605,11.8633,11.875,0.2527,0.0213,12.11,0.505,11.74,11.9925,-0.2841,0.0653,-0.241,0.55,0.0,0.3288,3,3,2,2.0,16.0,17.0,1.7934,0,0,0.0,0.0,0.0,-0.3333,1.0017,0.7,-0.85,173.0,63.0,0,0,21.0498,2019,2021,2019.6667,2,2010,2010,2000,da1d171e995728ae,M,11.12,1
12.86,12.98,12.98,0.12,0.0092,13.1,0.24,12.92,13.04,12.866,12.988,13.046,0.1057,0.0081,13.052,0.186,12.956,13.049,0.0494,0.049,0.0263,0.12,0.24,0.033,3,3,2,4.0,15.0,15.0,0.8239,1,1,0.3333,0.18,0.0,-0.1333,0.9504,0.8,-0.6,162.0,45.0,0,0,17.1468,2019,2023,2020.3333,4,2010,2010,2000,f071966ea3fa4258,F,12.86,1
12.35,12.6864,12.59,0.3735,0.0294,13.57,1.22,12.47,12.655,12.356,12.6809,12.536,0.3665,0.0289,13.558,1.202,12.485,12.661,-0.2261,0.2089,-0.2138,1.22,0.26,0.3323,11,10,5,4.0,16.0,20.0,2.9961,1,7,0.6364,-0.3243,0.0,0.0909,0.4867,0.45,-0.34,163.0,48.0,0,0,18.0662,2020,2024,2022.5455,4,2020,2020,2000,5a597b7afcb3f352,F,12.35,1
12.01,12.3833,12.385,0.2997,0.0242,12.74,0.73,12.155,12.6225,11.998,12.3913,12.406,0.3182,0.0257,12.77,0.772,12.1355,12.6435,-0.1024,0.2186,-0.104,0.68,0.34,0.1741,6,5,3,4.0,15.0,17.0,1.5357,1,2,0.3333,0.0125,0.0,-0.1333,0.575,0.3,-0.5667,160.0,50.0,0,0,19.5312,2019,2023,2021.3333,4,2010,2020,2000,cc717f8cd10810c6,F,12.01,1
12.81,12.995,13.005,0.148,0.0114,13.16,0.35,12.9225,13.0775,12.84,12.998,12.996,0.1379,0.0106,13.16,0.32,12.9165,13.0775,-0.1161,0.0618,-0.113,0.35,0.15,0.1735,4,3,2,2.0,17.0,19.0,1.9824,1,3,0.75,-0.2467,0.25,-0.0667,0.4041,0.3,-0.5,,,1,1,,2022,2024,2023.0,2,2020,2020,2005,9ad6ca372a43f83f,F,12.81,0
12.49,12.708,12.73,0.2156,0.017,13.02,0.53,12.52,12.78,12.352,12.6912,12.736,0.2691,0.0212,13.062,0.71,12.526,12.78,-0.0956,0.1083,-0.1353,0.24,0.0,0.0778,5,4,2,3.0,15.0,18.0,1.6205,1,2,0.4,0.1217,0.0,0.28,1.1628,2.3,-0.3,172.0,58.0,0,0,19.6052,2019,2022,2020.2,3,2010,2010,2000,c30a625095cde66d,F,12.49,1
13.15,13.4433,13.29,0.3931,0.0292,13.89,0.74,13.22,13.59,13.15,13.4493,13.284,0.408,0.0303,13.914,0.764,13.217,13.599,0.166,0.0572,0.1727,0.0,0.74,0.0,3,2,2,4.0,16.0,16.0,0.7434,1,1,0.3333,0.44,0.0,-0.1,0.2646,0.1,-0.4,175.0,52.0,0,0,16.9796,2019,2023,2020.3333,4,2010,2010,2000,5b53054337f45e7d,F,13.15,1
11.18,11.478,11.5,0.2351,0.0205,11.81,0.63,11.35,11.55,11.2,11.473,11.465,0.2308,0.0201,11.785,0.585,11.315,11.6,-0.1719,0.15,-0.1488,0.32,0.17,0.1806,5,3,2,2.0,16.0,18.0,2.8226,1,2,0.4,-0.0283,0.0,0.1,0.7649,0.6333,-0.7,,,1,1,,2021,2023,2022.2,2,2020,2020,2005,0179039fea625d30,M,11.18,0
12.59,12.9709,12.82,0.4488,0.0346,13.86,1.27,12.73,12.93,12.556,12.9682,12.834,0.4588,0.0354,13.884,1.328,12.752,12.9,-0.4032,0.1307,-0.4004,1.25,0.23,0.4033,11,8,3,3.0,15.0,18.0,3.5492,1,6,0.5455,-0.0053,0.0,0.0455,0.8595,0.78,-0.5667,165.0,53.0,0,0,19.4674,2020,2023,2022.0909,3,2020,2020,2005,41f779b526f6e464,F,12.59,1
12.42,12.904,12.86,0.3853,0.0299,13.41,0.99,12.69,13.14,12.336,12.874,12.818,0.4392,0.0341,13.53,1.194,12.69,12.996,-0.1593,0.2676,-0.1689,0.72,0.44,0.1991,5,4,3,4.0,16.0,17.0,1.3825,1,2,0.4,-0.0183,0.0,0.5,1.6553,1.5,-2.0,163.0,45.0,0,0,16.937,2020,2024,2021.6,4,2020,2020,2005,473bb9a1c19c3837,F,12.42,1
11.84,11.9267,11.9,0.1026,0.0086,12.04,0.2,11.87,11.97,11.8,11.93,11.89,0.1539,0.0129,12.1,0.3,11.845,11.995,0.1537,0.0245,0.2305,0.0,0.2,0.0,3,2,2,1.0,15.0,15.0,2.7123,1,1,0.3333,0.13,0.0,-0.0667,1.0263,0.5,-1.2,,,1,1,,2019,2020,2019.3333,1,2010,2010,2000,a73cdc1861a3a3b1,M,11.84,0
10.89,11.0922,11.05,0.1834,0.0165,11.52,0.63,10.99,11.11,10.95,11.1072,11.045,0.1712,0.0154,11.48,0.53,11.015,11.145,-0.1724,0.0945,-0.1563,0.63,0.0,0.2256,9,8,3,3.0,16.0,19.0,3.2228,1,4,0.4444,0.1615,0.0,-0.3,0.8185,0.6333,-0.7667,,,1,1,,2021,2024,2023.2222,3,2020,2020,2005,24a2e8e82ac1ce0e,M,10.89,0
12.92,13.21,13.12,0.2505,0.019,13.63,0.71,13.07,13.25,12.782,13.2153,13.12,0.2926,0.0221,13.668,0.886,13.038,13.4,-0.2186,0.1574,-0.2032,0.7,0.33,0.2559,9,6,4,3.0,16.0,18.0,3.2905,1,4,0.4444,0.0765,0.0,-0.0889,1.5078,0.92,-1.8,166.0,50.0,0,0,18.1449,2020,2023,2021.4444,3,2020,2020,2000,8130068745133117,F,12.92,1
12.3,12.446,12.42,0.1649,0.0132,12.71,0.41,12.32,12.48,12.3,12.46,12.445,0.1397,0.0112,12.665,0.365,12.375,12.515,-0.1484,0.1122,-0.1206,0.41,0.18,0.2315,5,5,3,2.0,17.0,19.0,2.8226,0,0,0.0,0.0,0.2,-0.35,0.8699,0.9,-0.7667,,,1,1,,2021,2023,2022.2,2,2020,2020,2000,9d175c1cd1e161ab,M,12.3,0
11.41,11.8667,11.96,0.2747,0.0231,12.13,0.72,11.7325,12.0525,11.345,11.8542,12.015,0.3142,0.0265,12.135,0.79,11.6887,12.03,-0.1703,0.1595,-0.1874,0.62,0.48,0.2267,6,4,4,3.0,15.0,18.0,2.1937,1,1,0.1667,-0.335,0.0,0.25,1.4237,1.2667,-1.15,173.0,58.0,0,0,19.3792,2020,2023,2021.5,3,2020,2020,2005,7ef4e2b1ae91a414,M,11.41,1
12.93,13.36,13.435,0.2549,0.0191,13.59,0.66,13.245,13.55,12.9,13.368,13.384,0.2988,0.0223,13.696,0.796,13.2255,13.5995,-0.0828,0.2223,-0.1245,0.56,0.27,0.2853,6,4,3,2.0,17.0,18.0,3.0565,1,3,0.5,-0.0067,0.0,-0.1333,1.2469,0.7333,-1.0,169.0,58.0,0,0,20.3074,2020,2022,2021.1667,2,2020,2020,2000,fa3a760a51052dad,F,12.93,1
12.73,12.89,12.89,0.1307,0.0101,13.06,0.33,12.795,12.9775,12.736,12.931,12.904,0.1864,0.0144,13.258,0.522,12.8125,12.9775,-0.0054,0.1193,0.0144,0.08,0.25,0.0599,6,3,2,1.0,16.0,16.0,4.4908,1,2,0.3333,-0.085,0.1667,-0.82,1.4307,0.1,-1.4,167.0,51.0,0,0,18.2868,2019,2020,2019.3333,1,2010,2010,2000,b028a8ca78fb0c08,F,12.21,1
11.65,11.794,11.75,0.1214,0.0103,11.96,0.31,11.74,11.87,11.645,11.803,11.825,0.1161,0.0098,11.96,0.315,11.75,11.835,-0.0076,0.1086,0.046,0.22,0.09,0.1171,5,5,3,2.0,17.0,17.0,2.6622,0,0,0.0,0.0,0.2,-0.225,1.1871,0.5,-1.9,,,1,1,,2021,2023,2022.4,2,2020,2020,2005,cbc599f9040cb4b6,M,11.65,0
13.47,13.755,13.75,0.2492,0.0181,14.1,0.63,13.5525,13.9175,13.446,13.736,13.741,0.2596,0.0189,14.076,0.63,13.518,13.9115,-0.2102,0.0965,-0.2173,0.63,0.03,0.2256,6,4,4,3.0,15.0,17.0,2.1485,1,2,0.3333,0.225,0.0,0.3167,0.4875,0.6,-0.25,165.0,53.0,0,0,19.4674,2019,2022,2020.6667,3,2010,2020,2005,274b34e80d0f0810,F,13.47,1
12.48,12.64,12.69,0.1459,0.0115,12.79,0.31,12.49,12.75,12.426,12.6292,12.636,0.1709,0.0135,12.874,0.448,12.52,12.69,-0.2117,0.1206,-0.14,0.21,0.31,0.2143,5,3,2,1.0,17.0,18.0,5.1013,1,3,0.6,0.2167,0.0,0.18,1.0803,0.9333,-0.95,171.0,51.0,0,0,17.4413,2022,2023,2022.6,1,2020,2020,2005,63819ff7095b5f72,F,12.48,1
12.52,12.895,12.745,0.4942,0.0383,13.84,1.32,12.58,12.9325,12.52,12.892,12.799,0.4685,0.0363,13.804,1.284,12.6145,12.8575,-0.2586,0.2478,-0.2558,1.32,0.21,0.2795,6,6,4,5.0,15.0,18.0,1.2704,1,3,0.5,0.2767,0.0,0.05,1.2865,1.4,-0.8333,168.0,54.0,0,0,19.1327,2019,2024,2022.0,5,2010,2020,2005,e7024d90deda2350,F,12.52,1
11.14,11.2433,11.26,0.0961,0.0085,11.33,0.19,11.2,11.295,11.12,11.2117,11.21,0.0925,0.0083,11.305,0.185,11.165,11.2575,-0.0908,0.0594,-0.103,0.19,0.12,0.1458,3,3,2,1.0,18.0,19.0,2.302,0,0,0.0,0.0,0.0,0.6333,0.3215,0.6333,0.0,188.0,70.0,0,0,19.8053,2022,2023,2022.6667,1,2020,2020,2000,b7be5e8d7091044f,M,10.9,1
12.28,12.4225,12.41,0.1559,0.0125,12.59,0.31,12.295,12.5375,12.282,12.427,12.4,0.1713,0.0138,12.626,0.344,12.285,12.542,0.1275,0.0278,0.1374,0.0,0.24,0.0,4,3,2,2.0,17.0,17.0,1.9098,1,1,0.25,0.1633,0.0,-0.075,0.3862,0.2,-0.35,177.0,58.0,0,0,18.5132,2019,2021,2020.0,2,2010,2010,2000,93f335e5d97f1eab,F,12.28,1
12.08,12.5167,12.345,0.3969,0.0317,13.07,0.99,12.3125,12.805,12.032,12.5087,12.37,0.4088,0.0327,13.028,0.996,12.2755,12.8485,-0.0836,0.3555,-0.0564,0.99,0.87,0.3444,6,6,3,3.0,14.0,16.0,2.0871,0,0,0.0,0.0,0.0,0.1333,0.7992,0.8333,-0.5667,167.0,50.0,0,0,17.9282,2019,2022,2020.8333,3,2010,2020,2005,c330c0ec716f54ad,F,12.08,1
10.91,11.1614,11.055,0.2525,0.0226,11.82,0.91,11.0125,11.29,10.9,11.1421,11.0425,0.2612,0.0234,11.85,0.95,10.9762,11.2462,-0.085,0.1729,-0.0885,0.91,0.11,0.162,14,11,5,6.0,14.0,18.0,2.492,1,4,0.2857,0.058,0.0,0.3857,0.5489,0.64,-0.5,172.0,63.0,0,0,21.2953,2019,2025,2022.3571,6,2010,2020,2005,282ce41fcb56e119,M,10.91,1
12.57,12.7575,12.775,0.1531,0.012,12.91,0.34,12.6675,12.865,12.558,12.7305,12.763,0.1328,0.0104,12.838,0.28,12.66,12.8335,0.1187,0.1112,0.0706,0.28,0.34,0.1897,4,4,2,1.0,17.0,18.0,2.7106,1,2,0.5,0.245,0.0,0.45,0.5686,0.45,0.0,164.0,46.0,0,0,17.1029,2023,2024,2023.25,1,2020,2020,2005,87f21df1a84bf435,F,12.57,1
12.77,12.91,12.92,0.1353,0.0105,13.04,0.27,12.845,12.98,12.71,12.878,12.884,0.1651,0.0128,13.04,0.33,12.797,12.962,0.1578,0.0002,0.1925,0.0,0.27,0.0,3,3,3,2.0,17.0,17.0,1.7532,0,0,0.0,0.0,0.0,0.5333,0.5033,0.8,0.0,,,1,1,,2022,2024,2023.0,2,2020,2020,2005,3defc341b4bfdaa5,F,12.77,0
11.83,12.1039,12.035,0.21,0.0173,12.55,0.72,11.975,12.225,11.728,12.0936,12.029,0.2321,0.0192,12.58,0.852,11.943,12.258,-0.1087,0.1431,-0.113,0.72,0.14,0.1444,18,13,4,5.0,15.0,19.0,3.6104,1,5,0.2778,-0.095,0.0,0.1722,0.8435,0.6545,-0.5857,158.0,47.0,0,0,18.8271,2019,2024,2022.7222,5,2010,2020,2005,b78a9289d8132ba6,F,11.83,1
11.0,11.244,11.06,0.3144,0.028,11.71,0.71,11.02,11.43,10.98,11.2597,11.055,0.3425,0.0304,11.72,0.74,11.01,11.5335,-0.1557,0.2543,-0.2015,0.43,0.06,0.1703,5,4,2,3.0,17.0,20.0,1.9807,1,4,0.8,-0.23,0.0,-0.314,1.0052,0.2333,-1.135,180.0,78.0,0,0,24.0741,2021,2023,2022.6,2,2020,2020,2000,942a58783c20d0ad,M,11.0,1
12.5,12.79,12.785,0.2801,0.0219,13.09,0.59,12.5825,12.9925,12.524,12.7765,12.758,0.2554,0.02,13.066,0.542,12.584,12.9505,-0.3205,0.0539,-0.2894,0.46,0.0,0.3022,4,3,2,2.0,15.0,16.0,2.6277,1,2,0.5,0.01,0.0,0.225,0.5058,0.4333,-0.4,163.0,50.0,0,0,18.8189,2019,2021,2020.0,2,2010,2010,2005,3fd7411e1fed029e,F,12.5,1
12.16,12.8417,12.265,1.9064,0.1485,18.88,6.72,12.2175,12.3525,12.178,12.8597,12.31,1.9258,0.1498,18.964,6.786,12.2425,12.3365,-0.0234,1.8292,-0.0283,0.2,0.19,0.0551,12,8,4,4.0,14.0,15.0,3.3079,1,5,0.4167,-1.2497,0.0,-0.3,0.9742,0.825,-0.9857,160.0,48.0,0,0,18.75,2019,2023,2021.5,4,2010,2020,2005,c68191ae230c5370,F,12.16,1
11.04,11.1467,11.13,0.1159,0.0104,11.27,0.23,11.085,11.2,11.04,11.1617,11.165,0.12,0.0108,11.28,0.24,11.1025,11.2225,-0.0854,0.01,-0.0861,0.23,0.0,0.0875,3,3,3,3.0,16.0,19.0,1.1414,1,1,0.3333,0.16,0.3333,-0.45,0.3536,0.0,-0.45,178.0,70.0,0,0,22.0932,2019,2022,2020.6667,3,2010,2010,2000,cb676819b07b1291,M,10.6,1
11.84,12.2075,12.145,0.3775,0.0309,12.7,0.86,11.96,12.3925,11.837,12.2017,12.12,0.3891,0.0319,12.73,0.893,11.9593,12.3625,-0.4589,0.0554,-0.4722,0.86,0.0,0.5034,4,4,3,2.0,17.0,18.0,2.3413,1,1,0.25,0.2767,0.25,0.1533,0.8041,0.53,-0.6,,,1,1,,2020,2022,2021.25,2,2020,2020,2000,0e45dafce8535745,M,11.84,0
11.44,11.705,11.705,0.3748,0.032,11.97,0.53,11.5725,11.8375,11.39,11.685,11.685,0.4172,0.0357,11.98,0.59,11.5375,11.8325,,,,0.53,0.0,0.2765,2,2,2,2.0,16.0,18.0,1.0436,1,1,0.5,0.53,0.0,0.4,0.8485,1.0,-0.2,,,1,1,,2021,2023,2022.0,2,2020,2020,2005,c1220da57ed53106,M,11.13,0
12.34,12.6544,12.67,0.2347,0.0185,13.15,0.81,12.51,12.69,12.31,12.6284,12.61,0.2403,0.019,13.15,0.84,12.542,12.636,-0.0374,0.2199,-0.0302,0.33,0.49,0.2667,9,9,2,1.0,17.0,18.0,7.2727,1,8,0.8889,0.0175,0.0,0.4333,0.6708,0.7143,-1.1,,,1,1,,2022,2023,2022.8889,1,2020,2020,2005,d6cf600a070936df,F,12.34,0
12.31,12.6791,12.52,0.3538,0.0279,13.24,0.93,12.395,12.96,12.28,12.6633,12.52,0.3682,0.0291,13.216,0.936,12.372,12.984,-0.2877,0.0657,-0.2967,0.92,0.12,0.2966,11,7,4,3.0,16.0,19.0,3.5461,1,6,0.5455,0.0127,0.0,0.2636,0.7711,0.7429,-0.575,,,1,1,,2020,2023,2021.9091,3,2020,2020,2000,d3d0849f9589391a,F,12.31,0
11.16,11.21,11.21,0.05,0.0045,11.26,0.1,11.185,11.235,11.075,11.185,11.225,0.0964,0.0086,11.255,0.18,11.15,11.24,0.0783,0.0204,0.1096,0.0,0.1,0.0,3,2,2,1.0,17.0,17.0,3.1307,1,1,0.3333,0.0,0.0,0.5,1.0583,0.9,-0.3,,,1,1,,2020,2021,2020.3333,1,2020,2020,2000,2e5cee7c2bd37629,M,11.16,0
13.45,13.6667,13.65,0.2255,0.0165,13.9,0.45,13.55,13.775,13.39,13.6687,13.668,0.279,0.0204,13.948,0.558,13.529,13.808,0.043,0.1826,0.0271,0.2,0.45,0.1691,3,3,2,1.0,17.0,18.0,2.5365,1,2,0.6667,-0.025,0.0,-0.0333,0.9292,1.0,-0.55,,,1,1,,2022,2023,2022.6667,1,2020,2020,2005,54bd7501ce909c5e,F,13.45,0
11.92,12.1907,12.13,0.2044,0.0168,12.66,0.74,12.025,12.3,11.878,12.1831,12.158,0.2214,0.0182,12.714,0.836,12.013,12.298,-0.0918,0.1925,-0.1201,0.39,0.31,0.212,15,11,3,2.0,17.0,18.0,8.1529,1,5,0.3333,-0.107,0.0,0.1267,0.8614,0.7222,-0.92,165.0,52.0,0,0,19.1001,2022,2024,2022.8667,2,2020,2020,2005,5254a298fc24bd08,F,11.92,1
12.1,12.2222,12.23,0.0618,0.0051,12.32,0.22,12.21,12.25,12.128,12.2102,12.228,0.0623,0.0051,12.326,0.198,12.16,12.23,0.0342,0.0405,0.0382,0.11,0.22,0.0339,9,7,3,3.0,17.0,17.0,2.7717,1,4,0.4444,0.0675,0.1111,0.225,0.5365,0.675,-0.3,169.0,51.0,0,0,17.8565,2019,2022,2020.0,3,2010,2010,2000,a07fd163f58bdcaa,F,11.85,1
12.92,13.36,13.53,0.3843,0.0288,13.63,0.71,13.225,13.58,12.842,13.384,13.536,0.4842,0.0362,13.774,0.932,13.189,13.655,-0.1274,0.0407,-0.1569,0.71,0.0,0.137,3,3,2,5.0,14.0,19.0,0.5788,1,1,0.3333,-0.255,0.0,-0.4,1.8682,1.3,-1.25,165.0,45.0,0,0,16.5289,2019,2024,2020.6667,5,2010,2010,2005,cb76f9cdf392134c,F,12.92,1
11.85,11.945,11.945,0.1344,0.0112,12.04,0.19,11.8975,11.9925,11.815,11.93,11.93,0.1626,0.0136,12.045,0.23,11.8725,11.9875,,,,0.19,0.0,0.1614,2,2,2,1.0,16.0,17.0,1.6988,0,0,0.0,0.0,0.0,0.3,0.5657,0.7,-0.1,172.0,60.0,0,0,20.2812,2019,2020,2019.5,1,2010,2010,2000,43f0e81ae0faf3cf,M,11.85,1
12.41,12.415,12.415,0.0071,0.0006,12.42,0.01,12.4125,12.4175,12.392,12.397,12.397,0.0071,0.0006,12.402,0.01,12.3945,12.3995,,,,0.0,0.01,0.0,2,1,1,0.0,16.0,16.0,2.0,1,1,0.5,-0.01,0.0,0.3,0.0,0.3,0.0,164.0,65.0,0,0,24.1672,2019,2019,2019.0,0,2010,2010,2000,860192f46f65eff3,F,12.41,1
12.51,12.798,12.74,0.2443,0.0191,13.13,0.62,12.66,12.95,12.468,12.8064,12.716,0.3007,0.0235,13.244,0.776,12.648,12.956,0.2423,0.1875,0.3118,0.44,0.62,0.4218,5,4,2,1.0,18.0,18.0,4.7933,0,0,0.0,0.0,0.0,-0.14,1.0262,0.4333,-1.0,,,1,1,,2023,2024,2023.4,1,2020,2020,2005,a8b06a7ac254aaaa,F,12.51,0
11.42,11.69,11.72,0.2132,0.0182,12.16,0.74,11.48,11.83,11.368,11.7144,11.72,0.2604,0.0222,12.25,0.882,11.513,11.851,-0.1249,0.1905,-0.1423,0.41,0.46,0.1965,15,10,3,2.0,17.0,19.0,7.19,1,7,0.4667,-0.0486,0.0,-0.4067,1.1847,0.7,-1.0667,167.0,60.0,0,0,21.5139,2021,2023,2021.9333,2,2020,2020,2000,e80cc10e9ec5716b,F,11.42,1
10.74,11.03,10.93,0.3039,0.0276,11.49,0.75,10.82,11.17,10.735,11.043,10.93,0.3212,0.0291,11.52,0.785,10.82,11.21,-0.1009,0.2649,-0.1034,0.19,0.0,0.1107,5,5,3,2.0,18.0,20.0,2.9127,1,1,0.2,-0.575,0.0,-0.26,0.4099,0.1,-0.7,180.0,65.0,0,0,20.0617,2022,2024,2023.2,2,2020,2020,2000,30e208bbfee9fbd8,M,10.6,1
10.67,10.8327,10.77,0.1819,0.0168,11.34,0.67,10.755,10.86,10.605,10.8514,10.785,0.2215,0.0204,11.43,0.825,10.725,10.9225,-0.085,0.1503,-0.1317,0.67,0.09,0.3447,11,10,3,2.0,18.0,19.0,5.6588,1,1,0.0909,-0.5656,0.0,-0.3727,1.0753,0.8,-1.0429,183.0,70.0,0,0,20.9024,2022,2024,2023.2727,2,2020,2020,2005,508c4fc39c2542a4,M,10.56,1
12.92,12.995,12.995,0.1061,0.0082,13.07,0.15,12.9575,13.0325,13.004,13.043,13.043,0.0552,0.0042,13.082,0.078,13.0235,13.0625,,,,0.0,0.15,0.0,2,1,1,0.0,17.0,17.0,2.0,1,1,0.5,0.15,0.0,-0.8,0.8485,0.0,-0.8,168.0,50.0,0,0,17.7154,2020,2020,2020.0,0,2020,2020,2000,7293abdde068e31c,F,12.81,1
11.91,12.155,12.105,0.1518,0.0125,12.42,0.51,12.0425,12.2725,11.892,12.1439,12.128,0.1714,0.0141,12.432,0.54,12.014,12.2765,-0.0015,0.1462,-0.0152,0.32,0.19,0.0985,14,10,3,3.0,17.0,17.0,4.3116,1,8,0.5714,0.1458,0.0,0.1857,0.8874,0.57,-1.0333,165.0,54.0,0,0,19.8347,2019,2022,2020.6429,3,2010,2010,2000,0c2d2ec75ffaaaef,F,11.91,1
10.95,11.308,11.34,0.3398,0.0301,11.74,0.79,10.99,11.52,10.925,11.273,11.27,0.3506,0.0311,11.715,0.79,10.935,11.52,-0.1679,0.1717,-0.1717,0.79,0.04,0.1985,5,4,3,4.0,15.0,19.0,1.256,1,1,0.2,-0.4567,0.2,0.875,0.556,0.875,0.0,,,1,1,,2019,2023,2021.8,4,2010,2020,2005,f65eba03a51fa566,M,10.95,0
12.57,12.8867,12.825,0.3504,0.0272,13.54,0.97,12.66,12.9225,12.522,12.8537,12.795,0.3461,0.0269,13.48,0.958,12.624,12.921,-0.1628,0.2304,-0.1651,0.97,0.18,0.237,6,6,4,4.0,15.0,16.0,1.4659,1,4,0.6667,0.2525,0.1667,0.66,0.3647,0.66,0.0,162.0,50.0,0,0,19.052,2019,2023,2021.5,4,2010,2020,2005,63bc5dbb81c838bc,F,12.57,1
11.47,11.658,11.71,0.177,0.0152,11.89,0.42,11.49,11.73,11.495,11.686,11.76,0.1796,0.0154,11.895,0.4,11.5,11.78,-0.4553,0.0707,-0.4467,0.42,0.02,0.4706,5,5,2,1.0,18.0,19.0,5.602,1,2,0.4,0.1133,0.0,-0.56,0.4506,0.0,-0.56,,,1,1,,2022,2023,2022.8,1,2020,2020,2000,6be40dccd80b6773,M,11.01,0
12.29,12.5021,12.5,0.1047,0.0084,12.67,0.38,12.42,12.58,12.284,12.5116,12.494,0.1086,0.0087,12.698,0.414,12.432,12.592,0.0495,0.0991,0.0465,0.08,0.24,0.0354,19,13,3,2.0,17.0,18.0,8.4016,1,9,0.4737,0.0146,0.0,-0.1579,0.7805,0.475,-0.85,165.0,54.0,0,0,19.8347,2022,2024,2022.5789,2,2020,2020,2005,e37b830cd4731972,F,12.29,1
12.12,12.4083,12.4,0.203,0.0164,12.83,0.71,12.2675,12.525,12.078,12.4268,12.451,0.2275,0.0183,12.854,0.776,12.27,12.576,-0.2528,0.1417,-0.2463,0.71,0.0,0.3481,12,9,3,2.0,17.0,19.0,5.8832,1,3,0.25,-0.0158,0.0,-0.3083,0.8458,0.6667,-0.7125,161.0,49.0,0,0,18.9036,2022,2024,2022.9167,2,2020,2020,2005,0650dd3ba8748539,F,12.12,1
12.28,12.62,12.595,0.2928,0.0232,13.08,0.8,12.4225,12.7525,12.286,12.609,12.598,0.2978,0.0236,13.05,0.764,12.3655,12.775,-0.1692,0.1786,-0.1667,0.8,0.13,0.2256,6,5,3,4.0,15.0,17.0,1.6923,1,2,0.3333,0.1725,0.0,0.1833,0.6338,0.9,-0.2333,165.0,50.0,0,0,18.3655,2019,2023,2021.6667,4,2010,2020,2005,bdd8b7ab66d209fa,F,12.28,1
11.55,11.7169,11.75,0.092,0.0078,11.83,0.28,11.63,11.78,11.496,11.6888,11.726,0.1006,0.0086,11.804,0.308,11.594,11.758,-0.0842,0.0553,-0.0922,0.28,0.08,0.0956,13,10,4,3.0,17.0,20.0,4.4376,1,6,0.4615,-0.015,0.0,0.4692,0.3521,0.5417,-0.4,162.0,49.0,0,0,18.6709,2022,2025,2024.0,3,2020,2020,2005,3475a8489a9ee537,F,11.43,1
11.52,11.7169,11.75,0.0924,0.0079,11.82,0.3,11.72,11.77,11.502,11.7026,11.74,0.1202,0.0103,11.838,0.336,11.678,11.782,-0.0071,0.089,-0.0293,0.26,0.06,0.1539,13,10,3,2.0,18.0,18.0,7.6957,1,8,0.6154,0.0325,0.0,0.2385,0.6764,0.8333,-0.475,167.0,49.0,0,0,17.5697,2022,2024,2022.8462,2,2020,2020,2000,3856a28965e553a0,F,11.52,1
11.99,12.505,12.405,0.488,0.039,13.7,1.71,12.275,12.4675,11.834,12.535,12.414,0.536,0.0428,13.748,1.914,12.308,12.6265,-0.2274,0.2123,-0.2354,1.71,0.48,0.2998,10,8,5,6.0,14.0,20.0,1.7535,1,2,0.2,0.2493,0.0,-0.5,1.5889,1.3333,-1.2857,170.0,53.0,0,0,18.3391,2019,2025,2023.2,6,2010,2020,2005,dd2e3508c09a4d15,F,11.99,1
12.42,12.6267,12.59,0.1349,0.0107,12.87,0.45,12.56,12.7,12.366,12.6213,12.596,0.1384,0.011,12.852,0.486,12.572,12.688,-0.0512,0.1263,-0.0387,0.36,0.14,0.1714,9,8,3,2.0,16.0,17.0,4.2859,1,5,0.5556,0.0465,0.0,0.0889,0.44,0.4,-0.3,160.0,51.0,0,0,19.9219,2022,2024,2022.8889,2,2020,2020,2005,ab0ea9c03b30543e,F,12.42,1
11.12,11.536,11.39,0.6232,0.054,13.26,2.14,11.2275,11.4975,11.165,11.542,11.37,0.616,0.0534,13.26,2.095,11.255,11.4875,-0.0827,0.6092,-0.0554,0.44,0.16,0.1754,10,9,3,3.0,17.0,18.0,3.9874,1,1,0.1,0.3956,0.0,-0.12,0.5473,0.425,-0.58,,,1,1,,2022,2024,2022.8,2,2020,2020,2005,dcb519030dc8a58d,M,11.12,0
10.86,11.426,11.06,1.1625,0.1017,14.71,3.85,10.97,11.225,10.85,11.448,11.0675,1.1886,0.1038,14.805,3.955,10.9988,11.2563,0.0717,1.0771,0.0786,0.25,3.85,0.1059,10,8,3,2.0,16.0,17.0,4.2372,1,3,0.3,0.4752,0.2,-0.55,0.6525,0.2,-0.6571,180.0,61.0,0,0,18.8272,2022,2024,2023.0,2,2020,2020,2005,949bd871cab882a9,M,10.86,1
10.9,11.128,11.085,0.1777,0.016,11.56,0.66,11.045,11.185,10.935,11.115,11.0775,0.158,0.0142,11.455,0.52,11.0188,11.185,0.128,0.1261,0.1219,0.16,0.66,0.0509,10,9,4,3.0,17.0,18.0,3.1789,1,3,0.3,0.021,0.0,0.26,1.0895,1.16,-0.64,171.0,64.0,0,0,21.8871,2022,2025,2023.3,3,2020,2020,2005,655d705e07c9f442,M,10.9,1
12.62,12.97,12.915,0.3414,0.0263,13.73,1.11,12.8075,13.0125,12.596,12.9632,12.911,0.3595,0.0277,13.736,1.14,12.7925,13.0305,0.0622,0.3018,0.0685,0.0,0.23,0.0,8,6,4,4.0,15.0,15.0,1.7839,1,5,0.625,-0.192,0.0,0.1125,0.6058,0.525,-0.3,160.0,42.0,0,0,16.4062,2021,2025,2023.625,4,2020,2020,2005,33eb88cd45c62a81,F,12.62,1
11.86,11.87,11.87,0.0141,0.0012,11.88,0.02,11.865,11.875,11.85,11.86,11.86,0.0141,0.0012,11.87,0.02,11.855,11.865,,,,0.02,0.0,0.0803,2,2,1,0.0,18.0,19.0,8.0275,0,0,0.0,0.0,0.0,0.2,0.0,0.2,0.0,,,1,1,,2024,2024,2024.0,0,2020,2020,2005,687b679093f81f38,M,11.86,0
11.28,11.31,11.3,0.0292,0.0026,11.35,0.07,11.29,11.33,11.22,11.284,11.275,0.0636,0.0056,11.37,0.15,11.23,11.325,-0.0042,0.0259,-0.0094,0.07,0.05,0.0494,5,4,2,1.0,17.0,17.0,3.5256,1,1,0.2,0.0125,0.0,0.52,1.2317,1.05,-1.6,185.0,65.0,0,0,18.992,2023,2024,2023.6,1,2020,2020,2005,2427865c38129a98,M,11.28,1
12.62,13.0625,13.065,0.2468,0.0189,13.41,0.79,12.93,13.22,12.506,13.0678,13.08,0.2804,0.0215,13.404,0.898,12.966,13.247,0.0963,0.2018,0.0932,0.31,0.66,0.1068,8,5,3,3.0,17.0,17.0,2.7566,1,3,0.375,0.02,0.0,-0.0875,0.8593,0.7,-0.56,160.0,50.0,0,0,19.5312,2022,2025,2023.25,3,2020,2020,2005,75a4a4a97983bd64,F,12.62,1
12.23,12.7086,12.5,0.3697,0.0291,13.14,0.91,12.48,13.065,12.08,12.688,12.494,0.4263,0.0336,13.14,1.06,12.441,13.11,-0.5101,0.1783,-0.5579,0.8,0.27,0.6537,7,5,2,1.0,17.0,18.0,5.7198,1,2,0.2857,-0.1,0.0,0.3429,1.1414,0.975,-0.75,160.0,55.0,0,0,21.4844,2023,2024,2023.5714,1,2020,2020,2005,18c8029c15d928b2,F,12.23,1
11.8,11.9767,11.98,0.1469,0.0123,12.14,0.34,11.855,12.105,11.752,11.9337,11.929,0.1613,0.0135,12.14,0.388,11.7965,12.057,2.3651,0.0785,2.4185,0.0,0.33,0.0,6,3,1,0.0,19.0,19.0,53.4512,1,3,0.5,-0.0267,0.1667,0.86,0.0894,0.86,0.0,174.0,61.0,0,0,20.148,2022,2022,2022.0,0,2020,2020,2000,e4200cb49f63894d,F,11.8,1
12.81,13.0533,13.01,0.2676,0.0205,13.34,0.53,12.91,13.175,12.804,13.0573,12.974,0.3037,0.0233,13.394,0.59,12.889,13.184,0.2604,0.1347,0.2711,0.0,0.53,0.0,3,2,2,1.0,17.0,17.0,2.1401,1,2,0.6667,0.43,0.0,-0.0667,0.7638,0.35,-0.9,,,1,1,,2020,2022,2021.3333,2,2020,2020,2000,a46f8b04a324bf84,F,12.66,0
12.1,12.115,12.115,0.0212,0.0018,12.13,0.03,12.1075,12.1225,12.035,12.12,12.12,0.1202,0.0099,12.205,0.17,12.0775,12.1625,,,,0.0,0.03,0.0,2,2,2,1.0,17.0,17.0,2.0405,0,0,0.0,0.0,0.0,-0.1,1.9799,1.3,-1.5,190.0,65.0,0,0,18.0055,2022,2023,2022.5,1,2020,2020,2005,9c71e5f42d23c574,M,12.1,1
12.63,13.015,13.065,0.1955,0.015,13.22,0.59,12.9325,13.17,12.492,12.9958,13.059,0.2455,0.0189,13.304,0.812,12.8665,13.1685,0.0545,0.1764,0.0767,0.34,0.59,0.1206,10,9,4,3.0,16.0,17.0,3.5461,1,4,0.4,-0.1333,0.0,0.32,1.1013,0.8143,-0.8333,162.0,45.0,0,0,17.1468,2022,2025,2023.4,3,2020,2020,2005,7ee4d52c4fc25a45,F,12.63,1
12.52,12.768,12.78,0.2208,0.0173,12.99,0.47,12.57,12.98,12.28,12.7116,12.804,0.331,0.026,13.034,0.754,12.456,12.984,0.3038,0.0855,0.4048,0.05,0.47,0.0366,5,3,2,1.0,17.0,17.0,3.6598,0,0,0.0,0.0,0.0,0.94,2.0107,2.0,-0.65,166.0,50.0,0,0,18.1449,2023,2024,2023.4,1,2020,2020,2005,841dc4a64585c0de,F,12.52,1
11.03,11.1875,11.18,0.1578,0.0141,11.36,0.33,11.0675,11.3,11.015,11.1775,11.185,0.1531,0.0137,11.325,0.31,11.0637,11.2987,-0.1175,0.1327,-0.0892,0.33,0.25,0.5795,4,4,1,1.0,18.0,18.0,7.024,1,1,0.25,0.21,0.0,0.2,0.3916,0.5,-0.2,,,1,1,,2023,2023,2023.0,0,2020,2020,2005,46b3141f7f1c7433,M,11.03,0
11.84,12.3217,12.29,0.3915,0.0318,12.82,0.98,12.0475,12.615,11.828,12.3387,12.329,0.4078,0.0331,12.856,1.028,12.0445,12.6375,-0.3849,0.1428,-0.4029,0.81,0.2,0.3898,6,5,3,2.0,18.0,20.0,2.8874,1,3,0.5,0.1367,0.0,-0.2833,0.4355,0.25,-0.55,166.0,,0,1,,2023,2025,2024.0,2,2020,2020,2005,93a7734b93f74202,F,11.84,0
12.76,12.8125,12.795,0.0618,0.0048,12.9,0.14,12.775,12.8325,12.67,12.8095,12.798,0.1274,0.0099,12.972,0.302,12.739,12.8685,0.3204,0.0404,0.7441,0.0,0.05,0.0,4,3,1,0.0,18.0,18.0,16.2333,1,2,0.5,-0.095,0.0,0.05,1.1446,0.9,-0.8,,,1,1,,2024,2024,2024.0,0,2020,2020,2005,9443d724846808d3,F,12.76,0
13.36,13.54,13.53,0.1852,0.0137,13.73,0.37,13.445,13.63,13.384,13.55,13.53,0.1769,0.0131,13.736,0.352,13.457,13.633,-0.0079,0.1511,-0.0158,0.0,0.17,0.0,3,2,2,2.0,15.0,15.0,1.5789,1,1,0.3333,0.27,0.0,-0.1667,0.2082,0.0,-0.25,166.0,62.0,0,0,22.4996,2020,2022,2020.6667,2,2020,2020,2005,ab1edbc204b6ab5d,F,13.36,1
11.32,11.5975,11.54,0.2816,0.0243,11.99,0.67,11.4775,11.66,11.31,11.6163,11.5875,0.2761,0.0238,11.98,0.67,11.5012,11.7025,-0.1474,0.237,-0.0737,0.0,0.23,0.0,4,2,2,1.0,16.0,16.0,5.1263,1,2,0.5,-0.345,0.0,-0.375,0.6946,0.2,-0.95,182.0,75.0,0,0,22.6422,2022,2023,2022.5,1,2020,2020,2005,5a1136040385b175,M,11.32,1
12.45,12.59,12.55,0.1637,0.013,12.77,0.32,12.5,12.66,12.486,12.612,12.58,0.1447,0.0115,12.77,0.284,12.533,12.675,0.2884,0.0408,0.2531,0.0,0.32,0.0,3,2,2,1.0,17.0,17.0,3.2039,1,2,0.6667,-0.06,0.0,-0.3667,0.3215,0.0,-0.55,170.0,53.0,0,0,18.3391,2022,2023,2022.3333,1,2020,2020,2005,d7eae5666e019d7d,F,12.45,1
12.88,12.952,12.94,0.0589,0.0045,13.04,0.16,12.93,12.97,12.906,12.9472,12.94,0.0435,0.0034,13.016,0.11,12.916,12.958,0.0809,0.0354,0.0488,0.0,0.16,0.0,5,3,2,1.0,17.0,17.0,5.1299,1,3,0.6,0.055,0.0,0.08,0.4147,0.3333,-0.6,166.0,60.0,0,0,21.7738,2022,2023,2022.6,1,2020,2020,2005,678c8d0625977aae,F,12.88,1
12.55,12.8873,12.87,0.2394,0.0186,13.4,0.85,12.795,12.925,12.514,12.8938,12.844,0.2503,0.0194,13.4,0.886,12.822,12.991,-0.252,0.1497,-0.244,0.85,0.03,0.4145,11,7,3,2.0,17.0,19.0,5.3642,1,4,0.3636,-0.1895,0.0909,-0.12,1.0086,0.8,-0.88,166.0,57.0,0,0,20.6852,2022,2024,2023.5455,2,2020,2020,2005,286cf2c5bc4035e2,F,12.55,1
12.51,12.64,12.7,0.1127,0.0089,12.71,0.2,12.605,12.705,12.51,12.705,12.75,0.1768,0.0139,12.855,0.345,12.63,12.8025,0.6823,0.0634,1.2944,0.0,0.2,0.0,3,3,1,0.0,18.0,18.0,13.0446,0,0,0.0,0.0,0.3333,-1.95,1.3435,0.0,-1.95,,,1,1,,2023,2023,2023.0,0,2020,2020,2005,9aa689adba170814,M,12.51,0
10.89,11.0086,10.97,0.0904,0.0082,11.15,0.26,10.955,11.07,10.845,11.005,10.985,0.1097,0.01,11.185,0.34,10.9475,11.0625,-0.2518,0.0602,-0.3553,0.26,0.0,0.3241,7,5,2,1.0,19.0,20.0,8.7261,1,2,0.2857,-0.023,0.0,0.0714,0.5559,0.5667,-0.6,175.0,66.0,0,0,21.551,2022,2023,2022.1429,1,2020,2020,2000,4b1b57f3a767d4e7,M,10.89,1
13.2,13.5222,13.58,0.2235,0.0165,13.82,0.62,13.4,13.66,13.17,13.5076,13.544,0.2359,0.0175,13.82,0.65,13.374,13.672,-0.1436,0.1769,-0.1354,0.24,0.01,0.0869,9,9,4,3.0,16.0,18.0,3.2579,1,7,0.7778,-0.2536,0.0,0.2444,0.6106,0.66,-0.3667,,,1,1,,2022,2025,2023.3333,3,2020,2020,2005,efccdb6f8d98f967,F,13.2,0
11.04,11.4317,11.48,0.293,0.0256,11.75,0.71,11.205,11.665,10.945,11.4317,11.495,0.3349,0.0293,11.76,0.815,11.2062,11.7125,-0.324,0.1443,-0.3387,0.66,0.0,0.355,6,6,3,2.0,17.0,19.0,3.2275,1,1,0.1667,-0.322,0.0,-0.0,1.1815,1.35,-0.675,,,1,1,,2023,2025,2023.8333,2,2020,2020,2005,cff09e0356c301b9,M,11.04,0
10.35,10.6521,10.64,0.19,0.0178,10.95,0.6,10.5,10.785,10.165,10.6371,10.665,0.2322,0.0218,10.935,0.77,10.4525,10.845,-0.1918,0.1284,-0.1899,0.57,0.06,0.2399,19,15,3,2.0,17.0,19.0,7.9951,1,7,0.3684,-0.0543,0.0,0.3,1.4564,1.0833,-1.0429,181.0,58.0,0,0,17.704,2023,2025,2024.3684,2,2020,2020,2005,0ca6ab2fc972e42c,M,10.35,1
12.58,12.7962,12.74,0.1967,0.0154,13.16,0.58,12.69,12.8475,12.496,12.7925,12.74,0.2117,0.0165,13.184,0.688,12.7005,12.8775,-0.1908,0.0672,-0.19,0.58,0.05,0.2057,8,6,4,3.0,16.0,18.0,2.8369,1,2,0.25,0.075,0.0,0.0625,0.7029,0.7333,-0.34,156.0,50.0,0,0,20.5457,2022,2025,2023.75,3,2020,2020,2005,a342de0bbf082afb,F,12.58,1
10.76,10.84,10.82,0.0917,0.0085,10.94,0.18,10.79,10.88,10.785,10.845,10.785,0.1039,0.0096,10.965,0.18,10.785,10.875,0.1308,0.0245,0.1569,0.0,0.18,0.0,3,2,2,1.0,18.0,18.0,2.6152,1,2,0.6667,-0.12,0.0,-0.1,0.6928,0.7,-0.5,177.0,66.0,0,0,21.0667,2024,2025,2024.3333,1,2020,2020,2005,824e45abdefad08c,M,10.76,1
11.52,11.565,11.565,0.0636,0.0055,11.61,0.09,11.5425,11.5875,11.495,11.565,11.565,0.099,0.0086,11.635,0.14,11.53,11.6,,,,0.09,0.0,0.0884,2,2,2,1.0,16.0,17.0,1.9637,0,0,0.0,0.0,0.0,0.0,0.7071,0.5,-0.5,185.0,67.0,0,0,19.5763,2021,2022,2021.5,1,2020,2020,2005,17fad06f7d357827,M,11.52,1
11.05,11.4122,11.38,0.2311,0.0203,11.75,0.7,11.26,11.61,10.995,11.395,11.34,0.2514,0.0221,11.77,0.775,11.255,11.61,0.1059,0.2121,0.0958,0.56,0.35,0.4399,9,7,2,1.0,16.0,17.0,7.0694,1,6,0.6667,0.0767,0.1111,0.3875,0.5592,0.72,-0.25,178.0,67.0,0,0,21.1463,2022,2023,2022.4444,1,2020,2020,2005,6806b9e13d1d51c3,M,11.05,1
12.87,14.22,12.89,2.321,0.1632,16.9,4.03,12.88,14.895,12.83,14.216,12.924,2.3197,0.1632,16.894,4.064,12.877,14.909,-29.5853,1.6371,-28.3142,0.02,0.0,0.2922,3,2,1,0.0,18.0,18.0,43.83,1,1,0.3333,-4.02,0.0,0.0667,0.9504,0.55,-0.9,,,1,1,,2024,2024,2024.0,0,2020,2020,2005,b6ab0c6c69bbdb26,F,12.87,0
10.75,10.9105,10.89,0.1052,0.0096,11.16,0.41,10.845,10.975,10.72,10.9045,10.9025,0.1125,0.0103,11.135,0.415,10.83,10.9825,-0.0338,0.0987,-0.0428,0.41,0.31,0.1686,20,16,3,2.0,17.0,18.0,8.2264,1,6,0.3,0.0483,0.05,0.1263,0.7125,0.5167,-0.6333,181.0,70.0,0,0,21.3669,2022,2024,2023.0,2,2020,2020,2005,695bace017c0013e,M,10.75,1
12.72,12.838,12.87,0.0988,0.0077,12.95,0.23,12.75,12.9,12.732,12.8584,12.834,0.1245,0.0097,12.996,0.264,12.75,12.98,0.0028,0.0884,0.0055,0.0,0.03,0.0,5,4,2,1.0,17.0,17.0,4.8961,1,1,0.2,0.1567,0.0,-0.34,0.8112,0.6,-0.7667,,,1,1,,2023,2024,2023.6,1,2020,2020,2005,4e12a4beed83db6d,F,12.72,0
12.47,12.572,12.54,0.0887,0.0071,12.67,0.2,12.52,12.66,12.422,12.5852,12.57,0.152,0.0121,12.754,0.332,12.454,12.726,-0.0115,0.0791,0.018,0.0,0.07,0.0,5,3,2,1.0,16.0,16.0,3.5461,1,2,0.4,0.0033,0.0,-0.22,1.1212,0.95,-1.0,165.0,53.0,0,0,19.4674,2022,2023,2022.2,1,2020,2020,2005,6ebb96183f18261e,F,12.47,1
10.88,10.9575,10.945,0.0776,0.0071,11.06,0.18,10.91,10.9925,10.85,10.96,10.96,0.0943,0.0086,11.07,0.22,10.9062,11.0138,-0.1003,0.066,0.0,0.0,0.09,0.0,4,2,1,0.0,18.0,18.0,16.0549,1,2,0.5,0.115,0.0,-0.05,0.4655,0.6,-0.2667,,,1,1,,2024,2024,2024.0,0,2020,2020,2005,f12f97e11ffa87ee,M,10.88,0
12.52,12.732,12.75,0.1363,0.0107,12.88,0.36,12.7,12.81,12.394,12.7188,12.732,0.2048,0.0161,12.894,0.5,12.682,12.892,-0.0969,0.0628,-0.1512,0.18,0.0,0.0672,5,3,2,3.0,17.0,20.0,1.8673,1,2,0.4,-0.08,0.0,0.22,1.2598,0.9,-0.8,170.0,51.0,0,0,17.6471,2020,2023,2020.6,3,2020,2020,2000,fd69355714f07320,F,12.52,1
11.44,11.6375,11.6,0.213,0.0183,11.91,0.47,11.485,11.7525,11.42,11.6138,11.5675,0.2127,0.0183,11.9,0.48,11.4725,11.7088,-0.2357,0.1237,-0.2299,0.47,0.0,0.2401,4,4,3,2.0,16.0,18.0,2.0434,0,0,0.0,0.0,0.0,0.475,0.4272,0.475,0.0,,,1,1,,2020,2022,2021.0,2,2020,2020,2000,0282aa561d55a8c1,M,11.44,0
11.93,12.15,12.095,0.1554,0.0128,12.52,0.59,12.0625,12.2425,11.84,12.1286,12.073,0.1707,0.0141,12.514,0.674,12.044,12.2547,0.0299,0.1418,0.0179,0.16,0.34,0.0526,12,8,3,3.0,16.0,19.0,3.9486,1,5,0.4167,0.0377,0.0,0.3567,0.6043,0.63,-0.19,163.0,52.0,0,0,19.5717,2019,2022,2020.8333,3,2010,2020,2000,7428144355329b09,F,11.93,1
12.72,12.89,12.84,0.1574,0.0122,13.16,0.44,12.78,12.975,12.72,12.8789,12.828,0.1588,0.0123,13.16,0.44,12.762,12.96,0.0345,0.142,0.0413,0.02,0.0,0.0086,7,4,4,2.0,16.0,18.0,2.9939,1,3,0.4286,-0.14,0.4286,0.325,0.1258,0.325,0.0,,,1,1,,2020,2023,2021.2857,3,2020,2020,2000,6abb9b86ed5bae1b,F,12.72,0
12.28,12.4517,12.45,0.1214,0.0097,12.64,0.36,12.395,12.4975,12.244,12.4827,12.482,0.1885,0.0151,12.814,0.57,12.403,12.4935,0.04,0.1083,0.0859,0.23,0.36,0.1479,6,4,3,2.0,17.0,17.0,3.8583,1,2,0.3333,-0.1325,0.0,-0.5167,1.2734,0.45,-1.3333,,,1,1,,2023,2025,2024.3333,2,2020,2020,2005,ecfc8b8d12c95d15,F,12.28,0
12.17,12.329,12.275,0.1662,0.0135,12.64,0.47,12.2325,12.3475,12.096,12.3422,12.282,0.1949,0.0158,12.736,0.64,12.234,12.395,-0.1865,0.1414,-0.1925,0.47,0.14,0.4208,10,8,2,1.0,18.0,18.0,8.9522,1,3,0.3,-0.0729,0.0,-0.22,0.8638,0.6667,-0.84,,,1,1,,2024,2025,2024.4,1,2020,2020,2005,279d54aab8a9576d,F,12.17,0
12.23,12.5073,12.52,0.1716,0.0137,12.85,0.62,12.385,12.6,12.224,12.5225,12.52,0.187,0.0149,12.886,0.662,12.403,12.612,0.164,0.1438,0.154,0.39,0.62,0.2889,11,6,2,1.0,17.0,17.0,8.1496,1,5,0.4545,0.089,0.1818,-0.3111,0.56,0.2,-0.64,,,1,1,,2023,2024,2023.3636,1,2020,2020,2005,c69dbe2c71c841a0,F,12.23,0
10.7,11.0257,11.01,0.259,0.0235,11.42,0.72,10.85,11.175,10.71,11.0307,11.03,0.259,0.0235,11.435,0.725,10.8525,11.1675,-0.295,0.0958,-0.2913,0.72,0.02,0.3259,7,6,3,2.0,16.0,18.0,3.1682,1,2,0.2857,0.4325,0.0,-0.1,0.3367,0.35,-0.28,178.0,60.0,0,0,18.937,2022,2024,2023.4286,2,2020,2020,2005,26d38ea0e522b883,M,10.7,1
12.24,12.475,12.435,0.2447,0.0196,12.79,0.55,12.3075,12.6025,12.24,12.4615,12.432,0.2173,0.0174,12.742,0.502,12.3255,12.568,0.7669,0.054,0.6764,0.0,0.55,0.0,4,3,2,1.0,18.0,18.0,6.113,1,2,0.5,0.17,0.0,0.225,0.5315,0.65,-0.4,166.0,55.0,0,0,19.9594,2022,2023,2022.25,1,2020,2020,2000,9f118d19eb4c7629,F,12.24,1
12.48,12.7964,12.75,0.2513,0.0196,13.19,0.71,12.625,12.945,12.474,12.7756,12.678,0.2816,0.022,13.21,0.736,12.556,13.023,-0.1135,0.2153,-0.0848,0.71,0.53,0.2518,11,10,4,3.0,16.0,18.0,3.9007,1,4,0.3636,0.0336,0.0,0.3455,1.1699,0.8625,-1.0333,161.0,46.0,0,0,17.7462,2022,2025,2023.3636,3,2020,2020,2005,9aa6b7cfd1899154,F,12.48,1
10.58,10.8485,10.86,0.1245,0.0115,11.06,0.48,10.795,10.94,10.56,10.8565,10.84,0.1578,0.0145,11.18,0.62,10.785,10.9538,0.0874,0.1156,0.1171,0.29,0.28,0.2702,20,8,2,1.0,17.0,18.0,18.6352,1,7,0.35,0.0732,0.0,-0.16,1.17,0.7,-0.88,,,1,1,,2023,2024,2023.55,1,2020,2020,2005,02175a85dd751627,M,10.58,0
13.38,13.66,13.63,0.275,0.0201,14.14,0.76,13.4675,13.7325,13.296,13.669,13.62,0.3211,0.0235,14.182,0.886,13.458,13.824,0.2038,0.2336,0.1545,0.0,0.36,0.0,6,5,2,1.0,17.0,17.0,4.9137,1,3,0.5,0.2267,0.0,-0.15,1.9501,1.5,-1.8,,,1,1,,2023,2024,2023.1667,1,2020,2020,2005,2c87e0c14d170905,F,13.38,0
12.52,12.9664,12.93,0.2573,0.0198,13.47,0.95,12.825,13.1,12.49,12.9609,12.946,0.2702,0.0208,13.47,0.98,12.789,13.088,-0.1928,0.1302,-0.2472,0.64,0.0,0.1693,11,9,5,4.0,16.0,20.0,2.9093,1,4,0.3636,-0.1665,0.0909,0.1,0.8844,0.7,-1.0667,,,1,1,,2021,2025,2023.2727,4,2020,2020,2005,aa75d135c4518503,F,12.52,0
12.59,12.8275,12.8,0.2681,0.0209,13.12,0.53,12.605,13.0225,12.5,12.796,12.782,0.3052,0.0239,13.12,0.62,12.5555,13.0225,-0.287,0.0465,-0.3268,0.4,0.02,0.2523,4,2,2,2.0,17.0,18.0,2.5233,1,2,0.5,-0.075,0.5,1.05,0.6364,1.05,0.0,,,1,1,,2022,2024,2023.0,2,2020,2020,2005,e595c413a6060ced,F,12.59,0
12.18,12.42,12.5,0.1701,0.0137,12.61,0.43,12.27,12.54,12.156,12.3893,12.452,0.1712,0.0138,12.6,0.444,12.228,12.516,0.1737,0.1435,0.1385,0.18,0.43,0.1726,9,4,2,1.0,17.0,17.0,8.628,1,2,0.2222,0.225,0.0,0.5111,0.3257,0.575,0.0,,,1,1,,2023,2024,2023.2222,1,2020,2020,2005,5a73c8a8bad36735,F,12.18,0
12.24,12.3825,12.38,0.1282,0.0104,12.53,0.29,12.3,12.4625,12.336,12.42,12.413,0.0779,0.0063,12.518,0.182,12.3735,12.4595,-0.0931,0.0416,-0.0536,0.2,0.0,0.0895,4,3,2,2.0,17.0,19.0,1.7904,0,0,0.0,0.0,0.25,-0.8333,0.9292,0.2,-1.35,164.0,45.0,0,0,16.7311,2019,2021,2020.0,2,2010,2010,2000,d1b75c59a66cafc1,F,12.09,1
12.5,12.7817,12.64,0.3391,0.0265,13.36,0.86,12.5525,12.93,12.476,12.8007,12.602,0.438,0.0342,13.6,1.124,12.5285,12.9155,0.3954,0.3055,0.443,0.86,0.52,0.8096,6,4,2,1.0,15.0,15.0,5.6482,1,2,0.3333,0.4,0.0,-0.3167,2.2781,1.2667,-2.85,165.0,48.0,0,0,17.6309,2022,2023,2022.1667,1,2020,2020,2005,16a3fb24b7523a09,F,12.5,1
10.91,11.2229,11.22,0.2581,0.023,11.62,0.71,11.055,11.35,10.855,11.2307,11.245,0.2821,0.0251,11.605,0.75,11.0575,11.3975,-0.1294,0.2188,-0.157,0.56,0.0,0.2513,7,6,3,2.0,16.0,18.0,3.141,1,1,0.1429,0.062,0.0,-0.1571,1.1103,0.8333,-0.9,,,1,1,,2022,2024,2023.1429,2,2020,2020,2005,6e2b9a99e8c44bc2,M,10.91,0
11.68,11.9565,11.975,0.1538,0.0129,12.17,0.49,11.845,12.0725,11.674,11.9526,11.977,0.1622,0.0136,12.178,0.504,11.827,12.101,-0.1123,0.1048,-0.1083,0.36,0.17,0.1087,20,17,4,3.0,16.0,19.0,6.0372,1,5,0.25,0.038,0.05,0.0684,0.6498,0.45,-0.6833,167.0,60.0,0,0,21.5139,2022,2025,2024.2,3,2020,2020,2005,400570b8a8a719f3,F,11.68,1
11.76,11.99,12.06,0.1822,0.0152,12.19,0.43,11.825,12.135,11.735,11.9661,12.058,0.1893,0.0158,12.18,0.445,11.785,12.11,0.033,0.1681,0.0117,0.3,0.43,0.2307,7,7,2,1.0,17.0,18.0,5.3826,1,2,0.2857,-0.203,0.0,0.4771,0.695,0.748,-0.2,175.0,65.0,0,0,21.2245,2022,2023,2022.8571,1,2020,2020,2005,d53c9bae41f6f7ba,M,11.76,1
13.51,14.115,13.715,1.0832,0.0767,16.73,3.22,13.5925,13.93,13.504,14.1278,13.756,1.0911,0.0772,16.772,3.268,13.624,13.9195,-0.1833,1.0022,-0.1786,0.75,0.06,0.2686,8,7,4,3.0,17.0,19.0,2.8647,1,4,0.5,-0.485,0.0,-0.2125,0.8725,0.9,-0.875,,,1,1,,2021,2024,2023.0,3,2020,2020,2005,ca1ae28f994257de,F,13.51,0
13.14,13.27,13.27,0.1838,0.0139,13.4,0.26,13.205,13.335,13.062,13.258,13.258,0.2772,0.0209,13.454,0.392,13.16,13.356,,,,0.0,0.26,0.0,2,2,1,0.0,18.0,18.0,29.22,0,0,0.0,0.0,0.0,0.2,1.5556,1.3,-0.9,165.0,,0,1,,2024,2024,2024.0,0,2020,2020,2005,848827f6492b5c57,F,13.14,0
10.83,11.1,10.935,0.4413,0.0398,12.17,1.34,10.9,11.0675,10.74,11.08,10.9825,0.4393,0.0396,12.12,1.38,10.8337,11.08,-0.0858,0.4091,-0.0145,0.08,0.09,0.0709,8,6,2,1.0,17.0,18.0,7.0922,1,2,0.25,-0.58,0.0,0.4,1.4462,1.375,-0.575,186.0,60.0,0,0,17.343,2023,2024,2023.375,1,2020,2020,2005,405712acedb328e8,M,10.83,1
11.93,12.234,12.33,0.2389,0.0195,12.45,0.52,12.03,12.43,11.88,12.225,12.365,0.2533,0.0207,12.43,0.55,12.03,12.42,0.1111,0.1981,0.1234,0.1,0.4,0.0449,5,5,3,2.0,16.0,18.0,2.2436,1,5,1.0,0.0,0.2,0.225,0.7411,0.8,-0.7,175.0,65.0,0,0,21.2245,2022,2024,2023.0,2,2020,2020,2005,7ea345206cccb8f0,M,11.93,1
12.22,12.4544,12.47,0.1949,0.0157,12.77,0.55,12.25,12.55,12.2,12.4464,12.47,0.1818,0.0146,12.704,0.504,12.274,12.568,0.3084,0.1303,0.2582,0.33,0.55,0.2849,9,5,2,1.0,17.0,17.0,7.7713,1,3,0.3333,0.0917,0.0,0.1333,0.5268,0.625,-0.325,,,1,1,,2023,2024,2023.2222,1,2020,2020,2005,a77b28069d1aa3cf,F,12.22,0
11.09,11.4064,11.4,0.2661,0.0233,11.82,0.73,11.185,11.61,11.11,11.4114,11.425,0.2598,0.0228,11.825,0.715,11.1825,11.6025,-0.2296,0.1653,-0.2314,0.73,0.12,0.2564,11,10,4,3.0,16.0,19.0,3.8632,1,5,0.4545,0.006,0.0909,-0.11,0.6118,0.5667,-0.56,,,1,1,,2021,2024,2023.0,3,2020,2020,2005,16eae972d8b54f86,M,11.09,0
12.38,12.5945,12.56,0.1236,0.0098,12.8,0.42,12.515,12.7,12.38,12.6109,12.622,0.1368,0.0108,12.812,0.432,12.506,12.712,-0.0751,0.1132,-0.0311,0.42,0.32,0.3913,11,7,2,1.0,17.0,18.0,10.2494,1,3,0.2727,-0.0213,0.0,-0.2727,0.8889,0.42,-1.02,,,1,1,,2023,2024,2023.7273,1,2020,2020,2005,783af60da5795c25,F,12.38,0
12.18,12.445,12.36,0.243,0.0195,12.86,0.68,12.3225,12.54,12.155,12.4408,12.3525,0.2566,0.0206,12.88,0.725,12.3188,12.5362,-0.1804,0.1303,-0.1868,0.68,0.14,0.2416,6,5,4,3.0,14.0,16.0,2.1318,1,1,0.1667,0.066,0.1667,0.1,0.3391,0.3,-0.4,165.0,50.0,0,0,18.3655,2020,2023,2021.6667,3,2020,2020,2005,00d6c0632a937004,M,12.18,1
12.85,12.9675,12.985,0.0843,0.0065,13.07,0.22,12.8875,13.035,12.808,12.9412,12.913,0.1208,0.0093,13.124,0.316,12.8615,13.0005,-0.0012,0.0789,0.03,0.12,0.04,0.0598,8,6,3,2.0,17.0,18.0,3.9864,1,2,0.25,0.055,0.0,0.4375,1.0663,0.9,-0.95,,,1,1,,2023,2025,2024.0,2,2020,2020,2005,9664b36d071433a2,F,12.85,0
11.1,11.366,11.34,0.1954,0.0172,11.64,0.54,11.32,11.43,11.025,11.353,11.37,0.2137,0.0188,11.625,0.6,11.37,11.375,-0.0471,0.1613,-0.0022,0.33,0.22,0.1109,5,5,4,3.0,16.0,19.0,1.6801,1,1,0.2,-0.3425,0.0,0.26,1.0691,0.9667,-0.8,176.0,60.0,0,0,19.3698,2019,2022,2020.2,3,2010,2010,2000,3d00667928af2120,M,11.1,1
11.29,11.52,11.46,0.2284,0.0198,11.78,0.49,11.33,11.74,11.23,11.537,11.47,0.3029,0.0263,11.955,0.725,11.3,11.73,-0.2193,0.1572,-0.2494,0.45,0.0,0.2305,5,5,3,2.0,17.0,19.0,2.5614,0,0,0.0,0.0,0.0,-0.34,1.8407,0.6667,-1.85,178.0,58.0,0,0,18.3058,2022,2024,2023.0,2,2020,2020,2005,6f62e5734b55e83b,M,11.29,1
12.02,12.06,12.06,0.0258,0.0021,12.09,0.07,12.045,12.08,12.008,12.0634,12.07,0.0439,0.0036,12.12,0.112,12.028,12.095,-0.0002,0.0239,0.5167,0.04,0.07,0.2609,7,4,1,0.0,20.0,20.0,45.6563,1,2,0.2857,-0.03,0.0,-0.0571,0.5968,0.3,-0.8,170.0,53.0,0,0,18.3391,2023,2023,2023.0,0,2020,2020,2000,961d193c31563523,F,11.83,1
11.51,11.715,11.555,0.3518,0.03,12.24,0.73,11.5175,11.7525,11.5,11.7875,11.56,0.4969,0.0422,12.53,1.03,11.515,11.8325,0.797,0.0515,1.1198,0.01,0.73,0.0111,4,4,2,1.0,18.0,18.0,4.4407,0,0,0.0,0.0,0.25,-1.9333,3.3546,0.2,-3.0,,,1,1,,2023,2024,2023.25,1,2020,2020,2005,38c4a9eb810b39e6,M,11.51,0
12.32,12.52,12.52,0.1392,0.0111,12.68,0.36,12.44,12.62,12.276,12.5294,12.538,0.1672,0.0133,12.742,0.466,12.441,12.634,-0.0109,0.1284,0.0012,0.36,0.25,0.1215,7,7,4,3.0,16.0,18.0,2.363,1,2,0.2857,0.112,0.0,-0.1571,0.8059,1.4,-0.625,,,1,1,,2022,2025,2023.1429,3,2020,2020,2005,9cc757715716d5b1,F,12.32,0
12.93,13.115,13.105,0.1609,0.0123,13.32,0.39,13.0425,13.1775,13.032,13.1795,13.12,0.1853,0.0141,13.446,0.414,13.068,13.2315,-0.1734,0.1105,-0.1704,0.15,0.2,0.153,4,2,2,1.0,18.0,19.0,4.081,1,2,0.5,-0.22,0.0,-1.075,0.9878,0.0,-1.4333,169.0,50.0,0,0,17.5064,2022,2023,2022.5,1,2020,2020,2000,7532a3b6ec9d9e0a,F,12.93,1
11.53,11.8333,11.875,0.1969,0.0166,12.02,0.49,11.72,11.9925,11.395,11.8192,11.8875,0.2859,0.0242,12.09,0.695,11.6337,12.0512,-0.2416,0.155,-0.3209,0.49,0.0,0.4474,6,6,2,1.0,16.0,17.0,5.4788,1,1,0.1667,-0.2,0.0,0.2833,1.9094,1.8,-1.2333,177.0,61.0,0,0,19.4708,2022,2023,2022.1667,1,2020,2020,2005,a1cece09765f4d98,M,11.53,1
11.79,11.8633,11.82,0.1021,0.0086,11.98,0.19,11.805,11.9,11.795,11.8433,11.805,0.0752,0.0064,11.93,0.135,11.8,11.8675,-1.5165,0.0336,-1.0734,0.19,0.0,1.5422,3,3,1,0.0,18.0,18.0,24.35,0,0,0.0,0.0,0.0,0.4,0.5568,0.65,-0.1,170.0,60.0,0,0,20.7612,2020,2020,2020.0,0,2020,2020,2000,3d6056ad2b15100c,M,10.86,1
11.92,12.1625,12.2,0.1125,0.0093,12.31,0.39,12.1275,12.2425,11.95,12.1559,12.181,0.1027,0.0084,12.3,0.35,12.124,12.217,0.0335,0.1023,0.0319,0.33,0.39,0.1036,20,16,4,3.0,16.0,17.0,6.2758,1,6,0.3,-0.0225,0.0,0.11,0.5821,0.56,-0.4857,166.0,53.0,0,0,19.2336,2022,2025,2023.7,3,2020,2020,2005,1752a77cbd67b6f1,F,11.92,1
10.78,10.9345,10.925,0.1194,0.0109,11.16,0.38,10.835,11.015,10.76,10.9415,10.945,0.1248,0.0114,11.17,0.41,10.8562,10.9913,-0.0858,0.0963,-0.0872,0.38,0.0,0.1276,20,13,4,3.0,16.0,19.0,6.7142,1,4,0.2,0.0775,0.0,-0.14,0.6855,0.5,-0.7,,,1,1,,2022,2025,2023.6,3,2020,2020,2005,5b9f1c65424afb90,M,10.78,0
12.69,12.7786,12.8,0.0631,0.0049,12.84,0.15,12.73,12.83,12.598,12.7503,12.786,0.0878,0.0069,12.848,0.25,12.707,12.803,-0.0178,0.057,0.0542,0.15,0.01,0.0784,7,6,3,2.0,17.0,18.0,3.6577,1,2,0.2857,0.117,0.0,0.4714,1.1026,0.86,-0.5,165.0,55.0,0,0,20.202,2023,2025,2024.0,2,2020,2020,2005,60e1525fc10d66d3,F,12.69,1
12.45,12.7167,12.55,0.3579,0.0281,13.38,0.93,12.5025,12.8,12.39,12.7307,12.551,0.4071,0.032,13.452,1.062,12.479,12.8765,-0.3342,0.2641,-0.3344,0.93,0.42,0.5418,6,4,3,2.0,17.0,18.0,3.4952,1,2,0.3333,0.1667,0.0,-0.2333,1.0132,0.5667,-1.0333,161.0,50.0,0,0,19.2894,2022,2024,2023.1667,2,2020,2020,2005,c434f04bd2064459,F,12.45,1
10.15,10.382,10.4,0.1472,0.0142,10.64,0.49,10.2675,10.48,10.065,10.3772,10.4,0.1706,0.0164,10.685,0.62,10.2538,10.4788,-0.0949,0.1298,-0.1023,0.49,0.01,0.2123,20,16,3,2.0,17.0,18.0,8.6655,1,6,0.3,0.0994,0.0,0.095,0.7817,0.6364,-0.5667,,,1,1,,2023,2025,2024.35,2,2020,2020,2005,c65fe90ac2a68381,M,10.15,0
13.06,13.185,13.195,0.1127,0.0085,13.29,0.23,13.105,13.275,13.018,13.1565,13.186,0.103,0.0078,13.236,0.218,13.108,13.2345,0.1813,0.0679,0.1561,0.0,0.21,0.0,4,3,2,1.0,16.0,16.0,4.1743,1,1,0.25,0.1667,0.0,0.475,0.5315,0.7333,-0.3,163.0,55.0,0,0,20.7008,2022,2023,2022.25,1,2020,2020,2005,72bf77587d2222f3,F,13.06,1
13.67,13.8343,13.8,0.1582,0.0114,14.09,0.42,13.705,13.935,13.634,13.8223,13.8,0.1804,0.0131,14.096,0.462,13.666,13.947,-0.0815,0.1103,-0.0921,0.3,0.02,0.0825,7,6,5,4.0,15.0,16.0,1.9253,1,3,0.4286,0.1008,0.0,0.2,0.4509,0.6333,-0.25,177.0,55.0,0,0,17.5556,2020,2024,2021.8571,4,2020,2020,2005,dc7307b3d8400da5,F,13.67,1
10.81,10.93,10.935,0.101,0.0092,11.04,0.23,10.87,10.995,10.8,10.9338,10.935,0.113,0.0103,11.065,0.265,10.8713,10.9975,1.0376,0.0348,1.1201,0.0,0.23,0.0,4,3,1,0.0,16.0,16.0,25.6316,1,2,0.5,-0.07,0.0,-0.075,0.3096,0.15,-0.3,,,1,1,,2022,2022,2022.0,0,2020,2020,2005,170cadb78c276a97,M,10.81,0
12.18,12.21,12.21,0.0424,0.0035,12.24,0.06,12.195,12.225,12.18,12.21,12.21,0.0424,0.0035,12.24,0.06,12.195,12.225,,,,0.0,0.06,0.0,2,1,1,0.0,17.0,17.0,2.0,1,1,0.5,0.06,1.0,0.0,0.0,0.0,0.0,155.0,55.0,0,0,22.8928,2022,2022,2022.0,0,2020,2020,2005,cfc1fd532d3daa2b,F,12.18,1
12.57,12.728,12.76,0.1184,0.0093,12.87,0.3,12.65,12.79,12.57,12.7304,12.724,0.1413,0.0111,12.886,0.316,12.614,12.858,0.0237,0.1065,0.0596,0.08,0.22,0.0466,5,4,3,2.0,17.0,19.0,2.9127,1,3,0.6,-0.1967,0.0,-0.04,0.9099,0.4667,-1.6,157.0,45.0,0,0,18.2563,2022,2024,2023.2,2,2020,2020,2005,fb55acbcf8a0bbfd,F,12.57,1
12.32,12.71,12.76,0.2337,0.0184,12.92,0.6,12.7,12.85,12.32,12.7208,12.796,0.2312,0.0182,12.914,0.594,12.76,12.814,-0.1478,0.1778,-0.1333,0.44,0.38,0.2563,5,4,3,2.0,17.0,19.0,2.9127,1,3,0.6,-0.2833,0.0,-0.18,0.8319,0.35,-1.6,158.0,50.0,0,0,20.0288,2022,2024,2023.2,2,2020,2020,2005,361abdf1bf609762,F,12.32,1
11.94,12.05,12.05,0.11,0.0091,12.16,0.22,11.995,12.105,11.856,11.96,11.972,0.0985,0.0082,12.052,0.196,11.914,12.012,-0.0813,0.045,-0.068,0.22,0.11,0.1084,3,3,2,2.0,18.0,20.0,1.4787,1,2,0.6667,-0.165,0.0,1.5,0.2646,1.5,0.0,161.0,55.0,0,0,21.2183,2019,2021,2020.3333,2,2010,2020,2000,7593700ae8c33677,F,11.82,1
12.03,12.5387,12.5,0.441,0.0352,13.64,1.61,12.28,12.645,12.024,12.5123,12.472,0.4332,0.0346,13.58,1.556,12.232,12.608,-0.5442,0.1475,-0.5272,1.61,0.0,0.7341,15,12,3,2.0,16.0,18.0,6.8399,1,6,0.4,0.1889,0.0,0.44,0.8517,0.89,-0.575,,,1,1,,2022,2024,2023.0667,2,2020,2020,2005,2d6d98ff040f50ee,F,12.03,0
11.7,11.8067,11.82,0.1007,0.0085,11.9,0.2,11.76,11.86,11.775,11.815,11.815,0.04,0.0034,11.855,0.08,11.795,11.835,-0.1133,0.0044,-0.045,0.2,0.0,0.1129,3,3,3,2.0,16.0,18.0,1.6936,0,0,0.0,0.0,0.0,-0.1667,1.222,0.5,-1.5,174.0,55.0,0,0,18.1662,2021,2023,2022.0,2,2020,2020,2005,dac7d8276bcc7231,M,11.7,1
11.3,11.562,11.65,0.2005,0.0173,11.76,0.46,11.4,11.7,11.205,11.569,11.685,0.2493,0.0215,11.815,0.61,11.425,11.715,0.0362,0.1777,0.0542,0.4,0.35,0.1922,5,5,3,2.0,16.0,17.0,2.403,0,0,0.0,0.0,0.0,-0.14,1.1781,1.9,-0.65,180.0,64.0,0,0,19.7531,2022,2024,2023.0,2,2020,2020,2005,26fd62233233a016,M,11.3,1
12.49,12.672,12.64,0.1843,0.0145,12.98,0.49,12.59,12.66,12.484,12.7056,12.676,0.1848,0.0145,12.998,0.514,12.674,12.696,-0.2679,0.1095,-0.2338,0.17,0.1,0.1584,5,3,2,1.0,18.0,19.0,4.6588,1,2,0.4,-0.105,0.0,-0.56,0.5505,0.1,-0.725,,65.0,1,0,,2023,2024,2023.6,1,2020,2020,2005,cd578732d75e8231,F,12.49,0
11.29,11.5467,11.46,0.3092,0.0268,11.89,0.6,11.375,11.675,11.265,11.54,11.465,0.3192,0.0277,11.89,0.625,11.365,11.6775,-0.6758,0.0656,-0.6894,0.6,0.0,0.7771,3,3,2,1.0,18.0,19.0,3.8856,1,1,0.3333,-0.515,0.3333,0.2,0.4243,0.5,-0.1,180.0,75.0,0,0,23.1481,2022,2023,2022.6667,1,2020,2020,2000,bda73de2edade517,M,11.29,1
12.43,12.8367,12.77,0.2914,0.0227,13.41,0.98,12.72,12.99,12.364,12.83,12.77,0.3144,0.0245,13.41,1.046,12.672,13.044,-0.229,0.1675,-0.2465,0.65,0.13,0.2259,9,8,4,3.0,16.0,19.0,3.1277,1,5,0.5556,-0.012,0.0,0.1111,0.8824,0.72,-1.3,,,1,1,,2022,2025,2023.7778,3,2020,2020,2005,d0ca92a90d294bb4,F,12.43,0
11.04,11.1075,11.1,0.0665,0.006,11.19,0.15,11.0625,11.145,10.915,11.08,11.105,0.1277,0.0115,11.195,0.28,11.0125,11.1725,0.0175,0.0549,0.0337,0.09,0.03,0.0421,4,4,2,2.0,17.0,17.0,1.8731,1,1,0.25,0.09,0.0,0.55,1.3892,1.5,-0.4,,,1,1,,2022,2024,2023.0,2,2020,2020,2005,1b7cd935a1554b64,M,11.04,0
10.87,11.6867,11.18,1.3752,0.1177,15.14,4.27,11.135,11.35,10.815,11.683,11.205,1.3919,0.1191,15.1,4.285,11.1325,11.35,0.0452,1.3235,0.0667,0.6,4.09,0.2625,15,11,3,2.0,16.0,17.0,6.5614,1,5,0.3333,-1.703,0.0,0.0733,1.1113,0.7111,-1.06,174.0,60.0,0,0,19.8177,2022,2024,2023.3333,2,2020,2020,2005,dc122abc06b412b2,M,10.87,1
12.16,12.5617,12.475,0.4149,0.033,13.18,1.02,12.2175,12.83,12.1,12.5337,12.451,0.4552,0.0363,13.3,1.2,12.183,12.7175,-0.2023,0.1289,-0.2094,0.74,0.17,0.1905,6,3,3,4.0,14.0,18.0,1.5444,1,2,0.3333,-0.0633,0.0,0.4667,1.425,0.96,-2.0,173.0,55.0,0,0,18.3768,2020,2024,2022.5,4,2020,2020,2005,71339553072581dc,F,12.16,1
12.15,12.5036,12.43,0.2192,0.0175,12.91,0.76,12.405,12.585,12.174,12.4993,12.448,0.2231,0.0179,12.91,0.736,12.366,12.585,-0.1374,0.1488,-0.1162,0.67,0.28,0.2272,11,7,4,3.0,16.0,18.0,3.7305,1,5,0.4545,0.0543,0.3636,0.1143,1.357,1.9,-0.75,170.0,55.0,0,0,19.0311,2022,2025,2023.2727,3,2020,2020,2005,a02425f1d4a4ea55,F,12.15,1
12.37,12.663,12.685,0.2012,0.0159,12.93,0.56,12.475,12.84,12.394,12.675,12.709,0.201,0.0159,12.882,0.488,12.4765,12.8705,-0.2208,0.1176,-0.2075,0.56,0.07,0.2476,10,8,3,2.0,17.0,18.0,4.4219,1,2,0.2,0.135,0.0,-0.2,0.6146,0.3333,-0.5,167.0,50.0,0,0,17.9282,2023,2025,2023.8,2,2020,2020,2005,f708112d678f42e5,F,12.37,1
12.41,13.4044,12.88,1.3616,0.1016,16.67,4.26,12.72,13.07,12.428,13.3938,12.916,1.3807,0.1031,16.712,4.284,12.644,13.07,-0.1721,1.2919,-0.2011,0.55,0.0,0.2817,9,8,3,2.0,17.0,19.0,4.6104,1,4,0.4444,-0.532,0.0,0.1778,0.7379,0.64,-0.5333,,,1,1,,2023,2025,2024.0,2,2020,2020,2005,1cc33f36e20513f3,F,12.41,0
12.1,12.2933,12.38,0.1677,0.0136,12.4,0.3,12.24,12.39,12.135,12.2933,12.36,0.1377,0.0112,12.385,0.25,12.2475,12.3725,-0.1637,0.0082,-0.1341,0.28,0.0,0.1581,3,2,2,2.0,15.0,17.0,1.6936,1,1,0.3333,-0.16,0.0,0.0,0.6083,0.35,-0.7,180.0,60.0,0,0,18.5185,2021,2023,2021.6667,2,2020,2020,2005,b1a1ea94afd0a13d,M,12.1,1
12.54,12.7129,12.72,0.1231,0.0097,12.89,0.35,12.63,12.79,12.54,12.7,12.72,0.1181,0.0093,12.836,0.296,12.609,12.793,-0.0141,0.1135,-0.0078,0.0,0.23,0.0,7,5,2,2.0,17.0,17.0,3.2863,1,2,0.2857,-0.03,0.0,0.2143,0.3625,0.5333,-0.1,,,1,1,,2023,2025,2023.8571,2,2020,2020,2005,d0e3b5cbdfe0543b,F,12.54,0
12.48,12.73,12.53,0.361,0.0284,13.34,0.86,12.52,12.78,12.498,12.808,12.548,0.4293,0.0335,13.49,0.992,12.526,12.978,0.4206,0.117,0.4923,0.04,0.86,0.0203,5,3,2,2.0,17.0,17.0,2.5365,1,2,0.4,0.1667,0.0,-1.3,1.49,0.0,-1.3,166.0,56.0,0,0,20.3223,2019,2021,2019.4,2,2010,2010,2000,f86db47c86a6a732,F,12.48,1
12.31,12.6543,12.45,0.4887,0.0386,13.67,1.36,12.38,12.695,12.25,12.6406,12.462,0.532,0.0421,13.724,1.474,12.286,12.738,-0.1364,0.4455,-0.0285,0.18,0.11,0.0797,7,4,3,2.0,16.0,17.0,3.0991,1,3,0.4286,-0.4667,0.0,0.2286,1.9293,1.7667,-0.925,170.0,60.0,0,0,20.7612,2023,2025,2023.8571,2,2020,2020,2005,4ada624c64587f27,F,12.31,1
10.98,11.108,11.1,0.119,0.0107,11.29,0.31,11.03,11.14,10.93,11.101,11.095,0.138,0.0124,11.295,0.365,11.025,11.16,-0.1146,0.0872,-0.0679,0.31,0.16,0.2344,5,3,2,1.0,17.0,18.0,3.7811,1,1,0.2,0.0,0.0,0.14,1.1059,1.05,-0.4667,180.0,70.0,0,0,21.6049,2024,2025,2024.4,1,2020,2020,2005,9ad1aa582208396e,M,10.98,1
12.9,13.0567,13.12,0.1365,0.0105,13.15,0.25,13.01,13.135,12.972,13.0827,13.126,0.0966,0.0074,13.15,0.178,13.049,13.138,0.2216,0.1018,0.1517,0.0,0.22,0.0,3,3,1,0.0,16.0,16.0,6.8915,1,1,0.3333,-0.14,0.0,-0.4333,0.6658,0.0,-0.65,,,1,1,,2023,2023,2023.0,0,2020,2020,2005,aa022228a0fb114d,F,12.9,0
13.02,13.6067,13.52,0.5256,0.0386,14.6,1.58,13.4475,13.5475,12.948,13.5987,13.556,0.5458,0.0401,14.576,1.628,13.342,13.653,-0.2378,0.3235,-0.2312,1.58,0.0,0.4013,6,5,4,4.0,14.0,18.0,1.524,1,2,0.3333,0.4825,0.0,0.1333,1.6967,1.125,-1.85,,,1,1,,2019,2023,2021.1667,4,2010,2020,2005,7d03d3089847b74e,F,13.02,0
12.75,13.445,13.17,0.7554,0.0562,14.59,1.84,12.885,13.9425,12.612,13.384,13.083,0.8043,0.0601,14.578,1.966,12.813,13.9395,-0.4939,0.3278,-0.522,1.4,0.0,0.467,6,4,3,3.0,15.0,18.0,2.0014,1,3,0.5,0.2767,0.0,1.0167,1.1788,1.22,0.0,,,1,1,,2019,2022,2020.3333,3,2010,2010,2000,e3b0e32ff0b03a17,F,12.75,0
13.42,13.79,13.8,0.3651,0.0265,14.15,0.73,13.61,13.975,13.444,13.768,13.722,0.3493,0.0254,14.138,0.694,13.583,13.93,-0.1855,0.1429,-0.1624,0.38,0.0,0.127,3,2,2,3.0,14.0,17.0,1.0025,1,1,0.3333,-0.015,0.0,0.3667,0.8622,0.75,-0.4,,,1,1,,2019,2022,2020.0,3,2010,2010,2005,5337985ff713b258,F,13.42,0
12.02,12.354,12.43,0.2501,0.0202,12.67,0.65,12.2,12.45,12.065,12.41,12.41,0.2249,0.0181,12.67,0.605,12.375,12.53,-0.2978,0.0788,-0.2438,0.65,0.0,0.3392,5,5,3,2.0,16.0,18.0,2.6089,0,0,0.0,0.0,0.2,-1.4,1.8129,0.8,-2.1333,,,1,1,,2023,2025,2023.8,2,2020,2020,2005,8d95e6641c191be3,M,12.02,0
13.23,13.335,13.305,0.1346,0.0101,13.6,0.37,13.2625,13.3175,13.104,13.299,13.235,0.2183,0.0164,13.72,0.616,13.1915,13.301,-0.0257,0.1202,-0.0128,0.07,0.02,0.0597,6,4,2,1.0,16.0,16.0,5.1203,1,3,0.5,0.15,0.0,0.6,1.5245,1.4,-2.0,,,1,1,,2023,2024,2023.3333,1,2020,2020,2005,531efae294bf200e,F,13.23,0
11.06,11.3214,11.4,0.1983,0.0175,11.58,0.52,11.155,11.45,11.025,11.3064,11.4,0.2338,0.0207,11.64,0.615,11.0975,11.4425,-0.1216,0.1499,-0.1394,0.34,0.39,0.15,7,6,3,2.0,16.0,18.0,3.0879,1,2,0.2857,0.002,0.0,0.3,0.9933,1.0,-0.6333,,,1,1,,2023,2025,2024.1429,2,2020,2020,2005,64bae3a196bd1c42,M,11.06,0
13.51,13.9338,13.95,0.3592,0.0258,14.6,1.09,13.6975,14.0525,13.492,14.047,13.977,0.4702,0.0335,14.882,1.39,13.822,14.15,-0.199,0.329,-0.0488,0.4,0.25,0.3504,8,6,2,1.0,16.0,17.0,7.0072,1,3,0.375,0.054,0.25,-2.5167,2.8583,0.3,-3.925,170.0,60.0,0,0,20.7612,2023,2024,2023.625,1,2020,2020,2005,a73a4cbdc35215df,F,13.51,1
11.41,11.7043,11.6,0.3227,0.0276,12.32,0.91,11.51,11.79,11.385,11.735,11.65,0.3449,0.0294,12.39,1.005,11.4975,11.8625,-0.2995,0.1832,-0.2712,0.55,0.0,0.2549,7,5,3,2.0,15.0,17.0,3.2446,1,2,0.2857,-0.288,0.0,-0.6143,1.6446,0.6333,-1.55,,,1,1,,2022,2024,2023.0,2,2020,2020,2005,179aeca2e3b7e078,M,11.41,0
13.8,13.8225,13.82,0.0222,0.0016,13.85,0.05,13.8075,13.835,13.716,13.8,13.817,0.0584,0.0042,13.85,0.134,13.7865,13.8305,0.0148,0.019,0.0179,0.01,0.03,0.0227,4,3,1,0.0,16.0,16.0,9.0745,1,2,0.5,0.035,0.5,0.75,0.9192,0.75,0.0,164.0,60.0,0,0,22.3081,2023,2023,2023.0,0,2020,2020,2005,5ca0b325c5da3909,F,13.8,1
10.92,11.148,11.05,0.2393,0.0215,11.41,0.49,10.96,11.4,10.905,11.152,11.025,0.2781,0.0249,11.46,0.555,10.925,11.445,-0.2209,0.0547,-0.2616,0.48,0.13,0.2233,5,4,2,2.0,16.0,18.0,2.3264,1,2,0.4,-0.0533,0.0,-0.08,0.8258,0.5,-0.95,,,1,1,,2023,2025,2024.2,2,2020,2020,2005,e93c6405d11cc13a,M,10.92,0
13.11,13.6521,13.53,0.6819,0.0499,15.89,2.78,13.3625,13.6775,13.086,13.6761,13.539,0.7066,0.0517,16.004,2.918,13.413,13.702,-0.3878,0.4729,-0.3549,2.78,0.12,1.0024,14,12,4,3.0,15.0,17.0,5.0479,1,7,0.5,0.4157,0.1429,-0.4667,1.1688,0.825,-1.2714,,,1,1,,2022,2025,2023.5714,3,2020,2020,2005,5a1dca4daa5f7aea,F,13.11,0
13.04,13.308,13.26,0.2203,0.0166,13.84,0.8,13.1975,13.3875,13.04,13.3164,13.332,0.2198,0.0165,13.798,0.758,13.196,13.3535,-0.2965,0.1262,-0.2727,0.8,0.25,0.4259,10,9,3,2.0,16.0,18.0,5.3243,1,6,0.6,0.245,0.1,-0.1556,1.0101,0.75,-0.88,169.0,58.0,0,0,20.3074,2021,2023,2022.7,2,2020,2020,2005,a4c23fb4639d4616,F,13.04,1
11.57,11.991,12.05,0.3167,0.0264,12.49,0.92,11.705,12.1875,11.525,12.0035,12.0775,0.332,0.0277,12.49,0.965,11.6912,12.2175,0.2654,0.1694,0.2723,0.0,0.79,0.0,10,9,4,3.0,15.0,15.0,3.4458,1,1,0.1,0.3233,0.1,-0.2778,1.3198,1.0,-1.375,,,1,1,,2022,2025,2023.4,3,2020,2020,2005,feee5aedc4f95ea2,M,11.57,0
12.8,13.09,13.055,0.2066,0.0158,13.4,0.6,12.945,13.2525,12.662,13.0412,12.989,0.3002,0.023,13.49,0.828,12.8295,13.2885,-0.0457,0.1921,-0.0896,0.19,0.0,0.1735,8,5,2,1.0,15.0,16.0,7.305,1,3,0.375,0.1227,0.0,0.8125,1.7092,1.88,-0.9667,,,1,1,,2022,2023,2022.375,1,2020,2020,2005,b1f91c669a768215,F,12.8,0
11.95,12.2075,12.12,0.2229,0.0183,12.65,0.7,12.0325,12.395,11.926,12.221,12.193,0.2137,0.0175,12.644,0.718,12.028,12.357,-0.1006,0.0994,-0.0859,0.46,0.31,0.113,12,8,2,4.0,16.0,20.0,2.9475,1,3,0.25,-0.2619,0.0,-0.225,0.8422,0.5,-0.7429,167.0,44.0,0,0,15.7768,2019,2023,2021.6667,4,2010,2020,2000,a46eb256d79995cf,F,11.95,1
12.89,13.23,13.145,0.3634,0.0275,13.74,0.85,13.04,13.335,12.752,13.188,13.178,0.3674,0.0279,13.644,0.892,13.028,13.338,0.3268,0.303,0.0384,0.2,0.85,0.3845,4,2,2,1.0,16.0,16.0,7.6895,1,2,0.5,-0.37,0.0,0.7,1.472,1.95,-0.55,,,1,1,,2022,2023,2022.5,1,2020,2020,2005,c7b9654985091c6f,F,12.89,0
11.08,11.215,11.215,0.1909,0.017,11.35,0.27,11.1475,11.2825,11.125,11.275,11.275,0.2121,0.0188,11.425,0.3,11.2,11.35,,,,0.27,0.0,24.6544,2,2,1,0.0,19.0,19.0,182.625,0,0,0.0,0.0,0.0,-1.2,0.4243,0.0,-1.2,182.0,73.0,0,0,22.0384,2023,2023,2023.0,0,2020,2020,2000,03080ef8557bfab5,M,11.08,1
12.57,12.972,12.91,0.3308,0.0255,13.46,0.89,12.83,13.09,12.528,12.948,12.862,0.3276,0.0253,13.412,0.884,12.848,13.09,-0.278,0.066,-0.2829,0.89,0.0,0.2958,5,5,4,3.0,14.0,17.0,1.6617,1,1,0.2,0.0775,0.2,0.5,0.5354,0.7667,-0.3,,,1,1,,2021,2024,2022.6,3,2020,2020,2005,a3e3857b679764c7,F,12.57,0
11.07,11.2725,11.265,0.1729,0.0153,11.49,0.42,11.1975,11.34,10.9,11.2137,11.2325,0.2433,0.0217,11.49,0.59,11.125,11.3213,-0.1077,0.1314,-0.1554,0.42,0.22,0.2226,4,4,3,2.0,15.0,16.0,2.1205,0,0,0.0,0.0,0.25,1.5667,1.9604,2.6,-0.5,,,1,1,,2022,2024,2023.0,2,2020,2020,2005,cffb4bd4b8bdc9eb,M,11.07,0
10.7,10.85,10.84,0.1149,0.0106,11.1,0.4,10.79,10.8825,10.68,10.8312,10.85,0.1101,0.0102,11.05,0.37,10.7587,10.865,-0.0852,0.0815,-0.0607,0.4,0.06,0.1842,12,11,3,2.0,16.0,17.0,5.5271,0,0,0.0,0.0,0.0,0.375,1.341,1.64,-0.5286,185.0,60.0,0,0,17.531,2023,2025,2023.8333,2,2020,2020,2005,96c88f63197d78a8,M,10.7,1
12.41,12.614,12.73,0.1868,0.0148,12.77,0.36,12.41,12.75,12.37,12.654,12.77,0.2479,0.0196,12.92,0.55,12.41,12.8,0.1205,0.144,0.1448,0.0,0.32,0.0,5,5,2,2.0,16.0,16.0,2.6089,0,0,0.0,0.0,0.2,-1.0,1.8403,0.8,-2.4,,,1,1,,2023,2025,2023.4,2,2020,2020,2005,71445409d5a74899,M,12.41,0
10.78,10.9591,10.98,0.1214,0.0111,11.12,0.34,10.86,11.035,10.68,10.9523,10.985,0.1536,0.014,11.18,0.5,10.8375,11.05,-0.0811,0.1117,-0.1061,0.25,0.34,0.193,11,6,2,1.0,17.0,17.0,8.4942,1,4,0.3636,0.032,0.0,0.1364,0.8103,0.65,-0.48,,,1,1,,2023,2024,2023.4545,1,2020,2020,2005,5bbbd96ff0705eab,M,10.78,0
11.87,12.2365,12.24,0.2813,0.023,12.77,0.9,12.02,12.39,11.852,12.2188,12.228,0.3067,0.0251,12.77,0.918,11.928,12.418,-0.2888,0.1779,-0.2975,0.85,0.37,0.361,17,11,3,2.0,17.0,19.0,7.2201,1,5,0.2941,0.3156,0.0,0.2941,1.0837,1.0,-0.5714,172.0,54.0,0,0,18.2531,2023,2025,2024.4118,2,2020,2020,2005,94f2d8bad3d256d5,F,11.87,1
12.21,12.3017,12.29,0.0808,0.0066,12.42,0.21,12.2425,12.3525,12.17,12.2953,12.2798,0.1034,0.0084,12.468,0.298,12.2404,12.33,-0.1119,0.0626,-0.0676,0.07,0.0,0.0804,6,5,2,1.0,19.0,20.0,6.8915,1,2,0.3333,-0.035,0.0,0.1067,0.7323,0.7467,-0.5333,,,1,1,,2022,2023,2022.3333,1,2020,2020,2000,62f187eea53e5e3d,F,12.21,0
12.05,12.2344,12.23,0.1454,0.0119,12.51,0.46,12.0975,12.35,11.94,12.2355,12.269,0.1956,0.016,12.564,0.624,12.0715,12.38,-0.0356,0.1384,-0.0407,0.01,0.19,0.0048,16,12,3,2.0,17.0,19.0,7.6492,1,7,0.4375,0.0136,0.0,-0.0187,1.0167,0.7875,-0.825,174.0,62.0,0,0,20.4783,2023,2025,2023.75,2,2020,2020,2005,799081ceec7b3535,F,12.05,1
11.81,11.85,11.85,0.0566,0.0048,11.89,0.08,11.83,11.87,11.835,11.8625,11.8625,0.0389,0.0033,11.89,0.055,11.8488,11.8762,,,,0.08,0.0,0.2982,2,2,1,0.0,20.0,20.0,7.4541,0,0,0.0,0.0,0.5,-0.5,0.0,0.0,-0.5,,,1,1,,2022,2022,2022.0,0,2020,2020,2000,50122f0c5a63944c,M,11.74,0
12.43,12.6612,12.695,0.1643,0.013,12.85,0.42,12.5,12.8,12.338,12.56,12.549,0.1844,0.0147,12.854,0.516,12.4055,12.664,-0.3527,0.1148,-0.2438,0.36,0.0,0.3497,8,6,2,1.0,15.0,16.0,7.7713,1,2,0.25,-0.158,0.0,1.6875,1.6539,1.9857,-0.4,,,1,1,,2022,2023,2022.625,1,2020,2020,2005,df8adb57c4bdd0dd,F,12.43,0
12.1,12.3755,12.4,0.1992,0.0161,12.72,0.62,12.215,12.5,12.088,12.34,12.358,0.1738,0.0141,12.608,0.52,12.215,12.464,-0.0925,0.1726,0.0164,0.51,0.43,0.1965,11,8,3,3.0,15.0,17.0,4.2381,1,4,0.3636,0.1304,0.0,0.5909,1.7265,1.3429,-0.725,,,1,1,,2022,2025,2023.9091,3,2020,2020,2005,6e2e83882a033e54,F,12.1,0
11.15,11.2243,11.19,0.1042,0.0093,11.44,0.29,11.155,11.24,11.025,11.1807,11.145,0.1156,0.0103,11.375,0.35,11.12,11.24,-0.0333,0.0777,-0.0386,0.12,0.06,0.039,7,6,3,3.0,16.0,19.0,2.2727,1,1,0.1429,-0.2517,0.0,0.8714,1.1629,1.0333,-0.1,,,1,1,,2022,2025,2023.4286,3,2020,2020,2005,ba5cbb48b7b9d7de,M,11.15,0
10.87,11.0467,10.995,0.1613,0.0146,11.25,0.38,10.94,11.185,10.778,11.0355,10.985,0.232,0.021,11.32,0.542,10.8662,11.235,0.0497,0.1436,0.0062,0.0,0.06,0.0,6,4,3,2.0,16.0,16.0,3.1218,1,1,0.1667,0.17,0.0,0.2233,1.639,1.035,-1.4,,,1,1,,2023,2025,2023.8333,2,2020,2020,2005,29a89bebfb2c84c0,M,10.87,0
13.25,13.6367,13.605,0.3851,0.0282,14.31,1.06,13.3625,13.7275,13.268,13.6447,13.566,0.3829,0.0281,14.31,1.042,13.3775,13.774,-0.4308,0.1598,-0.3529,0.51,0.04,0.2866,6,3,3,2.0,15.0,17.0,3.3715,1,3,0.5,0.18,0.0,-0.1333,0.7659,0.65,-0.7,,,1,1,,2022,2024,2023.0,2,2020,2020,2005,83401667124bc09e,F,13.25,0
13.65,14.2117,14.095,0.5266,0.0371,14.97,1.32,13.815,14.5775,13.59,14.2497,14.053,0.619,0.0434,15.084,1.494,13.821,14.744,-0.1145,0.4761,-0.0521,1.32,1.05,0.6605,6,5,3,2.0,15.0,16.0,3.0021,1,2,0.3333,0.5125,0.1667,-0.76,2.1055,1.2,-2.0667,160.0,60.0,0,0,23.4375,2022,2024,2023.0,2,2020,2020,2005,09f22fba559ffcc7,F,13.65,1
11.69,11.8433,11.86,0.1457,0.0123,11.98,0.29,11.775,11.92,11.64,11.8467,11.81,0.2272,0.0192,12.09,0.45,11.725,11.95,1.7137,0.0768,2.0601,0.0,0.17,0.0,3,3,1,0.0,18.0,18.0,23.8207,1,2,0.6667,0.025,0.0,-0.0667,1.8475,1.0,-2.2,,,1,1,,2023,2023,2023.0,0,2020,2020,2005,77ec428acfde532a,M,11.69,0
11.59,11.62,11.62,0.0424,0.0037,11.65,0.06,11.605,11.635,11.545,11.5725,11.5725,0.0389,0.0034,11.6,0.055,11.5588,11.5862,,,,0.06,0.0,0.6641,2,2,1,0.0,17.0,17.0,22.1364,1,2,1.0,0.0,0.0,0.95,0.0707,0.95,0.0,,,1,1,,2023,2023,2023.0,0,2020,2020,2005,ac248ac36a60d260,M,11.59,0
12.79,13.0012,12.98,0.1364,0.0105,13.27,0.48,12.9575,13.045,12.79,12.9952,12.974,0.1589,0.0122,13.336,0.546,12.9275,13.0255,-0.042,0.1235,-0.084,0.19,0.27,0.1714,8,6,2,1.0,17.0,18.0,7.2148,1,5,0.625,-0.0127,0.0,0.1,0.5632,0.44,-0.7,161.0,48.0,0,0,18.5178,2024,2025,2024.25,1,2020,2020,2005,ff63a83f6be6928e,F,12.79,1
12.58,12.7933,12.85,0.1914,0.015,12.95,0.37,12.715,12.9,12.52,12.8013,12.844,0.2626,0.0205,13.04,0.52,12.682,12.942,-0.3583,0.0341,-0.4752,0.37,0.0,0.3998,3,3,2,1.0,17.0,18.0,3.2419,1,1,0.3333,0.32,0.0,-0.1333,1.2662,0.55,-1.5,171.0,53.0,0,0,18.1252,2024,2025,2024.3333,1,2020,2020,2005,3eb9d1e42fe98b47,F,12.58,1
11.13,11.3056,11.31,0.1336,0.0118,11.49,0.36,11.23,11.43,11.0,11.2722,11.29,0.1564,0.0139,11.47,0.47,11.175,11.4,-0.0485,0.1182,-0.0469,0.18,0.0,0.0814,9,8,3,2.0,17.0,19.0,4.0684,0,0,0.0,0.0,0.0,0.6667,0.9487,1.1333,-0.2667,,,1,1,,2023,2025,2023.8889,2,2020,2020,2005,fa7377e13bbfc518,M,11.13,0
11.79,12.4121,11.97,1.128,0.0909,15.99,4.2,11.895,12.2275,11.688,12.3654,11.941,1.1411,0.0923,15.966,4.278,11.8255,12.214,0.2517,1.05,0.2972,0.12,1.03,0.0517,14,11,3,2.0,16.0,17.0,6.0372,1,5,0.3571,0.7469,0.0,0.7786,0.8903,1.0273,-0.2,173.0,53.0,0,0,17.7086,2023,2025,2023.6429,2,2020,2020,2005,eca2b9ea9468076f,F,11.79,1
11.16,11.488,11.4,0.2896,0.0252,11.91,0.75,11.34,11.63,11.115,11.465,11.4,0.2961,0.0258,11.905,0.79,11.33,11.575,-0.3283,0.1385,-0.309,0.75,0.0,0.3682,5,5,3,2.0,17.0,19.0,2.4546,1,1,0.2,0.11,0.2,0.575,0.4992,0.575,0.0,178.0,66.0,0,0,20.8307,2023,2025,2023.6,2,2020,2020,2005,00365d1e072af8e6,M,11.16,1
11.39,11.39,11.39,0.0,0.0,11.39,0.0,11.39,11.39,11.365,11.3925,11.3925,0.0389,0.0034,11.42,0.055,11.3788,11.4062,,,,0.0,0.0,0.0,2,2,1,0.0,20.0,20.0,48.7,0,0,0.0,0.0,0.0,-0.05,0.7778,0.5,-0.6,175.0,60.0,0,0,19.5918,2024,2024,2024.0,0,2020,2020,2000,7943e05a9f51d33d,M,11.36,1
11.06,11.1867,11.13,0.1626,0.0145,11.37,0.31,11.095,11.25,11.06,11.2083,11.19,0.1583,0.0141,11.375,0.315,11.125,11.2825,-0.1442,0.1221,-0.205,0.07,0.0,0.0807,3,3,2,1.0,17.0,18.0,3.4566,0,0,0.0,0.0,0.0,-0.4333,0.6658,0.0,-0.65,,,1,1,,2024,2025,2024.3333,1,2020,2020,2005,f9c698c687c4f347,M,11.06,0
12.4,12.79,12.79,0.5515,0.0431,13.18,0.78,12.595,12.985,12.415,12.8275,12.8275,0.5834,0.0455,13.24,0.825,12.6212,13.0338,,,,0.0,0.78,0.0,2,2,1,0.0,18.0,18.0,8.5941,0,0,0.0,0.0,0.0,-0.75,0.6364,0.0,-0.75,,,1,1,,2024,2024,2024.0,0,2020,2020,2005,da0df247e26214da,M,12.4,0
11.77,11.93,11.94,0.1552,0.013,12.08,0.31,11.855,12.01,11.805,11.93,11.93,0.125,0.0105,12.055,0.25,11.8675,11.9925,-0.4164,0.0544,-0.3259,0.31,0.0,0.5242,3,3,2,1.0,18.0,18.0,5.0729,0,0,0.0,0.0,0.0,0.0,0.6245,0.35,-0.7,180.0,75.0,0,0,23.1481,2024,2025,2024.3333,1,2020,2020,2005,d5dd8ef7dc984e05,M,11.77,1
12.36,12.53,12.5,0.1369,0.0109,12.73,0.37,12.43,12.6575,12.312,12.5552,12.518,0.1961,0.0156,12.86,0.548,12.4035,12.698,-0.1682,0.1135,-0.2666,0.26,0.31,0.2429,10,6,2,1.0,17.0,18.0,9.3414,1,4,0.4,0.135,0.0,-0.42,1.1736,0.7333,-0.9143,,,1,1,,2024,2025,2024.5,1,2020,2020,2005,5862cfc4a1007ec5,F,12.36,0
10.77,11.105,11.165,0.26,0.0234,11.37,0.6,10.8875,11.315,10.805,11.105,11.135,0.2661,0.024,11.38,0.575,10.8588,11.34,-0.3626,0.0653,-0.3329,0.56,0.06,0.3692,6,3,3,2.0,16.0,18.0,3.9558,1,3,0.5,-0.1033,0.0,0.0,1.3251,0.9667,-1.45,183.0,65.0,0,0,19.4094,2023,2025,2024.0,2,2020,2020,2005,34a81f77a4d2ca69,M,10.77,1
12.17,12.6875,12.505,0.6464,0.051,14.65,2.48,12.4225,12.6625,12.05,12.6495,12.484,0.6523,0.0516,14.608,2.558,12.418,12.6135,-0.1395,0.6209,-0.1177,0.5,0.33,0.2478,12,9,3,2.0,15.0,16.0,5.9471,1,4,0.3333,0.1361,0.0,0.6333,0.7726,1.0375,-0.2333,,,1,1,,2022,2024,2022.6667,2,2020,2020,2005,2fc7b724ce725a22,F,12.17,0
12.7,12.9433,13.0,0.2205,0.017,13.13,0.43,12.85,13.065,12.676,12.9493,13.066,0.2376,0.0183,13.106,0.43,12.871,13.086,-0.0677,0.129,-0.0552,0.43,0.3,0.1062,3,3,2,4.0,15.0,19.0,0.7409,1,1,0.3333,-0.085,0.0,-0.1,0.866,0.4,-1.1,162.0,45.0,0,0,17.1468,2019,2023,2021.6667,4,2010,2020,2000,cbcbe80cd09c92d8,F,12.7,1
10.74,11.0583,11.075,0.1991,0.018,11.47,0.73,10.885,11.125,10.675,11.0592,11.08,0.2113,0.0191,11.47,0.795,10.9175,11.1288,-0.102,0.1393,-0.1056,0.37,0.32,0.1147,12,10,4,3.0,16.0,19.0,3.7207,1,2,0.1667,-0.032,0.0,-0.0167,0.8685,1.7,-0.5143,,,1,1,,2022,2025,2023.5833,3,2020,2020,2005,4af336570895b9cb,M,10.74,0
10.8,11.1171,11.055,0.2605,0.0234,11.81,1.01,10.965,11.255,10.83,11.1132,11.07,0.248,0.0223,11.735,0.905,10.9562,11.2375,-0.1848,0.1786,-0.1765,0.52,0.28,0.2245,14,9,3,2.0,16.0,18.0,6.0443,1,5,0.3571,0.0049,0.0,0.0786,0.8088,1.0,-0.5571,,,1,1,,2023,2025,2024.2143,2,2020,2020,2005,8de1b7dd00f9f797,M,10.8,0
13.14,13.46,13.54,0.2884,0.0214,13.7,0.56,13.34,13.62,13.14,13.482,13.576,0.306,0.0227,13.73,0.59,13.358,13.653,-0.2549,0.1516,-0.2764,0.4,0.0,0.2323,3,3,3,2.0,15.0,17.0,1.7421,0,0,0.0,0.0,0.0,-0.3667,0.3215,0.0,-0.55,163.0,51.0,0,0,19.1953,2022,2024,2023.0,2,2020,2020,2005,b0a670916535b161,F,13.14,1
11.46,11.475,11.475,0.0212,0.0018,11.49,0.03,11.4675,11.4825,11.425,11.4425,11.4425,0.0247,0.0022,11.46,0.035,11.4338,11.4513,,,,0.03,0.0,0.5218,2,2,1,0.0,17.0,17.0,34.7857,1,2,1.0,0.0,0.0,0.65,0.9192,1.3,0.0,,,1,1,,2023,2023,2023.0,0,2020,2020,2005,b6316d9227822394,M,11.46,0
13.35,13.51,13.48,0.1787,0.0132,13.73,0.38,13.3725,13.6175,13.284,13.513,13.507,0.201,0.0149,13.754,0.47,13.3965,13.6235,-0.1847,0.0198,-0.199,0.38,0.03,0.1888,4,4,3,2.0,16.0,18.0,1.9878,1,1,0.25,0.1733,0.0,-0.05,1.2477,1.6,-0.9,162.0,60.0,0,0,22.8624,2023,2025,2024.25,2,2020,2020,2005,d9c286510198933a,F,13.35,1
11.3,11.4667,11.51,0.1498,0.0131,11.59,0.29,11.405,11.55,11.355,11.5083,11.58,0.1329,0.0115,11.59,0.235,11.4675,11.585,-0.0052,0.1223,-0.0496,0.21,0.29,0.1615,3,3,2,1.0,17.0,18.0,2.3068,0,0,0.0,0.0,0.0,-0.8333,0.7371,0.0,-1.25,,,1,1,,2024,2025,2024.6667,1,2020,2020,2005,09e5626d26c31445,M,11.3,0
12.91,13.258,12.94,0.4723,0.0356,13.94,1.03,12.93,13.57,12.796,13.2076,12.948,0.4877,0.0369,13.844,1.048,12.832,13.618,-3.1903,0.1702,-3.3041,0.66,0.02,2.435,5,5,1,0.0,18.0,18.0,18.447,1,3,0.6,-0.005,0.0,0.84,1.2857,1.7667,-0.55,,,1,1,,2025,2025,2025.0,0,2020,2020,2005,755c41d5ba5fbb4e,F,12.91,0
11.04,11.455,11.35,0.3882,0.0339,12.07,1.03,11.2025,11.6625,11.01,11.4408,11.37,0.3774,0.033,12.04,1.03,11.195,11.6312,-0.2464,0.3354,-0.1928,0.72,0.33,0.4332,6,5,3,2.0,17.0,18.0,3.6104,1,1,0.1667,-0.738,0.0,0.2833,0.6524,0.625,-0.8,,,1,1,,2023,2025,2024.0,2,2020,2020,2005,5fb821b98b73008a,M,11.04,0
12.12,12.25,12.28,0.1179,0.0096,12.35,0.23,12.2,12.315,12.095,12.2783,12.335,0.1626,0.0132,12.405,0.31,12.215,12.37,0.0645,0.0935,0.259,0.0,0.16,0.0,3,3,2,1.0,16.0,16.0,3.9845,1,1,0.3333,0.195,0.0,-0.5667,1.6773,0.4,-2.5,,,1,1,,2023,2024,2023.3333,1,2020,2020,2005,0b5e98d4c2a9e3c5,M,12.12,0
11.74,12.9833,11.75,2.1449,0.1652,15.46,3.72,11.745,13.605,11.775,13.0183,11.825,2.1104,0.1621,15.455,3.68,11.8,13.64,-3.7775,0.1187,-3.7128,3.72,0.0,3.6525,3,3,2,1.0,16.0,17.0,2.9456,0,0,0.0,0.0,0.0,-0.7,0.9165,0.1,-1.1,,,1,1,,2023,2024,2023.6667,1,2020,2020,2005,aaf173f373cc7bbd,M,11.74,0
12.29,12.495,12.41,0.1983,0.0159,12.79,0.5,12.3475,12.6475,12.274,12.4995,12.424,0.2168,0.0173,12.826,0.552,12.332,12.655,-0.1018,0.153,-0.1211,0.47,0.08,0.1731,8,6,4,3.0,15.0,16.0,2.9456,1,3,0.375,-0.0975,0.0,-0.075,0.7421,1.6,-0.55,,,1,1,,2022,2025,2023.5,3,2020,2020,2005,b6c36a3d0ae1e1f5,F,12.29,0
13.21,13.435,13.425,0.2073,0.0154,13.68,0.47,13.3,13.56,13.21,13.417,13.419,0.1825,0.0136,13.62,0.41,13.3,13.536,-0.135,0.1712,-0.1166,0.12,0.0,0.1231,4,4,2,1.0,17.0,18.0,4.1039,1,1,0.25,-0.1133,0.0,0.3,0.4761,0.6,0.0,,,1,1,,2024,2025,2024.5,1,2020,2020,2005,d86b0a571cca65c0,F,13.21,0
11.67,11.858,11.83,0.187,0.0158,12.17,0.5,11.78,11.84,11.735,11.851,11.785,0.1857,0.0157,12.18,0.445,11.755,11.8,-0.2454,0.0726,-0.2109,0.5,0.0,0.2488,5,5,3,2.0,16.0,18.0,2.4881,0,0,0.0,0.0,0.0,0.14,0.9127,0.7333,-0.75,,,1,1,,2023,2025,2024.0,2,2020,2020,2005,3211e9f084970717,M,11.67,0
12.03,12.212,12.19,0.1071,0.0088,12.37,0.34,12.15,12.3225,11.988,12.2066,12.172,0.1288,0.0106,12.418,0.43,12.1235,12.3185,-0.0542,0.0984,-0.0282,0.31,0.02,0.1465,20,9,3,2.0,16.0,17.0,9.4502,1,7,0.35,0.0757,0.0,0.09,0.7525,0.7667,-0.4636,168.0,52.0,0,0,18.424,2023,2025,2023.9,2,2020,2020,2005,5333cd4266225482,F,12.03,1
11.55,11.6175,11.59,0.09,0.0077,11.74,0.19,11.55,11.6575,11.535,11.625,11.6075,0.0919,0.0079,11.75,0.215,11.5725,11.66,0.027,0.0734,0.0165,0.0,0.0,0.0,4,3,2,2.0,16.0,16.0,2.0434,1,1,0.25,0.09,0.0,-0.15,0.4203,0.3,-0.45,,,1,1,,2022,2024,2023.0,2,2020,2020,2005,510f143a30032f99,M,11.55,0
12.93,12.985,12.985,0.0778,0.006,13.04,0.11,12.9575,13.0125,13.014,13.027,13.027,0.0184,0.0014,13.04,0.026,13.0205,13.0335,,,,0.0,0.11,0.0,2,2,2,3.0,16.0,16.0,0.6103,0,0,0.0,0.0,0.0,-0.7,0.9899,0.0,-1.4,163.0,43.0,0,0,16.1843,2019,2022,2020.5,3,2010,2010,2000,ee6e853b6d9dafb0,F,12.16,1
12.4,12.5567,12.51,0.1845,0.0147,12.76,0.36,12.455,12.635,12.346,12.5387,12.51,0.2085,0.0166,12.76,0.414,12.428,12.635,-0.2578,0.1021,-0.317,0.11,0.0,0.1207,3,2,2,1.0,17.0,18.0,3.2905,1,2,0.6667,0.305,0.6667,0.9,0.0,0.9,0.0,,,1,1,,2022,2023,2022.3333,1,2020,2020,2005,b32baa0f7036ce77,F,12.4,0
12.74,13.17,13.27,0.3897,0.0296,13.5,0.76,13.005,13.385,12.71,13.164,13.282,0.408,0.031,13.5,0.79,12.996,13.391,-0.2508,0.1237,-0.2592,0.76,0.0,0.2695,3,3,3,3.0,16.0,18.0,1.0638,0,0,0.0,0.0,0.0,0.1,0.3606,0.5,-0.2,,,1,1,,2022,2025,2023.6667,3,2020,2020,2005,115767bf383cb036,F,12.74,0
10.78,11.0495,11.03,0.1657,0.015,11.44,0.66,10.94,11.125,10.745,11.0395,11.04,0.1796,0.0163,11.4,0.655,10.9725,11.1425,-0.1257,0.1384,-0.1218,0.08,0.25,0.0407,19,9,3,2.0,15.0,17.0,9.6654,1,6,0.3158,0.0322,0.0,0.2,0.9357,0.7818,-0.6,,,1,1,,2022,2024,2023.0526,2,2020,2020,2005,b21f76f68beb5296,M,10.78,0
10.54,10.8822,10.92,0.2056,0.0189,11.17,0.63,10.8,11.0,10.49,10.8678,10.9,0.2134,0.0196,11.13,0.64,10.725,10.98,-0.3345,0.1444,-0.3066,0.52,0.06,0.4093,9,6,2,1.0,18.0,19.0,7.0846,1,3,0.3333,0.0983,0.0,0.2889,0.9048,0.8333,-0.8,,,1,1,,2022,2023,2022.4444,1,2020,2020,2000,d3ce2c0dba90d937,M,10.54,0
12.34,12.65,12.73,0.2787,0.022,12.88,0.54,12.535,12.805,12.34,12.654,12.712,0.2894,0.0229,12.91,0.57,12.526,12.811,-0.4541,0.0612,-0.46,0.39,0.0,0.3809,3,2,2,1.0,15.0,16.0,2.9298,1,1,0.3333,-0.345,0.0,-0.0667,0.4041,0.3,-0.5,,,1,1,,2022,2023,2022.3333,1,2020,2020,2005,75fa3c9462004244,F,12.34,0
12.14,12.4725,12.355,0.3953,0.0317,13.04,0.9,12.2525,12.575,12.134,12.4635,12.346,0.394,0.0316,13.028,0.894,12.2375,12.572,-0.2319,0.2002,-0.2291,0.9,0.28,0.2749,4,3,3,3.0,15.0,17.0,1.2216,1,1,0.25,0.4433,0.0,0.15,0.1291,0.2,0.0,,,1,1,,2019,2022,2020.75,3,2010,2020,2000,cfdf0bb5176031b1,F,12.14,0
12.61,12.77,12.63,0.26,0.0204,13.07,0.46,12.62,12.85,12.532,12.754,12.624,0.3083,0.0242,13.106,0.574,12.578,12.865,-0.1868,0.075,-0.2294,0.46,0.0,0.178,3,3,3,3.0,17.0,20.0,1.1608,0,0,0.0,0.0,0.0,0.2667,0.9609,0.7,-0.6,168.0,52.0,0,0,18.424,2021,2024,2022.6667,3,2020,2020,2000,03ee08c34d41fb3e,F,12.53,1
11.37,11.7442,11.795,0.2011,0.0171,11.99,0.62,11.5725,11.905,11.335,11.74,11.7875,0.2225,0.019,12.0,0.665,11.5613,11.92,0.0395,0.1914,0.0525,0.21,0.62,0.1108,12,12,3,2.0,17.0,18.0,6.3338,1,2,0.1667,-0.127,0.0,0.0833,0.6631,0.725,-0.3167,176.0,60.0,0,0,19.3698,2023,2025,2023.5833,2,2020,2020,2005,79e68fec3a8e07ff,M,11.37,1
13.11,13.2867,13.32,0.1626,0.0122,13.43,0.32,13.215,13.375,13.146,13.3127,13.32,0.1631,0.0123,13.472,0.326,13.233,13.396,-0.1341,0.0449,-0.1265,0.21,0.0,0.1062,3,2,2,2.0,15.0,17.0,1.5177,1,1,0.3333,-0.05,0.0,-0.4333,0.3786,0.0,-0.65,170.0,55.0,0,0,19.0311,2019,2021,2019.6667,2,2010,2010,2005,24957d4edf1c8112,F,13.11,1
12.23,12.472,12.51,0.21,0.0168,12.75,0.52,12.3,12.57,12.224,12.4732,12.528,0.214,0.0172,12.75,0.526,12.294,12.57,0.0083,0.1874,0.005,0.28,0.52,0.0699,5,3,3,4.0,15.0,18.0,1.2483,1,2,0.4,-0.155,0.2,-0.025,0.1893,0.1,-0.3,170.0,51.0,0,0,17.6471,2019,2023,2020.6,4,2010,2010,2000,ac7847bd6d411d05,F,12.23,1
12.52,12.722,12.725,0.1075,0.0084,12.88,0.36,12.665,12.77,12.468,12.704,12.74,0.1406,0.0111,12.896,0.428,12.6525,12.776,0.0489,0.0935,0.0584,0.0,0.14,0.0,10,8,4,3.0,15.0,15.0,3.4786,1,3,0.3,-0.01,0.0,0.3,0.9345,0.9,-0.375,,,1,1,,2022,2025,2023.4,3,2020,2020,2005,f44df111f50a4df5,F,12.52,0
11.78,12.1118,12.11,0.1976,0.0163,12.48,0.7,11.97,12.22,11.756,12.1104,12.128,0.2231,0.0184,12.504,0.748,11.94,12.228,-0.1448,0.1498,-0.1437,0.7,0.09,0.2352,17,13,3,3.0,17.0,20.0,5.7123,1,3,0.1765,-0.175,0.0,0.0235,0.925,0.85,-0.5875,,,1,1,,2022,2025,2024.1765,3,2020,2020,2005,f197b68c481d1fb8,F,11.78,0
12.25,12.51,12.36,0.3107,0.0248,12.96,0.71,12.305,12.695,12.238,12.5083,12.36,0.324,0.0259,12.99,0.752,12.296,12.689,-0.2792,0.0792,-0.2911,0.7,0.01,0.268,7,5,3,3.0,17.0,20.0,2.68,1,2,0.2857,-0.21,0.0,0.0286,0.269,0.2,-0.3,167.0,50.0,0,0,17.9282,2021,2024,2022.7143,3,2020,2020,2000,07e87fbb955d31c6,F,12.13,1
12.54,12.7045,12.67,0.1302,0.0102,13.01,0.47,12.625,12.765,12.462,12.7215,12.72,0.2002,0.0157,13.202,0.74,12.61,12.783,-0.0543,0.1136,-0.0787,0.22,0.18,0.0807,11,8,3,3.0,15.0,17.0,4.0339,1,4,0.3636,-0.0714,0.0,-0.2818,1.2221,0.9667,-1.0,,,1,1,,2022,2025,2023.9091,3,2020,2020,2005,5c3eccd072df058c,F,12.54,0
12.82,12.9067,12.86,0.1172,0.0091,13.04,0.22,12.84,12.95,12.802,12.9307,12.836,0.1942,0.015,13.154,0.352,12.819,12.995,0.7454,0.0163,1.2486,0.0,0.22,0.0,3,2,1,0.0,18.0,18.0,11.1811,1,2,0.6667,-0.13,0.0,-0.4,1.3,0.35,-1.9,,,1,1,,2024,2024,2024.0,0,2020,2020,2005,359d44d0f1a66f02,F,12.82,0
12.81,13.0333,13.025,0.1739,0.0133,13.24,0.43,12.915,13.1725,12.792,13.0463,13.022,0.2151,0.0165,13.354,0.562,12.8965,13.1805,-0.0643,0.156,-0.0208,0.22,0.43,0.2039,6,5,2,1.0,17.0,18.0,5.5622,1,4,0.6667,-0.1775,0.0,-0.2167,0.8565,0.3,-0.7333,,,1,1,,2023,2024,2023.5,1,2020,2020,2005,4defa3dfa0f27766,F,12.81,0
12.28,12.538,12.63,0.1741,0.0139,12.7,0.42,12.44,12.64,12.28,12.5308,12.592,0.1713,0.0137,12.688,0.408,12.434,12.66,-0.0556,0.131,-0.0602,0.42,0.36,0.1015,5,4,3,4.0,15.0,19.0,1.2078,1,1,0.2,0.1225,0.0,0.12,0.4658,0.3667,-0.5,165.0,53.0,0,0,19.4674,2019,2023,2021.4,4,2010,2020,2000,54b235d4698cfd9b,F,11.95,1
12.35,12.596,12.65,0.1547,0.0123,12.76,0.41,12.56,12.66,12.392,12.6128,12.65,0.1484,0.0118,12.796,0.404,12.566,12.66,0.2074,0.1203,0.2225,0.21,0.41,0.2185,5,4,2,1.0,17.0,17.0,5.203,1,1,0.2,-0.0675,0.0,-0.28,0.3421,0.0,-0.4667,,,1,1,,2023,2024,2023.2,1,2020,2020,2005,115aa71bbf53f4cb,F,12.35,0
10.43,10.6553,10.54,0.3134,0.0294,11.44,1.01,10.46,10.665,10.4,10.6563,10.54,0.3282,0.0308,11.47,1.07,10.445,10.68,-0.1817,0.0912,-0.1891,0.92,0.04,0.1844,15,12,3,5.0,15.0,19.0,3.007,1,3,0.2,-0.0856,0.0,-0.02,0.6304,0.68,-0.6167,187.0,70.0,0,0,20.0177,2019,2024,2023.2,5,2010,2020,2005,156fb76c9c5a65b8,M,10.43,1
11.09,11.4917,11.275,0.4977,0.0433,12.41,1.32,11.205,11.6075,11.1,11.5225,11.3075,0.5193,0.0451,12.505,1.405,11.2412,11.5988,-0.548,0.1082,-0.5724,1.32,0.16,0.5809,6,5,3,2.0,16.0,18.0,2.6404,1,1,0.1667,0.23,0.0,-0.6167,0.9988,0.45,-1.15,189.0,75.0,0,0,20.9961,2023,2025,2024.5,2,2020,2020,2005,0d78810312347e02,M,11.09,1
12.22,12.23,12.23,0.0141,0.0012,12.24,0.02,12.225,12.235,12.19,12.1925,12.1925,0.0035,0.0003,12.195,0.005,12.1912,12.1938,,,,0.02,0.0,0.2435,2,2,1,0.0,17.0,17.0,24.35,1,2,1.0,0.0,0.0,0.75,0.3536,0.75,0.0,,,1,1,,2023,2023,2023.0,0,2020,2020,2005,3257f8830333b450,M,12.22,0
12.19,12.5985,12.61,0.1892,0.015,12.96,0.77,12.52,12.74,12.04,12.5962,12.634,0.2314,0.0184,12.978,0.938,12.46,12.744,0.0976,0.157,0.1076,0.33,0.42,0.1118,13,11,4,3.0,15.0,16.0,4.4047,1,4,0.3077,0.1928,0.0,0.0385,0.9188,0.7,-0.6167,,,1,1,,2022,2025,2023.5385,3,2020,2020,2005,e030113c02c77ca4,F,12.19,0
10.96,11.025,11.025,0.0919,0.0083,11.09,0.13,10.9925,11.0575,10.895,10.96,10.96,0.0919,0.0084,11.025,0.13,10.9275,10.9925,,,,0.13,0.0,47.4825,2,2,1,0.0,19.0,19.0,730.5,1,1,0.5,0.13,0.0,1.3,0.0,1.3,0.0,187.0,75.0,0,0,21.4476,2022,2022,2022.0,0,2020,2020,2000,0cace1a5d63cfc6a,M,10.84,1
12.86,12.905,12.89,0.052,0.004,12.98,0.12,12.8825,12.9125,12.8,12.872,12.845,0.0875,0.0068,12.998,0.198,12.8225,12.8945,-0.0788,0.0335,-0.1104,0.03,0.03,0.0394,4,2,2,1.0,18.0,19.0,5.2554,1,1,0.25,0.045,0.0,0.55,0.6137,0.8333,-0.3,,,1,1,,2023,2024,2023.5,1,2020,2020,2005,75294829a0dc3f6f,F,12.86,0
11.69,11.7675,11.77,0.066,0.0056,11.84,0.15,11.7275,11.81,11.675,11.7838,11.8025,0.0859,0.0073,11.855,0.18,11.735,11.8512,0.0378,0.0542,0.065,0.0,0.11,0.0,4,4,2,2.0,16.0,16.0,2.5497,1,2,0.5,0.005,0.0,-0.325,0.5795,0.3,-0.5333,,,1,1,,2023,2025,2023.5,2,2020,2020,2005,98a9476ea726dbe2,M,11.69,0
10.97,11.285,11.29,0.2533,0.0224,11.59,0.62,11.2025,11.3725,10.865,11.2787,11.275,0.3418,0.0303,11.7,0.835,11.15,11.4038,0.0249,0.2193,-0.0221,0.0,0.31,0.0,4,3,1,0.0,18.0,18.0,10.1458,1,1,0.25,-0.175,0.0,0.125,1.797,1.4,-1.15,,,1,1,,2023,2023,2023.0,0,2020,2020,2005,74e193643f21115b,M,10.97,0
11.31,11.588,11.53,0.3734,0.0322,12.22,0.91,11.31,11.57,11.14,11.539,11.46,0.4354,0.0377,12.26,1.12,11.27,11.565,-0.1972,0.2694,-0.2242,0.91,0.22,0.3344,5,5,4,3.0,14.0,17.0,1.8373,1,1,0.2,0.0225,0.0,0.98,1.5818,1.425,-0.8,,,1,1,,2022,2025,2023.4,3,2020,2020,2005,37fa9958c9cd9cad,M,11.31,0
11.86,11.8633,11.86,0.0058,0.0005,11.87,0.01,11.86,11.865,11.78,11.8267,11.81,0.0569,0.0048,11.89,0.11,11.795,11.85,-0.035,0.0039,-0.4665,0.01,0.0,0.0599,3,3,1,0.0,18.0,18.0,17.9631,1,1,0.3333,-0.01,0.0,0.7333,1.0263,1.3,-0.4,,,1,1,,2023,2023,2023.0,0,2020,2020,2005,30e1045ee2481049,M,11.86,0
11.47,11.6962,11.67,0.1795,0.0153,12.0,0.53,11.5775,11.8175,11.395,11.6769,11.6475,0.2027,0.0174,11.995,0.6,11.5537,11.8213,-0.0761,0.1617,-0.0815,0.34,0.37,0.207,8,8,2,2.0,17.0,18.0,4.87,1,1,0.125,0.2129,0.0,0.3875,0.6334,0.72,-0.25,,,1,1,,2024,2025,2024.5,1,2020,2020,2005,9334b44998b2e620,M,11.47,0
12.48,12.515,12.51,0.0342,0.0027,12.56,0.08,12.495,12.53,12.408,12.4715,12.459,0.0669,0.0054,12.56,0.152,12.4275,12.503,0.4566,0.0255,0.7762,0.0,0.08,0.0,4,2,1,0.0,16.0,16.0,60.875,1,1,0.25,0.06,0.0,0.725,0.55,0.9667,0.0,,,1,1,,2024,2024,2024.0,0,2020,2020,2005,807ab3f1a1f997b4,F,12.48,0
13.35,13.4233,13.39,0.0945,0.007,13.53,0.18,13.37,13.46,13.362,13.5173,13.54,0.1453,0.0108,13.65,0.288,13.451,13.595,-0.0188,0.0735,0.0128,0.0,0.04,0.0,3,2,2,3.0,15.0,15.0,1.1273,1,1,0.3333,-0.16,0.0,-1.5667,1.2097,0.0,-1.5667,164.0,52.0,0,0,19.3337,2020,2023,2021.0,3,2020,2020,2005,373ec5879d3667a8,F,13.35,1
13.1,13.2175,13.21,0.1103,0.0083,13.35,0.25,13.145,13.2825,13.016,13.234,13.225,0.1866,0.0141,13.47,0.454,13.1555,13.3035,-0.0281,0.0878,-0.0068,0.06,0.16,0.0225,4,3,2,3.0,15.0,18.0,1.5015,1,2,0.5,-0.175,0.0,-0.275,2.032,1.3,-1.85,163.0,52.0,0,0,19.5717,2020,2023,2021.5,3,2020,2020,2005,b14b1064e8c7311e,F,13.1,1
11.74,11.75,11.75,0.0141,0.0012,11.76,0.02,11.745,11.755,11.725,11.74,11.74,0.0212,0.0018,11.755,0.03,11.7325,11.7475,,,,0.0,0.02,0.0,2,2,1,0.0,16.0,16.0,365.25,1,1,0.5,0.02,0.0,0.2,0.1414,0.2,0.0,,,1,1,,2023,2023,2023.0,0,2020,2020,2005,adf9ccb5d062adde,M,11.74,0
12.86,13.3625,13.425,0.3904,0.0292,13.74,0.88,13.16,13.6275,12.752,13.3235,13.413,0.4139,0.0311,13.716,0.964,13.178,13.5585,-0.725,0.1506,-0.6893,0.73,0.0,0.8713,4,4,2,1.0,16.0,17.0,4.7745,1,2,0.5,0.125,0.0,0.65,1.2477,1.2,-1.0,,,1,1,,2024,2025,2024.5,1,2020,2020,2005,cc29ec68666195ac,F,12.86,0
11.45,11.52,11.55,0.0608,0.0053,11.56,0.11,11.5,11.555,11.465,11.4967,11.505,0.0284,0.0025,11.52,0.055,11.485,11.5125,-0.0586,0.0041,0.0195,0.1,0.0,0.0558,3,2,2,2.0,16.0,17.0,1.6729,1,1,0.3333,-0.045,0.0,0.4667,1.6921,1.4,-1.4,173.0,55.0,0,0,18.3768,2023,2025,2023.6667,2,2020,2020,2005,0e951105e6f8627b,M,11.45,1
12.99,13.5929,13.575,0.4142,0.0305,14.32,1.33,13.2725,13.94,12.894,13.6087,13.614,0.4402,0.0323,14.314,1.42,13.28,13.973,-0.3052,0.2424,-0.3111,1.01,0.13,0.3129,14,11,4,3.0,14.0,16.0,4.3372,1,5,0.3571,0.2409,0.1429,-0.3083,1.3453,0.7,-1.2,,,1,1,,2022,2025,2023.7143,3,2020,2020,2005,50289b5176703b1b,F,12.99,0
14.15,14.565,14.605,0.311,0.0214,14.9,0.75,14.465,14.705,14.132,14.7135,14.716,0.4745,0.0323,15.29,1.158,14.5325,14.897,0.5181,0.1546,0.6628,0.0,0.49,0.0,4,3,2,1.0,15.0,15.0,3.9274,1,1,0.25,-0.4467,0.0,-2.475,2.8756,0.3,-3.4,,,1,1,,2023,2024,2023.75,1,2020,2020,2005,06d968a32ab2eb74,F,14.15,0
12.35,12.48,12.435,0.1534,0.0123,12.7,0.35,12.395,12.52,12.155,12.4612,12.4225,0.2852,0.0229,12.845,0.69,12.3538,12.53,0.2445,0.0835,0.4412,0.0,0.35,0.0,4,4,2,1.0,15.0,15.0,4.3353,0,0,0.0,0.0,0.0,0.375,2.804,2.3,-1.55,,,1,1,,2023,2024,2023.5,1,2020,2020,2005,089dc7dced48f7a4,M,12.35,0
13.88,14.96,14.3,1.6182,0.1082,17.36,3.48,14.0675,15.1925,13.922,14.981,14.264,1.6756,0.1118,17.474,3.552,14.051,15.194,-0.677,1.1229,-0.6762,3.48,0.0,1.1359,4,4,3,3.0,14.0,17.0,1.3056,0,0,0.0,0.0,0.0,-0.35,1.2014,0.6,-1.3,,,1,1,,2022,2025,2023.0,3,2020,2020,2005,91fcdaac60cf1b0c,F,13.88,0
13.26,13.8911,13.81,0.6152,0.0443,14.95,1.69,13.39,14.4,13.218,13.9404,13.774,0.7391,0.053,15.34,2.122,13.32,14.496,-0.3492,0.53,-0.3354,1.3,0.0,0.4687,9,8,4,3.0,15.0,17.0,3.2451,1,3,0.3333,-0.3333,0.1111,-0.925,2.5628,0.875,-2.725,,,1,1,,2022,2025,2023.6667,3,2020,2020,2005,f701af2695675d27,F,13.26,0
13.7,14.38,14.24,0.7597,0.0528,15.2,1.5,13.97,14.72,13.652,14.438,14.294,0.867,0.0601,15.368,1.716,13.973,14.831,0.4868,0.4765,0.5448,0.54,1.5,0.2702,3,3,3,2.0,14.0,15.0,1.501,0,0,0.0,0.0,0.0,-0.9667,1.8009,0.8,-1.85,,,1,1,,2022,2024,2023.0,2,2020,2020,2005,5137e82c9c3e52d6,F,13.7,0
13.73,14.035,13.97,0.225,0.016,14.4,0.67,13.93,14.1575,13.652,14.0703,14.03,0.2981,0.0212,14.514,0.862,13.9015,14.1995,0.1167,0.2064,0.2114,0.67,0.57,0.3352,8,7,3,2.0,14.0,14.0,4.0027,1,2,0.25,0.2533,0.25,-0.7833,1.663,0.6667,-2.2333,,,1,1,,2022,2024,2022.875,2,2020,2020,2005,591266c3e4400293,F,13.73,0
14.42,14.9183,14.895,0.4763,0.0319,15.74,1.32,14.5775,15.04,14.54,14.9793,14.946,0.4447,0.0297,15.782,1.242,14.684,15.0355,-0.622,0.1039,-0.5751,1.32,0.08,0.6605,6,6,3,2.0,15.0,17.0,3.0021,0,0,0.0,0.0,0.1667,-1.22,1.0035,0.3,-1.6,,,1,1,,2022,2024,2023.1667,2,2020,2020,2005,56a918b44d2cd076,F,14.42,0
13.24,13.611,13.575,0.2832,0.0208,14.07,0.83,13.4275,13.7075,13.204,13.605,13.573,0.3013,0.0221,14.076,0.872,13.3955,13.7175,-0.1455,0.2245,-0.1574,0.81,0.28,0.2228,10,7,5,4.0,14.0,15.0,2.7504,1,5,0.5,0.022,0.0,0.1,0.4761,0.5,-0.375,170.0,50.0,0,0,17.301,2020,2024,2022.1,4,2020,2020,2005,902a9107fca7e553,F,13.24,1
12.72,13.095,13.06,0.3324,0.0254,13.63,0.91,12.7675,13.405,12.7,13.0935,13.051,0.3436,0.0262,13.624,0.924,12.8035,13.4145,-0.3781,0.0909,-0.3767,0.66,0.01,0.3063,12,7,3,2.0,14.0,17.0,5.5693,1,6,0.5,0.0333,0.1667,0.03,0.9604,0.76,-0.875,,,1,1,,2022,2024,2023.0,2,2020,2020,2005,137f73e2f89d1957,F,12.72,0
12.85,13.1444,13.15,0.1485,0.0113,13.36,0.51,13.09,13.21,12.778,13.1611,13.132,0.1866,0.0142,13.432,0.654,13.126,13.242,-0.1496,0.0776,-0.1747,0.45,0.28,0.2224,9,7,3,2.0,15.0,17.0,4.4482,1,2,0.2222,-0.1036,0.0,-0.2778,0.9972,0.9,-1.04,,,1,1,,2022,2024,2023.1111,2,2020,2020,2005,2ebb26996142c904,F,12.85,0
12.83,13.216,13.13,0.346,0.0262,14.19,1.36,13.015,13.33,12.746,13.2368,13.166,0.387,0.0292,14.304,1.558,13.011,13.381,-0.297,0.265,-0.319,1.36,0.29,0.6722,15,12,3,2.0,15.0,17.0,7.4137,1,6,0.4,0.1739,0.1333,-0.4,1.43,0.7833,-1.65,,,1,1,,2022,2024,2023.2667,2,2020,2020,2005,a575032eb8539c89,F,12.83,0
14.21,14.326,14.3,0.1226,0.0086,14.53,0.32,14.26,14.33,14.21,14.3464,14.294,0.1774,0.0124,14.656,0.446,14.26,14.312,0.1922,0.0647,0.317,0.0,0.32,0.0,5,4,2,1.0,15.0,15.0,4.3795,1,1,0.2,0.0825,0.4,-0.5667,1.3317,0.2,-2.1,172.0,57.0,0,0,19.2672,2023,2024,2023.4,1,2020,2020,2005,f9e1ad1423013add,F,14.21,1
12.66,13.075,12.895,0.5353,0.0409,13.85,1.19,12.7575,13.2125,12.585,13.085,12.9625,0.5394,0.0412,13.83,1.245,12.765,13.2825,-0.3986,0.2798,-0.3592,1.19,0.34,0.4669,4,4,3,3.0,14.0,16.0,1.5693,0,0,0.0,0.0,0.0,-0.2,1.4989,0.95,-1.35,,,1,1,,2021,2024,2022.75,3,2020,2020,2005,f9f1e6cafaa0796a,M,12.66,0
13.21,13.7225,13.575,0.5894,0.043,14.53,1.32,13.33,13.9675,13.114,13.7105,13.572,0.6426,0.0469,14.584,1.47,13.306,13.9765,-0.5551,0.097,-0.6009,1.32,0.16,0.6118,4,3,3,2.0,14.0,16.0,1.8541,1,1,0.25,0.47,0.0,0.2,1.036,0.85,-0.9,155.0,45.0,0,0,18.7305,2022,2024,2023.25,2,2020,2020,2005,f40643259d4c42e8,F,13.21,1
13.43,14.13,14.05,0.7301,0.0517,15.17,1.74,13.49,14.51,13.334,14.184,14.26,0.7786,0.0549,15.134,1.8,13.472,14.72,-0.1708,0.6324,-0.0548,1.74,0.62,0.6274,5,4,4,3.0,14.0,15.0,1.8028,1,1,0.2,0.8,0.0,-0.9,2.4218,0.8333,-3.5,170.0,60.0,0,0,20.7612,2022,2025,2023.4,3,2020,2020,2005,555800e342bdf6e7,F,13.43,1
14.1,15.11,14.225,1.8202,0.1205,18.73,4.63,14.1825,14.965,14.1,15.125,14.222,1.8381,0.1215,18.772,4.672,14.1825,15.004,1.0073,1.3802,1.0046,1.1,4.63,0.379,6,4,4,3.0,14.0,16.0,2.0675,1,2,0.3333,1.3875,0.3333,-0.375,0.4992,0.1,-0.8,,,1,1,,2022,2025,2023.5,3,2020,2020,2005,98ea05818d95fe52,F,14.1,0
11.42,11.88,11.845,0.4231,0.0356,12.41,0.99,11.63,12.095,11.525,11.9088,11.84,0.3925,0.033,12.43,0.905,11.6638,12.085,-0.0809,0.3564,-0.0979,0.99,0.57,0.3411,4,4,3,3.0,14.0,16.0,1.3783,1,2,0.5,0.64,0.0,-0.575,1.072,0.4,-0.9,,,1,1,,2022,2025,2023.25,3,2020,2020,2005,cb69656cec2e4693,M,11.42,0
12.87,13.0067,13.05,0.121,0.0093,13.1,0.23,12.96,13.075,12.942,13.0347,13.076,0.0804,0.0062,13.086,0.144,13.009,13.081,-0.1034,0.0204,-0.0701,0.18,0.0,0.0908,3,2,2,2.0,17.0,19.0,1.5135,1,2,0.6667,0.14,0.0,-0.4667,0.8083,0.4,-0.9,,,1,1,,2022,2024,2022.6667,2,2020,2020,2005,bf0339fa7ada9b1b,F,12.87,0
12.02,12.602,12.495,0.4157,0.033,13.3,1.28,12.2775,12.93,11.894,12.605,12.522,0.4408,0.035,13.288,1.394,12.2765,13.066,-0.3263,0.1425,-0.3314,1.2,0.22,0.3578,20,15,4,3.0,14.0,17.0,5.9633,1,6,0.3,-0.0075,0.0,-0.05,1.3109,1.0,-1.2857,,,1,1,,2022,2025,2023.85,3,2020,2020,2005,df8bcfdccf783936,F,12.02,0
11.31,11.7292,11.44,0.7507,0.064,13.96,2.65,11.3725,11.6475,11.17,11.7137,11.4525,0.744,0.0635,13.895,2.725,11.3538,11.6175,-0.2413,0.7278,-0.2242,0.96,0.04,0.3343,12,10,4,3.0,14.0,16.0,4.1783,1,1,0.0833,0.073,0.0,0.3083,1.7059,1.4286,-1.575,,,1,1,,2022,2025,2024.1667,3,2020,2020,2005,bc76b46ed58b1d4a,M,11.31,0
11.76,12.0,11.985,0.2258,0.0188,12.27,0.51,11.85,12.135,11.705,11.9838,11.9875,0.2588,0.0216,12.255,0.55,11.7988,12.1725,-0.2684,0.1924,-0.2816,0.12,0.0,0.3223,4,4,1,0.0,18.0,18.0,10.7426,1,1,0.25,-0.12,0.0,0.325,1.0145,0.8,-1.1,,,1,1,,2023,2023,2023.0,0,2020,2020,2005,1a12cc24603d2558,M,11.76,0
12.27,12.5078,12.51,0.1583,0.0127,12.8,0.53,12.39,12.58,12.066,12.4878,12.49,0.2615,0.0209,12.95,0.884,12.362,12.664,-0.1135,0.1478,-0.0918,0.38,0.11,0.2953,9,6,2,1.0,17.0,18.0,6.9941,1,4,0.4444,0.077,0.0,0.3333,1.8934,1.58,-1.225,153.0,41.0,0,0,17.5146,2024,2025,2024.8889,1,2020,2020,2005,2c6cc9c12a87de88,F,12.27,1
11.93,12.264,12.23,0.2911,0.0237,12.73,0.8,12.015,12.5125,11.906,12.2562,12.224,0.2943,0.024,12.688,0.782,11.9985,12.5245,-0.4068,0.0907,-0.4061,0.8,0.1,0.4127,10,8,3,2.0,15.0,17.0,5.1589,1,3,0.3,-0.0017,0.0,0.13,0.462,0.45,-0.35,,,1,1,,2023,2025,2024.3,2,2020,2020,2005,6e16450615381ba0,F,11.93,0
12.14,12.3725,12.34,0.1487,0.012,12.62,0.48,12.2975,12.4575,12.122,12.3807,12.385,0.1554,0.0126,12.62,0.498,12.3,12.4575,0.0103,0.1396,0.0522,0.16,0.37,0.0825,8,7,3,2.0,15.0,17.0,4.1271,1,2,0.25,0.2033,0.0,-0.1375,0.5153,0.3667,-0.55,,,1,1,,2023,2025,2024.625,2,2020,2020,2005,025a9d8324f70e87,F,12.14,0
11.1,11.477,11.42,0.1788,0.0156,11.76,0.66,11.345,11.6225,11.058,11.4467,11.363,0.2209,0.0193,11.814,0.756,11.2855,11.614,-0.126,0.1543,-0.1439,0.53,0.0,0.2616,20,16,3,2.0,15.0,17.0,9.8716,1,8,0.4,0.2063,0.0,0.505,0.9811,1.0077,-0.5,,,1,1,,2023,2025,2024.3,2,2020,2020,2005,49c7a6469db9ce50,F,11.1,0
12.2,12.4467,12.31,0.3365,0.027,12.83,0.63,12.255,12.57,12.195,12.4367,12.305,0.328,0.0264,12.81,0.615,12.25,12.5575,-0.4613,0.0294,-0.4498,0.63,0.0,0.4486,3,3,2,1.0,17.0,18.0,2.136,0,0,0.0,0.0,0.0,0.2,0.1732,0.2,0.0,,,1,1,,2023,2024,2023.6667,1,2020,2020,2005,3b3f2678f795b380,M,12.2,0
12.31,12.7911,12.69,0.3562,0.0278,13.67,1.36,12.56,12.915,12.286,12.8068,12.7,0.3745,0.0292,13.67,1.384,12.548,12.971,-0.2989,0.2086,-0.3035,1.36,0.42,0.4293,19,14,4,3.0,14.0,16.0,5.9981,1,8,0.4211,0.0644,0.0,-0.2632,0.9827,0.4125,-1.0375,,,1,1,,2022,2025,2024.0,3,2020,2020,2005,714273ea7c7c1162,F,12.31,0
13.19,13.589,13.595,0.2203,0.0162,13.91,0.72,13.475,13.7625,13.136,13.604,13.583,0.264,0.0194,14.0,0.864,13.454,13.8195,-0.0872,0.174,-0.1124,0.6,0.6,0.1759,10,9,2,3.0,14.0,17.0,2.9314,1,2,0.2,0.0613,0.1,-0.2778,1.1278,1.1667,-1.0,,,1,1,,2022,2025,2023.5,3,2020,2020,2005,c1d3396cfc5804b2,F,13.19,0
12.23,12.3922,12.39,0.1308,0.0106,12.6,0.37,12.28,12.44,12.248,12.4009,12.456,0.1272,0.0103,12.588,0.34,12.262,12.488,-0.1384,0.1093,-0.1004,0.33,0.01,0.3099,9,6,2,1.0,16.0,16.0,8.4505,1,2,0.2222,0.027,0.0,-0.1444,0.7055,0.5,-0.66,170.0,47.0,0,0,16.263,2024,2025,2024.4444,1,2020,2020,2005,c0f0b6dd0016506a,F,12.23,1
12.38,12.705,12.6,0.2746,0.0216,13.17,0.79,12.53,12.8875,12.356,12.6718,12.57,0.2598,0.0205,13.122,0.766,12.5545,12.791,-0.2039,0.1491,-0.1947,0.73,0.2,0.2448,10,8,4,3.0,16.0,18.0,3.354,1,4,0.4,-0.0333,0.0,0.554,0.7238,0.83,-0.55,,,1,1,,2022,2025,2023.5,3,2020,2020,2005,cde53f1d7464f2c4,F,12.38,0
12.43,12.6889,12.6,0.2657,0.0209,13.19,0.76,12.56,12.63,12.322,12.7216,12.636,0.3232,0.0254,13.412,1.09,12.614,12.672,-0.239,0.1972,-0.175,0.2,0.17,0.1033,9,7,3,2.0,15.0,16.0,4.6496,1,2,0.2222,0.1207,0.0,-0.5444,1.5485,1.0333,-1.3333,,,1,1,,2022,2024,2023.4444,2,2020,2020,2005,5da6b686777827d6,F,12.43,0
12.83,12.9875,12.93,0.1893,0.0146,13.26,0.43,12.8825,13.035,12.872,12.992,12.936,0.1603,0.0123,13.224,0.352,12.893,13.035,-0.2004,0.1207,-0.1567,0.43,0.13,0.3537,4,4,2,1.0,15.0,16.0,3.2905,1,2,0.5,-0.245,0.0,-0.075,0.5377,0.6,-0.45,,,1,1,,2023,2024,2023.5,1,2020,2020,2005,e45a1f4a9e4620f3,F,12.83,0
11.82,12.3172,12.34,0.2008,0.0163,12.69,0.87,12.245,12.4275,11.67,12.3309,12.369,0.2545,0.0206,12.744,1.074,12.233,12.473,0.114,0.1741,0.1109,0.44,0.61,0.2181,18,15,3,2.0,15.0,15.0,8.9206,1,6,0.3333,0.3233,0.0,-0.2278,1.1881,0.8571,-1.01,,,1,1,,2023,2025,2024.0,2,2020,2020,2005,b0ea169a7562e42e,F,11.82,0
10.9,11.17,11.225,0.2022,0.0181,11.33,0.43,11.0725,11.3225,10.89,11.1725,11.2325,0.2101,0.0188,11.335,0.445,11.0738,11.3312,-0.3182,0.0817,-0.3284,0.42,0.23,0.4309,4,3,2,1.0,15.0,16.0,4.1039,1,2,0.5,-0.12,0.0,-0.05,0.1732,0.2,-0.1333,,,1,1,,2023,2024,2023.5,1,2020,2020,2005,d66eb626ab6d01ea,M,10.9,0
11.06,11.3356,11.23,0.2157,0.019,11.72,0.66,11.18,11.49,11.06,11.3506,11.25,0.2214,0.0195,11.735,0.675,11.2,11.52,0.1565,0.1653,0.1287,0.12,0.47,0.0613,9,8,3,2.0,15.0,16.0,4.5976,1,2,0.2222,0.1871,0.0,-0.3,0.8703,0.5,-0.6167,,,1,1,,2023,2025,2024.0,2,2020,2020,2005,1336e2538431a127,M,11.06,0
12.63,13.01,13.04,0.3021,0.0232,13.45,0.82,12.86,13.07,12.648,13.0352,13.058,0.3164,0.0243,13.51,0.862,12.884,13.076,-0.0886,0.2611,-0.08,0.23,0.0,0.1177,5,4,3,2.0,15.0,17.0,2.5578,1,1,0.2,-0.075,0.0,-0.42,0.4382,0.2,-0.575,,,1,1,,2023,2025,2024.0,2,2020,2020,2005,af97ad19b4901dee,F,12.63,0
12.03,12.7013,12.28,1.2991,0.1023,17.23,5.2,12.085,12.57,11.934,12.6869,12.268,1.3062,0.103,17.218,5.284,12.058,12.606,-0.4599,1.2967,-0.4783,0.97,5.2,0.4801,15,12,3,2.0,15.0,17.0,7.4238,1,4,0.2667,0.1944,0.0,0.24,0.8659,0.64,-0.56,,,1,1,,2023,2025,2024.4667,2,2020,2020,2005,c10f22dbb826e4d0,F,12.03,0
11.54,11.76,11.76,0.3111,0.0265,11.98,0.44,11.65,11.87,11.53,11.7475,11.7475,0.3076,0.0262,11.965,0.435,11.6388,11.8562,,,,0.44,0.0,0.4527,2,2,2,1.0,17.0,17.0,2.0577,0,0,0.0,0.0,0.0,0.25,0.0707,0.25,0.0,,,1,1,,2023,2024,2023.5,1,2020,2020,2005,8134f8aff598f66b,M,11.54,0
13.17,13.255,13.22,0.1088,0.0082,13.41,0.24,13.185,13.29,13.194,13.2625,13.238,0.0862,0.0065,13.38,0.186,13.2,13.3005,-0.1358,0.0473,-0.0991,0.24,0.08,0.1632,4,3,3,1.0,17.0,18.0,2.7207,1,2,0.5,0.07,0.0,-0.125,0.4272,0.5,-0.3333,,,1,1,,2023,2025,2024.25,2,2020,2020,2005,91d8fab2dff492ef,F,13.17,0
11.28,11.44,11.43,0.1652,0.0144,11.61,0.33,11.355,11.52,11.275,11.4283,11.395,0.1724,0.0151,11.615,0.34,11.335,11.505,-0.2469,0.0735,-0.2366,0.15,0.0,0.1543,3,2,2,1.0,15.0,16.0,3.0866,1,1,0.3333,-0.255,0.0,0.2333,0.4163,0.4,-0.1,,,1,1,,2023,2024,2023.3333,1,2020,2020,2005,3a07c6b12a21c503,M,11.28,0
10.91,11.263,11.25,0.2601,0.0231,11.86,0.95,11.1275,11.3475,10.895,11.282,11.2375,0.2969,0.0263,11.98,1.085,11.1362,11.3738,-0.223,0.222,-0.2501,0.36,0.1,0.263,10,8,2,1.0,15.0,16.0,7.305,1,5,0.5,0.03,0.0,-0.38,0.9807,0.4,-0.7143,,,1,1,,2023,2024,2023.2,1,2020,2020,2005,4e5577e00e50dee5,M,10.91,0
12.62,12.799,12.78,0.1456,0.0114,13.06,0.44,12.69,12.895,12.506,12.7576,12.756,0.1662,0.013,13.078,0.572,12.6405,12.8425,-0.0162,0.1357,-0.0028,0.29,0.03,0.0875,10,8,3,3.0,14.0,15.0,3.0186,1,4,0.4,-0.01,0.0,0.69,0.8034,0.95,-0.35,,,1,1,,2022,2025,2023.6,3,2020,2020,2005,2d1aec09fa0d41be,F,12.62,0
11.16,11.43,11.34,0.3245,0.0284,11.79,0.63,11.25,11.565,11.125,11.445,11.355,0.3732,0.0326,11.855,0.73,11.24,11.605,-0.2415,0.0668,-0.2752,0.63,0.0,0.2756,3,3,2,2.0,16.0,18.0,1.3123,0,0,0.0,0.0,0.0,-0.3,1.0,0.7,-0.8,,,1,1,,2022,2024,2023.3333,2,2020,2020,2005,36b8eea7a944254a,M,11.16,0
11.75,11.9995,11.985,0.1483,0.0124,12.28,0.53,11.9,12.08,11.498,11.9833,11.992,0.1925,0.0161,12.262,0.764,11.873,12.1305,-0.1872,0.1321,-0.2027,0.49,0.53,0.3308,20,16,2,1.0,16.0,17.0,13.5028,1,6,0.3,0.0727,0.0,0.27,1.1398,0.8818,-0.5375,,,1,1,,2024,2025,2024.8,1,2020,2020,2005,0d1ea575694a0c04,F,11.75,0
12.08,12.3258,12.29,0.1924,0.0156,12.85,0.77,12.205,12.375,12.062,12.3211,12.294,0.1994,0.0162,12.904,0.842,12.187,12.379,-0.1112,0.1526,-0.079,0.28,0.31,0.0943,19,15,3,3.0,15.0,17.0,6.3961,1,5,0.2632,-0.1123,0.0,0.0789,0.7192,0.6222,-0.5125,,,1,1,,2022,2025,2024.5263,3,2020,2020,2005,d93c2628a1305e49,F,12.08,0
10.67,10.9133,10.98,0.2178,0.02,11.09,0.42,10.825,11.035,10.66,10.9017,10.925,0.2309,0.0212,11.12,0.46,10.7925,11.0225,-0.2455,0.0449,-0.2438,0.31,0.0,0.2085,3,2,2,1.0,19.0,20.0,2.018,1,1,0.3333,-0.1,0.0,0.2333,0.8505,0.65,-0.6,,,1,1,,2022,2024,2022.6667,2,2020,2020,2000,6a59521aa85b4396,M,10.47,0
11.54,11.985,12.09,0.252,0.021,12.22,0.68,11.9,12.1225,11.525,11.9767,12.085,0.2559,0.0214,12.22,0.695,11.8925,12.1088,0.0793,0.2243,0.0686,0.54,0.56,0.37,6,6,2,1.0,18.0,18.0,4.1116,1,3,0.5,-0.33,0.0,0.1667,0.5465,0.425,-0.7,,,1,1,,2023,2024,2023.1667,1,2020,2020,2005,019be69bc0dc8518,M,11.54,0
11.4,11.9157,11.69,0.5068,0.0425,12.77,1.37,11.59,12.185,11.33,11.8907,11.755,0.5152,0.0433,12.77,1.44,11.5525,12.1375,-0.8314,0.1898,-0.8484,1.37,0.13,0.9424,7,7,2,1.0,17.0,19.0,4.815,1,6,0.8571,-0.6017,0.0,0.5,0.9201,0.96,-1.3,175.0,55.0,0,0,17.9592,2023,2024,2023.5714,1,2020,2020,2005,c2829162b574430a,M,11.4,1
12.81,13.1133,13.145,0.2715,0.0207,13.53,0.72,12.895,13.215,12.768,13.1483,13.175,0.337,0.0256,13.716,0.948,12.9175,13.212,-0.3596,0.1928,-0.3924,0.31,0.01,0.3011,6,5,2,1.0,15.0,16.0,5.8285,1,3,0.5,0.12,0.0,-0.5833,1.3333,0.5,-1.125,170.0,51.0,0,0,17.6471,2024,2025,2024.3333,1,2020,2020,2005,390ca5ae00205062,F,12.81,1
11.28,11.7843,11.64,0.5807,0.0493,12.71,1.43,11.35,12.08,11.21,11.7557,11.6,0.5879,0.05,12.71,1.5,11.33,12.055,-0.6091,0.295,-0.612,1.43,0.11,0.5875,7,7,3,2.0,16.0,17.0,2.876,1,4,0.5714,-0.5908,0.0,0.5714,0.7697,1.05,-0.2,174.0,55.0,0,0,18.1662,2023,2025,2023.8571,2,2020,2020,2005,170e33879f222045,M,11.28,1
11.53,11.7775,11.695,0.2923,0.0248,12.19,0.66,11.5975,11.875,11.54,11.8125,11.7,0.3449,0.0292,12.31,0.77,11.6075,11.905,-0.2957,0.203,-0.2867,0.24,0.0,0.2325,4,4,2,1.0,16.0,17.0,3.8753,0,0,0.0,0.0,0.25,-0.9333,1.2702,0.0,-0.9333,175.0,55.0,0,0,17.9592,2024,2025,2024.5,1,2020,2020,2005,a8cabbfebf0ba1ab,M,11.53,1
11.76,12.0433,12.055,0.181,0.015,12.24,0.48,11.9575,12.1825,11.745,12.0375,12.0525,0.1868,0.0155,12.24,0.495,11.9462,12.1812,-0.2137,0.0877,-0.2201,0.48,0.22,0.3365,6,6,2,1.0,17.0,18.0,4.2063,1,4,0.6667,-0.26,0.0,0.1167,0.1472,0.2333,0.0,,,1,1,,2023,2024,2023.5,1,2020,2020,2005,d7e97e4e99b53167,M,11.76,0
11.27,11.3867,11.35,0.0869,0.0076,11.52,0.25,11.32,11.46,11.26,11.4161,11.375,0.1342,0.0118,11.67,0.41,11.31,11.49,0.0651,0.0773,0.1695,0.04,0.25,0.0283,9,7,2,1.0,15.0,17.0,6.3706,1,2,0.2222,-0.0783,0.1111,-0.6625,1.2648,0.7,-1.1167,175.0,65.0,0,0,21.2245,2024,2025,2024.6667,1,2020,2020,2005,3185be4406f0023e,M,11.27,1
12.77,13.046,13.08,0.2575,0.0197,13.41,0.64,12.83,13.14,12.83,13.0748,13.116,0.2178,0.0167,13.38,0.55,12.902,13.146,-0.3271,0.0994,-0.218,0.37,0.0,0.2108,5,4,3,2.0,16.0,17.0,2.8491,1,3,0.6,0.5167,0.0,-0.48,1.152,0.45,-1.65,,,1,1,,2023,2025,2024.0,2,2020,2020,2005,553c10d15f79b0aa,F,12.77,0
11.09,11.228,11.185,0.1713,0.0153,11.67,0.58,11.1275,11.265,11.075,11.2305,11.2125,0.1741,0.0155,11.67,0.595,11.1112,11.2713,-0.1043,0.1391,-0.094,0.58,0.06,0.4043,10,8,2,1.0,17.0,18.0,6.9704,1,4,0.4,-0.085,0.0,-0.05,0.8182,1.0,-0.7,,,1,1,,2023,2024,2023.5,1,2020,2020,2005,d97a818856fde8f6,M,11.09,0
13.02,13.1983,13.15,0.215,0.0163,13.6,0.58,13.05,13.2275,13.02,13.2073,13.147,0.2381,0.018,13.66,0.64,13.0485,13.2275,0.0849,0.1936,0.0786,0.0,0.09,0.0,6,4,2,1.0,16.0,16.0,6.2794,1,1,0.1667,0.2125,0.3333,-0.225,0.5188,0.1,-1.0,,,1,1,,2024,2025,2024.1667,1,2020,2020,2005,9120022f9234fe72,F,13.02,0
12.17,12.608,12.59,0.3235,0.0257,13.32,1.15,12.5125,12.6475,12.14,12.5978,12.582,0.3302,0.0262,13.32,1.18,12.5,12.6625,-0.1994,0.2528,-0.2094,1.15,0.03,0.5623,10,8,3,2.0,16.0,18.0,4.8896,1,6,0.6,-0.29,0.0,0.17,0.2751,0.35,-0.2,,,1,1,,2023,2025,2023.8,2,2020,2020,2005,cd4dba7f1db098cb,F,12.17,0
12.3,12.5818,12.4,0.285,0.0227,13.07,0.77,12.385,12.77,12.3,12.5802,12.428,0.2916,0.0232,13.136,0.836,12.362,12.722,-0.5244,0.1544,-0.4973,0.3,0.09,0.2468,11,8,2,1.0,16.0,17.0,9.049,1,4,0.3636,0.1757,0.1818,0.0333,0.7228,0.675,-0.8,165.0,50.0,0,0,18.3655,2024,2025,2024.5455,1,2020,2020,2005,ef2c6a485b7fbbc0,F,12.3,1
11.1,11.3871,11.36,0.2436,0.0214,11.73,0.63,11.2,11.56,11.08,11.3871,11.365,0.2544,0.0223,11.76,0.68,11.2025,11.55,-0.4952,0.1408,-0.4398,0.26,0.02,0.2602,7,7,2,1.0,16.0,17.0,7.0048,1,4,0.5714,-0.3392,0.0,0.0,0.9399,0.575,-1.15,,,1,1,,2024,2025,2024.4286,1,2020,2020,2005,b20fe5e9044ef6ff,M,11.1,0
12.57,12.6,12.6,0.0424,0.0034,12.63,0.06,12.585,12.615,12.52,12.575,12.575,0.0778,0.0062,12.63,0.11,12.5475,12.6025,,,,0.06,0.0,0.1611,2,2,1,0.0,18.0,18.0,5.3713,1,2,1.0,0.0,0.0,0.5,0.7071,1.0,0.0,,,1,1,,2023,2023,2023.0,0,2020,2020,2005,a42c19efa52be21e,M,12.57,0
12.96,13.3717,13.16,0.4741,0.0355,14.03,1.07,13.025,13.745,12.9,13.3547,13.153,0.4904,0.0367,14.03,1.13,13.002,13.7435,-0.4606,0.2376,-0.4666,1.07,0.08,0.4703,6,6,3,2.0,16.0,17.0,2.6372,1,6,1.0,0.0,0.1667,0.34,0.5273,0.6333,-0.2,,,1,1,,2022,2024,2023.1667,2,2020,2020,2005,e23484f67077dc64,F,12.96,0
11.55,11.7967,11.79,0.2501,0.0212,12.05,0.5,11.67,11.92,11.645,11.8117,11.74,0.2118,0.0179,12.05,0.405,11.6925,11.895,-1.0172,0.0616,-0.9032,0.5,0.0,1.1273,3,3,1,0.0,18.0,18.0,6.7639,1,3,1.0,0.0,0.0,-0.3,1.4731,1.0,-1.9,,,1,1,,2023,2023,2023.0,0,2020,2020,2005,a449073a04e51f63,M,11.55,0
12.34,12.6667,12.68,0.2765,0.0218,13.06,0.72,12.45,12.82,12.232,12.6417,12.665,0.2922,0.0231,13.03,0.798,12.4645,12.8115,-0.269,0.0606,-0.275,0.52,0.04,0.2266,6,4,3,2.0,16.0,18.0,2.6152,1,2,0.3333,0.18,0.0,0.4167,0.7627,0.9667,-0.2,169.0,55.0,0,0,19.257,2023,2025,2024.0,2,2020,2020,2005,c8b5be0a4f9350d7,F,12.34,1
10.91,10.985,10.985,0.1061,0.0097,11.06,0.15,10.9475,11.0225,10.835,10.9475,10.9475,0.1591,0.0145,11.06,0.225,10.8913,11.0038,,,,0.0,0.15,0.0,2,1,1,0.0,19.0,19.0,2.0,1,1,0.5,-0.15,0.0,0.75,1.0607,1.5,0.0,,,1,1,,2021,2021,2021.0,0,2020,2020,2000,db653e3ab17bc9b9,M,10.72,0
11.48,11.765,11.765,0.4031,0.0343,12.05,0.57,11.6225,11.9075,11.515,11.765,11.765,0.3536,0.0301,12.015,0.5,11.64,11.89,,,,0.57,0.0,0.9914,2,2,2,1.0,18.0,18.0,3.4786,0,0,0.0,0.0,0.0,0.0,0.9899,0.7,-0.7,,,1,1,,2024,2025,2024.5,1,2020,2020,2005,d1bb216f661fab6a,M,11.48,0
11.72,11.795,11.795,0.1061,0.009,11.87,0.15,11.7575,11.8325,11.75,11.8125,11.8125,0.0884,0.0075,11.875,0.125,11.7812,11.8438,,,,0.0,0.15,0.0,2,2,1,0.0,19.0,19.0,8.0275,0,0,0.0,0.0,0.0,-0.35,0.3536,0.0,-0.35,,,1,1,,2024,2024,2024.0,0,2020,2020,2005,e26f1a05cac79f79,M,11.72,0
10.94,11.1633,11.06,0.2683,0.024,11.63,0.69,10.9775,11.27,10.845,11.1542,11.0675,0.2835,0.0254,11.645,0.8,11.005,11.2538,-0.4767,0.1038,-0.4814,0.69,0.15,0.6739,6,4,2,1.0,18.0,19.0,5.8596,1,3,0.5,-0.0867,0.0,0.1833,0.9261,1.2,-0.325,,,1,1,,2023,2024,2023.6667,1,2020,2020,2005,14cae2ed4d7a14e2,M,10.94,0
11.64,11.815,11.84,0.1269,0.0107,11.94,0.3,11.775,11.88,11.695,11.8325,11.8475,0.102,0.0086,11.94,0.245,11.8,11.88,-0.1572,0.0433,-0.1294,0.3,0.0,0.1686,4,4,3,2.0,17.0,18.0,2.2477,0,0,0.0,0.0,0.0,-0.35,0.5196,0.0,-0.7,,,1,1,,2023,2025,2024.0,2,2020,2020,2005,81c87211c0068029,M,11.64,0
11.61,11.63,11.63,0.0283,0.0024,11.65,0.04,11.62,11.64,11.625,11.64,11.64,0.0212,0.0018,11.655,0.03,11.6325,11.6475,,,,0.04,0.0,0.1605,2,2,1,0.0,18.0,19.0,8.0275,0,0,0.0,0.0,0.0,-0.2,0.1414,0.0,-0.2,,,1,1,,2024,2024,2024.0,0,2020,2020,2005,52e0145fcdcec409,M,11.61,0
11.71,11.775,11.775,0.0919,0.0078,11.84,0.13,11.7425,11.8075,11.735,11.81,11.81,0.1061,0.009,11.885,0.15,11.7725,11.8475,,,,0.0,0.13,0.0,2,2,1,0.0,18.0,18.0,146.1,1,1,0.5,0.13,0.0,-0.7,0.2828,0.0,-0.7,,,1,1,,2023,2023,2023.0,0,2020,2020,2005,ffd85b8bc8b68b36,M,11.71,0
12.64,13.204,13.4,0.3517,0.0266,13.48,0.84,13.08,13.42,12.646,13.2196,13.376,0.3446,0.0261,13.498,0.852,13.158,13.42,-0.1944,0.2173,-0.2648,0.76,0.0,0.4125,5,4,3,2.0,15.0,17.0,2.7136,1,1,0.2,-0.27,0.0,-0.26,0.6348,0.4,-0.5667,,,1,1,,2022,2024,2023.0,2,2020,2020,2005,626cb5b17aab1071,F,12.64,0
12.67,13.1669,13.135,0.2882,0.0219,13.6,0.93,12.9475,13.39,12.556,13.1744,13.18,0.316,0.024,13.69,1.134,12.922,13.423,-0.27,0.1338,-0.291,0.93,0.28,0.2677,16,12,4,3.0,14.0,17.0,4.6052,1,7,0.4375,-0.0868,0.0,-0.125,0.8021,0.5125,-0.7625,,,1,1,,2022,2025,2023.8125,3,2020,2020,2005,fc8d1ddbeca38834,F,12.67,0
11.69,11.8489,11.84,0.1278,0.0108,12.05,0.36,11.74,11.89,11.65,11.8389,11.815,0.1348,0.0114,12.05,0.4,11.755,11.94,-0.1116,0.1015,-0.1122,0.19,0.05,0.0894,9,9,3,2.0,17.0,18.0,4.2361,0,0,0.0,0.0,0.0,0.2,0.9798,1.3667,-0.46,,,1,1,,2023,2025,2023.8889,2,2020,2020,2005,c471df2b6e6b5d8d,M,11.69,0
13.07,13.5471,13.42,0.6202,0.0458,14.9,1.83,13.21,13.51,13.082,13.5814,13.456,0.636,0.0468,14.972,1.89,13.255,13.525,-0.2566,0.6409,-0.214,0.42,1.83,0.2557,7,6,2,2.0,16.0,18.0,4.2613,1,3,0.4286,-0.2908,0.0,-0.5714,0.4192,0.0,-0.6667,,,1,1,,2024,2025,2024.5714,1,2020,2020,2005,aa0a286b51ddd6c5,F,13.07,0
12.89,13.0833,12.99,0.2674,0.0204,13.75,0.86,12.92,13.09,12.902,13.0973,13.018,0.2527,0.0193,13.726,0.824,12.98,13.12,-0.1829,0.1626,-0.1825,0.86,0.02,0.2477,9,8,3,3.0,15.0,18.0,2.5925,1,5,0.5556,0.1875,0.1111,-0.2625,0.537,0.3,-0.675,,,1,1,,2022,2025,2024.1111,3,2020,2020,2005,9a75b57c728f7e0f,F,12.89,0
13.15,13.1767,13.18,0.0252,0.0019,13.2,0.05,13.165,13.19,13.108,13.1847,13.2,0.0703,0.0053,13.246,0.138,13.154,13.223,0.0043,0.0204,0.0798,0.0,0.03,0.0,3,2,2,1.0,17.0,17.0,2.6027,1,2,0.6667,0.035,0.0,-0.1333,0.9074,0.7,-1.1,,,1,1,,2022,2023,2022.3333,1,2020,2020,2005,32ee28bfd216726d,F,13.15,0
12.33,12.9863,12.99,0.3008,0.0232,13.58,1.25,12.83,13.16,12.306,13.0086,12.984,0.3041,0.0234,13.574,1.268,12.877,13.152,-0.211,0.2333,-0.1872,0.93,0.31,0.3036,19,16,4,3.0,14.0,17.0,6.2017,1,7,0.3684,0.0046,0.0,-0.3716,1.205,0.7057,-1.0909,,,1,1,,2022,2025,2024.0526,3,2020,2020,2005,78121accb01fccc7,F,12.33,0
13.21,13.5393,13.434,0.4104,0.0303,14.56,1.35,13.29,13.54,13.222,13.5373,13.42,0.3684,0.0272,14.434,1.212,13.308,13.594,-0.1299,0.3732,-0.1443,0.33,0.08,0.1423,9,7,3,2.0,16.0,18.0,3.8811,1,5,0.5556,-0.1455,0.0,0.0333,0.9579,1.55,-0.56,,,1,1,,2022,2024,2023.1111,2,2020,2020,2005,4b0802a2cdd6f8f8,F,13.21,0
11.06,11.495,11.415,0.3607,0.0314,11.93,0.87,11.2575,11.8125,11.05,11.5008,11.425,0.3687,0.0321,11.935,0.885,11.2588,11.8312,-0.3179,0.2638,-0.3286,0.87,0.0,0.3982,6,5,3,2.0,17.0,19.0,2.7462,1,1,0.1667,0.306,0.0,-0.1167,0.2137,0.2,-0.225,,,1,1,,2023,2025,2023.8333,2,2020,2020,2005,3f174a4201e89fe3,M,11.06,0
11.86,12.125,12.065,0.2639,0.0218,12.58,0.72,11.9525,12.215,11.895,12.1292,12.095,0.2577,0.0212,12.56,0.665,11.92,12.225,-0.1358,0.2094,-0.1196,0.72,0.37,0.2635,6,6,4,3.0,16.0,18.0,2.1959,0,0,0.0,0.0,0.1667,-0.1,0.8307,0.75,-0.6667,,,1,1,,2022,2025,2023.5,3,2020,2020,2005,aeb5f1def4afd40d,M,11.86,0
13.0,13.18,13.19,0.1691,0.0128,13.43,0.43,13.05,13.23,13.0,13.1956,13.19,0.181,0.0137,13.466,0.466,13.068,13.254,0.0206,0.1508,0.0299,0.19,0.43,0.1402,5,3,2,1.0,15.0,16.0,3.6894,1,2,0.4,0.1417,0.0,-0.26,0.2608,0.0,-0.4333,,,1,1,,2022,2023,2022.6,1,2020,2020,2005,500389e30b6f9c4e,F,13.0,0
12.15,12.5575,12.645,0.2837,0.0226,12.79,0.64,12.48,12.7225,12.15,12.5688,12.65,0.2952,0.0235,12.825,0.675,12.48,12.7388,-0.4663,0.1013,-0.4768,0.44,0.0,0.3644,4,4,2,1.0,17.0,18.0,3.3129,0,0,0.0,0.0,0.25,-0.3,0.3606,0.0,-0.45,,,1,1,,2024,2025,2024.25,1,2020,2020,2005,c5c18a881381b30d,M,12.15,0
10.89,11.1033,11.04,0.1954,0.0176,11.47,0.58,10.935,11.19,10.905,11.107,11.04,0.1894,0.0171,11.507,0.602,10.955,11.2075,-0.2256,0.1145,-0.2157,0.54,0.15,0.2706,15,10,3,2.0,17.0,18.0,7.5154,1,6,0.4,0.0639,0.0,-0.0733,0.4975,0.468,-0.4914,,,1,1,,2022,2024,2023.0,2,2020,2020,2005,77225242ced32cdc,M,10.89,0
13.36,13.5827,13.54,0.2301,0.0169,14.04,0.68,13.43,13.61,13.354,13.5685,13.498,0.2503,0.0184,14.076,0.722,13.427,13.562,-0.3744,0.1654,-0.3925,0.27,0.23,0.2231,11,10,2,1.0,16.0,17.0,9.0899,1,2,0.1818,0.1867,0.0,0.2364,0.9352,0.9,-0.7,,,1,1,,2023,2024,2023.7273,1,2020,2020,2005,220be28e4b74e410,F,13.36,0
11.51,11.81,11.84,0.2144,0.0182,12.04,0.53,11.69,11.97,11.51,11.824,11.84,0.2125,0.018,12.045,0.535,11.74,11.985,-0.0831,0.1844,-0.0677,0.33,0.46,0.2009,5,5,2,2.0,17.0,18.0,3.0438,0,0,0.0,0.0,0.0,-0.28,0.4207,0.0,-0.4667,,,1,1,,2024,2025,2024.6,1,2020,2020,2005,159fca3b6bd696c3,M,11.51,0
11.81,11.9814,11.88,0.33,0.0275,12.72,0.91,11.81,11.92,11.81,11.9914,11.89,0.3216,0.0268,12.71,0.9,11.825,11.94,-0.432,0.1836,-0.421,0.91,0.0,0.4432,7,7,3,2.0,16.0,18.0,3.409,0,0,0.0,0.0,0.1429,-0.2333,0.4412,0.2,-0.5333,,,1,1,,2023,2025,2024.0,2,2020,2020,2005,e3b0ff51e3912ef3,M,11.81,0
12.54,13.0612,13.035,0.3785,0.029,13.55,1.01,12.7575,13.345,12.552,13.0897,13.065,0.3695,0.0282,13.586,1.034,12.814,13.3615,-0.3957,0.1196,-0.375,1.0,0.21,0.4027,8,7,3,2.0,16.0,19.0,3.2216,1,5,0.625,0.4407,0.0,-0.475,0.4559,0.1,-0.65,,,1,1,,2023,2025,2024.25,2,2020,2020,2005,567e3d34b7bdaa5c,F,12.54,0
12.73,13.1625,13.13,0.477,0.0362,14.542,1.812,12.83,13.31,12.802,13.1938,13.13,0.4747,0.036,14.584,1.782,12.86,13.334,-0.2766,0.3371,-0.2628,0.56,0.0,0.2255,13,10,3,2.0,16.0,18.0,5.2351,1,4,0.3077,0.4202,0.0,-0.5231,0.4086,0.1,-0.69,,,1,1,,2023,2025,2024.2308,2,2020,2020,2005,576af8197d5ef20a,F,12.73,0
12.77,13.3529,13.41,0.4674,0.035,13.96,1.19,12.96,13.705,12.782,13.382,13.434,0.4743,0.0354,13.996,1.214,12.996,13.735,-0.2939,0.2499,-0.2956,0.84,0.3,0.242,7,7,4,3.0,15.0,18.0,2.0164,1,3,0.4286,0.7983,0.1429,-0.5667,0.3445,0.0,-0.5667,,,1,1,,2022,2025,2023.8571,3,2020,2020,2005,c876bf3532d7fab2,F,12.77,0
11.78,12.4517,12.395,0.5548,0.0446,13.2,1.42,12.06,12.8425,11.755,12.467,12.4525,0.5914,0.0474,13.232,1.477,12.035,12.8738,-0.3579,0.1353,-0.3806,1.42,0.26,0.4258,6,6,3,3.0,14.0,17.0,1.7993,0,0,0.0,0.0,0.0,-0.3067,1.4523,0.475,-1.87,,,1,1,,2022,2025,2023.6667,3,2020,2020,2005,c1bfa3afc57f1489,M,11.78,0
11.39,11.63,11.68,0.1657,0.0143,11.77,0.38,11.6,11.71,11.43,11.6412,11.68,0.1492,0.0128,11.775,0.345,11.5987,11.7225,-0.193,0.0909,-0.1631,0.38,0.0,0.2844,4,4,2,1.0,15.0,17.0,2.9939,0,0,0.0,0.0,0.0,-0.225,0.4573,0.3,-0.4,,,1,1,,2023,2024,2023.5,1,2020,2020,2005,760c7cec8025a170,M,11.39,0
12.65,13.0434,13.07,0.2247,0.0172,13.37,0.72,12.9025,13.205,12.608,13.0637,13.13,0.2357,0.018,13.37,0.762,12.9325,13.2242,-0.1632,0.1825,-0.1781,0.26,0.1,0.1121,16,10,3,2.0,15.0,17.0,6.8996,1,6,0.375,0.0272,0.0,-0.3375,0.55,0.4333,-0.67,,,1,1,,2022,2024,2022.9375,2,2020,2020,2005,bca8cc8c36e816e4,F,12.65,0
11.99,12.03,12.02,0.0458,0.0038,12.08,0.09,12.005,12.05,11.985,12.0283,12.02,0.048,0.004,12.08,0.095,12.0025,12.05,-0.0221,0.0355,-0.0204,0.09,0.03,0.0745,3,3,2,1.0,16.0,16.0,2.4847,0,0,0.0,0.0,0.3333,0.05,0.0707,0.1,0.0,,,1,1,,2024,2025,2024.3333,1,2020,2020,2005,70d4450a072402f8,M,11.99,0
12.99,13.68,13.6,0.7333,0.0536,14.45,1.46,13.295,14.025,12.955,13.6917,13.61,0.7807,0.057,14.51,1.555,13.2825,14.06,-0.6604,0.464,-0.7065,0.61,0.0,0.4492,3,3,2,1.0,18.0,19.0,2.2092,0,0,0.0,0.0,0.0,-0.2333,0.9504,0.7,-0.7,,,1,1,,2023,2024,2023.3333,1,2020,2020,2005,fd82b1ae82cbe7b2,M,12.99,0
12.81,13.624,13.55,0.6542,0.048,14.64,1.83,13.52,13.6,12.828,13.6485,13.586,0.6613,0.0485,14.6784,1.8504,13.556,13.594,-0.5406,0.3604,-0.5543,0.79,0.0,0.3407,5,5,3,2.0,15.0,18.0,2.1561,1,2,0.4,-0.1683,0.0,-0.408,0.3152,0.1,-0.535,,,1,1,,2022,2024,2022.8,2,2020,2020,2005,a2e8c03974432491,F,12.81,0
11.9,12.11,11.97,0.3051,0.0252,12.46,0.56,11.935,12.215,11.94,12.1683,12.03,0.3207,0.0264,12.535,0.595,11.985,12.2825,-0.4695,0.0933,-0.4882,0.56,0.07,0.4801,3,3,2,1.0,15.0,16.0,2.5722,0,0,0.0,0.0,0.0,-1.1667,0.3512,0.0,-1.1667,,,1,1,,2023,2024,2023.6667,1,2020,2020,2005,35a9982168875975,M,11.9,0
12.77,13.013,13.035,0.1255,0.0096,13.21,0.44,12.9375,13.0925,12.77,13.0256,13.047,0.1363,0.0105,13.246,0.476,12.945,13.1045,-0.0346,0.1156,-0.0387,0.16,0.14,0.0798,10,6,3,2.0,15.0,17.0,4.9898,1,5,0.5,0.006,0.0,-0.21,0.2923,0.2,-0.46,,,1,1,,2022,2024,2023.2,2,2020,2020,2005,684454dc226a182d,F,12.77,0
12.93,13.3509,13.32,0.296,0.0222,13.8,0.87,13.165,13.56,12.882,13.3509,13.35,0.3089,0.0231,13.842,0.96,13.147,13.539,-0.3067,0.1753,-0.3234,0.73,0.53,0.2936,11,8,3,2.0,15.0,17.0,4.4248,1,4,0.3636,-0.1125,0.1818,-0.0,0.5745,0.44,-0.55,,,1,1,,2023,2025,2024.1818,2,2020,2020,2005,12aa802944968f7d,F,12.93,0
11.77,12.1325,12.18,0.3139,0.0259,12.4,0.63,11.92,12.3925,11.765,12.1275,12.1725,0.3185,0.0263,12.4,0.635,11.9075,12.3925,-0.8519,0.0414,-0.8664,0.62,0.0,0.9168,4,3,2,1.0,16.0,16.0,5.915,1,1,0.25,-0.3433,0.5,0.2,0.1414,0.2,0.0,,,1,1,,2022,2023,2022.5,1,2020,2020,2005,36db50aa1a3796b6,M,11.77,0
11.5,11.741,11.685,0.1924,0.0164,12.03,0.53,11.58,11.9075,11.455,11.747,11.715,0.1974,0.0168,12.045,0.59,11.6138,11.895,-0.1192,0.164,-0.1251,0.37,0.42,0.1597,10,10,3,2.0,16.0,18.0,4.3174,0,0,0.0,0.0,0.0,-0.12,0.9235,0.75,-0.84,,,1,1,,2023,2025,2024.0,2,2020,2020,2005,432cedd30bdeb29e,M,11.5,0
11.82,12.0117,11.94,0.2161,0.018,12.43,0.61,11.9125,12.0125,11.82,12.0192,11.98,0.1979,0.0165,12.39,0.57,11.915,12.0338,0.1805,0.174,0.0793,0.14,0.61,0.0997,6,6,2,1.0,18.0,18.0,4.2719,0,0,0.0,0.0,0.0,-0.15,0.6921,0.6,-0.7,,,1,1,,2023,2024,2023.5,1,2020,2020,2005,963a0257a76168af,M,11.82,0
12.17,12.5225,12.53,0.1532,0.0122,12.8,0.63,12.445,12.63,12.146,12.533,12.52,0.1829,0.0146,12.794,0.648,12.412,12.69,-0.0644,0.1414,-0.0753,0.55,0.46,0.2369,20,15,3,2.0,15.0,16.0,8.6144,1,10,0.5,0.015,0.0,-0.175,1.031,0.52,-0.87,,,1,1,,2023,2025,2024.3,2,2020,2020,2005,49949fdd876d2e37,F,12.17,0
11.09,11.604,11.505,0.4166,0.0359,12.64,1.55,11.38,11.7125,11.07,11.617,11.51,0.4277,0.0368,12.655,1.585,11.3912,11.745,-0.3229,0.2197,-0.3523,1.55,0.45,0.4465,10,9,4,3.0,14.0,17.0,2.8805,1,1,0.1,-0.14,0.0,-0.26,0.5854,0.4,-0.6333,,,1,1,,2022,2025,2023.8,3,2020,2020,2005,f51a010eb82b0b6c,M,11.09,0
11.28,11.5067,11.52,0.131,0.0114,11.71,0.43,11.41,11.58,11.28,11.5083,11.545,0.1335,0.0116,11.685,0.405,11.41,11.62,-0.0244,0.1222,-0.0076,0.43,0.34,0.2037,9,9,3,2.0,17.0,18.0,4.2636,0,0,0.0,0.0,0.0,-0.0333,0.4528,0.35,-0.5667,,,1,1,,2022,2024,2022.8889,2,2020,2020,2005,8019b18c8d88775f,M,11.28,0
12.77,13.0975,12.995,0.3039,0.0232,13.67,0.9,12.9175,13.215,12.746,13.1072,13.026,0.3396,0.0259,13.778,1.032,12.9205,13.155,-0.2922,0.1109,-0.3221,0.64,0.17,0.2757,8,5,2,2.0,15.0,17.0,3.4458,1,3,0.375,-0.004,0.25,-0.2167,1.1957,0.7333,-1.1667,,,1,1,,2023,2025,2024.5,2,2020,2020,2005,06db950f6d8d0486,F,12.77,0
13.19,13.4138,13.305,0.2732,0.0204,13.99,0.8,13.2525,13.4475,13.22,13.4168,13.314,0.255,0.019,13.954,0.734,13.263,13.434,-0.014,0.2596,-0.0147,0.46,0.8,0.1324,8,7,4,3.0,13.0,15.0,2.3026,1,2,0.25,0.1983,0.0,-0.05,0.4928,0.35,-0.6,,,1,1,,2022,2025,2023.625,3,2020,2020,2005,d4067d9821358737,F,13.19,0
10.83,11.4426,11.25,0.9432,0.0824,15.08,4.25,11.08,11.325,10.805,11.4432,11.205,0.9491,0.0829,15.1,4.295,11.0825,11.33,-0.1495,0.9219,-0.146,1.62,0.24,0.467,19,12,4,3.0,16.0,18.0,5.4773,1,7,0.3684,-0.4392,0.1053,-0.0118,0.841,0.8143,-0.6556,,,1,1,,2022,2025,2024.0,3,2020,2020,2005,d185e073c4ff281f,M,10.83,0
11.64,11.765,11.75,0.1228,0.0104,11.93,0.29,11.6575,11.8575,11.65,11.7805,11.7615,0.1255,0.0107,11.955,0.305,11.6775,11.8695,-0.1683,0.073,-0.1545,0.24,0.07,0.1774,6,6,2,1.0,17.0,18.0,4.4362,0,0,0.0,0.0,0.0,-0.31,0.3197,0.24,-0.42,,,1,1,,2022,2023,2022.5,1,2020,2020,2005,0753de0d84f7ab3c,M,11.64,0
10.99,11.285,11.325,0.1537,0.0136,11.43,0.44,11.285,11.3575,10.955,11.28,11.3125,0.1701,0.0151,11.45,0.495,11.2875,11.3562,-0.1399,0.1066,-0.156,0.31,0.0,0.1419,6,6,3,2.0,17.0,19.0,2.7462,0,0,0.0,0.0,0.0,0.1,0.5215,0.75,-0.3,,,1,1,,2023,2025,2023.6667,2,2020,2020,2005,5ef2a0118c962b4a,M,10.99,0
11.96,12.259,12.215,0.247,0.0202,12.85,0.89,12.0575,12.3975,11.93,12.2581,12.194,0.2517,0.0205,12.808,0.878,12.0525,12.441,-0.3244,0.1387,-0.3088,0.89,0.46,0.3931,20,15,3,2.0,15.0,17.0,8.8331,1,9,0.45,0.0622,0.05,0.0158,1.0879,0.5917,-1.1333,,,1,1,,2023,2025,2024.55,2,2020,2020,2005,31a449e2120f5e41,F,11.96,0
11.0,11.2853,11.25,0.2132,0.0189,11.78,0.78,11.11,11.44,11.0,11.2858,11.26,0.2103,0.0186,11.795,0.795,11.11,11.44,-0.1415,0.1181,-0.142,0.78,0.09,0.2249,19,12,4,3.0,15.0,18.0,5.4773,1,5,0.2632,-0.0157,0.0,-0.0105,0.6616,0.6714,-0.49,,,1,1,,2022,2025,2023.6316,3,2020,2020,2005,e051e8cf0440e82d,M,11.0,0
11.24,11.345,11.345,0.1485,0.0131,11.45,0.21,11.2925,11.3975,11.305,11.405,11.405,0.1414,0.0124,11.505,0.2,11.355,11.455,,,,0.21,0.0,0.2167,2,2,2,1.0,16.0,17.0,2.0636,0,0,0.0,0.0,0.0,-1.2,0.1414,0.0,-1.2,,,1,1,,2024,2025,2024.5,1,2020,2020,2005,c6d5a321e1ab6dd0,M,11.24,0
13.11,13.9033,13.44,1.1007,0.0792,15.16,2.05,13.275,14.3,13.044,13.9013,13.5,1.1136,0.0801,15.16,2.116,13.272,14.33,-0.8529,0.7309,-0.9287,0.33,0.0,0.2465,3,3,2,1.0,16.0,17.0,2.2408,0,0,0.0,0.0,0.0,0.0333,1.0504,1.1,-1.0,,,1,1,,2024,2025,2024.3333,1,2020,2020,2005,c48dc06e5e9be010,F,13.11,0
11.25,11.616,11.56,0.3692,0.0318,12.23,0.98,11.44,11.6,11.184,11.6718,11.695,0.4031,0.0345,12.28,1.096,11.475,11.725,0.1985,0.2896,0.3125,0.19,0.98,0.1302,5,5,2,1.0,16.0,17.0,3.4264,0,0,0.0,0.0,0.0,-1.116,1.6237,1.32,-1.725,,,1,1,,2024,2025,2024.6,1,2020,2020,2005,f6394d0ca240393b,M,11.25,0
10.97,11.3818,11.34,0.3402,0.0299,11.9,0.93,11.095,11.7,10.94,11.3995,11.36,0.3606,0.0316,11.93,0.99,11.125,11.7275,-0.305,0.1741,-0.3105,0.93,0.39,0.3598,11,8,3,3.0,15.0,17.0,4.2561,1,3,0.2727,0.0829,0.0,-0.3545,1.0044,1.4,-0.7444,,,1,1,,2023,2025,2024.3636,2,2020,2020,2005,6b33207878263673,M,10.97,0
11.2,11.2475,11.255,0.034,0.003,11.28,0.08,11.2375,11.265,11.21,11.2712,11.2625,0.0581,0.0052,11.35,0.14,11.2475,11.2863,-0.0035,0.0296,0.0842,0.08,0.05,0.0655,4,4,2,1.0,15.0,15.0,3.2758,1,1,0.25,-0.0167,0.0,-0.475,1.05,0.4,-0.7667,,,1,1,,2023,2024,2023.25,1,2020,2020,2005,3cd64fe99ec1bfba,M,11.2,0
13.1,13.64,13.71,0.5086,0.0373,14.11,1.01,13.405,13.91,13.01,13.602,13.686,0.5548,0.0408,14.11,1.1,13.348,13.898,-0.8965,0.1307,-0.9817,1.01,0.0,1.0362,3,3,2,1.0,16.0,17.0,3.0779,0,0,0.0,0.0,0.0,0.6333,0.7767,0.95,0.0,168.0,60.0,0,0,21.2585,2024,2025,2024.3333,1,2020,2020,2005,b05bfb31cdddc5fc,F,13.1,1
12.53,12.7133,12.665,0.2106,0.0166,13.31,0.78,12.6025,12.755,12.404,12.7133,12.644,0.2918,0.023,13.568,1.164,12.5875,12.771,0.0436,0.2006,0.053,0.02,0.24,0.0148,12,9,2,1.0,16.0,17.0,8.8545,1,4,0.3333,0.14,0.0833,0.0,1.6118,0.7714,-1.8,,,1,1,,2024,2025,2024.8333,1,2020,2020,2005,96b194571fed27d8,F,12.53,0
12.98,13.0375,13.045,0.0465,0.0036,13.08,0.1,13.01,13.0725,12.986,13.0345,13.036,0.0406,0.0031,13.08,0.094,13.0115,13.059,-1.0958,0.0146,-0.0438,0.09,0.04,1.3149,4,2,1,0.0,17.0,17.0,58.44,1,2,0.5,0.025,0.0,0.05,0.8347,0.65,-0.55,163.0,50.0,0,0,18.8189,2024,2024,2024.0,0,2020,2020,2005,7ff851761c3bffa4,F,12.98,1
13.08,13.366,13.37,0.1804,0.0135,13.53,0.45,13.34,13.51,13.086,13.3792,13.37,0.1899,0.0142,13.566,0.48,13.346,13.528,0.0674,0.1589,0.0514,0.0,0.29,0.0,5,4,2,1.0,15.0,15.0,4.9093,1,2,0.4,0.1017,0.0,-0.22,0.2387,0.0,-0.275,,,1,1,,2023,2024,2023.4,1,2020,2020,2005,b94ec6fc6a76c976,F,13.08,0
12.71,12.91,12.86,0.1896,0.0147,13.2,0.49,12.795,13.005,12.674,12.9083,12.842,0.2348,0.0182,13.26,0.586,12.744,13.047,-0.4063,0.0452,-0.5027,0.44,0.15,0.4452,7,4,2,1.0,15.0,16.0,7.0824,0,0,0.0,0.0,0.0,0.0286,1.408,3.1,-0.58,,,1,1,,2023,2024,2023.7143,1,2020,2020,2005,def2e8dfb8c42b84,F,12.71,0
10.65,10.9993,10.97,0.1635,0.0149,11.22,0.57,10.925,11.13,10.47,10.9846,10.985,0.2109,0.0192,11.23,0.76,10.9325,11.1225,-0.1182,0.1433,-0.146,0.45,0.51,0.2221,15,8,3,2.0,15.0,16.0,7.4037,1,6,0.4,0.0307,0.0,0.294,1.4161,1.435,-0.6,183.0,56.0,0,0,16.7219,2023,2025,2023.9333,2,2020,2020,2005,2ec399c6ea9ea653,M,10.65,1
12.24,12.86,12.35,1.1808,0.0918,14.97,2.73,12.35,12.39,12.24,12.8696,12.368,1.1792,0.0916,14.976,2.736,12.35,12.414,-1.6353,1.03,-1.8998,0.11,0.11,1.3854,5,2,1,0.0,16.0,16.0,62.9741,1,2,0.4,-1.235,0.0,-0.16,0.1817,0.0,-0.2667,,,1,1,,2024,2024,2024.0,0,2020,2020,2005,0bdc2454851aad51,F,12.24,0
12.02,12.237,12.24,0.1579,0.0129,12.6,0.58,12.18,12.2775,11.984,12.234,12.216,0.1701,0.0139,12.594,0.61,12.1475,12.31,0.0644,0.1414,0.0974,0.04,0.28,0.0317,10,6,2,1.0,16.0,17.0,7.923,1,3,0.3,0.065,0.0,0.05,0.8086,0.62,-0.8667,,,1,1,,2024,2025,2024.5,1,2020,2020,2005,cdd7d52e1bef8e8d,F,12.02,0
12.01,12.4192,12.49,0.1909,0.0154,12.68,0.67,12.33,12.53,11.824,12.4077,12.5,0.2595,0.0209,12.66,0.836,12.36,12.574,-0.1402,0.1284,-0.1921,0.51,0.38,0.2323,13,6,3,2.0,15.0,17.0,5.9205,1,5,0.3846,0.014,0.0,0.1923,1.439,1.6,-0.9167,,,1,1,,2023,2025,2024.1538,2,2020,2020,2005,4e7ca383308279fc,F,12.01,0
13.06,13.22,13.18,0.1833,0.0139,13.42,0.36,13.12,13.3,12.934,13.258,13.27,0.3182,0.024,13.57,0.636,13.102,13.42,-0.2445,0.1005,-0.4988,0.12,0.0,0.1231,3,3,2,1.0,16.0,17.0,3.0779,0,0,0.0,0.0,0.0,-0.6333,2.4194,2.1,-2.0,,,1,1,,2024,2025,2024.3333,1,2020,2020,2005,1e8874a6b5bd0f7f,F,13.06,0
12.26,12.395,12.355,0.1507,0.0122,12.61,0.35,12.32,12.43,12.152,12.392,12.409,0.189,0.0152,12.598,0.446,12.302,12.499,-0.1089,0.1195,-0.3023,0.08,0.0,0.0857,4,3,2,1.0,19.0,20.0,4.2845,1,2,0.5,-0.16,0.0,0.05,1.3988,1.0,-0.9,,,1,1,,2023,2024,2023.25,1,2020,2020,2000,edc2486c2f2496bf,F,12.24,0
12.45,12.9512,12.65,0.6277,0.0485,14.06,1.61,12.605,13.025,12.426,12.97,12.642,0.665,0.0513,14.15,1.724,12.6085,13.0715,-0.6721,0.1677,-0.7002,1.4,0.0,0.4965,8,7,3,3.0,14.0,17.0,2.8369,1,3,0.375,0.4607,0.0,-0.3125,0.7376,0.325,-0.95,,,1,1,,2022,2025,2023.625,3,2020,2020,2005,55fb45300dac7f8c,F,12.45,0
13.17,13.3633,13.38,0.1856,0.0139,13.54,0.37,13.275,13.46,13.254,13.3893,13.404,0.1286,0.0096,13.51,0.256,13.329,13.457,0.0885,0.0869,0.0605,0.21,0.37,0.0702,3,3,2,3.0,15.0,15.0,1.0034,1,1,0.3333,-0.265,0.0,-0.4333,0.9504,0.5,-0.9,,,1,1,,2022,2025,2023.0,3,2020,2020,2005,50a091e00e16acf9,F,13.17,0
11.04,11.55,11.55,0.5553,0.0481,12.06,1.02,11.085,12.015,11.04,11.565,11.5725,0.5481,0.0474,12.075,1.035,11.1187,12.0188,-0.5259,0.026,-0.5178,1.02,0.06,0.5536,4,3,2,2.0,14.0,16.0,2.1709,1,1,0.25,0.68,0.0,-0.3,0.4243,0.0,-0.6,,,1,1,,2022,2024,2023.0,2,2020,2020,2005,40f0422a972a62fb,M,11.04,0
12.69,12.7767,12.735,0.0999,0.0078,12.95,0.26,12.7125,12.8175,12.6,12.7767,12.763,0.119,0.0093,12.944,0.344,12.7295,12.8445,0.0844,0.0656,0.0801,0.02,0.26,0.0084,6,6,3,2.0,15.0,16.0,2.5103,1,3,0.5,0.14,0.0,0.0,0.7797,0.8,-0.4,,,1,1,,2023,2025,2024.3333,2,2020,2020,2005,12a061916e7e612a,F,12.69,0
12.96,13.2617,13.26,0.1929,0.0145,13.48,0.52,13.1775,13.41,12.906,13.2467,13.284,0.1908,0.0144,13.44,0.534,13.2,13.3665,-0.3413,0.0917,-0.2553,0.48,0.24,0.4297,6,6,2,1.0,17.0,18.0,5.3713,1,4,0.6667,-0.0925,0.0,0.25,1.0858,1.0667,-0.85,,,1,1,,2023,2024,2023.5,1,2020,2020,2005,1af1b97df07a41ef,F,12.96,0
11.85,11.875,11.865,0.0311,0.0026,11.92,0.07,11.8575,11.8825,11.785,11.8788,11.8975,0.0665,0.0056,11.935,0.15,11.8562,11.92,-0.0223,0.0257,0.0645,0.0,0.02,0.0,4,4,2,1.0,17.0,17.0,4.9525,1,3,0.75,-0.0067,0.0,-0.075,0.9535,1.3,-0.5333,180.0,71.0,0,0,21.9136,2023,2024,2023.5,1,2020,2020,2005,cc532e80630df371,M,11.85,1
11.03,11.2929,11.17,0.2894,0.0256,11.8,0.77,11.11,11.415,11.055,11.305,11.17,0.2848,0.0252,11.785,0.73,11.1075,11.455,-0.2555,0.1624,-0.2457,0.77,0.21,0.3468,7,6,3,2.0,15.0,16.0,3.1526,1,4,0.5714,-0.3142,0.0,-0.2429,0.5127,0.25,-0.55,,,1,1,,2023,2025,2024.1429,2,2020,2020,2005,30e556207ac2ca6a,M,11.03,0
11.28,11.56,11.58,0.2024,0.0175,11.8,0.52,11.42,11.71,11.285,11.5633,11.6025,0.2201,0.019,11.8,0.515,11.38,11.7388,-0.3414,0.137,-0.3148,0.52,0.1,0.5687,6,6,2,1.0,17.0,18.0,6.5614,1,1,0.1667,0.336,0.1667,-0.08,1.0232,0.8,-0.6667,,,1,1,,2022,2023,2022.6667,1,2020,2020,2005,592f505312c3e34d,M,11.05,0
12.37,12.7862,12.635,0.3937,0.0308,13.44,1.07,12.525,13.0475,12.298,12.7847,12.614,0.4246,0.0332,13.506,1.208,12.513,13.0535,-0.2374,0.3399,-0.2657,0.88,0.61,0.41,8,7,3,2.0,16.0,17.0,3.727,1,6,0.75,-0.3883,0.0,0.025,0.7479,0.6,-0.7333,,,1,1,,2023,2025,2023.875,2,2020,2020,2005,4c42963de2e0589e,F,12.37,0
13.01,13.474,13.51,0.3103,0.023,13.77,0.76,13.35,13.73,13.046,13.4752,13.552,0.3086,0.0229,13.77,0.724,13.278,13.73,-0.2304,0.2663,-0.1793,0.72,0.5,0.7346,5,5,2,1.0,16.0,16.0,5.1013,1,4,0.8,0.32,0.0,-0.02,0.7563,1.2,-0.65,,,1,1,,2023,2024,2023.2,1,2020,2020,2005,e9e14582450752a3,F,13.01,0
13.11,13.378,13.35,0.2404,0.018,13.7,0.59,13.2,13.53,13.056,13.3648,13.446,0.2591,0.0194,13.658,0.602,13.134,13.53,-0.3801,0.1167,-0.3606,0.42,0.24,0.376,5,5,2,1.0,17.0,18.0,4.4761,1,3,0.6,-0.0967,0.0,0.22,1.0986,0.9,-1.6,,,1,1,,2023,2024,2023.6,1,2020,2020,2005,9db9655d84dd072e,F,13.11,0
11.64,11.8983,11.885,0.167,0.014,12.15,0.51,11.8575,11.9575,11.57,11.8975,11.89,0.1972,0.0166,12.17,0.6,11.865,11.9788,-0.2956,0.0987,-0.343,0.51,0.25,0.5103,6,6,2,1.0,17.0,18.0,6.0041,1,3,0.5,-0.21,0.0,0.0167,0.736,0.85,-0.4,,,1,1,,2023,2024,2023.5,1,2020,2020,2005,5b989b0123720d45,M,11.64,0
10.73,11.346,10.965,1.0897,0.096,14.39,3.66,10.905,11.1475,10.77,11.328,10.9225,1.0866,0.0959,14.355,3.585,10.8675,11.1138,-0.1255,1.076,-0.0868,0.46,3.66,0.2143,10,6,3,2.0,15.0,17.0,4.6588,1,4,0.4,0.0365,0.0,0.36,0.7662,0.9,-0.9,,,1,1,,2023,2025,2023.8,2,2020,2020,2005,f76b672ad2d433ff,M,10.73,0
12.02,12.2433,12.25,0.2006,0.0164,12.56,0.54,12.09,12.32,11.99,12.2683,12.244,0.2238,0.0182,12.614,0.624,12.129,12.3815,0.3737,0.1173,0.433,0.22,0.24,0.2687,6,5,2,1.0,19.0,19.0,7.3294,1,2,0.3333,0.155,0.0,-0.4167,0.7627,0.45,-0.85,,,1,1,,2023,2024,2023.5,1,2020,2020,2005,86a404a84dc6ac53,F,12.02,0
12.54,12.79,12.795,0.1678,0.0131,13.0,0.46,12.7,12.905,12.528,12.797,12.801,0.1831,0.0143,13.012,0.484,12.694,12.9365,-0.054,0.147,-0.051,0.14,0.22,0.0715,6,5,3,2.0,15.0,17.0,3.065,1,3,0.5,-0.0467,0.0,-0.1167,0.3371,0.2,-0.3667,,,1,1,,2023,2025,2024.0,2,2020,2020,2005,fd8cbf9e08b4c53a,F,12.54,0
11.38,11.992,12.13,0.4973,0.0415,12.67,1.29,11.65,12.13,11.38,11.992,12.04,0.4919,0.041,12.67,1.29,11.685,12.185,-0.7345,0.181,-0.7003,1.29,0.27,0.9367,5,5,2,1.0,16.0,17.0,3.6307,0,0,0.0,0.0,0.0,0.0,1.1113,1.8,-0.9,,,1,1,,2023,2024,2023.4,1,2020,2020,2005,6ddef74e67d2de46,M,11.38,0
12.74,13.0657,13.04,0.2444,0.0187,13.8,1.06,12.9425,13.1125,12.698,13.0657,13.033,0.2954,0.0226,13.98,1.282,12.9275,13.1195,-0.0373,0.2351,-0.0508,0.27,0.15,0.0868,14,9,4,3.0,14.0,14.0,4.5013,1,5,0.3571,0.1333,0.0,0.0,1.0806,0.5778,-1.3,,,1,1,,2022,2025,2022.8571,3,2020,2020,2005,82c5c25f7634567d,F,12.74,0
12.71,13.1675,12.94,0.8749,0.0664,15.93,3.22,12.88,13.005,12.74,13.165,12.979,0.8747,0.0664,15.924,3.184,12.825,13.0085,-0.0367,0.8495,-0.027,0.18,3.22,0.0916,12,8,3,2.0,15.0,17.0,6.1045,1,4,0.3333,-0.7912,0.0,0.0417,0.8586,0.65,-0.68,,,1,1,,2022,2024,2022.75,2,2020,2020,2005,8001b7b5ce881656,F,12.71,0
12.53,12.749,12.715,0.1734,0.0136,13.07,0.54,12.6475,12.7825,12.416,12.74,12.733,0.1915,0.015,13.07,0.654,12.6265,12.8185,-0.3003,0.112,-0.2249,0.49,0.17,0.4231,10,5,2,1.0,16.0,17.0,8.6348,1,4,0.4,-0.052,0.0,0.15,1.1626,0.8667,-1.2333,,,1,1,,2022,2023,2022.6,1,2020,2020,2005,f60ee0154cda1158,F,12.53,0
13.14,13.323,13.35,0.1431,0.0107,13.57,0.43,13.205,13.395,13.096,13.3026,13.311,0.1689,0.0127,13.542,0.446,13.163,13.4105,0.0105,0.1355,-0.0123,0.33,0.24,0.1588,10,7,3,2.0,14.0,14.0,4.8123,1,4,0.4,0.0967,0.0,0.34,0.7199,0.6625,-0.95,,,1,1,,2022,2024,2022.6,2,2020,2020,2005,bb70591970260907,F,13.14,0
12.87,13.0471,13.11,0.1278,0.0098,13.18,0.31,12.945,13.14,12.876,13.0634,13.072,0.1432,0.011,13.232,0.356,12.951,13.181,-0.1974,0.0907,-0.1622,0.25,0.13,0.2631,7,7,2,1.0,16.0,17.0,7.3682,1,2,0.2857,-0.046,0.0,-0.2714,0.6264,0.8,-0.54,163.0,51.0,0,0,19.1953,2024,2025,2024.7143,1,2020,2020,2005,80aa700053901222,F,12.87,1
12.03,12.3467,12.355,0.2312,0.0187,12.69,0.66,12.215,12.45,12.03,12.3547,12.382,0.2326,0.0188,12.696,0.666,12.221,12.4485,-0.0671,0.2028,-0.0637,0.33,0.32,0.1266,6,4,3,3.0,16.0,17.0,2.302,1,4,0.6667,0.125,0.0,-0.1333,0.2658,0.2,-0.3333,167.0,48.0,0,0,17.2111,2021,2024,2022.0,3,2020,2020,2005,2a14d8f4c79ca007,F,12.03,1
13.55,13.7867,13.805,0.1314,0.0095,13.92,0.37,13.7625,13.87,13.526,13.7857,13.826,0.16,0.0116,13.956,0.43,13.7055,13.8925,-0.03,0.1173,-0.0334,0.21,0.29,0.178,6,5,2,1.0,15.0,16.0,5.0847,1,2,0.3333,-0.0875,0.0,0.0167,0.7305,0.85,-0.4,,,1,1,,2023,2024,2023.3333,1,2020,2020,2005,a3904f97bff40aaf,F,13.55,0
12.78,13.1938,13.18,0.3294,0.025,13.77,0.99,12.945,13.38,12.756,13.2132,13.183,0.3959,0.03,13.992,1.236,12.9555,13.3365,-0.0025,0.308,-0.0078,0.48,0.58,0.1961,8,8,3,2.0,15.0,16.0,3.2685,1,1,0.125,-0.0757,0.0,-0.325,1.5434,0.75,-1.4,,,1,1,,2023,2025,2024.0,2,2020,2020,2005,e51f7d0199eb6f22,F,12.78,0
10.87,11.1529,11.23,0.1666,0.0149,11.38,0.51,11.055,11.2575,10.87,11.1582,11.2075,0.1596,0.0143,11.415,0.545,11.0662,11.255,-0.2312,0.1103,-0.1876,0.37,0.18,0.2475,14,8,2,1.0,15.0,17.0,9.3654,1,5,0.3571,0.184,0.3571,-0.1667,0.7348,0.525,-0.72,,,1,1,,2024,2025,2024.4286,1,2020,2020,2005,46c830f2e41d9ce6,M,10.87,0
12.4,12.8967,12.83,0.4461,0.0346,13.55,1.15,12.5725,13.17,12.358,12.8707,12.752,0.4698,0.0365,13.622,1.264,12.568,13.113,-0.8085,0.113,-0.7698,0.88,0.09,0.7406,6,5,2,1.0,15.0,16.0,5.0495,0,0,0.0,0.0,0.0,0.4333,1.0893,1.075,-0.85,165.0,52.0,0,0,19.1001,2024,2025,2024.6667,1,2020,2020,2005,b0d1392e6242ac77,F,12.4,1
10.87,11.1207,11.14,0.1669,0.015,11.38,0.51,10.985,11.27,10.89,11.1313,11.07,0.1688,0.0152,11.39,0.5,10.9925,11.28,-0.2042,0.0788,-0.1851,0.34,0.02,0.1722,15,10,3,2.0,16.0,18.0,7.5988,1,5,0.3333,-0.0643,0.0,-0.2133,1.0783,0.6,-0.9714,,,1,1,,2023,2025,2023.8667,2,2020,2020,2005,6759ed998e74ee24,M,10.87,0
11.5,11.7,11.64,0.2358,0.0202,11.96,0.46,11.57,11.8,11.475,11.67,11.555,0.2714,0.0233,11.98,0.505,11.515,11.7675,-0.3786,0.1397,-0.501,0.46,0.14,0.5368,3,3,2,1.0,15.0,16.0,3.5008,0,0,0.0,0.0,0.0,0.6,1.0536,1.1,-0.4,,,1,1,,2023,2024,2023.6667,1,2020,2020,2005,cb4c747517d28b63,M,11.5,0
13.0,13.25,13.29,0.1807,0.0136,13.47,0.47,13.15,13.34,13.09,13.2752,13.232,0.2135,0.0161,13.632,0.542,13.138,13.284,-0.0533,0.1563,-0.0177,0.15,0.0,0.0688,5,4,3,2.0,15.0,17.0,2.2943,1,4,0.8,0.1125,0.0,-0.42,1.7283,0.7,-2.1,,,1,1,,2023,2025,2023.8,2,2020,2020,2005,6c791dadf3cf6158,F,13.0,0
12.32,12.7986,12.61,0.525,0.041,13.77,1.45,12.455,12.99,12.344,12.8037,12.598,0.5145,0.0402,13.746,1.402,12.464,13.005,-0.358,0.4429,-0.3574,0.92,0.42,0.47,7,7,2,2.0,14.0,16.0,3.5759,1,2,0.2857,-0.53,0.0,-0.0857,0.5113,0.4,-0.45,,,1,1,,2023,2025,2024.7143,2,2020,2020,2005,141176634ecf8c19,F,12.32,0
12.87,13.1675,13.22,0.1962,0.0149,13.48,0.61,13.0125,13.265,12.846,13.1878,13.163,0.2103,0.0159,13.468,0.622,13.08,13.3425,-0.1853,0.1435,-0.1568,0.31,0.0,0.1573,8,7,3,2.0,15.0,17.0,4.0583,1,2,0.25,-0.27,0.0,-0.3375,1.2558,0.625,-1.3,,,1,1,,2023,2025,2024.0,2,2020,2020,2005,7d8659a8ec26cc6f,F,12.87,0
12.64,12.7429,12.71,0.089,0.007,12.85,0.21,12.675,12.825,12.568,12.6854,12.754,0.1041,0.0082,12.786,0.218,12.578,12.767,0.1449,0.0209,0.1641,0.0,0.21,0.0,7,5,2,1.0,16.0,16.0,5.4054,1,2,0.2857,0.035,0.0,0.9571,0.9727,1.2667,-0.9,,,1,1,,2024,2025,2024.4286,1,2020,2020,2005,e11e3990df1eb7a6,F,12.64,0
11.56,11.66,11.595,0.1556,0.0133,11.89,0.33,11.5675,11.6875,11.525,11.6513,11.57,0.1937,0.0166,11.94,0.415,11.555,11.6662,0.2449,0.0767,0.3235,0.06,0.33,0.0533,4,4,2,1.0,16.0,16.0,3.5547,1,1,0.25,0.12,0.0,0.175,0.9142,0.9,-0.55,,,1,1,,2024,2025,2024.5,1,2020,2020,2005,5c5fa7b00ce09739,M,11.56,0
12.8,12.96,13.0,0.1442,0.0111,13.08,0.28,12.9,13.04,12.734,12.916,12.928,0.1763,0.0137,13.086,0.352,12.831,13.007,-0.1889,0.0327,-0.2149,0.2,0.0,0.1574,3,2,2,1.0,15.0,17.0,2.3615,1,1,0.3333,-0.06,0.0,0.7333,0.7234,1.15,-0.1,,,1,1,,2024,2025,2024.3333,1,2020,2020,2005,6b0b6dee93aeb02d,F,12.8,0
11.37,11.4767,11.43,0.1361,0.0119,11.63,0.26,11.4,11.53,11.355,11.4467,11.39,0.1296,0.0113,11.595,0.24,11.3725,11.4925,-0.0776,0.0818,-0.0667,0.06,0.0,0.0291,3,3,2,2.0,15.0,17.0,1.4571,1,1,0.3333,0.07,0.0,0.6,0.2646,0.6,0.0,,,1,1,,2023,2025,2023.6667,2,2020,2020,2005,e4b155558f3c65ad,M,11.37,0
12.46,12.6912,12.625,0.1991,0.0157,13.04,0.58,12.58,12.825,12.436,12.6702,12.652,0.2018,0.0159,13.04,0.604,12.517,12.7815,-0.1859,0.1026,-0.1697,0.41,0.03,0.1813,8,7,3,2.0,14.0,16.0,3.5375,1,6,0.75,-0.1883,0.0,0.35,0.9769,0.7333,-1.6,,,1,1,,2023,2025,2024.5,2,2020,2020,2005,d65ecc5da65e1109,F,12.46,0
13.62,13.9967,14.13,0.3308,0.0236,14.24,0.62,13.875,14.185,13.596,13.9867,14.124,0.3433,0.0245,14.24,0.644,13.86,14.182,-0.3066,0.0449,-0.318,0.51,0.0,0.2768,3,2,2,2.0,15.0,17.0,1.6282,1,1,0.3333,-0.365,0.0,0.1667,0.2082,0.25,0.0,,,1,1,,2023,2025,2023.6667,2,2020,2020,2005,0032e7d558115ef2,F,13.62,0
10.82,11.3164,11.18,0.3572,0.0316,11.93,1.11,11.075,11.51,10.76,11.2923,11.2,0.3636,0.0322,11.9,1.14,11.06,11.535,-0.2859,0.2204,-0.2901,1.02,0.31,0.4954,11,9,3,2.0,14.0,16.0,5.3428,1,6,0.5455,-0.3307,0.0,0.4818,1.0824,0.9875,-0.8667,,,1,1,,2023,2025,2024.1818,2,2020,2020,2005,a54c6817867807df,M,10.82,0
10.86,11.2155,11.17,0.3652,0.0326,11.98,1.12,10.91,11.305,10.79,11.2191,11.19,0.393,0.035,12.085,1.295,10.9075,11.2975,-0.4509,0.1906,-0.4937,1.12,0.02,0.577,11,8,3,2.0,14.0,16.0,5.6668,1,4,0.3636,-0.4308,0.1818,-0.0889,1.041,0.58,-0.925,,,1,1,,2023,2025,2024.4545,2,2020,2020,2005,ea064f357c8d258c,M,10.86,0
11.86,12.2567,12.27,0.3902,0.0318,12.64,0.78,12.065,12.455,11.865,12.2717,12.32,0.3848,0.0314,12.63,0.765,12.0925,12.475,-0.3927,0.0142,-0.3847,0.78,0.0,0.393,3,3,3,2.0,14.0,16.0,1.5114,0,0,0.0,0.0,0.0,-0.3,0.6245,0.2,-0.55,171.0,54.0,0,0,18.4672,2023,2025,2024.0,2,2020,2020,2005,859fc290281a80f9,M,11.86,1
11.37,11.5644,11.545,0.152,0.0131,11.92,0.55,11.465,11.64,11.32,11.5738,11.5325,0.1832,0.0158,11.915,0.595,11.4525,11.6775,-0.1298,0.1199,-0.113,0.19,0.18,0.098,16,11,3,2.0,14.0,15.0,8.2542,1,8,0.5,0.0012,0.0,-0.1875,1.5444,1.2333,-1.1556,,,1,1,,2023,2025,2023.8125,2,2020,2020,2005,bb8e479ad3dfc27f,M,11.37,0
11.6,11.9,11.83,0.3212,0.027,12.68,1.08,11.72,11.97,11.655,11.9111,11.825,0.3113,0.0261,12.68,1.025,11.735,11.945,-0.165,0.2588,-0.1217,1.08,0.0,0.5077,9,7,3,2.0,14.0,16.0,4.2307,1,4,0.4444,0.207,0.1111,-0.25,1.3115,1.1,-1.325,162.0,,0,1,,2023,2025,2023.4444,2,2020,2020,2005,bef267f414ab5907,M,11.6,0
13.59,14.0412,14.005,0.3598,0.0256,14.59,1.0,13.8125,14.2475,13.566,14.0592,14.041,0.3942,0.028,14.638,1.072,13.8185,14.2685,-0.2292,0.2921,-0.2653,0.86,0.05,0.2664,8,6,4,3.0,13.0,15.0,2.4784,1,2,0.25,0.2083,0.0,-0.3,0.9636,0.5333,-1.3333,,,1,1,,2022,2025,2023.5,3,2020,2020,2005,4334be71e8254ab2,F,13.59,0
13.73,14.2733,14.46,0.4782,0.0335,14.63,0.9,14.095,14.545,13.79,14.2933,14.46,0.4441,0.0311,14.63,0.84,14.125,14.545,-0.4423,0.0694,-0.4098,0.73,0.0,0.3962,3,2,2,2.0,15.0,16.0,1.6282,1,1,0.3333,-0.535,0.0,-0.3333,0.5774,0.0,-1.0,160.0,50.0,0,0,19.5312,2023,2025,2023.6667,2,2020,2020,2005,553be80e5134a870,F,13.73,1
12.05,12.34,12.255,0.3218,0.0261,12.8,0.75,12.1925,12.4025,12.03,12.31,12.205,0.3371,0.0274,12.8,0.77,12.15,12.365,-0.2563,0.2458,-0.2856,0.75,0.22,0.5392,4,4,2,1.0,17.0,17.0,2.876,1,4,1.0,0.0,0.0,0.6,0.4899,0.8,0.0,,,1,1,,2023,2024,2023.25,1,2020,2020,2005,c2e6889d32dc5a6c,M,12.05,0
13.14,13.3825,13.305,0.3571,0.0267,14.24,1.1,13.195,13.3425,13.002,13.3675,13.261,0.4488,0.0336,14.42,1.418,13.1635,13.3635,-0.2062,0.244,-0.3483,1.1,0.24,0.5364,8,5,3,2.0,15.0,16.0,3.9012,1,3,0.375,0.244,0.0,0.25,1.7263,1.55,-1.4,,,1,1,,2023,2025,2024.375,2,2020,2020,2005,45dae65fb8f199d7,F,13.14,0
12.02,12.5233,12.49,0.2691,0.0215,12.99,0.97,12.42,12.665,11.852,12.5148,12.516,0.3282,0.0262,12.966,1.114,12.342,12.7345,-0.1509,0.1855,-0.1584,0.72,0.46,0.2437,12,8,3,3.0,15.0,18.0,4.0621,1,4,0.3333,0.1325,0.0,0.1417,1.506,1.1571,-1.28,,,1,1,,2022,2025,2024.3333,3,2020,2020,2005,12f09abdc8a4ab68,F,12.02,0
12.88,13.103,13.085,0.1436,0.011,13.35,0.47,13.0075,13.19,12.844,13.0838,13.04,0.1791,0.0137,13.434,0.59,13.003,13.1925,-0.1126,0.1395,-0.0817,0.39,0.47,0.1902,10,7,3,2.0,15.0,16.0,4.8765,1,4,0.4,0.1342,0.0,0.32,1.002,0.9333,-0.8,,,1,1,,2023,2025,2024.4,2,2020,2020,2005,ba2e06a02a1102ed,F,12.88,0
12.46,12.9375,12.925,0.3501,0.0271,13.48,1.02,12.64,13.155,12.46,12.9345,12.931,0.3809,0.0295,13.564,1.104,12.6255,13.1775,-0.202,0.2251,-0.2173,0.97,0.3,0.3277,12,9,3,3.0,13.0,16.0,4.0546,1,5,0.4167,0.0026,0.0833,0.0545,0.9699,0.86,-0.74,,,1,1,,2022,2025,2023.9167,3,2020,2020,2005,8888d3f9132fc980,F,12.46,0
12.07,12.36,12.31,0.2421,0.0196,12.78,0.71,12.245,12.4275,12.02,12.3942,12.405,0.2594,0.0209,12.78,0.76,12.2638,12.505,-0.1908,0.1839,-0.1186,0.71,0.29,0.3705,6,5,3,2.0,14.0,15.0,3.1307,1,1,0.1667,0.144,0.1667,-0.82,1.946,0.5667,-2.9,,,1,1,,2023,2025,2023.8333,2,2020,2020,2005,22c23901976551ad,M,12.07,0
10.6,10.725,10.735,0.0947,0.0088,10.83,0.23,10.6975,10.7625,10.525,10.6712,10.6575,0.1335,0.0125,10.845,0.32,10.6038,10.725,1.1013,0.0807,3.0184,0.13,0.23,2.9677,4,3,1,0.0,20.0,20.0,91.3125,0,0,0.0,0.0,0.0,1.075,0.9878,1.5333,-0.3,178.0,72.0,0,0,22.7244,2025,2025,2025.0,0,2020,2020,2005,fe1b9fdbc79a01c4,M,10.6,1
12.29,12.488,12.55,0.1316,0.0105,12.61,0.32,12.42,12.57,12.308,12.4892,12.562,0.1234,0.0099,12.592,0.284,12.414,12.57,0.0795,0.1138,0.1041,0.32,0.28,0.3641,5,3,2,1.0,17.0,17.0,5.6893,1,2,0.4,0.045,0.0,-0.02,0.5541,0.45,-0.5,163.0,55.0,0,0,20.7008,2024,2025,2024.2,1,2020,2020,2005,97186be53d473ad8,F,12.29,1
12.24,12.335,12.315,0.1034,0.0084,12.47,0.23,12.2625,12.3875,12.138,12.302,12.297,0.1474,0.012,12.476,0.338,12.21,12.389,-0.0472,0.0787,-0.0189,0.03,0.0,0.0129,4,3,3,2.0,17.0,19.0,1.7148,1,2,0.5,0.04,0.0,0.55,1.103,1.15,-0.1,,,1,1,,2022,2025,2023.25,3,2020,2020,2005,7d2c3fb7fba10542,F,12.24,0
10.93,11.108,11.1,0.1158,0.0104,11.23,0.3,11.09,11.19,10.835,11.098,11.105,0.1632,0.0147,11.255,0.42,11.085,11.21,0.0863,0.0955,0.0904,0.17,0.3,0.1265,5,3,2,1.0,17.0,17.0,3.7195,1,2,0.4,0.0217,0.0,0.2,1.1662,0.8667,-0.8,,,1,1,,2024,2025,2024.2,1,2020,2020,2005,017b66f6e0e920ae,M,10.93,0
12.97,13.4933,13.28,0.6565,0.0487,14.23,1.26,13.125,13.755,13.006,13.5053,13.244,0.6694,0.0496,14.266,1.26,13.125,13.755,-0.5259,0.1768,-0.5465,1.26,0.31,0.587,3,3,2,2.0,14.0,16.0,1.3976,1,3,1.0,0.0,0.0,-0.2,0.6928,0.6,-0.6,,,1,1,,2023,2025,2024.3333,2,2020,2020,2005,35a1a5c46021870f,F,12.97,0
11.62,11.7067,11.7,0.0902,0.0077,11.8,0.18,11.66,11.75,11.625,11.68,11.7,0.0482,0.0041,11.715,0.09,11.6625,11.7075,-0.1847,0.0716,-0.26,0.08,0.0,0.3563,3,3,1,0.0,17.0,17.0,13.3628,1,1,0.3333,0.01,0.3333,0.8,1.2728,1.7,-0.1,,,1,1,,2024,2024,2024.0,0,2020,2020,2005,41ed0bad24fdbafe,M,11.62,0
12.69,12.9425,12.93,0.2207,0.017,13.22,0.53,12.8325,13.04,12.744,13.049,12.987,0.3246,0.0249,13.478,0.734,12.8325,13.2035,0.8859,0.1328,1.3877,0.0,0.29,0.0,4,3,1,0.0,16.0,16.0,11.5039,1,1,0.25,0.0833,0.0,-1.775,1.9687,0.3,-2.4667,,,1,1,,2025,2025,2025.0,0,2020,2020,2005,e2ad6387b053ffe4,F,12.69,0
12.89,12.995,12.995,0.1485,0.0114,13.1,0.21,12.9425,13.0475,12.938,12.971,12.971,0.0467,0.0036,13.004,0.066,12.9545,12.9875,,,,0.21,0.0,0.1007,2,2,2,2.0,18.0,20.0,0.9587,0,0,0.0,0.0,0.0,0.4,1.6971,1.6,-0.8,,,1,1,,2021,2023,2022.0,2,2020,2020,2000,333e945235c8a280,F,12.16,0
12.54,12.61,12.625,0.0497,0.0039,12.65,0.11,12.5925,12.6425,12.546,12.631,12.64,0.0675,0.0053,12.698,0.152,12.594,12.677,0.0177,0.039,0.0393,0.07,0.11,0.0349,4,4,2,2.0,18.0,18.0,1.9932,1,1,0.25,-0.04,0.0,-0.35,0.3697,0.0,-0.4667,177.0,60.0,0,0,19.1516,2023,2025,2023.5,2,2020,2020,2005,8643ea38e075e847,F,12.54,1
12.5,12.9378,12.9,0.3623,0.028,13.73,1.23,12.73,13.05,12.416,12.9238,12.954,0.4142,0.032,13.778,1.362,12.59,13.098,-0.2152,0.2115,-0.2434,0.64,0.23,0.2137,9,7,4,3.0,14.0,17.0,3.0048,1,3,0.3333,0.0217,0.0,0.2333,1.4967,1.525,-0.8,,,1,1,,2022,2025,2023.8889,3,2020,2020,2005,6f8325254ef3c8ba,F,12.5,0
12.83,13.2575,13.025,0.6106,0.0461,14.15,1.32,12.8825,13.4,12.896,13.271,13.046,0.5672,0.0427,14.096,1.2,12.899,13.418,1.2217,0.2697,1.1191,0.32,1.32,0.3185,4,3,2,1.0,17.0,17.0,3.9809,1,1,0.25,0.57,0.0,-0.225,0.877,0.9,-0.9,,,1,1,,2024,2025,2024.25,1,2020,2020,2005,20f4694e766d25df,F,12.83,0
11.06,11.195,11.2,0.134,0.012,11.32,0.26,11.09,11.305,11.085,11.2138,11.2,0.1272,0.0113,11.37,0.285,11.1262,11.2875,0.2148,0.0787,0.1405,0.0,0.24,0.0,4,4,2,1.0,17.0,17.0,3.9809,1,1,0.25,0.1267,0.0,-0.375,1.1147,0.55,-1.3,,,1,1,,2024,2025,2024.25,1,2020,2020,2005,87a3e926484d494c,M,11.06,0
12.14,12.5622,12.41,0.479,0.0381,13.55,1.41,12.26,12.49,12.038,12.5829,12.398,0.5547,0.0441,13.784,1.746,12.296,12.468,-0.6408,0.256,-0.6843,1.05,0.12,0.6467,9,8,3,2.0,17.0,18.0,5.5434,1,5,0.5556,-0.373,0.0,-0.3444,1.5946,0.825,-1.28,,,1,1,,2023,2025,2024.1111,2,2020,2020,2005,db1ecefff979650e,F,12.14,0
12.13,12.4333,12.49,0.2513,0.0202,12.78,0.65,12.23,12.5475,12.058,12.4093,12.499,0.2774,0.0224,12.744,0.686,12.182,12.5595,-0.1793,0.1467,-0.2051,0.65,0.34,0.3036,6,4,2,2.0,14.0,16.0,2.8024,1,3,0.5,-0.1267,0.0,0.4,0.6542,0.9667,-0.1667,,,1,1,,2023,2025,2024.0,2,2020,2020,2005,525a1d85ca5f42ee,F,12.13,0
12.76,12.9525,12.87,0.2445,0.0189,13.31,0.55,12.8275,12.995,12.784,12.9645,12.897,0.2183,0.0168,13.28,0.496,12.847,13.0145,0.0277,0.2099,0.0449,0.09,0.13,0.0916,4,4,2,1.0,15.0,16.0,4.0696,0,0,0.0,0.0,0.0,-0.2,0.483,0.5,-0.4333,164.0,52.0,0,0,19.3337,2024,2025,2024.75,1,2020,2020,2005,3552a00a4902e6f3,F,12.76,1
10.89,11.1811,11.12,0.254,0.0227,11.62,0.73,10.95,11.34,10.9,11.1644,11.1,0.2769,0.0248,11.68,0.78,10.925,11.335,-0.2009,0.1228,-0.2246,0.52,0.23,0.1915,9,7,3,3.0,16.0,19.0,3.3138,1,3,0.3333,0.0417,0.0,0.3333,1.084,0.92,-0.4,,,1,1,,2023,2025,2024.2222,2,2020,2020,2005,d4f7adae6ad0aacb,M,10.89,0
12.19,12.48,12.39,0.3638,0.0291,13.46,1.27,12.235,12.575,12.198,12.5138,12.372,0.389,0.0311,13.52,1.322,12.247,12.641,-0.4034,0.1769,-0.4385,1.27,0.0,0.6488,11,9,3,2.0,14.0,16.0,5.6192,1,4,0.3636,0.0583,0.0,-0.5636,0.9223,0.2,-0.9714,,,1,1,,2023,2025,2024.4545,2,2020,2020,2005,131f1d7ca55a9a9e,F,12.19,0
12.87,12.9133,12.89,0.0586,0.0045,12.98,0.11,12.88,12.935,12.858,12.9253,12.95,0.059,0.0046,12.968,0.11,12.904,12.959,0.0512,0.0082,0.0327,0.0,0.11,0.0,3,2,2,2.0,15.0,15.0,1.5347,1,1,0.3333,0.065,0.0,-0.2,0.6928,0.2,-1.0,,,1,1,,2023,2025,2023.6667,2,2020,2020,2005,3ba0fa25f03d0d72,F,12.87,0
12.4,12.57,12.51,0.1704,0.0136,12.82,0.42,12.4525,12.6875,12.412,12.575,12.51,0.1622,0.0129,12.82,0.408,12.472,12.6815,-0.1376,0.1101,-0.1346,0.34,0.13,0.1737,6,5,3,2.0,14.0,15.0,3.065,1,3,0.5,0.0267,0.0,-0.0833,0.2714,0.2,-0.3,,,1,1,,2023,2025,2024.0,2,2020,2020,2005,8931597902f3b147,F,12.4,0
10.8,11.3371,11.0,0.9833,0.0867,13.54,2.74,10.86,11.15,10.79,11.3479,11.075,0.9768,0.0861,13.53,2.74,10.85,11.17,0.1924,0.8567,0.2627,0.44,2.74,0.2312,7,6,3,2.0,14.0,15.0,3.6788,1,2,0.2857,0.675,0.0,-0.2143,0.6466,0.2,-0.7667,,,1,1,,2023,2025,2024.1429,2,2020,2020,2005,3d38ff9a575a9f54,M,10.8,0
12.05,12.38,12.33,0.2274,0.0184,12.84,0.79,12.19,12.54,12.046,12.3936,12.456,0.2342,0.0189,12.876,0.83,12.18,12.551,-0.2183,0.1531,-0.2045,0.52,0.14,0.2549,19,12,3,2.0,15.0,16.0,9.3151,1,6,0.3158,0.1456,0.1579,-0.2688,0.7947,0.45,-0.875,,,1,1,,2023,2025,2024.1579,2,2020,2020,2005,44a96f97dafb0273,F,12.05,0
12.45,12.83,12.65,0.4134,0.0322,13.51,1.06,12.5525,13.1875,12.344,12.8054,12.663,0.4619,0.0361,13.6,1.256,12.448,13.142,-0.3261,0.0932,-0.3563,1.06,0.17,0.3497,10,8,3,3.0,13.0,16.0,3.2995,1,2,0.2,0.4,0.0,0.41,1.2827,1.2,-1.0333,,,1,1,,2022,2025,2024.2,3,2020,2020,2005,79777416f8205751,F,12.45,0
11.37,11.405,11.395,0.0404,0.0035,11.46,0.09,11.3775,11.4225,11.38,11.44,11.4525,0.0418,0.0037,11.475,0.095,11.4288,11.4638,-0.0711,0.0312,-0.0861,0.09,0.01,0.0921,4,4,2,1.0,16.0,17.0,4.0924,1,2,0.5,-0.03,0.5,-1.4,0.9899,0.0,-1.4,,,1,1,,2024,2025,2024.25,1,2020,2020,2005,b44322774e05068d,M,11.37,0
11.43,11.55,11.55,0.1697,0.0147,11.67,0.24,11.49,11.61,11.42,11.5425,11.5425,0.1732,0.015,11.665,0.245,11.4812,11.6038,,,,0.24,0.0,1.0436,2,2,1,0.0,19.0,19.0,8.6964,1,2,1.0,0.0,0.0,0.15,0.0707,0.15,0.0,,,1,1,,2023,2023,2023.0,0,2020,2020,2000,c2e13b33017c6ab8,M,11.43,0
13.09,13.31,13.15,0.3173,0.0238,13.85,0.76,13.12,13.34,13.0,13.2812,13.246,0.3546,0.0267,13.88,0.88,13.03,13.25,-0.1602,0.1764,-0.1512,0.25,0.0,0.077,5,5,3,3.0,14.0,17.0,1.5398,1,2,0.4,-0.2917,0.0,0.48,1.4923,1.5,-1.05,,,1,1,,2022,2025,2023.6,3,2020,2020,2005,b191469550d307ae,F,13.09,0
11.21,11.4325,11.235,0.412,0.036,12.05,0.84,11.2175,11.45,11.15,11.4338,11.2525,0.437,0.0382,12.08,0.93,11.1762,11.51,-0.3259,0.1682,-0.3562,0.84,0.01,0.3364,4,4,3,2.0,14.0,16.0,1.602,1,1,0.25,0.2433,0.0,-0.025,1.7173,1.35,-1.4,,,1,1,,2023,2025,2024.25,2,2020,2020,2005,434e176eb4f4d490,M,11.21,0
12.05,12.4514,12.435,0.2764,0.0222,13.01,0.96,12.24,12.6,11.894,12.4394,12.474,0.2701,0.0217,12.932,1.038,12.234,12.6095,-0.2537,0.2264,-0.2311,0.43,0.35,0.2903,14,11,2,1.0,15.0,16.0,9.4519,1,4,0.2857,-0.103,0.0,0.2,1.2241,1.0375,-1.1,,,1,1,,2024,2025,2024.6429,1,2020,2020,2005,5f9fb82346100d7b,F,12.05,0
11.13,11.4129,11.38,0.284,0.0249,11.79,0.66,11.15,11.645,11.1,11.4157,11.405,0.3116,0.0273,11.84,0.74,11.1225,11.66,-0.4125,0.1195,-0.4779,0.43,0.03,0.3258,7,7,2,1.0,18.0,19.0,5.3045,1,2,0.2857,-0.325,0.0,-0.0571,0.7138,0.5667,-0.525,,,1,1,,2023,2024,2023.5714,1,2020,2020,2005,29c686c96edee8d5,M,11.13,0
13.97,14.12,14.08,0.1735,0.0123,14.31,0.34,14.025,14.195,13.88,14.04,13.906,0.2549,0.0182,14.334,0.454,13.893,14.12,0.1227,0.0479,0.1563,0.0,0.34,0.0,3,3,3,3.0,14.0,14.0,1.139,1,1,0.3333,0.06,0.0,1.3333,1.6563,2.2,-0.4,,,1,1,,2022,2025,2023.6667,3,2020,2020,2005,545aad1684bf6174,F,13.97,0
12.41,12.6938,12.58,0.3375,0.0266,13.24,0.83,12.47,12.775,12.43,12.6428,12.509,0.3012,0.0238,13.15,0.72,12.434,12.709,-0.2539,0.0975,-0.227,0.8,0.17,0.2688,8,5,3,3.0,14.0,16.0,2.6881,1,4,0.5,-0.1125,0.0,0.85,0.9885,1.52,-0.4,,,1,1,,2022,2025,2024.125,3,2020,2020,2005,9e5197ee7553b956,F,12.41,0
10.75,10.88,10.89,0.1253,0.0115,11.0,0.25,10.82,10.945,10.735,10.8517,10.9,0.1015,0.0094,10.92,0.185,10.8175,10.91,0.0134,0.102,0.0891,0.0,0.14,0.0,3,3,2,1.0,17.0,17.0,2.5966,1,1,0.3333,-0.18,0.0,0.5667,1.3204,1.15,-0.6,180.0,72.0,0,0,22.2222,2024,2025,2024.3333,1,2020,2020,2005,5a78cc39df46596c,M,10.75,1
10.87,11.3829,11.21,0.4213,0.037,12.02,1.15,11.135,11.655,10.865,11.3679,11.18,0.3965,0.0349,11.97,1.105,11.14,11.64,-0.5782,0.1565,-0.5372,1.15,0.3,0.6909,7,7,3,2.0,17.0,19.0,4.2052,1,3,0.4286,-0.5317,0.0,0.3,0.9592,0.72,-0.75,176.0,60.0,0,0,19.3698,2023,2025,2024.0,2,2020,2020,2005,e94ece73afdab411,M,10.87,1
11.34,11.755,11.845,0.2885,0.0245,11.99,0.65,11.6775,11.9225,11.175,11.7188,11.8475,0.37,0.0316,12.005,0.83,11.6775,11.8888,-0.3777,0.0765,-0.4554,0.56,0.0,0.3595,4,4,3,2.0,17.0,18.0,2.5677,1,4,1.0,0.0,0.0,0.725,1.9225,2.15,-0.7,,,1,1,,2023,2025,2023.75,2,2020,2020,2005,2d8af15f4da65470,M,11.34,0
11.72,11.9667,11.99,0.2359,0.0197,12.19,0.47,11.855,12.09,11.675,11.935,11.94,0.2575,0.0216,12.19,0.515,11.8075,12.065,-0.391,0.0662,-0.4152,0.47,0.0,0.4578,3,3,2,1.0,17.0,18.0,2.922,1,3,1.0,0.0,0.0,0.6333,0.5508,0.95,0.0,,,1,1,,2023,2024,2023.3333,1,2020,2020,2005,380f581e39888df9,M,11.72,0
11.91,12.11,11.95,0.3124,0.0258,12.47,0.56,11.93,12.21,11.82,12.05,11.86,0.3643,0.0302,12.47,0.65,11.84,12.165,-1.2344,0.0629,-1.4727,0.56,0.04,1.2103,3,3,1,0.0,17.0,17.0,6.4837,1,3,1.0,0.0,0.0,1.2,1.3115,1.8,0.0,,,1,1,,2023,2023,2023.0,0,2020,2020,2005,7dc0926dad944c83,M,11.91,0
11.1,11.297,11.275,0.1945,0.0172,11.79,0.69,11.1875,11.3175,11.095,11.3085,11.3,0.2177,0.0193,11.84,0.745,11.1475,11.3412,-0.2425,0.1449,-0.3066,0.69,0.18,0.578,10,8,2,1.0,16.0,16.0,8.3773,1,2,0.2,-0.0271,0.0,-0.23,0.6482,0.425,-0.6667,176.0,66.0,0,0,21.3068,2024,2025,2024.9,1,2020,2020,2005,9cca402cd8b2e7c6,M,11.1,1
11.51,11.872,11.81,0.3593,0.0303,12.43,0.92,11.63,11.98,11.415,11.835,11.85,0.3802,0.0321,12.405,0.99,11.575,11.93,-0.5763,0.1737,-0.5844,0.47,0.12,0.4379,5,5,2,1.0,18.0,19.0,4.6588,1,5,1.0,0.0,0.0,0.74,0.9965,1.125,-0.8,,,1,1,,2023,2024,2023.6,1,2020,2020,2005,04074f6e87cf063f,M,11.51,0
11.54,11.75,11.76,0.1466,0.0125,11.95,0.41,11.72,11.78,11.55,11.789,11.82,0.1503,0.0127,11.965,0.415,11.785,11.825,-0.1372,0.1272,-0.0983,0.41,0.18,0.4769,5,5,2,1.0,16.0,16.0,5.8161,1,2,0.4,0.15,0.0,-0.78,0.5263,0.0,-0.78,,,1,1,,2024,2025,2024.4,1,2020,2020,2005,9c11742038256335,M,11.54,0
11.12,11.632,11.62,0.4112,0.0353,12.16,1.04,11.37,11.89,10.975,11.602,11.66,0.4471,0.0385,12.11,1.135,11.365,11.9,-0.6005,0.0835,-0.6496,1.04,0.0,0.6676,5,5,3,2.0,17.0,18.0,3.2096,1,5,1.0,0.0,0.0,0.6,1.4405,1.3333,-0.5,,,1,1,,2023,2025,2023.8,2,2020,2020,2005,467998702dd5e05d,M,11.12,0
13.13,13.438,13.48,0.2749,0.0205,13.73,0.6,13.18,13.67,13.184,13.4488,13.48,0.2307,0.0172,13.682,0.498,13.24,13.658,0.4357,0.0909,0.3968,0.0,0.54,0.0,5,4,2,1.0,15.0,15.0,4.2669,1,1,0.2,-0.2233,0.0,-0.18,0.8843,1.2,-0.7,,,1,1,,2023,2024,2023.6,1,2020,2020,2005,82a0db059e356ab3,F,13.13,0
11.16,11.6075,11.49,0.5224,0.045,12.29,1.13,11.22,11.8775,11.16,11.58,11.46,0.5036,0.0435,12.24,1.08,11.2012,11.8387,-0.8313,0.1662,-0.9426,1.13,0.0,1.037,4,4,2,1.0,18.0,19.0,3.6709,1,4,1.0,0.0,0.0,0.55,0.4203,0.7333,0.0,,,1,1,,2023,2024,2023.5,1,2020,2020,2005,4a4efda54470cb0f,M,11.16,0
12.6,12.8062,12.77,0.1986,0.0155,13.27,0.67,12.725,12.79,12.612,12.8017,12.752,0.2201,0.0172,13.312,0.7,12.6875,12.811,0.0655,0.1721,0.163,0.11,0.17,0.0862,8,6,2,1.0,17.0,18.0,6.2704,1,4,0.5,-0.0875,0.0,0.075,0.6649,0.8333,-0.38,160.0,50.0,0,0,19.5312,2023,2024,2023.25,1,2020,2020,2005,0d2183fb070f8940,F,12.6,1
11.11,11.4229,11.33,0.3337,0.0292,11.97,0.86,11.165,11.61,11.12,11.44,11.315,0.3172,0.0277,11.97,0.85,11.2275,11.61,-0.4565,0.0827,-0.4256,0.86,0.0,0.5124,7,7,3,2.0,17.0,18.0,4.1709,1,5,0.7143,-0.382,0.0,-0.3429,0.7208,0.25,-0.725,,,1,1,,2023,2025,2024.1429,2,2020,2020,2005,cced6b9e6db2695a,M,11.11,0
11.52,12.2375,11.755,1.1272,0.0921,13.92,2.4,11.685,12.3075,11.47,12.21,11.76,1.1019,0.0902,13.85,2.38,11.68,12.29,2.1779,0.8759,2.1,0.25,2.4,0.5017,4,4,1,0.0,17.0,18.0,8.0275,1,3,0.75,2.2433,0.0,0.55,0.7724,1.2,-0.2,,,1,1,,2023,2023,2023.0,0,2020,2020,2005,fbb84253c9c0b5c2,M,11.52,0
13.07,13.2475,13.25,0.1416,0.0107,13.55,0.48,13.195,13.26,13.034,13.2295,13.232,0.189,0.0143,13.646,0.612,13.101,13.251,-0.0204,0.131,-0.0837,0.18,0.19,0.0929,8,8,3,2.0,16.0,17.0,4.1271,1,4,0.5,0.05,0.0,0.3,1.2683,0.8,-1.6,160.0,54.0,0,0,21.0937,2023,2025,2023.875,2,2020,2020,2005,a40b27488fef4724,F,13.07,1
11.14,11.7371,11.59,0.5051,0.043,12.74,1.6,11.495,11.85,11.05,11.7336,11.605,0.5182,0.0442,12.74,1.69,11.525,11.845,-0.4128,0.2485,-0.4688,1.6,0.0,0.6626,7,7,3,2.0,16.0,19.0,2.8988,1,5,0.7143,-0.563,0.0,0.0714,0.9429,0.7333,-0.85,,,1,1,,2023,2025,2023.7143,2,2020,2020,2005,b31eae09bac18e82,M,11.14,0
13.12,13.25,13.26,0.0927,0.007,13.37,0.25,13.19,13.3075,13.0,13.219,13.248,0.1288,0.0097,13.37,0.37,13.174,13.286,-0.0765,0.0517,-0.1034,0.25,0.13,0.1224,6,5,3,2.0,15.0,17.0,2.9377,1,3,0.5,0.04,0.0,0.5167,0.7627,0.8,-0.1,167.0,52.0,0,0,18.6453,2023,2025,2023.8333,2,2020,2020,2005,18ac7a3c12ec2b87,F,13.12,1
11.46,11.7117,11.655,0.2878,0.0246,12.25,0.79,11.5225,11.7425,11.43,11.7192,11.6675,0.3026,0.0258,12.25,0.82,11.51,11.7988,-0.3296,0.1899,-0.304,0.79,0.26,0.5434,6,6,2,1.0,16.0,18.0,4.1271,1,5,0.8333,-0.254,0.0,-0.15,0.9586,0.8,-1.25,,,1,1,,2023,2024,2023.5,1,2020,2020,2005,913b047987f83cad,M,11.46,0
12.88,13.168,13.14,0.2402,0.0182,13.44,0.56,13.0,13.38,12.82,13.1668,13.14,0.2816,0.0214,13.464,0.644,12.976,13.434,0.4405,0.1615,0.4875,0.26,0.56,0.2721,5,4,2,1.0,15.0,15.0,5.2328,1,1,0.2,0.21,0.2,0.025,0.8421,0.7,-0.65,168.0,55.0,0,0,19.487,2024,2025,2024.2,1,2020,2020,2005,60ca349a3a8fff88,F,12.88,1
11.43,13.07,11.84,2.4939,0.1908,15.94,4.51,11.635,13.89,11.38,13.07,11.885,2.5026,0.1915,15.945,4.565,11.6325,13.915,-1.7845,1.9078,-1.7003,0.0,0.41,0.0,3,3,2,1.0,18.0,18.0,3.3924,1,3,1.0,0.0,0.0,-0.0,0.9539,1.0,-0.5,,,1,1,,2023,2024,2023.3333,1,2020,2020,2005,3b4d914ba2f30c46,M,11.43,0
11.83,12.3575,12.105,0.7149,0.0578,13.39,1.56,11.905,12.5575,11.84,12.3663,12.1275,0.7015,0.0567,13.37,1.53,11.9075,12.5862,-0.7973,0.0635,-0.7835,1.56,0.0,0.7947,4,4,3,2.0,14.0,16.0,2.0377,1,3,0.75,1.3767,0.0,-0.175,0.5439,0.4,-0.55,,,1,1,,2023,2025,2024.25,2,2020,2020,2005,d98c3f1875040c6c,M,11.83,0
10.96,11.3033,11.41,0.3044,0.0269,11.54,0.58,11.185,11.475,10.795,11.195,11.315,0.3555,0.0318,11.475,0.68,11.055,11.395,-0.4835,0.1493,-0.5597,0.45,0.0,0.4491,3,3,2,1.0,17.0,18.0,2.9939,1,1,0.3333,0.515,0.0,2.1667,1.0263,2.1667,0.0,182.0,63.0,0,0,19.0194,2024,2025,2024.3333,1,2020,2020,2005,14436456ef1865ee,M,10.96,1
13.08,13.36,13.23,0.3629,0.0272,13.77,0.69,13.155,13.5,13.05,13.364,13.272,0.3687,0.0276,13.77,0.72,13.161,13.521,-0.661,0.0007,-0.6682,0.69,0.0,0.6615,3,3,2,1.0,17.0,18.0,2.876,1,3,1.0,0.0,0.0,-0.0667,0.6028,0.5,-0.7,,,1,1,,2023,2024,2023.6667,1,2020,2020,2005,6443be0cf7a2ee58,F,13.08,0
11.18,11.6038,11.635,0.2824,0.0243,12.02,0.84,11.4375,11.7575,11.07,11.5869,11.63,0.31,0.0268,11.97,0.9,11.4175,11.7938,-0.3601,0.1116,-0.3837,0.84,0.1,0.4091,8,8,3,2.0,17.0,19.0,3.896,1,3,0.375,-0.426,0.0,0.3375,0.9576,0.84,-0.75,,,1,1,,2023,2025,2024.0,2,2020,2020,2005,2c223f134bb48e3e,M,11.18,0
12.44,12.8064,12.715,0.3063,0.0239,13.25,0.81,12.5475,13.1075,12.446,12.7867,12.719,0.3083,0.0241,13.31,0.864,12.522,13.0565,-0.4661,0.1651,-0.4478,0.7,0.09,0.3409,14,12,3,2.0,16.0,18.0,6.818,1,8,0.5714,0.0082,0.0,0.3286,0.8156,0.66,-0.5,,,1,1,,2023,2025,2024.5714,2,2020,2020,2005,b9759e70054f1657,F,12.44,0
12.23,12.455,12.455,0.3182,0.0255,12.68,0.45,12.3425,12.5675,12.22,12.47,12.47,0.3536,0.0284,12.72,0.5,12.345,12.595,,,,0.0,0.45,0.0,2,2,2,1.0,17.0,17.0,3.0565,1,2,1.0,0.0,0.0,-0.3,0.7071,0.2,-0.8,180.0,70.0,0,0,21.6049,2024,2025,2024.5,1,2020,2020,2005,d22959d474341f0e,M,12.23,1
12.27,12.74,12.72,0.3788,0.0297,13.42,1.15,12.515,12.9375,12.24,12.7212,12.747,0.3742,0.0294,13.372,1.132,12.4625,12.9305,-0.3794,0.2829,-0.3747,0.72,0.02,0.3979,8,6,3,2.0,17.0,19.0,4.4206,1,6,0.75,-0.4133,0.0,0.3125,0.66,0.72,-0.3667,175.0,55.0,0,0,17.9592,2023,2025,2024.0,2,2020,2020,2005,728848ad3d971d6e,F,12.27,1
10.83,11.12,11.07,0.2458,0.0221,11.5,0.67,10.97,11.2525,10.82,11.1192,11.06,0.2515,0.0226,11.465,0.645,10.9612,11.3012,-0.3197,0.0856,-0.3052,0.67,0.11,0.3511,6,6,3,2.0,16.0,18.0,3.1442,1,1,0.1667,0.216,0.0,0.0167,0.6911,0.35,-1.3,173.0,63.0,0,0,21.0498,2023,2025,2024.1667,2,2020,2020,2005,a8ce144c8c9fec77,M,10.83,1
12.12,12.345,12.345,0.3182,0.0258,12.57,0.45,12.2325,12.4575,12.13,12.3375,12.3375,0.2934,0.0238,12.545,0.415,12.2337,12.4412,,,,0.45,0.0,0.7371,2,2,2,1.0,15.0,16.0,3.2758,0,0,0.0,0.0,0.0,0.15,0.495,0.5,-0.2,176.0,54.0,0,0,17.4329,2024,2025,2024.5,1,2020,2020,2005,e756c474f89912b2,M,12.12,1
11.26,12.42,11.735,1.7019,0.137,14.95,3.69,11.5825,12.5725,11.24,12.4013,11.7075,1.7143,0.1382,14.95,3.71,11.54,12.5687,2.7329,1.1782,2.8421,0.43,3.69,0.3976,4,4,2,1.0,18.0,18.0,3.6987,1,4,1.0,0.0,0.0,0.375,0.45,0.5,0.0,178.0,65.0,0,0,20.5151,2023,2024,2023.5,1,2020,2020,2005,adbcace683a5710a,M,11.26,1
11.47,11.694,11.71,0.1623,0.0139,11.86,0.39,11.6,11.83,11.505,11.696,11.66,0.148,0.0127,11.86,0.355,11.625,11.83,-0.1424,0.1061,-0.1382,0.39,0.13,0.2006,5,5,3,2.0,17.0,18.0,2.5722,1,4,0.8,0.2075,0.2,-0.05,0.7594,1.0,-0.6,,,1,1,,2022,2024,2023.0,2,2020,2020,2005,e538467d989d8080,M,11.47,0
11.27,11.65,11.61,0.4015,0.0345,12.07,0.8,11.44,11.84,11.11,11.58,11.61,0.4557,0.0394,12.02,0.91,11.36,11.815,-0.3873,0.175,-0.4747,0.8,0.0,0.5135,3,3,2,2.0,17.0,18.0,1.9257,1,3,1.0,0.0,0.0,1.4,1.6371,2.1,0.0,,,1,1,,2023,2025,2023.6667,2,2020,2020,2005,201a6225f93e1f8e,M,11.27,0
11.09,11.3542,11.4,0.1792,0.0158,11.65,0.56,11.215,11.44,10.97,11.3317,11.4025,0.1995,0.0176,11.605,0.635,11.225,11.4675,-0.1555,0.1235,-0.1521,0.33,0.19,0.143,12,10,3,2.0,15.0,17.0,5.1993,1,5,0.4167,-0.11,0.0,0.45,0.953,0.925,-0.5,,,1,1,,2023,2025,2023.9167,2,2020,2020,2005,a87ee5a6ac1ee886,M,11.09,0
11.12,11.3843,11.33,0.2261,0.0199,11.73,0.61,11.225,11.53,11.105,11.3736,11.33,0.2201,0.0194,11.71,0.605,11.2175,11.5175,-0.2911,0.1522,-0.2768,0.33,0.21,0.2565,7,7,2,1.0,17.0,18.0,5.4399,1,3,0.4286,-0.2025,0.0,0.2143,0.6309,0.625,-0.5,,,1,1,,2024,2025,2024.5714,1,2020,2020,2005,d3f7e2d347fd8551,M,11.12,0
11.38,11.61,11.61,0.3253,0.028,11.84,0.46,11.495,11.725,11.38,11.585,11.585,0.2899,0.025,11.79,0.41,11.4825,11.6875,,,,0.46,0.0,0.5979,2,2,2,1.0,17.0,18.0,2.5996,1,1,0.5,0.46,0.5,1.0,0.0,1.0,0.0,,,1,1,,2021,2022,2021.5,1,2020,2020,2000,88ce340633886c7a,M,11.38,0
12.38,12.665,12.65,0.2266,0.0179,12.97,0.59,12.51,12.82,12.356,12.674,12.662,0.2627,0.0207,13.03,0.674,12.483,12.8485,-0.1588,0.1372,-0.1858,0.16,0.12,0.0687,6,3,2,2.0,14.0,16.0,2.5752,1,3,0.5,0.0433,0.0,-0.15,0.6348,0.4,-0.7,,,1,1,,2023,2025,2023.6667,2,2020,2020,2005,5d5dfcbd51a9f6a3,F,12.38,0
11.57,11.765,11.765,0.2758,0.0234,11.96,0.39,11.6675,11.8625,11.53,11.745,11.745,0.3041,0.0259,11.96,0.43,11.6375,11.8525,,,,0.39,0.0,0.3509,2,2,2,1.0,17.0,18.0,1.7993,1,1,0.5,-0.39,0.0,0.4,0.5657,0.8,0.0,,,1,1,,2023,2024,2023.5,1,2020,2020,2005,3fc9619922e0ca93,M,11.57,0
12.47,12.8118,12.74,0.2827,0.0221,13.45,0.98,12.685,12.88,12.47,12.8195,12.76,0.301,0.0235,13.522,1.052,12.652,12.91,-0.4434,0.174,-0.444,0.5,0.32,0.4208,11,7,2,1.0,16.0,17.0,9.2575,1,4,0.3636,0.0942,0.0,-0.1273,0.7044,0.42,-0.875,165.0,45.0,0,0,16.5289,2024,2025,2024.7273,1,2020,2020,2005,c41d1410e51602c3,F,12.47,1
11.5,11.8617,11.84,0.2979,0.0251,12.32,0.82,11.67,12.0025,11.485,11.8575,11.8175,0.319,0.0269,12.32,0.835,11.6262,12.0613,-0.4429,0.1115,-0.4748,0.82,0.2,0.5716,6,6,2,1.0,17.0,18.0,4.1823,1,6,1.0,0.0,0.0,0.0833,1.1053,0.8333,-1.0,,,1,1,,2023,2024,2023.5,1,2020,2020,2005,7696dd2072130642,M,11.5,0
11.05,11.6562,11.77,0.418,0.0359,12.24,1.19,11.3075,11.9325,10.95,11.6238,11.7175,0.4387,0.0377,12.24,1.29,11.28,11.9212,-0.5685,0.1955,-0.5532,0.92,0.13,0.4138,8,8,3,2.0,16.0,19.0,3.5985,1,5,0.625,-0.4367,0.125,0.7429,0.6997,0.8667,0.0,,,1,1,,2022,2024,2023.25,2,2020,2020,2005,970832cc1f3c877e,M,11.05,0
11.94,12.01,12.02,0.0656,0.0055,12.07,0.13,11.98,12.045,11.96,11.9917,11.97,0.0465,0.0039,12.045,0.085,11.965,12.0075,-0.102,0.0242,-0.0425,0.08,0.0,0.0773,3,3,2,1.0,18.0,19.0,2.8988,1,3,1.0,0.0,0.0,0.3667,0.7095,0.75,-0.4,,,1,1,,2023,2024,2023.3333,1,2020,2020,2005,fbc5c75d23d4c277,M,11.94,0
11.54,11.7583,11.71,0.237,0.0202,12.11,0.57,11.555,11.91,11.5,11.7458,11.7225,0.232,0.0198,12.1,0.6,11.5612,11.8725,-0.292,0.068,-0.2748,0.4,0.0,0.2395,6,6,3,2.0,16.0,17.0,3.5926,1,4,0.6667,-0.2825,0.0,0.25,0.5577,0.6667,-0.5,,,1,1,,2023,2025,2024.1667,2,2020,2020,2005,354dcc4a0ae2d278,M,11.54,0
11.57,11.67,11.63,0.1249,0.0107,11.81,0.24,11.6,11.72,11.645,11.7017,11.65,0.0939,0.008,11.81,0.165,11.6475,11.73,-0.1477,0.0361,-0.1182,0.24,0.06,0.1651,3,3,2,1.0,17.0,18.0,2.0636,1,3,1.0,0.0,0.0,-0.6333,0.8505,0.0,-0.95,,,1,1,,2023,2024,2023.6667,1,2020,2020,2005,886eaf5eb4831e5f,M,11.57,0
11.24,11.516,11.38,0.2723,0.0236,11.89,0.65,11.36,11.71,11.265,11.513,11.37,0.2639,0.0229,11.89,0.625,11.355,11.685,-0.2572,0.0895,-0.2497,0.65,0.14,0.3087,5,5,2,2.0,16.0,18.0,2.3748,1,3,0.6,-0.3433,0.0,0.06,0.3647,0.2667,-0.5,,,1,1,,2023,2025,2024.2,2,2020,2020,2005,59668ab26d5c707a,M,11.24,0
12.63,12.9922,12.9,0.2925,0.0225,13.54,0.91,12.88,13.02,12.48,12.9802,12.91,0.323,0.0249,13.54,1.06,12.894,13.076,-0.4247,0.147,-0.5139,0.91,0.0,0.4695,9,7,3,2.0,16.0,18.0,4.643,1,7,0.7778,-0.1764,0.0,0.2,1.0037,0.925,-0.6333,163.0,48.0,0,0,18.0662,2023,2025,2023.7778,2,2020,2020,2005,f658e8d5e77840b3,F,12.63,1
12.05,12.4389,12.38,0.2833,0.0228,13.16,1.11,12.25,12.545,12.042,12.4393,12.43,0.2805,0.0225,13.07,1.028,12.249,12.606,-0.2396,0.257,-0.2126,0.93,0.42,0.7599,19,12,2,1.0,17.0,19.0,15.5252,1,7,0.3684,0.1373,0.0,-0.0053,0.8052,0.5444,-0.8333,,,1,1,,2023,2024,2023.5263,1,2020,2020,2005,05497d9daf5d66de,F,12.05,0
13.33,13.4267,13.46,0.085,0.0063,13.49,0.16,13.395,13.475,13.384,13.4367,13.442,0.0502,0.0037,13.484,0.1,13.413,13.463,0.0784,0.0653,0.0125,0.0,0.13,0.0,3,2,2,1.0,16.0,16.0,4.7028,1,1,0.3333,0.145,0.0,-0.1667,0.6429,0.2,-0.9,,,1,1,,2024,2025,2024.3333,1,2020,2020,2005,517774badc5946a2,F,13.33,0
11.44,11.7,11.68,0.2917,0.0249,12.0,0.56,11.455,11.925,11.44,11.7125,11.6875,0.2999,0.0256,12.035,0.595,11.4662,11.9338,-0.3845,0.1215,-0.3843,0.46,0.02,0.3146,4,4,2,1.0,17.0,19.0,2.736,0,0,0.0,0.0,0.0,-0.25,0.3317,0.0,-0.5,173.0,68.0,0,0,22.7204,2023,2024,2023.5,1,2020,2020,2005,c032d5e5856e8e69,M,11.44,1
11.73,11.78,11.78,0.0707,0.006,11.83,0.1,11.755,11.805,11.78,11.8175,11.8175,0.053,0.0045,11.855,0.075,11.7988,11.8362,,,,0.0,0.1,0.0,2,2,1,0.0,18.0,18.0,31.7609,0,0,0.0,0.0,0.0,-0.75,0.3536,0.0,-0.75,,,1,1,,2024,2024,2024.0,0,2020,2020,2005,a59203b72bf7f77d,M,11.73,0
12.16,12.5071,12.455,0.2496,0.02,13.06,0.9,12.355,12.5175,12.136,12.5234,12.444,0.2686,0.0214,13.042,0.906,12.373,12.524,-0.1446,0.2191,-0.1715,0.73,0.36,0.335,14,10,3,2.0,14.0,16.0,6.424,1,6,0.4286,-0.04,0.0,-0.2714,1.2676,0.5857,-1.1286,,,1,1,,2023,2025,2024.2857,2,2020,2020,2005,acbbf79c31ea36a9,F,12.16,0
11.72,12.7111,12.01,2.0274,0.1595,18.08,6.36,11.93,12.38,11.69,12.7071,12.006,2.0267,0.1595,18.074,6.384,11.894,12.368,-0.471,1.9271,-0.4481,0.66,0.07,0.6245,9,6,2,1.0,15.0,16.0,8.5162,1,3,0.3333,0.0683,0.0,0.0667,0.4796,0.3167,-0.4333,154.0,48.0,0,0,20.2395,2024,2025,2024.7778,1,2020,2020,2005,37915bf0ffa3808d,F,11.72,1
12.07,12.125,12.125,0.0778,0.0064,12.18,0.11,12.0975,12.1525,12.11,12.16,12.16,0.0707,0.0058,12.21,0.1,12.135,12.185,,,,0.0,0.11,0.0,2,2,1,0.0,15.0,15.0,11.5952,1,2,1.0,0.0,0.0,-0.7,0.1414,0.0,-0.7,,,1,1,,2023,2023,2023.0,0,2020,2020,2005,93c7a077f816225b,M,12.07,0
11.98,12.4243,12.38,0.3046,0.0245,12.9,0.92,12.25,12.605,11.83,12.4174,12.38,0.3621,0.0292,12.966,1.136,12.265,12.608,-0.0382,0.2821,-0.0423,0.0,0.4,0.0,7,5,2,1.0,17.0,17.0,6.1608,1,2,0.2857,-0.085,0.0,0.1143,1.2615,1.2,-0.9333,,,1,1,,2024,2025,2024.2857,1,2020,2020,2005,d596bac99fb433e2,F,11.98,0
12.94,13.2883,13.145,0.4819,0.0363,14.25,1.31,13.05,13.21,12.91,13.2923,13.175,0.4502,0.0339,14.154,1.244,13.0395,13.303,0.5395,0.2024,0.5373,0.09,1.31,0.0452,6,5,3,2.0,14.0,14.0,3.0103,1,2,0.3333,0.3317,0.0,-0.0667,1.3967,1.0333,-1.1667,,,1,1,,2023,2025,2023.6667,2,2020,2020,2005,e141932a783efca6,F,12.94,0
12.69,12.9783,13.015,0.1607,0.0124,13.16,0.47,12.945,13.055,12.54,12.9573,13.044,0.2474,0.0191,13.238,0.698,12.8585,13.072,-0.1931,0.1007,-0.3353,0.35,0.24,0.2614,6,5,2,1.0,15.0,17.0,4.4816,1,2,0.3333,-0.07,0.0,0.35,1.6538,1.6333,-0.9333,,,1,1,,2024,2025,2024.3333,1,2020,2020,2005,31e6aa441b5a311a,F,12.69,0
13.31,13.4043,13.39,0.0692,0.0052,13.53,0.22,13.375,13.425,13.198,13.4274,13.43,0.1216,0.0091,13.534,0.336,13.385,13.53,-0.0009,0.0641,-0.0241,0.06,0.07,0.0274,7,6,3,2.0,14.0,15.0,3.1919,1,1,0.1429,-0.054,0.1429,-0.45,2.0007,1.75,-1.55,,,1,1,,2023,2025,2024.1429,2,2020,2020,2005,f5077f1d84ba04a7,F,13.31,0
12.44,12.819,12.9,0.2146,0.0167,13.08,0.64,12.735,12.96,12.416,12.8214,12.917,0.2393,0.0187,13.08,0.664,12.6775,12.977,-0.1874,0.1182,-0.2187,0.44,0.05,0.1969,10,6,3,2.0,14.0,17.0,4.4761,1,5,0.5,-0.0745,0.0,-0.04,0.907,0.775,-0.7,,,1,1,,2023,2025,2024.1,2,2020,2020,2005,5162bcdd6e687531,F,12.44,0
12.79,13.11,13.02,0.2955,0.0225,13.53,0.74,12.9125,13.3225,12.826,13.103,13.011,0.2895,0.0221,13.524,0.698,12.884,13.306,-0.2088,0.1951,-0.2048,0.27,0.1,0.1236,6,6,3,2.0,14.0,16.0,2.7462,1,4,0.6667,0.06,0.0,0.1167,0.3971,0.26,-0.6,,,1,1,,2023,2025,2024.1667,2,2020,2020,2005,300c6fd54118a349,F,12.79,0
11.82,11.915,11.915,0.1344,0.0113,12.01,0.19,11.8675,11.9625,11.82,11.92,11.92,0.1414,0.0119,12.02,0.2,11.87,11.97,,,,0.19,0.0,0.5881,2,2,1,0.0,17.0,17.0,6.1907,1,2,1.0,0.0,0.0,-0.1,0.1414,0.0,-0.2,175.0,65.0,0,0,21.2245,2025,2025,2025.0,0,2020,2020,2005,1ddfe4608b3cea27,M,11.82,1
11.59,11.76,11.75,0.1752,0.0149,11.94,0.35,11.67,11.845,11.615,11.76,11.73,0.1621,0.0138,11.935,0.32,11.6725,11.8325,-0.3674,0.0318,-0.3464,0.35,0.0,0.3909,3,3,2,1.0,17.0,18.0,3.3509,1,2,0.6667,0.27,0.0,0.0,0.4583,0.25,-0.5,,,1,1,,2024,2025,2024.6667,1,2020,2020,2005,eb8ee973dfbc2c33,M,11.59,0
11.85,11.895,11.895,0.0636,0.0054,11.94,0.09,11.8725,11.9175,11.895,11.92,11.92,0.0354,0.003,11.945,0.05,11.9075,11.9325,,,,0.09,0.0,0.2786,2,2,1,0.0,17.0,18.0,6.1907,1,2,1.0,0.0,0.0,-0.5,0.5657,0.0,-0.5,180.0,70.0,0,0,21.6049,2025,2025,2025.0,0,2020,2020,2005,031b876b9dae3182,M,11.85,1
12.4,14.052,12.79,3.1379,0.2233,19.65,7.25,12.46,12.96,12.4,14.058,12.825,3.1351,0.223,19.65,7.25,12.455,12.96,2.7188,1.6904,2.7166,0.56,7.25,0.2324,5,5,4,2.0,15.0,17.0,2.0753,1,4,0.8,-1.365,0.2,-0.15,0.3697,0.1,-0.7,,,1,1,,2022,2025,2023.4,3,2020,2020,2005,4d37d9dfce4f1414,M,12.4,0
11.02,11.2417,11.115,0.2633,0.0234,11.65,0.63,11.0625,11.4075,10.985,11.2375,11.1225,0.2687,0.0239,11.62,0.635,11.0538,11.4388,-0.4466,0.054,-0.4603,0.63,0.0,0.463,6,6,2,1.0,16.0,17.0,4.4095,1,3,0.5,0.07,0.0,0.0833,0.5492,0.4,-0.55,,,1,1,,2023,2024,2023.6667,1,2020,2020,2005,813244d2273ad129,M,11.02,0
11.64,12.05,11.975,0.4054,0.0336,12.61,0.97,11.8875,12.1375,11.695,12.0425,11.9275,0.4015,0.0333,12.62,0.925,11.8412,12.1288,0.2959,0.3127,0.3217,0.34,0.97,0.2254,4,4,2,2.0,17.0,18.0,2.6515,1,2,0.5,0.48,0.0,0.15,1.1269,0.95,-0.65,,,1,1,,2024,2025,2024.5,1,2020,2020,2005,f0617279449b62e8,M,11.64,0
11.15,11.2375,11.175,0.1427,0.0127,11.45,0.3,11.1575,11.255,11.175,11.2525,11.1975,0.1268,0.0113,11.44,0.265,11.175,11.275,0.1682,0.1025,0.162,0.01,0.04,0.0102,4,4,2,1.0,17.0,17.0,4.081,1,3,0.75,-0.0633,0.0,-0.3,0.3559,0.2,-0.4667,,,1,1,,2023,2024,2023.5,1,2020,2020,2005,0b69ae6b0bfa8f6e,M,11.15,0
10.57,11.0192,11.0,0.299,0.0271,11.65,1.08,10.84,11.18,10.545,11.0154,11.0,0.302,0.0274,11.675,1.13,10.88,11.175,-0.3559,0.1557,-0.3329,0.8,0.27,0.383,13,10,3,2.0,15.0,17.0,6.2231,1,7,0.5385,-0.125,0.0,0.0769,0.6287,0.6333,-0.4667,,,1,1,,2023,2025,2024.4615,2,2020,2020,2005,6b4f57d5b9ffeb1c,M,10.57,0
10.96,11.4214,11.52,0.3705,0.0324,11.87,0.91,11.09,11.71,10.935,11.4043,11.455,0.3848,0.0337,11.87,0.935,11.0675,11.7175,-0.3132,0.1292,-0.3191,0.77,0.0,0.2818,7,5,3,3.0,15.0,18.0,2.5619,1,4,0.5714,0.1783,0.2857,0.48,0.7294,0.9667,-0.25,,,1,1,,2022,2025,2023.0,3,2020,2020,2005,e916806347c4df44,M,10.96,0
11.02,11.4962,11.405,0.366,0.0318,12.12,1.1,11.32,11.625,10.975,11.4956,11.4,0.3692,0.0321,12.105,1.13,11.3262,11.655,-0.4495,0.1737,-0.4502,0.92,0.0,0.5084,8,8,3,2.0,16.0,17.0,4.4206,1,4,0.5,0.1475,0.125,0.0143,0.5757,0.5333,-0.5,,,1,1,,2022,2024,2023.25,2,2020,2020,2005,4e4b2069895e5002,M,11.02,0
11.45,11.475,11.475,0.0354,0.0031,11.5,0.05,11.4625,11.4875,11.45,11.5175,11.5175,0.0955,0.0083,11.585,0.135,11.4838,11.5512,,,,0.0,0.05,0.0,2,2,1,0.0,17.0,17.0,6.1907,1,2,1.0,0.0,0.0,-0.85,1.2021,0.0,-1.7,171.0,58.0,0,0,19.8352,2025,2025,2025.0,0,2020,2020,2005,bfa9544fd6efb83b,M,11.45,1
11.68,11.7842,11.755,0.0926,0.0079,11.96,0.28,11.71,11.8575,11.67,11.7946,11.7625,0.0968,0.0082,11.96,0.29,11.7225,11.875,-0.0475,0.0815,-0.0637,0.11,0.06,0.0482,12,12,3,2.0,14.0,15.0,5.2617,1,9,0.75,-0.01,0.0,-0.2083,0.6788,0.42,-0.7667,,,1,1,,2023,2025,2023.75,2,2020,2020,2005,28fe071aff1f4ec4,M,11.68,0
12.83,13.088,13.1,0.1666,0.0127,13.28,0.45,13.06,13.17,12.788,13.0556,13.1,0.1743,0.0134,13.25,0.462,13.0,13.14,-0.1587,0.1332,-0.1653,0.23,0.34,0.2585,5,3,2,1.0,16.0,17.0,5.6192,1,2,0.4,0.28,0.0,0.54,0.3647,0.675,0.0,,,1,1,,2024,2025,2024.4,1,2020,2020,2005,346dd148f0bd5c2f,F,12.83,0
12.91,13.0983,13.035,0.2027,0.0155,13.4,0.49,12.94,13.235,12.838,13.0833,13.017,0.228,0.0174,13.466,0.628,12.9475,13.1825,-0.146,0.1588,-0.1421,0.38,0.16,0.1925,6,6,3,2.0,16.0,17.0,3.0395,1,5,0.8333,-0.226,0.0,0.25,0.9354,1.0333,-0.5333,,,1,1,,2023,2025,2023.8333,2,2020,2020,2005,fc34521be5ee90ae,F,12.91,0
11.07,11.465,11.57,0.2661,0.0232,11.65,0.58,11.4375,11.5975,11.07,11.4588,11.5825,0.2593,0.0226,11.6,0.53,11.4525,11.5888,-0.3241,0.0849,-0.3204,0.58,0.0,0.3513,4,4,3,2.0,16.0,17.0,2.4229,1,4,1.0,0.0,0.25,0.1667,0.7371,1.0,-0.25,,,1,1,,2023,2025,2023.75,2,2020,2020,2005,be16e40987cf18f7,M,11.07,0
11.06,11.27,11.32,0.1465,0.013,11.38,0.32,11.225,11.365,11.01,11.2525,11.2975,0.1704,0.0151,11.405,0.395,11.2087,11.3412,-0.2993,0.0451,-0.3004,0.32,0.0,0.3036,4,4,2,1.0,17.0,19.0,3.7948,1,3,0.75,-0.28,0.0,0.35,0.9609,0.7667,-0.9,,,1,1,,2023,2024,2023.5,1,2020,2020,2005,095d0658bf9a0f89,M,11.06,0
11.71,12.1078,12.08,0.3138,0.0259,12.61,0.9,11.89,12.38,11.765,12.0961,12.02,0.3101,0.0256,12.63,0.865,11.875,12.37,-0.3332,0.2679,-0.3694,0.75,0.67,0.3831,9,9,3,2.0,15.0,17.0,4.5976,1,4,0.4444,-0.2605,0.0,0.2333,0.7246,0.65,-0.6,,,1,1,,2023,2025,2023.8889,2,2020,2020,2005,6a74a5a7be3eeb38,M,11.71,0
11.45,11.64,11.67,0.121,0.0104,11.78,0.33,11.62,11.68,11.425,11.67,11.68,0.1637,0.014,11.82,0.395,11.61,11.815,-0.1247,0.0947,-0.0773,0.17,0.23,0.1848,5,4,2,1.0,16.0,17.0,5.4353,1,1,0.2,-0.0867,0.0,-0.6,1.3096,0.35,-1.2333,,,1,1,,2024,2025,2024.6,1,2020,2020,2005,0831754dfe2fd8e1,M,11.45,0
11.51,11.555,11.545,0.048,0.0042,11.62,0.11,11.525,11.575,11.5,11.5675,11.565,0.064,0.0055,11.64,0.14,11.5225,11.61,-0.0098,0.0404,-0.0008,0.11,0.05,0.0512,4,4,2,2.0,16.0,16.0,1.8635,1,4,1.0,0.0,0.0,-0.25,0.4435,0.2,-0.6,,,1,1,,2023,2025,2024.0,2,2020,2020,2005,a42ff60f010b3f7e,M,11.51,0
11.12,11.3314,11.36,0.1361,0.012,11.55,0.43,11.265,11.38,11.08,11.3321,11.35,0.1535,0.0135,11.585,0.505,11.28,11.375,-0.1127,0.0999,-0.1401,0.24,0.27,0.1326,7,7,3,2.0,16.0,18.0,3.868,1,1,0.1429,0.025,0.1429,-0.0167,0.8612,1.05,-0.55,,,1,1,,2022,2024,2023.2857,2,2020,2020,2005,d3dd203720344069,M,11.12,0
12.11,12.5633,12.595,0.391,0.0311,13.04,0.93,12.225,12.8525,12.085,12.5633,12.6225,0.3922,0.0312,13.04,0.955,12.2362,12.8325,-0.5483,0.2606,-0.5276,0.93,0.54,0.7151,6,6,2,1.0,17.0,18.0,4.6137,1,5,0.8333,0.428,0.1667,-0.0,0.6042,0.55,-0.55,,,1,1,,2024,2025,2024.6667,1,2020,2020,2005,6bfa7f8dcadcd619,M,12.11,0
10.89,11.27,11.41,0.3329,0.0295,11.51,0.62,11.15,11.46,10.905,11.275,11.39,0.328,0.0291,11.53,0.625,11.1475,11.46,-0.359,0.0408,-0.3495,0.52,0.0,0.3275,3,2,2,2.0,15.0,16.0,1.8892,1,2,0.6667,0.36,0.0,-0.1,0.4359,0.4,-0.35,,,1,1,,2023,2025,2023.6667,2,2020,2020,2005,96276b37aee84004,M,10.89,0
11.7,11.9186,11.85,0.2642,0.0222,12.49,0.79,11.78,11.915,11.755,11.935,11.835,0.254,0.0213,12.485,0.73,11.7925,11.9425,-0.2755,0.1719,-0.2359,0.79,0.0,0.4002,7,7,3,2.0,17.0,19.0,3.5461,1,5,0.7143,-0.194,0.0,-0.3286,0.6701,0.2333,-1.0,,,1,1,,2023,2025,2024.1429,2,2020,2020,2005,1d24bd1699e3be69,M,11.7,0
11.35,11.5,11.5,0.2121,0.0184,11.65,0.3,11.425,11.575,11.35,11.5625,11.5625,0.3005,0.026,11.775,0.425,11.4562,11.6688,,,,0.0,0.3,0.0,2,2,1,0.0,17.0,17.0,73.05,0,0,0.0,0.0,0.0,-1.25,1.7678,0.0,-2.5,,,1,1,,2025,2025,2025.0,0,2020,2020,2005,3aaf167f354bc368,M,11.35,0
11.46,11.735,11.77,0.2304,0.0196,11.94,0.48,11.5875,11.9175,11.415,11.725,11.7675,0.2469,0.0211,11.95,0.535,11.5838,11.9088,-0.4063,0.0763,-0.421,0.45,0.0,0.4038,4,4,2,1.0,16.0,18.0,3.5897,1,2,0.5,-0.1,0.0,0.2,0.5228,0.6,-0.2,,,1,1,,2023,2024,2023.5,1,2020,2020,2005,d290b38d69594d8a,M,11.46,0
12.63,12.655,12.655,0.0354,0.0028,12.68,0.05,12.6425,12.6675,12.612,12.64,12.64,0.0396,0.0031,12.668,0.056,12.626,12.654,,,,0.05,0.0,18.2625,2,2,1,0.0,19.0,19.0,730.5,1,1,0.5,0.05,0.0,0.25,0.0707,0.25,0.0,,,1,1,,2024,2024,2024.0,0,2020,2020,2005,26034d7f8dfcbb32,F,12.25,0
12.01,12.34,12.3,0.3427,0.0278,12.75,0.74,12.085,12.555,12.03,12.3388,12.2875,0.3385,0.0274,12.75,0.72,12.0788,12.5475,-0.3061,0.2001,-0.3094,0.48,0.1,0.2632,4,4,3,2.0,15.0,16.0,2.1937,1,4,1.0,0.0,0.0,0.025,0.3096,0.25,-0.4,,,1,1,,2023,2025,2023.75,2,2020,2020,2005,e19750095b809afb,M,12.01,0
11.43,11.6825,11.7,0.2425,0.0208,11.9,0.47,11.4975,11.885,11.39,11.6975,11.745,0.2532,0.0216,11.91,0.52,11.54,11.9025,-0.2241,0.0591,-0.2113,0.45,0.09,0.228,4,4,2,2.0,17.0,19.0,2.0264,1,4,1.0,0.0,0.0,-0.3,0.9018,0.8,-0.6667,,,1,1,,2023,2025,2024.0,2,2020,2020,2005,5b816ece0f1df1e8,M,11.43,0
10.98,11.3183,11.26,0.2369,0.0209,11.63,0.65,11.2325,11.4825,10.975,11.3333,11.2975,0.2336,0.0206,11.63,0.655,11.2612,11.4875,-0.1616,0.0813,-0.1508,0.57,0.25,0.2135,6,3,2,3.0,14.0,17.0,2.2477,1,1,0.1667,-0.36,0.3333,-0.45,0.6028,0.1,-0.6333,,,1,1,,2022,2025,2024.0,3,2020,2020,2005,69e80227dd28837f,M,10.98,0
11.87,12.113,12.16,0.134,0.0111,12.34,0.47,12.0,12.2075,11.768,12.1055,12.093,0.1688,0.0139,12.43,0.662,11.9985,12.2265,-0.0699,0.1128,-0.0809,0.47,0.36,0.1519,20,15,4,3.0,14.0,16.0,6.4646,1,9,0.45,-0.0178,0.0,0.125,1.014,0.87,-0.775,,,1,1,,2022,2025,2024.5,3,2020,2020,2005,e0728676d65bd404,F,11.87,0
11.06,11.28,11.285,0.1677,0.0149,11.46,0.4,11.1575,11.4275,11.055,11.28,11.2825,0.1684,0.0149,11.49,0.435,11.165,11.4038,-0.1006,0.1411,-0.1026,0.4,0.3,0.2294,6,5,3,2.0,17.0,18.0,3.4403,1,4,0.6667,-0.1425,0.0,0.0,0.5177,0.3333,-0.5,,,1,1,,2023,2025,2023.8333,2,2020,2020,2005,869a261b170f6498,M,11.06,0
11.28,11.5767,11.71,0.2574,0.0222,11.74,0.46,11.495,11.725,11.32,11.5983,11.72,0.2417,0.0208,11.755,0.435,11.52,11.7375,-0.2102,0.0181,-0.1971,0.43,0.0,0.2003,3,3,2,2.0,17.0,19.0,1.3976,1,3,1.0,0.0,0.0,-0.4333,0.3215,0.0,-0.4333,,,1,1,,2023,2025,2023.6667,2,2020,2020,2005,16ab9ad40ddf1846,M,11.28,0
12.11,12.5133,12.215,0.6454,0.0516,14.38,2.27,12.1575,12.535,12.116,12.5458,12.247,0.6485,0.0517,14.374,2.258,12.1635,12.703,-0.2104,0.6337,-0.2284,0.74,2.27,0.2624,12,9,4,3.0,14.0,16.0,4.2553,1,7,0.5833,-0.0194,0.0,-0.5417,1.074,0.18,-1.0571,,,1,1,,2022,2025,2024.0833,3,2020,2020,2005,3536621a5fae2061,F,12.11,0
11.03,11.2388,11.22,0.1706,0.0152,11.49,0.46,11.11,11.3275,11.03,11.2394,11.2325,0.1571,0.014,11.49,0.46,11.1275,11.3025,-0.1772,0.071,-0.1575,0.46,0.22,0.2202,8,6,3,2.0,16.0,18.0,3.8296,1,2,0.25,0.106,0.125,-0.0143,0.5014,0.4333,-0.4667,,,1,1,,2022,2025,2023.875,3,2020,2020,2005,1e0200cddadb9509,M,11.03,0
11.68,11.97,11.94,0.3061,0.0256,12.29,0.61,11.81,12.115,11.685,11.98,11.94,0.3169,0.0265,12.315,0.63,11.8125,12.1275,-0.3093,0.0807,-0.3174,0.61,0.0,0.3355,3,3,3,2.0,17.0,19.0,1.6502,1,2,0.6667,0.48,0.0,-0.2,0.2646,0.0,-0.3,,,1,1,,2023,2025,2024.0,2,2020,2020,2005,2d05af3b9c75918e,M,11.68,0
11.55,11.9453,11.92,0.2253,0.0189,12.43,0.88,11.765,12.1,11.52,11.9386,11.908,0.2478,0.0208,12.466,0.946,11.736,12.088,-0.3629,0.1434,-0.3924,0.66,0.45,0.5865,19,13,2,1.0,16.0,17.0,16.885,1,9,0.4737,0.0737,0.0,0.1105,0.5141,0.3571,-0.58,,,1,1,,2024,2025,2024.6316,1,2020,2020,2005,9d13cee45e7881b5,F,11.55,0
11.29,11.552,11.59,0.1912,0.0166,11.78,0.49,11.44,11.66,11.285,11.557,11.625,0.2328,0.0201,11.855,0.57,11.36,11.66,-0.317,0.1277,-0.3489,0.37,0.0,0.3474,5,5,2,1.0,15.0,16.0,4.6947,1,3,0.6,0.28,0.0,-0.1,1.1467,0.85,-1.1,,,1,1,,2024,2025,2024.2,1,2020,2020,2005,eec5d048a86e9ec6,M,11.29,0
12.99,13.09,13.07,0.1114,0.0085,13.25,0.26,12.99,13.15,12.93,13.072,13.044,0.1305,0.01,13.25,0.32,12.98,13.156,-0.1731,0.0598,-0.116,0.26,0.0,0.1788,5,5,2,1.0,17.0,18.0,3.4393,1,2,0.4,-0.0333,0.0,0.3,0.9513,1.25,-0.5,,,1,1,,2023,2024,2023.6,1,2020,2020,2005,42c1d80fe384e975,F,12.99,0
12.24,12.31,12.31,0.099,0.008,12.38,0.14,12.275,12.345,12.295,12.35,12.35,0.0778,0.0063,12.405,0.11,12.3225,12.3775,,,,0.0,0.14,0.0,2,2,1,0.0,18.0,18.0,8.6964,1,2,1.0,0.0,0.0,-0.8,0.4243,0.0,-0.8,170.0,56.0,0,0,19.3772,2025,2025,2025.0,0,2020,2020,2005,e2bd0fd302f31df6,M,12.24,1
12.41,12.7573,12.78,0.2778,0.0218,13.14,0.73,12.475,12.99,12.38,12.7676,12.78,0.2997,0.0235,13.23,0.85,12.472,12.984,-0.1696,0.2063,-0.1891,0.73,0.37,0.2469,11,9,3,3.0,15.0,17.0,3.7201,1,4,0.3636,0.2225,0.0909,-0.19,0.5971,0.3333,-0.58,,,1,1,,2022,2025,2024.0909,3,2020,2020,2005,b3061f803bd7edef,F,12.41,0
10.9,11.298,11.28,0.3311,0.0293,11.72,0.82,11.0125,11.6325,10.925,11.2845,11.26,0.3278,0.029,11.7,0.775,10.9625,11.6125,-0.3273,0.1323,-0.307,0.79,0.11,0.3747,10,6,3,2.0,15.0,17.0,4.7435,1,1,0.1,-0.4517,0.0,0.27,0.7818,0.86,-0.4,,,1,1,,2023,2025,2023.8,2,2020,2020,2005,8f08f7df100284ee,M,10.9,0
11.3,11.4975,11.525,0.1471,0.0128,11.64,0.34,11.435,11.5875,11.2,11.4525,11.505,0.1772,0.0155,11.6,0.4,11.3988,11.5588,-0.4109,0.077,-0.4552,0.27,0.18,0.5032,4,4,2,1.0,18.0,18.0,7.4541,1,1,0.25,0.2633,0.0,0.9,0.7616,0.9,0.0,,,1,1,,2024,2025,2024.5,1,2020,2020,2005,fe2adecbad0dabab,M,11.3,0
11.4,11.6375,11.655,0.1863,0.016,11.84,0.44,11.55,11.7425,11.405,11.6525,11.64,0.2175,0.0187,11.925,0.52,11.54,11.7525,-0.2785,0.1288,-0.3248,0.2,0.0,0.2476,4,4,2,1.0,18.0,18.0,4.9525,1,3,0.75,-0.3167,0.0,-0.3,0.9522,0.3,-0.9,,,1,1,,2023,2024,2023.5,1,2020,2020,2005,04a52d188e277c5e,M,11.4,0
12.67,12.9046,12.91,0.1224,0.0095,13.1,0.43,12.84,13.0,12.592,12.8886,12.9018,0.1281,0.0099,13.094,0.502,12.84,12.978,0.0044,0.1176,-0.0284,0.33,0.22,0.1018,13,7,4,3.0,14.0,17.0,4.0103,1,5,0.3846,0.0749,0.0,0.2669,0.8334,0.945,-0.7333,,,1,1,,2022,2025,2023.4615,3,2020,2020,2005,3ae7c129d3a33c1b,F,12.67,0
12.13,12.4253,12.32,0.3582,0.0288,13.5,1.37,12.195,12.5,12.004,12.4229,12.334,0.3564,0.0287,13.428,1.424,12.191,12.519,-0.3406,0.2031,-0.3509,1.37,0.07,0.6208,15,13,3,2.0,14.0,16.0,6.7975,1,3,0.2,-0.2476,0.0,0.04,0.8798,0.8667,-0.5111,,,1,1,,2023,2025,2024.5333,2,2020,2020,2005,cd8efe7396ec7fce,F,12.13,0
11.16,11.41,11.35,0.2801,0.0246,11.78,0.62,11.2125,11.5475,11.18,11.39,11.325,0.2578,0.0226,11.73,0.55,11.195,11.52,-0.4546,0.1111,-0.4272,0.62,0.07,0.5777,4,4,2,1.0,17.0,18.0,3.727,1,4,1.0,0.0,0.0,0.4,0.5888,0.6667,-0.4,180.0,68.0,0,0,20.9877,2023,2024,2023.5,1,2020,2020,2005,6255450c2b3b456c,M,11.16,1
12.8,12.912,12.89,0.1105,0.0086,13.09,0.29,12.85,12.93,12.806,12.918,12.89,0.1061,0.0082,13.09,0.284,12.874,12.93,-0.1017,0.0756,-0.095,0.09,0.05,0.0856,5,3,2,1.0,16.0,17.0,4.7559,1,1,0.2,0.0133,0.0,-0.1,0.1732,0.0,-0.25,,,1,1,,2023,2024,2023.4,1,2020,2020,2005,bd3b20b1065e1a48,F,12.8,0
10.59,11.11,10.995,0.4352,0.0392,11.81,1.22,10.86,11.2875,10.59,11.1269,11.01,0.4297,0.0386,11.81,1.22,10.8875,11.3312,-0.3639,0.1109,-0.3558,1.22,0.31,0.4566,8,7,3,3.0,16.0,19.0,2.9939,1,3,0.375,0.3492,0.125,-0.3857,0.4337,0.1,-0.56,,,1,1,,2022,2025,2024.0,3,2020,2020,2005,b8cb842a20456db2,M,10.59,0
10.92,11.015,11.015,0.1344,0.0122,11.11,0.19,10.9675,11.0625,10.92,11.0225,11.0225,0.145,0.0132,11.125,0.205,10.9712,11.0738,,,,0.19,0.0,2.4785,2,2,1,0.0,18.0,18.0,26.0893,0,0,0.0,0.0,0.0,-0.15,0.2121,0.0,-0.3,175.0,60.0,0,0,19.5918,2025,2025,2025.0,0,2020,2020,2005,0047704ef5f83f60,M,10.92,1
12.59,12.7214,12.73,0.1098,0.0086,12.93,0.34,12.66,12.74,12.578,12.7454,12.706,0.1775,0.0139,13.122,0.544,12.654,12.752,-0.0995,0.0862,-0.0986,0.15,0.0,0.124,7,6,2,1.0,16.0,17.0,5.7845,1,2,0.2857,-0.159,0.0,-0.4,1.3796,0.85,-1.125,,,1,1,,2024,2025,2024.2857,1,2020,2020,2005,2d5010fe2c03c7f0,F,12.59,0
10.81,11.097,11.05,0.2174,0.0196,11.47,0.66,10.9275,11.205,10.775,11.088,11.075,0.2238,0.0202,11.475,0.7,10.9188,11.2138,-0.2247,0.1225,-0.2293,0.62,0.0,0.287,20,17,3,2.0,15.0,17.0,9.2586,1,7,0.35,0.0195,0.05,0.1895,0.5322,0.5167,-0.4333,,,1,1,,2023,2025,2024.1,2,2020,2020,2005,4d993077e09f250b,M,10.81,0
12.42,12.6418,12.59,0.2407,0.019,13.47,1.05,12.5,12.69,12.354,12.6333,12.58,0.259,0.0205,13.434,1.08,12.458,12.69,-0.1836,0.1562,-0.2404,1.05,0.16,0.2905,17,11,4,4.0,16.0,19.0,4.704,1,7,0.4118,0.2116,0.0,0.1412,0.9375,0.77,-1.06,,,1,1,,2021,2025,2023.4706,4,2020,2020,2005,2b7564dc6ed89a60,F,12.42,0
12.19,12.4992,12.49,0.304,0.0243,13.33,1.14,12.3175,12.5525,12.124,12.4972,12.469,0.3252,0.026,13.348,1.224,12.3175,12.6015,-0.1679,0.2515,-0.1706,0.32,0.14,0.1672,12,9,3,2.0,14.0,15.0,6.2704,1,6,0.5,0.195,0.0,0.0333,0.7475,0.64,-0.7,,,1,1,,2023,2025,2023.8333,2,2020,2020,2005,c21148b2813a2cbc,F,12.19,0
10.88,11.246,11.24,0.2451,0.0218,11.56,0.68,11.22,11.33,10.86,11.248,11.245,0.2695,0.024,11.615,0.755,11.21,11.31,-0.3245,0.0852,-0.3461,0.45,0.0,0.2708,5,5,3,2.0,18.0,19.0,3.0086,1,3,0.6,-0.0433,0.0,-0.04,0.6269,0.3333,-0.6,,,1,1,,2023,2025,2023.8,2,2020,2020,2005,d3f6dd0350d9a62e,M,10.88,0
10.83,10.86,10.86,0.0424,0.0039,10.89,0.06,10.845,10.875,10.815,10.82,10.82,0.0071,0.0007,10.825,0.01,10.8175,10.8225,,,,0.0,0.06,0.0,2,2,1,0.0,19.0,19.0,730.5,1,1,0.5,-0.06,0.0,0.8,0.7071,0.8,0.0,,,1,1,,2022,2022,2022.0,0,2020,2020,2000,7023fa5470fdc39e,M,10.74,0
11.64,11.68,11.66,0.0529,0.0045,11.74,0.1,11.65,11.7,11.55,11.6533,11.665,0.098,0.0084,11.745,0.195,11.6075,11.705,1.2891,0.0327,3.3302,0.0,0.1,0.0,3,2,1,0.0,15.0,15.0,64.4559,1,1,0.3333,-0.09,0.0,0.5333,1.097,1.8,-0.1,,,1,1,,2024,2024,2024.0,0,2020,2020,2005,c3ead1782a5f5924,M,11.64,0
14.45,14.8933,14.66,0.5953,0.04,15.57,1.12,14.555,15.115,14.522,14.8653,14.624,0.5089,0.0342,15.45,0.928,14.573,15.037,-0.467,0.3069,-0.423,1.12,0.21,0.5666,3,3,3,2.0,14.0,15.0,1.5177,0,0,0.0,0.0,0.0,0.4667,1.6042,1.3,-1.2,,,1,1,,2023,2025,2024.0,2,2020,2020,2005,a86566e271ae4f94,F,14.45,0
11.26,11.888,12.11,0.5504,0.0463,12.56,1.3,11.38,12.13,11.265,11.929,12.14,0.5906,0.0495,12.59,1.325,11.35,12.3,-0.6522,0.203,-0.6957,1.3,0.0,0.7328,5,5,3,2.0,16.0,17.0,2.8183,1,1,0.2,-0.84,0.0,-0.82,1.721,0.6,-1.175,,,1,1,,2023,2025,2023.6,2,2020,2020,2005,b663149a30ca2152,M,11.26,0
12.77,12.98,13.05,0.156,0.012,13.16,0.39,12.845,13.095,12.746,12.9843,13.02,0.1701,0.0131,13.172,0.426,12.848,13.128,-0.1591,0.0471,-0.169,0.34,0.1,0.1592,7,5,3,2.0,15.0,17.0,3.2779,1,4,0.5714,-0.005,0.0,-0.0714,0.4821,0.4,-0.425,,,1,1,,2023,2025,2024.1429,2,2020,2020,2005,37b3a6afc7963b79,F,12.77,0
12.84,13.0588,13.045,0.1347,0.0103,13.3,0.46,13.0225,13.0875,12.9,13.0925,13.056,0.1651,0.0126,13.438,0.538,13.003,13.1235,-0.2703,0.0876,-0.2184,0.22,0.0,0.216,8,6,2,1.0,15.0,16.0,7.8548,1,5,0.625,-0.0673,0.0,-0.5625,0.9273,0.55,-0.9333,,,1,1,,2024,2025,2024.125,1,2020,2020,2005,3cf4419c7c48e0b2,F,12.84,0
12.53,12.68,12.65,0.1214,0.0096,12.86,0.33,12.64,12.72,12.548,12.6896,12.698,0.1055,0.0083,12.842,0.294,12.658,12.702,-0.1361,0.0842,-0.14,0.33,0.19,0.2961,5,3,2,1.0,15.0,16.0,4.4871,1,3,0.6,0.04,0.0,-0.16,0.4669,0.3,-0.4667,,,1,1,,2023,2024,2023.6,1,2020,2020,2005,946e79aebad8e660,F,12.53,0
10.85,11.1867,11.02,0.3657,0.0327,11.96,1.11,10.945,11.2575,10.815,11.2046,11.015,0.404,0.0361,12.095,1.28,10.9425,11.3288,-0.5046,0.1658,-0.5197,0.76,0.13,0.4729,12,10,3,2.0,16.0,17.0,7.4668,1,5,0.4167,-0.1953,0.1667,-0.43,1.1982,0.9,-1.1667,,,1,1,,2023,2025,2024.25,2,2020,2020,2005,0eb3cadf17a8119a,M,10.85,0
12.25,12.5971,12.58,0.2558,0.0203,13.03,0.78,12.46,12.7,12.178,12.604,12.568,0.3088,0.0245,13.06,0.882,12.421,12.79,-0.16,0.2092,-0.1353,0.78,0.53,0.2875,7,6,4,3.0,16.0,18.0,2.58,1,3,0.4286,0.1467,0.1429,-0.1333,1.2565,0.9,-1.1667,,,1,1,,2022,2025,2023.7143,3,2020,2020,2005,0cfd53417b9cdbb2,F,12.25,0
11.54,11.61,11.56,0.1044,0.009,11.73,0.19,11.55,11.645,11.54,11.6367,11.64,0.095,0.0082,11.73,0.19,11.59,11.685,-0.1415,0.0603,-0.1725,0.19,0.0,0.1944,3,3,2,1.0,15.0,16.0,3.0693,1,2,0.6667,-0.075,0.6667,-1.6,0.0,0.0,-1.6,,,1,1,,2024,2025,2024.3333,1,2020,2020,2005,71c5d9b4e0f7b8f5,M,11.54,0
12.23,12.3156,12.3,0.0775,0.0063,12.46,0.23,12.27,12.34,12.184,12.3176,12.278,0.1081,0.0088,12.496,0.312,12.248,12.36,0.019,0.0742,-0.1081,0.0,0.11,0.0,9,6,1,1.0,16.0,16.0,11.9536,1,3,0.3333,0.0725,0.0,-0.0333,0.9247,0.675,-0.6,,,1,1,,2025,2025,2025.0,0,2020,2020,2005,c2a0168fe306441e,F,12.23,0
12.15,12.215,12.2,0.079,0.0065,12.31,0.16,12.15,12.265,12.078,12.182,12.173,0.1024,0.0084,12.304,0.226,12.1095,12.2455,-0.2078,0.0386,-0.24,0.16,0.0,0.2087,4,3,2,1.0,19.0,20.0,5.2179,0,0,0.0,0.0,0.0,0.55,0.4655,0.55,0.0,,,1,1,,2023,2024,2023.75,1,2020,2020,2000,243696e3baf64fa0,F,12.15,0
10.95,10.995,10.995,0.0636,0.0058,11.04,0.09,10.9725,11.0175,10.95,10.98,10.98,0.0424,0.0039,11.01,0.06,10.965,10.995,,,,0.0,0.09,0.0,2,1,1,0.0,18.0,18.0,2.0,1,1,0.5,0.09,0.0,0.3,0.4243,0.6,0.0,,,1,1,,2020,2020,2020.0,0,2020,2020,2000,32e1bb6cd52a7bf7,M,10.4,0
10.63,11.1193,10.95,0.4514,0.0406,12.41,1.78,10.85,11.27,10.5,11.1029,10.965,0.4823,0.0434,12.42,1.92,10.7962,11.3212,-0.0575,0.4382,-0.0916,0.64,1.78,0.3121,14,11,3,2.0,15.0,16.0,6.8271,1,2,0.1429,-0.94,0.0,0.3286,1.1691,1.2571,-0.84,,,1,1,,2023,2025,2024.7143,2,2020,2020,2005,c5e1c7529f6fa795,M,10.63,0
13.11,13.1875,13.185,0.0665,0.005,13.27,0.16,13.155,13.2175,13.146,13.189,13.164,0.0633,0.0048,13.282,0.136,13.1505,13.2025,-0.0019,0.0576,-0.0301,0.0,0.09,0.0,4,2,2,3.0,14.0,14.0,1.5046,1,2,0.5,0.065,0.0,-0.025,0.8461,0.6,-0.65,,,1,1,,2022,2025,2023.5,3,2020,2020,2005,0a5fb9482c4ebe46,F,13.11,0
11.69,11.755,11.755,0.0919,0.0078,11.82,0.13,11.7225,11.7875,11.655,11.7475,11.7475,0.1308,0.0111,11.84,0.185,11.7012,11.7938,,,,0.13,0.0,0.1301,2,2,2,1.0,16.0,17.0,2.0014,0,0,0.0,0.0,0.0,0.15,0.7778,0.7,-0.4,,,1,1,,2024,2025,2024.5,1,2020,2020,2005,3c1f06f9997dbf1b,M,11.69,0
12.24,12.6711,12.69,0.311,0.0245,13.16,0.92,12.51,12.9,12.246,12.6951,12.726,0.3234,0.0255,13.184,0.938,12.498,12.93,-0.2783,0.1349,-0.2856,0.66,0.05,0.2478,9,7,4,3.0,15.0,18.0,3.3785,1,4,0.4444,0.1145,0.0,-0.4,0.5339,0.3,-0.6,,,1,1,,2022,2025,2023.6667,3,2020,2020,2005,4fdde170ceb979fc,F,12.24,0
11.42,11.72,11.735,0.2091,0.0178,12.02,0.6,11.605,11.82,11.42,11.74,11.775,0.2102,0.0179,12.02,0.6,11.6313,11.8438,-0.4628,0.0615,-0.4836,0.6,0.0,0.5619,6,6,2,1.0,16.0,17.0,5.6192,1,2,0.3333,-0.0825,0.5,-0.8,0.8544,0.0,-1.2,,,1,1,,2024,2025,2024.1667,1,2020,2020,2005,f65765b88c0aa3bf,M,11.42,0
12.33,12.6978,12.62,0.3202,0.0252,13.12,0.79,12.43,13.03,12.204,12.6878,12.602,0.3487,0.0275,13.12,0.916,12.352,13.036,-0.5314,0.1032,-0.5412,0.7,0.02,0.5197,9,7,2,1.0,14.0,15.0,6.6814,1,3,0.3333,0.2217,0.0,0.1667,1.07,0.84,-0.9,160.0,50.0,0,0,19.5312,2024,2025,2024.6667,1,2020,2020,2010,fbd6480e4870aadb,F,12.33,1
12.22,12.5129,12.4,0.3982,0.0318,13.37,1.15,12.285,12.515,12.052,12.4631,12.386,0.3935,0.0316,13.28,1.228,12.286,12.476,-0.3302,0.1986,-0.3073,1.15,0.21,0.3864,7,5,3,3.0,14.0,15.0,2.3521,1,4,0.5714,0.3217,0.0,0.8286,1.3622,1.48,-1.6,,,1,1,,2022,2025,2024.2857,3,2020,2020,2005,b9dbfec854986027,F,12.22,0
12.55,13.6771,13.23,1.3796,0.1009,16.27,3.72,12.775,14.07,12.382,13.618,13.166,1.4085,0.1034,16.18,3.798,12.718,14.081,0.833,0.7119,0.8881,0.0,2.31,0.0,7,6,3,3.0,14.0,14.0,2.4098,1,4,0.5714,-0.4092,0.0,0.9857,1.6355,1.82,-1.1,,,1,1,,2022,2025,2022.7143,3,2020,2020,2005,3316ceb243a56473,F,12.55,0
12.16,12.6956,12.61,0.4638,0.0365,13.57,1.41,12.38,13.05,12.1,12.6982,12.65,0.4662,0.0367,13.558,1.458,12.38,13.008,-0.4765,0.1775,-0.4738,1.41,0.01,0.5171,9,6,4,3.0,15.0,18.0,3.3005,1,6,0.6667,-0.1383,0.2222,-0.0571,1.5043,0.68,-1.9,,,1,1,,2022,2025,2023.8889,3,2020,2020,2005,11cbfe4705d6a9d1,F,12.16,0
11.95,12.1136,12.11,0.1018,0.0084,12.27,0.32,12.02,12.185,11.888,12.1123,12.104,0.125,0.0103,12.328,0.44,12.064,12.205,-0.1109,0.0862,-0.1212,0.32,0.16,0.1787,14,11,3,2.0,17.0,19.0,7.8188,1,6,0.4286,-0.0467,0.0,0.0214,0.7886,0.7167,-0.5714,,,1,1,,2022,2024,2023.5,2,2020,2020,2005,55b99dbaa7135e77,F,11.83,0
10.67,11.013,11.01,0.2717,0.0247,11.55,0.88,10.7875,11.1275,10.635,11.003,11.015,0.2884,0.0262,11.535,0.9,10.7475,11.1388,-0.2651,0.1541,-0.2615,0.88,0.07,0.3221,10,6,3,3.0,15.0,18.0,3.6598,1,4,0.4,0.015,0.1,0.2222,0.8197,0.5286,-1.7,,,1,1,,2020,2023,2022.4,3,2020,2020,2005,51fc485cc950e353,M,10.67,0
12.76,12.9882,12.92,0.206,0.0159,13.46,0.7,12.86,13.075,12.688,12.986,13.014,0.2131,0.0164,13.442,0.754,12.841,13.083,0.0501,0.1925,0.1088,0.0,0.14,0.0,11,8,3,2.0,15.0,15.0,4.8997,1,2,0.1818,0.0843,0.0,0.0364,0.9973,0.7167,-0.975,,,1,1,,2023,2025,2024.0,2,2020,2020,2005,454fce2a8acb372a,F,12.76,0
12.72,13.227,13.18,0.366,0.0277,13.8,1.08,12.92,13.5,12.696,13.2204,13.196,0.3736,0.0283,13.794,1.098,12.9315,13.5,-0.3848,0.0837,-0.3872,0.92,0.13,0.3701,10,6,3,2.0,14.0,17.0,4.0226,1,4,0.4,-0.0383,0.0,0.11,0.8837,0.5667,-1.15,,,1,1,,2023,2025,2024.2,2,2020,2020,2005,bd8d2c7530fa3bee,F,12.72,0
13.43,13.43,13.43,0.0,0.0,13.43,0.0,13.43,13.43,13.436,13.478,13.478,0.0594,0.0044,13.52,0.084,13.457,13.499,,,,0.0,0.0,0.0,2,2,1,0.0,14.0,14.0,19.2237,1,1,0.5,0.0,0.0,-0.8,0.9899,0.0,-0.8,168.0,45.0,0,0,15.9439,2025,2025,2025.0,0,2020,2020,2010,c6174d8081b5b78a,F,13.43,1
10.8,11.24,11.38,0.3894,0.0346,11.54,0.74,11.09,11.46,10.8,11.2583,11.395,0.4076,0.0362,11.58,0.78,11.0975,11.4875,-0.1952,0.0601,-0.2034,0.74,0.0,0.2161,3,3,2,3.0,17.0,20.0,0.8759,0,0,0.0,0.0,0.0,-0.3667,0.4041,0.0,-0.55,176.0,70.0,0,0,22.5981,2020,2024,2021.3333,4,2020,2020,2000,7754f630746ee39a,M,10.75,1
12.28,12.4742,12.485,0.135,0.0108,12.72,0.44,12.37,12.55,12.204,12.4652,12.495,0.1687,0.0135,12.732,0.528,12.3075,12.6,-0.0906,0.1178,-0.1155,0.33,0.19,0.164,12,7,3,2.0,16.0,17.0,5.9633,1,3,0.25,0.0217,0.0,0.15,1.1533,1.6333,-0.5167,,,1,1,,2023,2025,2024.0,2,2020,2020,2005,87282a604c24a28b,F,12.28,0
12.75,13.2043,13.43,0.3488,0.0264,13.54,0.79,12.88,13.475,12.6,13.1846,13.45,0.3895,0.0295,13.54,0.94,12.871,13.48,-0.3669,0.1784,-0.4071,0.68,0.1,0.2939,7,6,3,2.0,15.0,16.0,3.0257,1,2,0.2857,-0.0475,0.0,0.3286,1.128,1.2667,-0.75,,,1,1,,2023,2025,2024.2857,2,2020,2020,2005,409a510a8ad15580,F,12.75,0
12.43,12.57,12.57,0.1039,0.0083,12.67,0.24,12.51,12.67,12.388,12.5628,12.588,0.1168,0.0093,12.67,0.282,12.51,12.658,-0.0029,0.0929,0.05,0.08,0.14,0.1372,5,3,2,1.0,18.0,18.0,8.5739,1,3,0.6,-0.0333,0.4,0.2,0.5,0.45,-0.3,,,1,1,,2022,2023,2022.2,1,2020,2020,2005,4dd36800764ff38e,F,12.43,0
11.68,11.69,11.69,0.0141,0.0012,11.7,0.02,11.685,11.695,11.68,11.69,11.69,0.0141,0.0012,11.7,0.02,11.685,11.695,,,,0.02,0.0,0.087,2,2,1,0.0,18.0,18.0,8.6964,1,2,1.0,0.0,0.0,0.0,0.5657,0.4,-0.4,181.0,70.0,0,0,21.3669,2025,2025,2025.0,0,2020,2020,2005,8950572862f636a6,M,11.68,1
12.4,12.9189,12.87,0.2981,0.0231,13.39,0.99,12.83,13.0,12.394,12.9042,12.9,0.297,0.023,13.378,0.984,12.812,12.91,-0.0901,0.2358,-0.0787,0.52,0.31,0.112,9,7,5,5.0,14.0,18.0,1.9382,1,5,0.5556,0.3845,0.0,0.2444,0.5294,0.3857,-0.5,175.0,63.0,0,0,20.5714,2020,2025,2022.5556,5,2020,2020,2005,11e0c7a10482ce01,F,12.4,1
10.66,10.8478,10.81,0.1638,0.0151,11.19,0.53,10.75,10.88,10.655,10.8439,10.78,0.1505,0.0139,11.11,0.455,10.755,10.975,-0.2123,0.0758,-0.2084,0.53,0.0,0.3078,9,9,3,2.0,18.0,20.0,5.2262,1,5,0.5556,-0.2075,0.0,0.0778,1.0195,0.72,-0.725,,,1,1,,2023,2025,2024.0,2,2020,2020,2005,96301fdcf0ad1eaa,M,10.56,0
12.65,13.012,13.02,0.2988,0.023,13.32,0.67,12.78,13.29,12.668,13.0072,13.08,0.2741,0.0211,13.278,0.61,12.774,13.236,-0.3211,0.0863,-0.2888,0.64,0.0,0.3138,5,3,3,2.0,15.0,18.0,2.4513,1,2,0.4,-0.0383,0.0,0.08,0.7694,0.5667,-0.65,,,1,1,,2023,2025,2023.8,2,2020,2020,2005,edc40f8852a5700a,F,12.65,0
12.25,12.6225,12.565,0.2946,0.0233,13.33,1.08,12.4175,12.7325,12.172,12.6322,12.594,0.3222,0.0255,13.33,1.158,12.4215,12.809,-0.2549,0.155,-0.3106,0.7,0.23,0.2935,12,6,3,2.0,15.0,17.0,5.0321,1,5,0.4167,0.177,0.0,-0.1608,1.0247,0.8925,-0.9167,,,1,1,,2022,2024,2023.1667,2,2020,2020,2005,a9695526dcad6ba6,F,12.25,0
12.48,12.9782,12.81,0.3485,0.0269,13.59,1.11,12.765,13.2,12.444,12.974,12.804,0.3692,0.0285,13.59,1.146,12.769,13.245,-0.2902,0.092,-0.3041,1.01,0.0,0.3323,11,7,4,3.0,14.0,17.0,3.6196,1,5,0.4545,-0.0473,0.0,0.07,0.7082,0.4783,-1.05,,,1,1,,2022,2025,2023.7273,3,2020,2020,2005,a5f747e79f359e48,F,12.48,0
12.22,12.6667,12.56,0.375,0.0296,13.46,1.24,12.375,12.8675,12.142,12.6407,12.554,0.3671,0.029,13.424,1.282,12.36,12.8155,-0.4149,0.1462,-0.3792,1.24,0.14,0.4419,12,10,4,3.0,16.0,18.0,4.2761,1,9,0.75,-0.0456,0.1667,0.52,0.5673,0.7,-0.4,,,1,1,,2022,2025,2023.3333,3,2020,2020,2005,1c8d1d6d8b378cb1,F,12.22,0
12.51,12.8455,12.82,0.2162,0.0168,13.25,0.74,12.7,13.005,12.396,12.8782,12.824,0.2718,0.0211,13.43,1.034,12.7035,13.071,-0.1852,0.1485,-0.2043,0.53,0.13,0.2283,20,13,3,2.0,15.0,17.0,8.6144,1,7,0.35,-0.0453,0.0,-0.545,1.3133,0.8667,-1.3417,,,1,1,,2023,2025,2024.15,2,2020,2020,2005,8a8bf120787bd46d,F,12.51,0
13.26,13.45,13.51,0.1682,0.0125,13.58,0.32,13.385,13.545,13.344,13.484,13.504,0.1311,0.0097,13.604,0.26,13.424,13.554,0.0337,0.1356,-0.0035,0.32,0.25,0.2156,3,3,2,1.0,15.0,16.0,2.0217,0,0,0.0,0.0,0.0,-0.5667,0.7638,0.1,-0.9,,,1,1,,2024,2025,2024.3333,1,2020,2020,2005,50bf6d78a287cdba,F,13.26,0
12.48,12.73,12.735,0.1854,0.0146,13.02,0.54,12.565,12.8675,12.432,12.7465,12.78,0.2154,0.0169,13.062,0.63,12.577,12.8815,-0.1328,0.1487,-0.1396,0.54,0.41,0.2199,12,9,3,2.0,14.0,16.0,4.8863,1,4,0.3333,-0.105,0.0,-0.275,1.3295,0.975,-1.2,,,1,1,,2023,2025,2024.1667,2,2020,2020,2005,b4537ee46a5d50cb,F,12.48,0
13.11,13.406,13.21,0.356,0.0266,13.86,0.75,13.13,13.72,13.158,13.4252,13.186,0.3457,0.0257,13.848,0.69,13.178,13.756,-0.0114,0.3183,0.0094,0.75,0.61,0.4095,5,4,3,2.0,15.0,15.0,2.7298,1,1,0.2,-0.5133,0.0,-0.32,0.5762,0.3,-0.7333,,,1,1,,2023,2025,2024.0,2,2020,2020,2005,36dbac04d72733c2,F,13.11,0
11.93,12.105,12.105,0.2475,0.0204,12.28,0.35,12.0175,12.1925,11.94,12.075,12.075,0.1909,0.0158,12.21,0.27,12.0075,12.1425,,,,0.35,0.0,0.636,2,2,2,1.0,19.0,19.0,3.6343,1,1,0.5,0.35,0.0,0.6,1.1314,1.4,-0.2,,,1,1,,2024,2025,2024.5,1,2020,2020,2005,3ae7598626dff270,M,11.93,0
10.73,10.8333,10.83,0.105,0.0097,10.94,0.21,10.78,10.885,10.755,10.8333,10.825,0.0828,0.0076,10.92,0.165,10.79,10.8725,-0.0925,0.0841,-0.0944,0.21,0.1,0.4981,3,3,1,0.0,20.0,20.0,7.1153,0,0,0.0,0.0,0.0,0.0,0.4583,0.25,-0.5,,,1,1,,2024,2024,2024.0,0,2020,2020,2000,61ed91b64d39de20,M,10.64,0
12.47,12.6867,12.73,0.1367,0.0108,12.86,0.39,12.56,12.77,12.418,12.6473,12.678,0.1488,0.0118,12.86,0.442,12.518,12.738,-0.0021,0.1288,0.0632,0.28,0.39,0.234,9,7,2,1.0,16.0,17.0,7.5223,1,4,0.4444,-0.123,0.2222,0.8429,0.6451,1.18,0.0,,,1,1,,2024,2025,2024.5556,1,2020,2020,2005,33bde3fb8b5bbc0b,F,12.47,0
10.81,11.0529,11.0,0.2118,0.0192,11.38,0.57,10.915,11.175,10.805,11.0893,11.065,0.2054,0.0185,11.39,0.585,10.985,11.1975,-0.5826,0.068,-0.5446,0.49,0.08,0.6556,7,5,1,1.0,16.0,17.0,9.3654,1,1,0.1429,0.2025,0.0,-0.7286,0.761,0.1,-0.8667,,,1,1,,2025,2025,2025.0,0,2020,2020,2005,739d86c4e4ca1858,M,10.81,0
13.12,13.2425,13.18,0.1723,0.013,13.49,0.37,13.1275,13.295,12.982,13.2035,13.138,0.2496,0.0189,13.556,0.574,13.0615,13.28,-0.0621,0.1461,-0.0996,0.37,0.11,0.303,4,4,2,1.0,16.0,16.0,3.2758,1,2,0.5,0.235,0.0,0.65,1.3892,1.2333,-1.1,168.0,52.0,0,0,18.424,2024,2025,2024.25,1,2020,2020,2005,62d844dde91d6627,F,13.12,1
13.31,13.542,13.61,0.1502,0.0111,13.69,0.38,13.48,13.62,13.238,13.5204,13.568,0.1749,0.0129,13.678,0.44,13.48,13.638,0.0676,0.1246,0.0476,0.31,0.3,0.1584,5,4,3,2.0,14.0,15.0,2.5542,1,1,0.2,0.29,0.0,0.36,0.5941,0.7,-0.3,,,1,1,,2023,2025,2024.2,2,2020,2020,2005,9cadead01393ac37,F,13.31,0
12.28,12.445,12.34,0.2513,0.0202,13.03,0.75,12.315,12.4375,12.262,12.4758,12.354,0.2861,0.0229,13.126,0.864,12.3245,12.481,0.3298,0.0784,0.3664,0.02,0.75,0.009,8,5,2,2.0,17.0,17.0,3.5809,1,3,0.375,0.2033,0.125,-0.5857,0.6842,0.3,-0.7333,164.0,54.0,0,0,20.0773,2019,2021,2019.25,2,2010,2010,2000,07a4abe7254dab21,F,12.28,1
12.83,12.9433,12.88,0.155,0.012,13.12,0.29,12.855,13.0,12.806,12.9413,12.862,0.188,0.0145,13.156,0.35,12.834,13.009,-1.7766,0.0833,-2.1309,0.29,0.0,2.3538,3,3,1,0.0,17.0,18.0,24.35,0,0,0.0,0.0,0.0,0.0333,0.5508,0.35,-0.6,169.0,62.0,0,0,21.7079,2016,2016,2016.0,0,2010,2010,1995,07863bdd11e6f6be,F,12.83,1
13.0,13.12,13.12,0.1697,0.0129,13.24,0.24,13.06,13.18,13.0,13.129,13.129,0.1824,0.0139,13.258,0.258,13.0645,13.1935,,,,0.0,0.24,0.0,2,2,2,2.0,17.0,17.0,0.8898,0,0,0.0,0.0,0.5,-0.3,0.0,0.0,-0.3,169.0,50.0,0,0,17.5064,2019,2021,2020.0,2,2010,2010,2000,5c3d3b467b8ffb89,F,13.0,1
11.1,11.215,11.215,0.1626,0.0145,11.33,0.23,11.1575,11.2725,10.99,11.1575,11.1575,0.2369,0.0212,11.325,0.335,11.0738,11.2412,,,,0.0,0.23,0.0,2,1,1,0.0,18.0,18.0,2.0,1,1,0.5,0.23,0.0,1.15,1.4849,1.15,0.0,182.0,69.0,0,0,20.8308,2019,2019,2019.0,0,2010,2010,2000,9b7cd0a7b4bf70ce,M,11.1,1
12.62,12.8289,12.85,0.1351,0.0105,13.02,0.4,12.71,12.87,12.59,12.8362,12.858,0.1536,0.012,13.086,0.496,12.732,12.876,0.2132,0.1003,0.2826,0.09,0.4,0.0732,9,6,2,1.0,17.0,18.0,7.3213,1,3,0.3333,-0.11,0.0,-0.1222,0.5674,0.5,-0.4333,164.0,51.0,0,0,18.9619,2023,2024,2023.1111,1,2020,2020,2005,99a35acec00965d6,F,12.62,1
12.48,12.7867,12.905,0.2369,0.0185,12.99,0.51,12.585,12.9475,12.45,12.7707,12.89,0.2385,0.0187,12.962,0.512,12.576,12.943,-0.2512,0.1582,-0.2383,0.39,0.01,0.2804,6,3,2,1.0,16.0,17.0,4.314,1,3,0.5,0.04,0.0,0.2667,0.3141,0.36,-0.2,162.0,47.0,0,0,17.9089,2023,2024,2023.6667,1,2020,2020,2005,2bf28c948e18d4a1,F,12.48,1
13.24,13.3425,13.25,0.1917,0.0144,13.63,0.39,13.2475,13.345,13.0,13.3005,13.28,0.2696,0.0203,13.642,0.642,13.156,13.4245,-0.0357,0.1507,-0.1068,0.01,0.01,0.0046,4,3,2,2.0,16.0,18.0,1.8354,1,1,0.25,0.1233,0.0,0.7,2.4125,2.35,-0.95,170.0,51.0,0,0,17.6471,2023,2025,2024.0,2,2020,2020,2005,2bf3e0863b982d72,F,13.24,1
11.23,11.378,11.33,0.1702,0.015,11.66,0.43,11.27,11.4,11.11,11.36,11.31,0.2302,0.0203,11.735,0.625,11.28,11.365,-0.3994,0.1353,-0.6245,0.43,0.17,0.8054,5,4,1,1.0,17.0,18.0,9.3654,0,0,0.0,0.0,0.0,0.36,1.4188,1.1667,-0.85,182.0,72.0,0,0,21.7365,2023,2023,2023.0,0,2020,2020,2005,b4d42f1bc5aa65ab,M,11.23,1
11.27,11.36,11.4,0.0781,0.0069,11.41,0.14,11.335,11.405,11.27,11.3483,11.36,0.0732,0.0065,11.415,0.145,11.315,11.3875,0.2029,0.0572,0.0592,0.0,0.13,0.0,3,2,1,0.0,19.0,19.0,10.1458,0,0,0.0,0.0,0.0,0.2333,0.4933,0.8,-0.1,175.0,61.0,0,0,19.9184,2023,2023,2023.0,0,2020,2020,2000,a0cd92dadae2d8db,M,11.27,1
11.05,11.26,11.27,0.1179,0.0105,11.39,0.34,11.215,11.34,11.05,11.2686,11.285,0.1259,0.0112,11.415,0.365,11.22,11.345,0.1437,0.0706,0.1553,0.0,0.34,0.0,7,4,2,1.0,17.0,17.0,5.5582,1,1,0.1429,0.105,0.0,-0.1714,0.3592,0.25,-0.425,185.0,70.0,0,0,20.4529,2023,2024,2023.2857,1,2020,2020,2005,40ea960410b37fb0,M,11.05,1
12.69,12.9356,12.93,0.1538,0.0119,13.24,0.55,12.89,13.0,12.654,12.9636,12.96,0.183,0.0141,13.312,0.658,12.93,13.036,0.017,0.1424,0.0312,0.24,0.26,0.1173,9,7,3,2.0,16.0,17.0,4.4006,1,5,0.5556,-0.0595,0.0,-0.4667,0.5958,0.35,-0.8167,162.0,44.0,0,0,16.7657,2023,2025,2024.1111,2,2020,2020,2005,f1ef8e2f3a37deb8,F,12.69,1
12.86,13.1012,13.09,0.1627,0.0124,13.41,0.55,13.015,13.145,12.86,13.1042,13.084,0.1789,0.0137,13.41,0.55,13.0,13.19,0.0237,0.151,0.0445,0.22,0.26,0.1141,8,5,3,2.0,15.0,16.0,4.1506,1,4,0.5,0.0275,0.375,-0.08,0.9884,1.0,-0.8,160.0,50.0,0,0,19.5312,2023,2025,2023.875,2,2020,2020,2005,a589afd30b41ff6c,F,12.86,1
12.34,13.194,12.66,1.3328,0.101,15.56,3.22,12.62,12.79,12.358,13.1976,12.66,1.3344,0.1011,15.566,3.208,12.584,12.82,-0.3718,1.1297,-0.3689,0.28,0.0,0.2351,5,4,2,1.0,17.0,18.0,4.1983,1,2,0.4,-1.5267,0.0,-0.06,0.4159,0.6,-0.3,172.0,63.0,0,0,21.2953,2022,2023,2022.2,1,2020,2020,2005,691d2243b539b963,F,12.34,1
10.88,11.0025,11.0,0.1072,0.0097,11.13,0.25,10.94,11.0625,10.81,10.9788,10.9875,0.1329,0.0121,11.13,0.32,10.9225,11.0438,-0.2392,0.0426,-0.2718,0.16,0.08,0.2319,4,2,2,1.0,18.0,18.0,5.7976,1,1,0.25,0.0,0.0,0.475,0.6602,0.95,0.0,183.0,65.0,0,0,19.4094,2022,2023,2022.5,1,2020,2020,2005,4aedfca49a4b68a2,M,10.88,1
13.17,13.506,13.35,0.3268,0.0242,13.9,0.73,13.3,13.81,13.05,13.4628,13.416,0.3288,0.0244,13.834,0.784,13.264,13.75,-0.2781,0.0869,-0.2985,0.73,0.0,0.2746,5,5,4,3.0,15.0,18.0,1.8808,1,4,0.8,0.4925,0.0,0.72,1.1389,1.175,-1.1,172.0,50.0,0,0,16.901,2022,2025,2023.6,3,2020,2020,2005,a943b1d10a4d0b74,F,13.17,1
11.23,11.554,11.63,0.1862,0.0161,11.69,0.46,11.57,11.65,11.14,11.549,11.59,0.2471,0.0214,11.8,0.66,11.555,11.66,0.0144,0.1686,0.0583,0.42,0.46,0.1957,5,5,3,2.0,16.0,17.0,2.3294,1,1,0.2,0.405,0.0,0.1,1.4832,0.9667,-1.2,176.0,68.0,0,0,21.9525,2023,2025,2023.6,2,2020,2020,2005,f89944e689be1aa0,M,11.23,1
10.97,11.02,11.02,0.0707,0.0064,11.07,0.1,10.995,11.045,10.915,10.99,10.99,0.1061,0.0097,11.065,0.15,10.9525,11.0275,,,,0.0,0.1,0.0,2,1,1,0.0,18.0,18.0,2.0,0,0,0.0,0.0,0.0,0.6,0.7071,0.6,0.0,178.0,68.0,0,0,21.4619,2022,2022,2022.0,0,2020,2020,2000,d17e017dd8fae8b9,M,10.78,1
13.5,13.71,13.73,0.1621,0.0118,13.88,0.38,13.635,13.805,13.482,13.683,13.699,0.1653,0.0121,13.852,0.37,13.5855,13.7965,0.1498,0.0691,0.1448,0.18,0.38,0.0934,4,4,3,2.0,14.0,15.0,2.0753,1,1,0.25,0.28,0.0,0.45,1.2396,1.0,-1.2,168.0,50.0,0,0,17.7154,2023,2025,2023.75,2,2020,2020,2005,f969e518cd47385c,F,13.5,1
13.4,13.6533,13.7,0.2335,0.0171,13.86,0.46,13.55,13.78,13.4,13.6673,13.64,0.282,0.0206,13.962,0.562,13.52,13.801,-0.1114,0.1683,-0.0656,0.3,0.0,0.1556,3,3,3,2.0,15.0,17.0,1.5565,0,0,0.0,0.0,0.0,-0.2333,1.365,1.0,-1.7,166.0,55.0,0,0,19.9594,2023,2025,2024.0,2,2020,2020,2005,d253053d687dc406,F,13.4,1
12.84,12.98,12.975,0.106,0.0082,13.14,0.3,12.9175,13.0325,12.84,12.993,12.984,0.1386,0.0107,13.2,0.36,12.8875,13.067,-0.0624,0.0981,-0.1387,0.17,0.3,0.1291,6,3,2,1.0,15.0,16.0,4.5561,1,3,0.5,0.1,0.3333,-0.325,0.9069,1.0,-0.7667,166.0,50.0,0,0,18.1449,2023,2024,2023.6667,1,2020,2020,2005,c97e2d7ddf89f54f,F,12.84,1
11.86,12.124,12.28,0.2189,0.0181,12.29,0.43,11.91,12.28,11.87,12.154,12.29,0.2443,0.0201,12.39,0.52,11.91,12.31,0.2495,0.1183,0.2531,0.0,0.42,0.0,5,5,3,2.0,14.0,14.0,2.5941,0,0,0.0,0.0,0.2,-0.75,0.8544,0.0,-0.75,170.0,50.0,0,0,17.301,2023,2025,2024.0,2,2020,2020,2005,2227ef7f8c0a58ac,M,11.86,1
11.49,11.6167,11.595,0.0995,0.0086,11.77,0.28,11.565,11.67,11.49,11.6383,11.63,0.1032,0.0089,11.8,0.31,11.6,11.675,-0.1464,0.0298,-0.1558,0.28,0.0,0.1453,6,6,3,2.0,15.0,17.0,3.1129,1,2,0.3333,0.0325,0.1667,-0.52,0.3633,0.0,-0.65,174.0,55.0,0,0,18.1662,2023,2025,2024.0,2,2020,2020,2005,99161ef59aa3c771,M,11.49,1
12.28,12.6042,12.475,0.3067,0.0243,13.21,0.93,12.3775,12.7925,12.172,12.6037,12.469,0.3339,0.0265,13.282,1.11,12.382,12.836,-0.241,0.2189,-0.2553,0.49,0.11,0.224,12,9,3,2.0,15.0,17.0,5.4856,1,4,0.3333,0.0982,0.0833,0.0091,0.8871,0.95,-0.6167,163.0,52.0,0,0,19.5717,2023,2025,2024.4167,2,2020,2020,2005,b6dced32fc1a2bf4,F,12.28,1
14.41,14.83,14.74,0.4715,0.0318,15.34,0.93,14.575,15.04,14.41,14.858,14.77,0.4979,0.0335,15.394,0.984,14.59,15.082,-0.082,0.3789,-0.0926,0.33,0.0,0.1647,3,3,3,2.0,15.0,17.0,1.4969,0,0,0.0,0.0,0.0,-0.4667,0.4509,0.0,-0.7,165.0,53.0,0,0,19.4674,2023,2025,2024.0,2,2020,2020,2005,c5543eeb6d62b4c5,F,14.41,1
13.62,14.082,14.03,0.5622,0.0399,15.01,1.39,13.65,14.1,13.512,14.094,14.06,0.6701,0.0475,15.196,1.684,13.602,14.1,-0.2148,0.4828,-0.2697,0.41,0.03,0.2046,5,5,3,2.0,14.0,16.0,2.4949,0,0,0.0,0.0,0.2,-0.25,2.1205,1.3,-1.8,168.0,50.0,0,0,17.7154,2023,2025,2024.2,2,2020,2020,2005,64a6c7eb80bb3fbe,F,13.62,1
12.78,12.9757,13.04,0.1743,0.0134,13.25,0.47,12.82,13.06,12.72,13.004,13.034,0.2435,0.0187,13.436,0.716,12.82,13.099,-0.0337,0.1607,-0.0648,0.27,0.26,0.1401,7,4,3,2.0,15.0,17.0,3.6317,1,3,0.4286,0.1792,0.2857,-0.66,1.5274,0.55,-1.4667,168.0,56.0,0,0,19.8413,2023,2025,2023.8571,2,2020,2020,2005,3608650365cab3f3,F,12.78,1
13.2,13.5133,13.47,0.2551,0.0189,13.94,0.74,13.38,13.605,13.104,13.5323,13.467,0.3139,0.0232,13.97,0.866,13.386,13.737,-0.3014,0.1268,-0.3279,0.74,0.21,0.3839,6,6,3,2.0,15.0,17.0,3.1129,1,1,0.1667,0.376,0.1667,-0.38,1.7398,1.05,-1.3333,170.0,55.0,0,0,19.0311,2023,2025,2024.1667,2,2020,2020,2005,9692ffc64da5464b,F,13.2,1
11.4,11.8467,11.615,0.7166,0.0605,13.28,1.88,11.4475,11.7375,11.39,11.8642,11.595,0.7524,0.0634,13.37,1.98,11.465,11.7587,-0.2558,0.6722,-0.2496,0.37,0.0,0.2957,6,6,2,1.0,17.0,18.0,4.7954,1,4,0.6667,0.74,0.0,-0.35,0.862,0.3333,-1.0333,175.0,61.0,0,0,19.9184,2024,2025,2024.5,1,2020,2020,2005,4408f55fd5f91302,M,11.4,1
11.57,11.575,11.575,0.0071,0.0006,11.58,0.01,11.5725,11.5775,11.49,11.525,11.525,0.0495,0.0043,11.56,0.07,11.5075,11.5425,,,,0.01,0.0,0.2149,2,2,1,0.0,18.0,18.0,42.9706,1,2,1.0,0.0,0.0,1.0,1.1314,1.0,0.0,178.0,63.0,0,0,19.8839,2024,2024,2024.0,0,2020,2020,2005,7019d2eeac9bae50,M,11.57,1
11.74,11.9167,12.0,0.1531,0.0128,12.01,0.27,11.87,12.005,11.62,11.8767,11.975,0.2243,0.0189,12.035,0.415,11.7975,12.005,1.486,0.0447,2.0815,0.0,0.26,0.0,3,3,1,0.0,17.0,17.0,15.8804,1,3,1.0,0.0,0.0,0.8,1.4731,1.45,-0.5,177.0,60.0,0,0,19.1516,2024,2024,2024.0,0,2020,2020,2005,c45848a4f67a3b61,M,11.74,1
11.1,11.3843,11.42,0.1427,0.0125,11.56,0.46,11.36,11.445,11.045,11.4214,11.44,0.1969,0.0172,11.635,0.59,11.38,11.535,-0.0679,0.1243,-0.0298,0.36,0.32,0.2896,7,7,2,1.0,17.0,18.0,5.6316,1,4,0.5714,-0.17,0.0,-0.7429,1.5361,0.8,-1.36,181.0,71.0,0,0,21.6721,2024,2025,2024.5714,1,2020,2020,2005,d7f594227638750f,M,11.1,1
11.56,11.635,11.635,0.1061,0.0091,11.71,0.15,11.5975,11.6725,11.57,11.635,11.635,0.0919,0.0079,11.7,0.13,11.6025,11.6675,,,,0.15,0.0,0.7827,2,2,1,0.0,17.0,17.0,10.4357,1,1,0.5,-0.15,0.0,0.0,0.2828,0.2,-0.2,175.0,56.0,0,0,18.2857,2024,2024,2024.0,0,2020,2020,2005,7028bf197694c0e4,M,11.56,1
12.11,12.2575,12.29,0.104,0.0085,12.34,0.23,12.2225,12.325,12.11,12.2413,12.2325,0.1156,0.0094,12.39,0.28,12.1887,12.285,-0.1005,0.0666,-0.115,0.21,0.15,0.1546,4,4,2,1.0,16.0,17.0,2.9456,1,4,1.0,0.0,0.0,0.325,1.0563,1.15,-1.0,170.0,60.0,0,0,20.7612,2024,2025,2024.5,1,2020,2020,2005,31b94b5a683599dd,M,12.11,1
11.75,11.82,11.82,0.099,0.0084,11.89,0.14,11.785,11.855,11.705,11.82,11.82,0.1626,0.0138,11.935,0.23,11.7625,11.8775,,,,0.0,0.14,0.0,2,2,2,1.0,16.0,16.0,2.7156,1,2,1.0,0.0,0.0,0.0,1.2728,0.9,-0.9,173.0,66.0,0,0,22.0522,2024,2025,2024.5,1,2020,2020,2005,61cfd8ebdc3b1137,M,11.75,1
11.5,11.67,11.69,0.1609,0.0138,11.82,0.32,11.595,11.755,11.465,11.6683,11.7,0.1895,0.0162,11.84,0.375,11.5825,11.77,0.1684,0.0872,0.1915,0.19,0.32,0.1461,3,3,2,1.0,17.0,17.0,2.3068,1,2,0.6667,-0.255,0.0,0.0333,0.5859,0.7,-0.3,170.0,64.0,0,0,22.1453,2024,2025,2024.3333,1,2020,2020,2005,035c4705d492c3b9,M,11.5,1
11.37,11.58,11.57,0.2152,0.0186,11.8,0.43,11.47,11.685,11.405,11.5817,11.58,0.1775,0.0153,11.76,0.355,11.4925,11.67,-0.2657,0.0737,-0.2224,0.43,0.0,0.3166,3,3,2,1.0,17.0,18.0,2.2092,1,2,0.6667,-0.015,0.0,-0.0333,0.7638,0.8,-0.45,173.0,60.0,0,0,20.0474,2024,2025,2024.3333,1,2020,2020,2005,06d51aacf0b253c7,M,11.37,1
11.26,11.545,11.525,0.3203,0.0277,11.87,0.61,11.275,11.795,11.28,11.5537,11.53,0.2986,0.0258,11.875,0.595,11.31,11.7738,-0.4673,0.0834,-0.4307,0.51,0.0,0.3756,4,4,2,1.0,17.0,19.0,2.9456,1,3,0.75,0.4333,0.0,-0.175,0.5909,0.6,-0.4333,175.0,65.0,0,0,21.2245,2024,2025,2024.5,1,2020,2020,2005,a95bd04bc493a025,M,11.26,1
11.39,11.8975,11.64,0.6925,0.0582,12.92,1.53,11.5475,11.99,11.27,11.8037,11.6325,0.6092,0.0516,12.68,1.41,11.5175,11.9188,2.3578,0.0627,2.0932,0.0,1.53,0.0,4,4,2,1.0,17.0,17.0,5.939,1,3,0.75,-0.3967,0.0,1.875,2.2232,2.5,0.0,180.0,65.0,0,0,20.0617,2024,2025,2024.25,1,2020,2020,2005,1b650de324d01cbd,M,11.39,1
11.5,11.67,11.635,0.1745,0.015,11.91,0.41,11.575,11.73,11.57,11.6788,11.625,0.1521,0.013,11.895,0.325,11.5738,11.73,-0.2336,0.1069,-0.1543,0.41,0.0,0.3635,4,4,2,1.0,17.0,19.0,3.5461,1,3,0.75,-0.0,0.0,-0.175,0.8539,0.4,-0.75,175.0,53.0,0,0,17.3061,2024,2025,2024.25,1,2020,2020,2005,9f21342800c5dcc5,M,11.5,1
10.97,11.1975,11.22,0.1696,0.0151,11.38,0.41,11.15,11.2675,11.03,11.2288,11.2625,0.1445,0.0129,11.36,0.33,11.1725,11.3188,-0.2308,0.097,-0.1703,0.24,0.0,0.1918,4,4,2,1.0,18.0,19.0,3.1969,1,3,0.75,-0.3033,0.0,-0.625,0.8808,0.4,-0.9667,180.0,70.0,0,0,21.6049,2024,2025,2024.5,1,2020,2020,2005,bba7ed325482926c,M,10.97,1
11.65,11.82,11.805,0.1787,0.0151,12.02,0.37,11.68,11.945,11.55,11.7838,11.775,0.2194,0.0186,12.035,0.485,11.6325,11.9262,-0.4282,0.0042,-0.4997,0.37,0.0,0.4304,4,4,2,1.0,16.0,17.0,4.6529,1,3,0.75,-0.2267,0.0,0.725,1.4408,1.7,-0.25,178.0,63.0,0,0,19.8839,2024,2025,2024.5,1,2020,2020,2005,fd3fc8d725155153,M,11.65,1
13.83,14.11,14.17,0.2553,0.0181,14.33,0.5,14.0,14.25,13.962,14.15,14.17,0.1788,0.0126,14.318,0.356,14.066,14.244,-0.564,0.0654,-0.4068,0.5,0.0,0.5853,3,3,2,1.0,17.0,18.0,3.512,1,3,1.0,0.0,0.0,-0.6667,1.3317,0.2,-2.2,168.0,55.0,0,0,19.487,2024,2025,2024.6667,1,2020,2020,2005,f4d5d4eda0982a82,F,13.83,1
11.56,11.72,11.79,0.1389,0.0119,11.81,0.25,11.675,11.8,11.625,11.7167,11.755,0.0797,0.0068,11.77,0.145,11.69,11.7625,-0.1851,0.0228,-0.1084,0.23,0.0,0.1694,3,3,2,1.0,15.0,17.0,2.2092,1,2,0.6667,0.135,0.0,0.0667,1.2342,0.75,-1.3,179.0,72.0,0,0,22.4712,2024,2025,2024.3333,1,2020,2020,2005,4b96b0f4e6da9b6d,M,11.56,1
12.19,12.28,12.23,0.1229,0.01,12.42,0.23,12.21,12.325,12.23,12.3417,12.305,0.1338,0.0108,12.49,0.26,12.2675,12.3975,-0.0443,0.0992,-0.0092,0.0,0.04,0.0,3,3,2,1.0,16.0,16.0,3.8313,1,1,0.3333,0.135,0.0,-1.2333,0.3786,0.0,-1.2333,182.0,73.0,0,0,22.0384,2024,2025,2024.3333,1,2020,2020,2005,499b346594a2cf20,M,12.19,1
12.79,13.03,12.93,0.2501,0.0192,13.45,0.66,12.88,13.145,12.73,13.039,12.939,0.2816,0.0216,13.48,0.75,12.88,13.199,0.5933,0.1286,0.6225,0.08,0.66,0.0837,6,4,2,1.0,15.0,16.0,6.2794,1,3,0.5,0.2933,0.3333,-0.225,0.8846,1.0,-0.6333,170.0,52.0,0,0,17.9931,2024,2025,2024.1667,1,2020,2020,2005,01f43197c37d025c,F,12.79,1
11.88,12.015,12.015,0.1909,0.0159,12.15,0.27,11.9475,12.0825,11.91,12.0375,12.0375,0.1803,0.015,12.165,0.255,11.9738,12.1012,,,,0.0,0.27,0.0,2,2,1,0.0,17.0,17.0,8.9085,1,2,1.0,0.0,0.0,-0.45,0.2121,0.0,-0.45,176.0,60.0,0,0,19.3698,2024,2024,2024.0,0,2020,2020,2005,341cbfb1e2898763,M,11.88,1
11.39,11.5,11.5,0.1556,0.0135,11.61,0.22,11.445,11.555,11.425,11.5125,11.5125,0.1237,0.0107,11.6,0.175,11.4688,11.5562,,,,0.0,0.22,0.0,2,2,1,0.0,18.0,18.0,42.9706,1,2,1.0,0.0,0.0,-0.25,0.6364,0.2,-0.7,180.0,70.0,0,0,21.6049,2024,2024,2024.0,0,2020,2020,2005,896f660a888a65b6,M,11.39,1
11.38,11.53,11.45,0.2099,0.0182,11.84,0.46,11.4175,11.5625,11.22,11.475,11.445,0.2356,0.0205,11.79,0.57,11.3775,11.5425,-0.4042,0.0496,-0.4918,0.46,0.0,0.3972,4,4,2,1.0,15.0,16.0,3.4539,1,2,0.5,-0.21,0.0,1.1,1.4652,1.4667,0.0,181.0,62.0,0,0,18.9249,2024,2025,2024.75,1,2020,2020,2005,6a120b183ecb7258,M,11.38,1
11.16,11.42,11.38,0.2577,0.0226,11.76,0.6,11.265,11.535,11.17,11.445,11.385,0.2961,0.0259,11.84,0.67,11.2488,11.5812,0.0468,0.2223,0.0876,0.3,0.0,0.3351,4,4,2,1.0,18.0,19.0,4.4679,1,2,0.5,0.08,0.0,-0.5,0.8832,0.5,-0.8333,181.0,71.0,0,0,21.6721,2024,2025,2024.5,1,2020,2020,2005,8eb72539588370f4,M,11.16,1
12.14,12.18,12.18,0.0566,0.0046,12.22,0.08,12.16,12.2,12.1,12.1725,12.1725,0.1025,0.0084,12.245,0.145,12.1362,12.2088,,,,0.0,0.08,0.0,2,2,1,0.0,18.0,18.0,9.6118,1,2,1.0,0.0,0.0,0.15,0.9192,0.8,-0.5,183.0,68.0,0,0,20.3052,2024,2024,2024.0,0,2020,2020,2005,00cc9258bb6cb19f,M,12.14,1
11.12,11.47,11.61,0.3051,0.0266,11.68,0.56,11.365,11.645,11.115,11.4383,11.52,0.2912,0.0255,11.68,0.565,11.3175,11.6,-0.6315,0.1035,-0.5499,0.49,0.0,0.57,3,3,2,1.0,17.0,18.0,3.4896,1,2,0.6667,-0.525,0.0,0.6333,1.0116,0.95,0.0,181.0,62.0,0,0,18.9249,2024,2025,2024.3333,1,2020,2020,2005,54b4819c54091851,M,11.12,1
11.66,11.7675,11.75,0.1118,0.0095,11.91,0.25,11.69,11.8275,11.65,11.77,11.765,0.1213,0.0103,11.9,0.25,11.6762,11.8588,0.2117,0.0681,0.1722,0.14,0.25,0.1639,4,4,2,1.0,18.0,18.0,4.6827,1,1,0.25,-0.0433,0.0,-0.05,0.5686,0.2333,-0.9,180.0,60.0,0,0,18.5185,2024,2025,2024.25,1,2020,2020,2005,d134603ac0f469b8,M,11.66,1
12.31,12.4925,12.525,0.1287,0.0103,12.61,0.3,12.46,12.5575,12.34,12.506,12.504,0.1373,0.011,12.676,0.336,12.4585,12.5515,-0.2496,0.0237,-0.2383,0.3,0.0,0.2753,4,4,2,1.0,15.0,17.0,3.6709,1,2,0.5,-0.165,0.0,-0.225,0.7182,0.35,-0.8,165.0,50.0,0,0,18.3655,2024,2025,2024.25,1,2020,2020,2005,d7cc8eda8fec783f,F,12.31,1
12.26,12.6325,12.62,0.3231,0.0256,13.03,0.77,12.4625,12.79,12.21,12.65,12.6675,0.3609,0.0285,13.055,0.845,12.4575,12.86,0.3242,0.2047,0.4201,0.0,0.45,0.0,4,4,2,1.0,17.0,17.0,2.9456,1,4,1.0,0.0,0.0,-0.35,1.1091,1.0,-0.8,164.0,65.0,0,0,24.1672,2024,2025,2024.75,1,2020,2020,2005,d299ad2738ba212a,M,12.26,1
10.87,11.26,11.24,0.2739,0.0243,11.53,0.66,11.15,11.51,10.87,11.264,11.265,0.2725,0.0242,11.53,0.66,11.15,11.505,-0.4567,0.091,-0.4595,0.64,0.0,0.4713,5,5,2,1.0,17.0,19.0,3.682,1,3,0.6,-0.1083,0.0,-0.08,0.2387,0.1,-0.5,172.0,61.0,0,0,20.6193,2024,2025,2024.2,1,2020,2020,2005,c0db39104fc9eafd,M,10.87,1
11.98,12.11,12.16,0.1136,0.0094,12.19,0.21,12.07,12.175,11.925,12.095,12.15,0.1502,0.0124,12.21,0.285,12.0375,12.18,-0.296,0.0134,-0.3946,0.21,0.0,0.2851,3,3,2,1.0,17.0,18.0,4.0734,1,3,1.0,0.0,0.0,0.3,0.755,0.65,-0.4,178.0,69.0,0,0,21.7776,2024,2025,2024.3333,1,2020,2020,2005,d0cd6a51852c1db6,M,11.98,1
11.6,11.7267,11.62,0.2023,0.0173,11.96,0.36,11.61,11.79,11.6,11.7267,11.64,0.1858,0.0158,11.94,0.34,11.62,11.79,-1.4333,0.1185,-1.2351,0.36,0.02,1.8784,3,3,1,0.0,18.0,18.0,15.6536,1,2,0.6667,-0.16,0.0,0.0,0.4,0.4,-0.4,181.0,64.0,0,0,19.5354,2024,2024,2024.0,0,2020,2020,2005,c426e1fbb7ecbb7b,M,11.6,1
11.71,11.846,11.83,0.1579,0.0133,12.11,0.4,11.74,11.84,11.735,11.845,11.83,0.1351,0.0114,12.065,0.33,11.735,11.86,-0.0444,0.1336,-0.0578,0.4,0.13,0.2946,5,5,2,1.0,16.0,16.0,3.682,1,4,0.8,-0.17,0.0,0.02,0.5541,0.5,-0.45,170.0,60.0,0,0,20.7612,2024,2025,2024.4,1,2020,2020,2005,c5847196b0333327,M,11.71,1
11.28,11.46,11.49,0.1296,0.0113,11.58,0.3,11.415,11.535,11.285,11.4338,11.425,0.13,0.0114,11.6,0.315,11.375,11.4838,-0.1767,0.0459,-0.1182,0.24,0.0,0.1767,4,4,2,1.0,15.0,17.0,2.9456,1,3,0.75,0.0,0.0,0.525,0.9179,1.3,-0.25,175.0,65.0,0,0,21.2245,2024,2025,2024.25,1,2020,2020,2005,9651c40be82c5afe,M,11.28,1
11.04,11.2825,11.155,0.3468,0.0307,11.78,0.74,11.0475,11.39,11.04,11.295,11.1775,0.3376,0.0299,11.785,0.745,11.0925,11.38,0.0782,0.2974,0.1353,0.22,0.0,0.1692,4,4,2,1.0,18.0,19.0,3.0758,1,2,0.5,0.265,0.0,-0.25,0.7853,0.25,-0.75,173.0,60.0,0,0,20.0474,2024,2025,2024.5,1,2020,2020,2005,dde7e139a0450255,M,11.04,1
12.67,12.94,12.905,0.2539,0.0196,13.28,0.61,12.82,13.025,12.598,12.922,12.881,0.3036,0.0235,13.328,0.73,12.7795,13.0235,0.3565,0.115,0.4245,0.27,0.61,0.2167,4,4,2,1.0,17.0,17.0,3.211,1,2,0.5,0.07,0.0,0.3,0.8287,0.6667,-0.8,163.0,55.0,0,0,20.7008,2024,2025,2024.25,1,2020,2020,2005,849a97d2f391f350,F,12.67,1
11.34,11.49,11.49,0.2121,0.0185,11.64,0.3,11.415,11.565,11.365,11.4975,11.4975,0.1874,0.0163,11.63,0.265,11.4312,11.5638,,,,0.0,0.3,0.0,2,2,1,0.0,18.0,18.0,42.9706,1,2,1.0,0.0,0.0,-0.15,0.495,0.2,-0.5,177.0,68.0,0,0,21.7051,2024,2024,2024.0,0,2020,2020,2005,193ba89df2a9c29c,M,11.34,1
11.88,12.0,12.01,0.1153,0.0096,12.11,0.23,11.945,12.06,11.965,12.06,12.02,0.1201,0.01,12.195,0.23,11.9925,12.1075,0.0792,0.0903,-0.0237,0.0,0.13,0.0,3,3,2,1.0,16.0,16.0,3.8313,1,1,0.3333,0.18,0.0,-1.2,0.866,0.0,-1.2,170.0,65.0,0,0,22.4913,2024,2025,2024.3333,1,2020,2020,2005,7b218c036d0e1ea2,M,11.88,1
12.95,13.17,13.03,0.3403,0.0258,13.67,0.72,12.9575,13.2425,12.974,13.2015,13.048,0.3588,0.0272,13.736,0.762,13.0085,13.241,-0.3025,0.2435,-0.3668,0.15,0.01,0.1745,4,4,2,1.0,16.0,16.0,4.6529,1,1,0.25,0.0933,0.0,-0.525,0.6898,0.4,-0.8333,168.0,60.0,0,0,21.2585,2024,2025,2024.5,1,2020,2020,2005,5b60d5488e492335,F,12.95,1
11.48,11.59,11.62,0.0985,0.0085,11.67,0.19,11.55,11.645,11.495,11.5883,11.615,0.0833,0.0072,11.655,0.16,11.555,11.635,-0.1329,0.0101,-0.1055,0.19,0.0,0.1399,3,3,2,1.0,17.0,18.0,2.2092,1,2,0.6667,0.045,0.0,0.0333,0.9452,1.1,-0.5,175.0,65.0,0,0,21.2245,2024,2025,2024.3333,1,2020,2020,2005,0a514bb3e20c91eb,M,11.48,1
11.48,11.485,11.485,0.0071,0.0006,11.49,0.01,11.4825,11.4875,11.455,11.46,11.46,0.0071,0.0006,11.465,0.01,11.4575,11.4625,,,,0.0,0.01,0.0,2,2,1,0.0,18.0,18.0,31.7609,1,2,1.0,0.0,0.0,0.5,0.2828,0.5,0.0,178.0,60.0,0,0,18.937,2024,2024,2024.0,0,2020,2020,2005,8a7086363b500717,M,11.48,1
11.81,11.83,11.81,0.0346,0.0029,11.87,0.06,11.81,11.84,11.765,11.8233,11.805,0.0693,0.0059,11.9,0.135,11.785,11.8525,-0.0309,0.0268,-0.0057,0.0,0.0,0.0,3,3,2,1.0,17.0,18.0,4.4543,1,3,1.0,0.0,0.0,0.1333,0.7506,0.5,-0.6,179.0,65.0,0,0,20.2865,2024,2025,2024.3333,1,2020,2020,2005,96320cd40e67d9f9,M,11.81,1
12.49,12.7011,12.65,0.1736,0.0137,13.01,0.52,12.58,12.85,12.418,12.7204,12.62,0.2541,0.02,13.238,0.82,12.574,12.868,-0.0182,0.1636,-0.0166,0.36,0.23,0.2553,9,8,2,1.0,16.0,16.0,6.383,1,3,0.3333,0.0087,0.0,-0.3222,1.4721,0.56,-1.425,160.0,50.0,0,0,19.5312,2024,2025,2024.5556,1,2020,2020,2005,72229c20be56aa50,F,12.49,1
11.75,11.835,11.835,0.1202,0.0102,11.92,0.17,11.7925,11.8775,11.74,11.8525,11.8525,0.1591,0.0134,11.965,0.225,11.7962,11.9088,,,,0.17,0.0,0.1977,2,2,2,1.0,17.0,17.0,2.3264,1,1,0.5,-0.17,0.0,-0.35,0.7778,0.2,-0.9,180.0,68.0,0,0,20.9877,2024,2025,2024.5,1,2020,2020,2005,95e44a8dcb4d7e8e,M,11.75,1
13.16,13.365,13.375,0.1658,0.0124,13.55,0.39,13.28,13.46,13.178,13.407,13.372,0.2217,0.0165,13.706,0.528,13.2935,13.4855,0.0171,0.1434,0.1021,0.16,0.0,0.1563,4,4,2,1.0,17.0,18.0,3.9064,1,3,0.75,0.2467,0.0,-0.7,1.2936,0.3,-1.0333,162.0,55.0,0,0,20.9572,2024,2025,2024.75,1,2020,2020,2005,35dfe3ea3f9ea322,F,13.16,1
13.73,13.9133,13.79,0.2673,0.0192,14.22,0.49,13.76,14.005,13.73,13.9213,13.772,0.2958,0.0212,14.262,0.532,13.751,14.017,-0.571,0.1291,-0.6121,0.49,0.0,0.6653,3,3,2,1.0,18.0,19.0,4.0734,1,3,1.0,0.0,0.0,-0.1333,0.5132,0.3,-0.7,170.0,62.0,0,0,21.4533,2024,2025,2024.3333,1,2020,2020,2005,38e6f1f37c304e5b,F,13.73,1
11.27,11.548,11.48,0.2325,0.0201,11.86,0.59,11.43,11.7,11.24,11.543,11.55,0.2096,0.0182,11.77,0.53,11.455,11.7,-0.3235,0.0653,-0.2766,0.59,0.0,0.4036,5,5,2,1.0,16.0,17.0,3.4199,1,4,0.8,0.19,0.0,0.1,1.2,1.2,-0.95,177.0,65.0,0,0,20.7476,2024,2025,2024.6,1,2020,2020,2005,f07e0596ac10fa82,M,11.27,1
11.4,11.516,11.58,0.1016,0.0088,11.6,0.2,11.41,11.59,11.405,11.526,11.585,0.1067,0.0093,11.62,0.215,11.415,11.605,-0.0868,0.0786,-0.0779,0.18,0.19,0.1384,5,5,2,1.0,17.0,18.0,3.8447,1,4,0.8,0.105,0.0,-0.2,0.3606,0.3,-0.325,180.0,68.0,0,0,20.9877,2024,2025,2024.6,1,2020,2020,2005,a547b6e06454a6e9,M,11.4,1
11.23,11.46,11.41,0.2364,0.0206,11.79,0.56,11.35,11.52,11.23,11.4812,11.4425,0.242,0.0211,11.81,0.58,11.3687,11.555,-0.2456,0.184,-0.2848,0.16,0.0,0.1861,4,4,2,1.0,17.0,18.0,4.6529,1,3,0.75,-0.3067,0.0,-0.425,0.8342,0.3,-1.0,170.0,55.0,0,0,19.0311,2024,2025,2024.25,1,2020,2020,2005,075f55336c260338,M,11.23,1
13.6,13.66,13.66,0.0849,0.0062,13.72,0.12,13.63,13.69,13.666,13.681,13.681,0.0212,0.0016,13.696,0.03,13.6735,13.6885,,,,0.0,0.12,0.0,2,2,1,0.0,16.0,16.0,8.9085,1,2,1.0,0.0,0.0,-0.35,1.0607,0.4,-1.1,160.0,50.0,0,0,19.5312,2024,2024,2024.0,0,2020,2020,2005,6ca36a984e7dce51,F,13.6,1
12.87,13.0267,13.1,0.1358,0.0104,13.11,0.24,12.985,13.105,12.882,13.0507,13.01,0.1923,0.0147,13.26,0.378,12.946,13.135,-0.1912,0.0226,-0.1771,0.23,0.0,0.1765,3,3,2,1.0,16.0,17.0,2.302,1,1,0.3333,-0.11,0.0,-0.4,2.0075,1.5,-1.35,161.0,48.0,0,0,18.5178,2024,2025,2024.3333,1,2020,2020,2005,1ad2bc057d138fa5,F,12.87,1
11.6,11.6,11.6,0.0,0.0,11.6,0.0,11.6,11.6,11.56,11.5775,11.5775,0.0247,0.0021,11.595,0.035,11.5688,11.5862,,,,0.0,0.0,0.0,2,2,1,0.0,18.0,18.0,31.7609,1,2,1.0,0.0,0.0,0.45,0.495,0.45,0.0,178.0,63.0,0,0,19.8839,2024,2024,2024.0,0,2020,2020,2005,a1c19b873955faa4,M,11.6,1
11.06,11.2533,11.26,0.1901,0.0169,11.44,0.38,11.16,11.35,11.08,11.2733,11.295,0.1835,0.0163,11.445,0.365,11.1875,11.37,-0.3029,0.0573,-0.3,0.38,0.0,0.355,3,3,2,1.0,16.0,17.0,2.8024,1,2,0.6667,0.01,0.0,-0.4,0.3,0.0,-0.4,175.0,125.0,0,0,40.8163,2024,2025,2024.3333,1,2020,2020,2005,4b2d17eedb386a99,M,11.06,0
11.98,12.005,12.005,0.0354,0.0029,12.03,0.05,11.9925,12.0175,11.905,11.985,11.985,0.1131,0.0094,12.065,0.16,11.945,12.025,,,,0.05,0.0,0.2403,2,2,1,0.0,18.0,18.0,9.6118,1,2,1.0,0.0,0.0,0.4,1.5556,1.5,-0.7,178.0,68.0,0,0,21.4619,2024,2024,2024.0,0,2020,2020,2005,479960208dca63cb,M,11.98,1
11.76,12.0343,11.89,0.3141,0.0261,12.5,0.74,11.835,12.21,11.79,12.045,11.89,0.3161,0.0262,12.53,0.74,11.8425,12.21,-0.584,0.0878,-0.5843,0.71,0.0,0.4785,7,7,2,1.0,17.0,18.0,4.7173,1,1,0.1429,0.1917,0.1429,-0.25,0.3886,0.2,-0.5667,,,1,1,,2024,2025,2024.7143,1,2020,2020,2005,a5c0cda0a5b1ec83,M,11.76,0
11.47,11.495,11.495,0.0354,0.0031,11.52,0.05,11.4825,11.5075,11.475,11.4975,11.4975,0.0318,0.0028,11.52,0.045,11.4863,11.5087,,,,0.05,0.0,0.3204,2,2,1,0.0,17.0,17.0,12.8158,1,1,0.5,-0.05,0.0,-0.05,0.0707,0.0,-0.1,,,1,1,,2025,2025,2025.0,0,2020,2020,2005,f2e76cdb9c645acb,M,11.47,0
11.67,11.8133,11.69,0.2312,0.0196,12.08,0.41,11.68,11.885,11.67,11.8183,11.69,0.2398,0.0203,12.095,0.425,11.68,11.8925,0.475,0.0099,0.4928,0.0,0.41,0.0,3,3,2,1.0,17.0,17.0,3.3924,0,0,0.0,0.0,0.0,-0.1,0.1732,0.0,-0.3,,,1,1,,2024,2025,2024.3333,1,2020,2020,2005,551b5f59f20b3e2c,M,11.67,0
11.12,11.2833,11.29,0.1601,0.0142,11.44,0.32,11.205,11.365,11.06,11.265,11.275,0.2002,0.0178,11.46,0.4,11.1675,11.3675,1.0597,0.0694,1.319,0.0,0.32,0.0,3,2,1,0.0,17.0,17.0,13.5278,1,1,0.3333,-0.01,0.0,0.3667,0.8021,0.75,-0.4,,,1,1,,2024,2024,2024.0,0,2020,2020,2005,813336ca51d5fdea,M,11.12,0
11.0,11.055,11.035,0.0656,0.0059,11.15,0.15,11.0225,11.0675,10.98,11.055,11.0525,0.0634,0.0057,11.135,0.155,11.0325,11.075,-0.4003,0.0403,-0.4003,0.04,0.03,0.2001,4,2,1,0.0,15.0,15.0,20.0137,1,2,0.5,0.04,0.0,0.0,0.4082,0.35,-0.35,,,1,1,,2025,2025,2025.0,0,2020,2020,2010,fb345a37e94498b6,M,11.0,0
10.94,11.1267,11.03,0.2495,0.0224,11.41,0.47,10.985,11.22,10.94,11.1017,10.955,0.2671,0.0241,11.41,0.47,10.9475,11.1825,-7.392,0.0367,-8.0442,0.47,0.09,8.1746,3,2,1,0.0,18.0,18.0,52.1786,1,1,0.3333,0.28,0.0,0.5,0.866,1.5,0.0,,,1,1,,2024,2024,2024.0,0,2020,2020,2005,e1e0c680c5f6f84a,M,10.94,0
11.63,11.68,11.68,0.0707,0.0061,11.73,0.1,11.655,11.705,11.62,11.6925,11.6925,0.1025,0.0088,11.765,0.145,11.6562,11.7288,,,,0.1,0.0,1.7393,2,2,1,0.0,18.0,18.0,34.7857,0,0,0.0,0.0,0.0,-0.25,0.6364,0.2,-0.7,,,1,1,,2024,2024,2024.0,0,2020,2020,2005,6678f1ae35b54848,M,11.63,0
11.37,11.425,11.425,0.0778,0.0068,11.48,0.11,11.3975,11.4525,11.415,11.4425,11.4425,0.0389,0.0034,11.47,0.055,11.4287,11.4562,,,,0.11,0.0,1.9132,2,2,1,0.0,17.0,18.0,34.7857,0,0,0.0,0.0,0.0,-0.35,0.7778,0.2,-0.9,,,1,1,,2024,2024,2024.0,0,2020,2020,2005,aad4f3fc74e02aab,M,11.37,0
11.67,11.7867,11.72,0.1607,0.0136,11.97,0.3,11.695,11.845,11.63,11.7567,11.685,0.1739,0.0148,11.955,0.325,11.6575,11.82,-2.0912,0.0431,-2.2653,0.3,0.0,2.0675,3,3,1,0.0,18.0,18.0,20.6745,0,0,0.0,0.0,0.0,0.6,0.2646,0.6,0.0,,,1,1,,2024,2024,2024.0,0,2020,2020,2005,e55341f1d3bca09c,M,11.67,0
11.61,11.77,11.82,0.1418,0.012,11.88,0.27,11.715,11.85,11.655,11.8017,11.8,0.1475,0.0125,11.95,0.295,11.7275,11.875,-0.419,0.0627,-0.3254,0.21,0.0,0.3742,3,3,1,1.0,15.0,16.0,5.3451,0,0,0.0,0.0,0.0,-0.6333,0.9292,0.4,-1.15,,,1,1,,2025,2025,2025.0,0,2020,2020,2010,4c3c42f728f998d6,M,11.61,0
11.59,11.72,11.695,0.1349,0.0115,11.9,0.31,11.635,11.78,11.605,11.7188,11.67,0.1456,0.0124,11.93,0.325,11.635,11.7538,-0.1729,0.0514,-0.1937,0.31,0.06,0.2105,4,4,2,1.0,17.0,18.0,2.7156,0,0,0.0,0.0,0.0,0.025,1.2738,1.9,-0.6,,,1,1,,2024,2025,2024.75,1,2020,2020,2005,eb3b7fe0dde020ac,M,11.59,0
11.39,11.54,11.48,0.1873,0.0162,11.75,0.36,11.435,11.615,11.4,11.5517,11.465,0.2089,0.0181,11.79,0.39,11.4325,11.6275,-0.2038,0.1055,-0.2078,0.36,0.0,0.3051,3,3,2,1.0,17.0,19.0,2.5423,0,0,0.0,0.0,0.0,-0.2333,0.5508,0.3,-0.5,,,1,1,,2024,2025,2024.3333,1,2020,2020,2005,9fb2e074d3d2d262,M,11.39,0
14.03,15.0167,15.45,0.8566,0.057,15.57,1.54,14.74,15.51,14.24,15.3107,15.84,0.9272,0.0606,15.852,1.612,15.04,15.846,-1.4571,0.049,-1.5811,1.42,0.0,1.398,3,2,2,1.0,16.0,17.0,2.9535,1,1,0.3333,-0.65,0.0,-4.9,1.51,0.0,-4.9,,,1,1,,2024,2025,2024.3333,1,2020,2020,2005,7176bd5e2c098ca7,F,14.03,0
11.36,11.415,11.415,0.0778,0.0068,11.47,0.11,11.3875,11.4425,11.365,11.43,11.43,0.0919,0.008,11.495,0.13,11.3975,11.4625,,,,0.11,0.0,1.9132,2,2,1,0.0,20.0,20.0,34.7857,0,0,0.0,0.0,0.0,-0.3,0.2828,0.0,-0.3,,,1,1,,2024,2024,2024.0,0,2020,2020,2005,6c16d4d1f81d372d,M,11.36,0
11.16,11.3487,11.32,0.1363,0.012,11.57,0.41,11.265,11.42,11.09,11.3356,11.3175,0.1619,0.0143,11.57,0.48,11.2312,11.4538,-0.2443,0.078,-0.2696,0.41,0.17,0.3062,8,7,2,1.0,15.0,16.0,5.9755,1,4,0.5,0.1025,0.125,0.3,0.7572,0.8,-0.55,,,1,1,,2024,2025,2024.875,1,2020,2020,2010,0de3d3899905a02c,M,11.16,0
11.29,11.41,11.39,0.0837,0.0073,11.49,0.2,11.39,11.49,11.27,11.42,11.445,0.0957,0.0084,11.515,0.245,11.39,11.48,-0.1258,0.0578,-0.1232,0.1,0.0,0.0974,5,5,2,1.0,17.0,18.0,4.87,1,3,0.6,-0.1167,0.0,-0.2,0.6042,0.3,-0.8,180.0,76.0,0,0,23.4568,2024,2025,2024.6,1,2020,2020,2005,4e6e65592feeabcd,M,11.29,1
13.94,13.97,13.97,0.0424,0.003,14.0,0.06,13.955,13.985,14.018,14.021,14.021,0.0042,0.0003,14.024,0.006,14.0195,14.0225,,,,0.0,0.06,0.0,2,1,1,0.0,16.0,16.0,2.0,1,1,0.5,0.06,0.0,-0.85,0.7778,0.0,-0.85,,,1,1,,2024,2024,2024.0,0,2020,2020,2005,9fa7b0b943ccd7e5,F,13.94,0
11.37,11.465,11.465,0.1344,0.0117,11.56,0.19,11.4175,11.5125,11.355,11.4525,11.4525,0.1379,0.012,11.55,0.195,11.4037,11.5012,,,,0.19,0.0,1.2175,2,2,1,0.0,17.0,17.0,12.8158,1,1,0.5,-0.19,0.0,0.25,0.0707,0.25,0.0,,,1,1,,2025,2025,2025.0,0,2020,2020,2005,d1c1da6d1c4d5f35,M,11.37,0
13.13,13.2133,13.23,0.0764,0.0058,13.28,0.15,13.18,13.255,13.1,13.1973,13.218,0.0888,0.0067,13.274,0.174,13.159,13.246,0.4509,0.0408,0.5186,0.0,0.15,0.0,3,2,1,0.0,16.0,16.0,13.5278,1,2,0.6667,-0.125,0.0,0.2667,0.2082,0.2667,0.0,,,1,1,,2024,2024,2024.0,0,2020,2020,2005,06e14be20316eb93,F,13.13,0
11.49,11.6033,11.58,0.1266,0.0109,11.74,0.25,11.535,11.66,11.57,11.635,11.6,0.0879,0.0076,11.735,0.165,11.585,11.6675,-0.2183,0.0603,-0.128,0.25,0.0,0.2965,3,3,2,1.0,18.0,18.0,3.5576,0,0,0.0,0.0,0.0,-0.6333,0.8737,0.1,-1.0,,,1,1,,2024,2025,2024.3333,1,2020,2020,2005,785eca42399e26b4,M,11.49,0
11.85,11.8733,11.87,0.0252,0.0021,11.9,0.05,11.86,11.885,11.8,11.8483,11.845,0.0501,0.0042,11.9,0.1,11.8225,11.8725,-0.0975,0.0101,-0.1876,0.05,0.02,0.1218,3,3,1,0.0,17.0,17.0,7.305,0,0,0.0,0.0,0.3333,0.75,0.3536,0.75,0.0,,,1,1,,2024,2024,2024.0,0,2020,2020,2005,e666d3c48deaf326,M,11.85,0
11.4,11.44,11.44,0.0566,0.0049,11.48,0.08,11.42,11.46,11.33,11.425,11.425,0.1344,0.0118,11.52,0.19,11.3775,11.4725,,,,0.0,0.08,0.0,2,2,1,0.0,18.0,18.0,21.4853,0,0,0.0,0.0,0.0,0.3,1.5556,1.4,-0.8,,,1,1,,2024,2024,2024.0,0,2020,2020,2005,2729f0a4c5321c85,M,11.4,0
12.51,12.6067,12.6,0.1002,0.0079,12.71,0.2,12.555,12.655,12.582,12.6347,12.6,0.0762,0.006,12.722,0.14,12.591,12.661,-0.3174,0.0552,-0.1518,0.09,0.0,0.2067,3,3,1,0.0,18.0,18.0,6.8915,1,3,1.0,0.0,0.3333,-0.7,0.7071,0.0,-0.7,,,1,1,,2025,2025,2025.0,0,2020,2020,2005,62458958f57fc1ac,F,12.51,0
11.39,11.485,11.485,0.1344,0.0117,11.58,0.19,11.4375,11.5325,11.43,11.51,11.51,0.1131,0.0098,11.59,0.16,11.47,11.55,,,,0.19,0.0,3.3046,2,2,1,0.0,18.0,18.0,34.7857,0,0,0.0,0.0,0.0,-0.5,0.4243,0.0,-0.5,,,1,1,,2024,2024,2024.0,0,2020,2020,2005,1c823e0368156a81,M,11.39,0
11.53,11.7633,11.79,0.2212,0.0188,11.97,0.44,11.66,11.88,11.545,11.8267,11.85,0.2708,0.0229,12.085,0.54,11.6975,11.9675,-1.993,0.0533,-2.4608,0.44,0.0,2.1146,3,3,1,0.0,18.0,18.0,14.4178,0,0,0.0,0.0,0.0,-1.2667,1.0017,0.0,-1.2667,,,1,1,,2024,2024,2024.0,0,2020,2020,2005,a162798057d0692f,M,11.53,0
11.57,11.7567,11.74,0.1955,0.0166,11.96,0.39,11.655,11.85,11.57,11.7867,11.785,0.2175,0.0185,12.005,0.435,11.6775,11.895,0.6845,0.0145,0.755,0.0,0.39,0.0,3,3,1,1.0,18.0,18.0,5.3451,0,0,0.0,0.0,0.0,-0.6,0.5196,0.0,-0.9,,,1,1,,2025,2025,2025.0,0,2020,2020,2005,787a122e2cf15537,M,11.57,0
11.44,11.58,11.58,0.198,0.0171,11.72,0.28,11.51,11.65,11.405,11.5675,11.5675,0.2298,0.0199,11.73,0.325,11.4862,11.6488,,,,0.0,0.28,0.0,2,2,1,0.0,17.0,17.0,21.4853,0,0,0.0,0.0,0.0,0.25,0.6364,0.7,-0.2,,,1,1,,2024,2024,2024.0,0,2020,2020,2005,d13deb2dcde14bb9,M,11.44,0
12.95,13.342,13.28,0.3023,0.0227,13.67,0.72,13.19,13.62,12.908,13.3516,13.334,0.3108,0.0233,13.67,0.762,13.226,13.62,-0.477,0.0569,-0.4554,0.67,0.0,0.4974,5,3,2,1.0,16.0,17.0,3.7119,1,2,0.4,-0.18,0.4,-0.2667,0.8505,0.7,-0.75,,,1,1,,2024,2025,2024.6,1,2020,2020,2005,d6c129eee4bac4a7,F,12.95,0
11.17,11.4975,11.585,0.2235,0.0194,11.65,0.48,11.4475,11.635,11.18,11.515,11.605,0.2278,0.0198,11.67,0.49,11.4688,11.6512,-0.3514,0.1001,-0.3574,0.48,0.0,0.4068,4,4,2,1.0,17.0,18.0,3.3898,0,0,0.0,0.0,0.0,-0.35,0.3873,0.1,-0.5,,,1,1,,2024,2025,2024.5,1,2020,2020,2005,2123caf18a1f2b13,M,11.17,0
11.58,11.6567,11.68,0.0681,0.0058,11.71,0.13,11.63,11.695,11.615,11.6583,11.66,0.0425,0.0036,11.7,0.085,11.6375,11.68,0.1163,0.0366,0.0869,0.0,0.13,0.0,3,3,2,1.0,18.0,18.0,3.727,1,1,0.3333,-0.08,0.0,-0.0333,0.5859,0.3,-0.7,,,1,1,,2024,2025,2024.3333,1,2020,2020,2005,7e82e5d815379098,M,11.58,0
11.72,11.7767,11.78,0.0551,0.0047,11.83,0.11,11.75,11.805,11.705,11.7767,11.78,0.0701,0.0059,11.845,0.14,11.7425,11.8125,-0.0844,0.0234,-0.1066,0.06,0.0,0.0597,3,3,2,1.0,17.0,18.0,2.9857,0,0,0.0,0.0,0.3333,0.0,0.4243,0.3,-0.3,,,1,1,,2024,2025,2024.3333,1,2020,2020,2005,a7c5c0e208958fd7,M,11.72,0
11.53,11.96,11.795,0.5618,0.047,12.72,1.19,11.5375,12.2175,11.54,11.995,11.845,0.5664,0.0472,12.75,1.21,11.57,12.27,-0.0004,0.4866,0.028,0.01,0.52,0.0067,4,4,2,1.0,17.0,17.0,2.6956,0,0,0.0,0.0,0.0,-0.7,0.5292,0.0,-0.9333,,,1,1,,2024,2025,2024.25,1,2020,2020,2005,2aeea69f1eb94599,M,11.53,0
11.09,11.315,11.2,0.3087,0.0273,11.77,0.68,11.15,11.365,11.075,11.32,11.2125,0.314,0.0277,11.78,0.705,11.1613,11.3712,-0.9629,0.1308,-0.9056,0.68,0.08,1.2057,4,3,1,1.0,16.0,16.0,7.0922,1,1,0.25,0.1933,0.0,-0.1,0.8981,0.55,-0.75,,,1,1,,2025,2025,2025.0,0,2020,2020,2005,2a4f319f7136ff41,M,11.09,0
11.86,12.005,12.005,0.2051,0.0171,12.15,0.29,11.9325,12.0775,11.83,11.995,11.995,0.2333,0.0195,12.16,0.33,11.9125,12.0775,,,,0.29,0.0,5.5749,2,2,1,0.0,18.0,18.0,38.4474,0,0,0.0,0.0,0.0,0.2,0.5657,0.6,-0.2,,,1,1,,2024,2024,2024.0,0,2020,2020,2005,e053f9bab901d2c5,M,11.86,0
11.68,11.73,11.73,0.0707,0.006,11.78,0.1,11.705,11.755,11.725,11.7775,11.7775,0.0742,0.0063,11.83,0.105,11.7512,11.8038,,,,0.1,0.0,1.0743,2,2,1,0.0,18.0,18.0,21.4853,0,0,0.0,0.0,0.0,-0.95,0.0707,0.0,-0.95,,,1,1,,2024,2024,2024.0,0,2020,2020,2005,3f083ac726b2c1e4,M,11.68,0
11.36,11.694,11.63,0.3146,0.0269,12.06,0.7,11.44,11.98,11.34,11.696,11.65,0.327,0.028,12.08,0.74,11.43,11.98,-0.5444,0.0681,-0.5631,0.62,0.0,0.464,5,5,2,1.0,18.0,19.0,3.7423,1,1,0.2,0.08,0.0,-0.04,0.3578,0.3,-0.4,,,1,1,,2024,2025,2024.6,1,2020,2020,2005,8dc1b338e80dc632,M,11.36,0
11.44,11.59,11.63,0.1345,0.0116,11.7,0.26,11.535,11.665,11.415,11.575,11.63,0.1408,0.0122,11.68,0.265,11.5225,11.655,0.1575,0.0833,0.148,0.19,0.26,0.1891,3,3,2,1.0,17.0,17.0,2.9857,0,0,0.0,0.0,0.3333,0.45,0.0707,0.45,0.0,,,1,1,,2024,2025,2024.3333,1,2020,2020,2005,ae196c008e29aff9,M,11.44,0
11.28,11.3,11.3,0.0283,0.0025,11.32,0.04,11.29,11.31,11.275,11.305,11.305,0.0424,0.0038,11.335,0.06,11.29,11.32,,,,0.04,0.0,0.2563,2,2,1,0.0,18.0,18.0,12.8158,1,1,0.5,-0.04,0.0,-0.1,0.2828,0.1,-0.3,,,1,1,,2025,2025,2025.0,0,2020,2020,2005,f3e787d7874f0f61,M,11.28,0
11.48,11.585,11.585,0.1485,0.0128,11.69,0.21,11.5325,11.6375,11.45,11.57,11.57,0.1697,0.0147,11.69,0.24,11.51,11.63,,,,0.0,0.21,0.0,2,2,1,0.0,17.0,17.0,31.7609,1,1,0.5,0.21,0.0,0.3,0.4243,0.6,0.0,181.0,72.0,0,0,21.9774,2025,2025,2025.0,0,2020,2020,2005,2e09bccfa519392f,M,11.48,1
11.52,11.565,11.565,0.0636,0.0055,11.61,0.09,11.5425,11.5875,11.465,11.55,11.55,0.1202,0.0104,11.635,0.17,11.5075,11.5925,,,,0.0,0.09,0.0,2,2,1,0.0,16.0,16.0,31.7609,1,1,0.5,0.09,0.0,0.3,1.1314,1.1,-0.5,175.0,66.0,0,0,21.551,2025,2025,2025.0,0,2020,2020,2005,59495a95f4d3bcbb,M,11.52,1
13.65,13.7225,13.665,0.1253,0.0091,13.91,0.26,13.6575,13.73,13.634,13.7075,13.667,0.1058,0.0077,13.862,0.228,13.6415,13.733,0.0857,0.1072,-0.0287,0.0,0.02,0.0,4,4,1,0.0,16.0,16.0,16.7931,1,1,0.25,0.0967,0.0,0.25,0.5802,0.5,-0.5,170.0,60.0,0,0,20.7612,2025,2025,2025.0,0,2020,2020,2005,6f39e6e379bc0724,F,13.65,1
11.79,11.89,11.89,0.1414,0.0119,11.99,0.2,11.84,11.94,11.83,11.9425,11.9425,0.1591,0.0133,12.055,0.225,11.8862,11.9988,,,,0.0,0.2,0.0,2,2,1,0.0,16.0,16.0,42.9706,1,1,0.5,0.2,0.0,-1.05,0.3536,0.0,-1.05,175.0,55.0,0,0,17.9592,2025,2025,2025.0,0,2020,2020,2005,882ee60d1ca45438,M,11.79,1
12.36,12.5775,12.59,0.1834,0.0146,12.77,0.41,12.465,12.7025,12.3276,12.5559,12.584,0.1692,0.0135,12.728,0.4004,12.4929,12.647,0.9348,0.0581,0.7499,0.0,0.41,0.0,4,3,1,0.0,18.0,18.0,12.5948,1,2,0.5,-0.025,0.0,0.36,0.7965,0.7467,-0.8,,,1,1,,2022,2022,2022.0,0,2020,2020,2000,c02ce7aacb50a330,F,12.36,0
11.49,11.66,11.59,0.2138,0.0183,11.9,0.41,11.54,11.745,11.515,11.675,11.59,0.2155,0.0185,11.92,0.405,11.5525,11.755,0.3548,0.0428,0.3625,0.1,0.41,0.0982,3,3,2,1.0,17.0,17.0,2.9456,1,1,0.3333,0.105,0.0,-0.3,0.2646,0.0,-0.45,,,1,1,,2023,2024,2023.3333,1,2020,2020,2005,91c70db5325cddc7,M,11.49,0
11.89,12.0133,12.02,0.1201,0.01,12.13,0.24,11.955,12.075,11.865,12.0133,12.005,0.1527,0.0127,12.17,0.305,11.935,12.0875,0.2223,0.0872,0.229,0.0,0.13,0.0,3,3,1,0.0,18.0,18.0,6.0875,0,0,0.0,0.0,0.0,0.0,0.7,0.4,-0.8,173.0,58.0,0,0,19.3792,2019,2019,2019.0,0,2010,2010,2000,7301a7eef597d67e,M,11.89,1
11.52,11.63,11.605,0.1197,0.0103,11.79,0.27,11.55,11.685,11.465,11.635,11.62,0.161,0.0138,11.835,0.37,11.5325,11.7225,0.019,0.1031,0.1062,0.0,0.13,0.0,4,4,2,2.0,17.0,17.0,2.5904,0,0,0.0,0.0,0.0,-0.1,0.9092,0.6,-0.8,,,1,1,,2022,2023,2022.25,1,2020,2020,2000,53f89d4aaccc3ca3,M,11.52,0
13.29,13.4075,13.36,0.1491,0.0111,13.62,0.33,13.3125,13.455,13.26,13.391,13.354,0.1546,0.0115,13.596,0.336,13.278,13.467,0.0385,0.1277,0.0444,0.03,0.0,0.0267,4,3,2,1.0,17.0,18.0,3.5547,1,1,0.25,-0.315,0.0,0.275,0.5852,0.5,-0.4,,,1,1,,2023,2024,2023.5,1,2020,2020,2005,1ed2e62b650f9191,F,13.29,0
11.61,11.75,11.71,0.1744,0.0148,11.97,0.36,11.61,11.85,11.565,11.7262,11.6875,0.1808,0.0154,11.965,0.4,11.5987,11.815,-0.3188,0.0576,-0.3175,0.2,0.0,0.2207,4,4,2,1.0,16.0,17.0,4.4139,1,1,0.25,-0.08,0.25,0.6333,0.4619,0.6333,0.0,174.0,55.0,0,0,18.1662,2022,2023,2022.5,1,2020,2020,2005,163c0dd404d0a598,M,11.61,1
13.09,13.42,13.45,0.2107,0.0157,13.67,0.58,13.4,13.49,13.078,13.4392,13.45,0.265,0.0197,13.814,0.736,13.358,13.496,-0.0989,0.1626,-0.1625,0.58,0.31,0.3057,5,5,3,2.0,15.0,16.0,2.6353,1,1,0.2,-0.0875,0.0,-0.32,1.2029,0.45,-1.25,,,1,1,,2019,2021,2020.0,2,2010,2010,2000,c011b77c3d3d03b6,F,13.09,0
11.51,11.6367,11.69,0.1102,0.0095,11.71,0.2,11.6,11.7,11.335,11.6167,11.695,0.2518,0.0217,11.82,0.485,11.515,11.7575,0.1381,0.0743,0.3854,0.18,0.2,0.2291,3,3,2,1.0,18.0,18.0,3.8179,0,0,0.0,0.0,0.0,0.4,2.8827,3.5,-1.15,,,1,1,,2024,2025,2024.3333,1,2020,2020,2005,408d939930ff3a92,M,11.51,0
12.56,12.775,12.785,0.1319,0.0103,12.96,0.4,12.7375,12.825,12.386,12.754,12.8,0.2096,0.0164,12.966,0.58,12.688,12.891,0.0509,0.1143,0.0494,0.17,0.4,0.0872,6,4,3,2.0,18.0,19.0,3.0779,1,3,0.5,0.1167,0.1667,0.42,1.6346,2.0,-0.6333,,,1,1,,2020,2022,2021.0,2,2020,2020,2000,47280ea393b55d0d,F,12.56,0
11.71,11.74,11.74,0.0424,0.0036,11.77,0.06,11.725,11.755,11.78,11.8,11.8,0.0283,0.0024,11.82,0.04,11.79,11.81,,,,0.06,0.0,10.9575,2,2,1,0.0,18.0,18.0,365.25,1,1,0.5,-0.06,0.0,-1.2,0.2828,0.0,-1.2,,,1,1,,2023,2023,2023.0,0,2020,2020,2005,9d4a7128a2741aef,M,11.71,0
10.84,11.25,11.345,0.295,0.0262,11.47,0.63,11.1325,11.4625,10.82,11.2488,11.34,0.3109,0.0276,11.495,0.675,11.12,11.4688,-0.3675,0.0545,-0.3882,0.63,0.0,0.3658,4,4,2,2.0,18.0,20.0,2.3227,1,2,0.5,-0.43,0.0,0.025,0.3862,0.3,-0.5,,,1,1,,2023,2025,2023.5,2,2020,2020,2005,2ffc2601844116ab,M,10.84,0
11.19,11.5036,11.51,0.2116,0.0184,11.77,0.58,11.315,11.68,11.115,11.5032,11.51,0.2344,0.0204,11.855,0.74,11.3275,11.69,-0.2976,0.1025,-0.3165,0.55,0.17,0.3174,11,9,3,2.0,18.0,19.0,6.3472,1,2,0.1818,0.3344,0.2727,0.0125,1.0467,0.8,-1.0333,176.0,65.0,0,0,20.984,2022,2024,2023.2727,2,2020,2020,2005,d96839ddc8dd467f,M,10.98,1
13.7,13.9217,13.915,0.1522,0.0109,14.14,0.44,13.8525,14.0,13.742,13.9277,13.888,0.1576,0.0113,14.14,0.398,13.827,14.048,-0.0798,0.1284,-0.0322,0.15,0.0,0.0736,6,4,3,2.0,15.0,17.0,2.9456,1,1,0.1667,-0.1225,0.1667,-0.12,0.968,0.8,-0.7333,,,1,1,,2023,2025,2023.8333,2,2020,2020,2005,709a0d894c1d5d68,F,13.7,0
11.46,11.54,11.54,0.077,0.0067,11.62,0.16,11.4825,11.5975,11.44,11.54,11.5275,0.1042,0.009,11.665,0.225,11.4625,11.605,-0.0052,0.0666,-0.016,0.13,0.03,0.0874,4,4,2,1.0,17.0,17.0,2.6906,0,0,0.0,0.0,0.0,0.0,0.7874,0.55,-0.55,182.0,71.0,0,0,21.4346,2024,2025,2024.5,1,2020,2020,2005,850b8177cb53a8d4,M,11.46,1
11.38,11.494,11.43,0.1358,0.0118,11.69,0.31,11.39,11.58,11.365,11.487,11.445,0.1402,0.0122,11.71,0.345,11.385,11.53,0.0155,0.1212,0.0164,0.2,0.01,0.1849,5,5,2,1.0,17.0,17.0,4.6234,1,4,0.8,0.245,0.0,0.14,0.5941,0.75,-0.2667,,,1,1,,2023,2024,2023.6,1,2020,2020,2005,d56b8c2e378be006,M,11.38,0
11.52,11.5867,11.57,0.0764,0.0066,11.67,0.15,11.545,11.62,11.535,11.58,11.575,0.0477,0.0041,11.63,0.095,11.555,11.6025,-0.0537,0.0411,-0.0363,0.05,0.0,0.0269,3,3,2,2.0,17.0,19.0,1.6138,1,2,0.6667,0.125,0.0,0.1333,0.5859,0.8,-0.2,,,1,1,,2023,2025,2023.6667,2,2020,2020,2005,2218aa286b2c807b,M,11.52,0
11.5,11.575,11.575,0.1061,0.0092,11.65,0.15,11.5375,11.6125,11.59,11.6,11.6,0.0141,0.0012,11.61,0.02,11.595,11.605,,,,0.15,0.0,10.9575,2,2,1,0.0,17.0,17.0,146.1,1,1,0.5,-0.15,0.0,-0.5,1.8385,0.8,-1.8,,,1,1,,2023,2023,2023.0,0,2020,2020,2005,2cbc143b20e82e70,M,11.5,0
10.9,11.135,11.07,0.2244,0.0202,11.62,0.72,11.0,11.2,10.875,11.1344,11.0925,0.231,0.0207,11.635,0.76,11.0112,11.1788,-0.3705,0.1143,-0.3539,0.72,0.1,0.4897,8,8,2,1.0,17.0,18.0,5.4413,1,3,0.375,0.104,0.125,0.0143,0.59,0.45,-0.5667,,,1,1,,2024,2025,2024.625,1,2020,2020,2005,e6741d997f1dd4c5,M,10.9,0
12.25,12.42,12.29,0.2606,0.021,12.72,0.47,12.27,12.505,12.25,12.4133,12.28,0.2574,0.0207,12.71,0.46,12.265,12.495,-0.1849,0.1471,-0.1793,0.47,0.0,0.2428,3,3,2,2.0,14.0,16.0,1.5499,1,3,1.0,0.0,0.3333,0.2,0.0,0.2,0.0,,,1,1,,2023,2025,2023.6667,2,2020,2020,2005,84726aa33db7c7ea,M,12.25,0
12.37,12.776,12.585,0.4337,0.0339,13.62,1.25,12.5125,12.8625,12.358,12.7586,12.558,0.4472,0.035,13.614,1.256,12.4795,12.885,-0.2326,0.2235,-0.24,1.1,0.53,0.2312,10,6,3,5.0,14.0,18.0,2.1016,1,2,0.2,-0.12,0.0,0.29,0.4202,0.4375,-0.6,175.0,52.0,0,0,16.9796,2019,2024,2022.4,5,2010,2020,2005,c60b7b940555f114,F,12.37,1
12.31,12.325,12.325,0.0212,0.0017,12.34,0.03,12.3175,12.3325,12.3,12.3075,12.3075,0.0106,0.0009,12.315,0.015,12.3038,12.3112,,,,0.0,0.03,0.0,2,2,1,0.0,16.0,16.0,146.1,1,1,0.5,0.03,0.0,0.35,0.2121,0.35,0.0,,,1,1,,2023,2023,2023.0,0,2020,2020,2005,19ec1b11218a7ba1,M,12.31,0
12.96,13.06,13.06,0.1414,0.0108,13.16,0.2,13.01,13.11,12.948,13.054,13.054,0.1499,0.0115,13.16,0.212,13.001,13.107,,,,0.0,0.2,0.0,2,1,1,0.0,17.0,17.0,2.0,1,1,0.5,0.2,0.0,0.1,0.1414,0.2,0.0,165.0,53.0,0,0,19.4674,2020,2020,2020.0,0,2020,2020,2000,0320a6a9a801ea29,F,12.58,1
13.24,13.4225,13.445,0.1541,0.0115,13.56,0.32,13.3225,13.545,13.2376,13.4129,13.418,0.1498,0.0112,13.578,0.3404,13.3219,13.509,0.1289,0.1213,0.1733,0.3,0.32,0.2726,4,4,2,1.0,16.0,16.0,3.6343,1,1,0.25,0.2433,0.0,0.16,0.5161,0.47,-0.3,,,1,1,,2022,2023,2022.25,1,2020,2020,2005,ef88bc104f0bef36,F,13.24,0
12.39,12.9067,13.0,0.2714,0.021,13.14,0.75,12.92,13.06,12.33,12.8967,13.024,0.2962,0.023,13.212,0.882,12.926,13.06,-0.2511,0.121,-0.278,0.75,0.11,0.2773,9,6,4,3.0,16.0,19.0,3.3272,1,4,0.4444,0.0885,0.1111,0.1875,0.861,0.74,-0.7333,,,1,1,,2022,2025,2023.5556,3,2020,2020,2005,f97f1e19e05661d4,F,12.39,0
11.46,12.058,12.38,0.4807,0.0399,12.43,0.97,11.61,12.41,11.455,12.079,12.425,0.517,0.0428,12.485,1.03,11.575,12.455,-0.452,0.118,-0.4704,0.95,0.0,0.4092,5,5,3,2.0,15.0,17.0,2.1536,0,0,0.0,0.0,0.0,-0.42,0.8556,0.4,-0.9667,,,1,1,,2023,2025,2024.0,2,2020,2020,2005,8e1117d548d3a4ee,M,11.46,0
11.01,11.296,11.31,0.1989,0.0176,11.57,0.56,11.27,11.32,11.01,11.295,11.31,0.1999,0.0177,11.57,0.56,11.255,11.33,-0.0287,0.1749,0.0253,0.56,0.3,0.352,5,5,2,2.0,18.0,18.0,3.1433,1,1,0.2,0.3575,0.4,0.0333,1.115,1.3,-0.6,,,1,1,,2023,2024,2023.2,1,2020,2020,2005,f7b7263c22b0fc51,M,11.01,0
12.2,12.5983,12.565,0.268,0.0213,12.98,0.78,12.4975,12.745,12.068,12.5823,12.577,0.3095,0.0246,12.98,0.912,12.5065,12.751,0.1878,0.1309,0.1837,0.0,0.78,0.0,6,4,2,2.0,16.0,16.0,2.5394,1,3,0.5,0.19,0.0,0.2667,0.9522,2.2,-0.15,159.0,48.0,0,0,18.9866,2019,2021,2019.6667,2,2010,2010,2000,11abaa34849ce571,F,12.2,1
12.85,12.89,12.89,0.04,0.0031,12.93,0.08,12.87,12.91,12.88,12.912,12.908,0.0342,0.0026,12.948,0.068,12.894,12.928,0.078,0.0163,0.0702,0.0,0.08,0.0,3,2,2,1.0,16.0,16.0,3.8995,1,1,0.3333,-0.08,0.0,-0.3667,0.1155,0.0,-0.3667,,,1,1,,2023,2024,2023.3333,1,2020,2020,2005,26b2dea6460abc06,F,12.85,0
12.24,12.706,12.84,0.2901,0.0228,12.94,0.7,12.61,12.9,12.168,12.6724,12.846,0.3282,0.0259,12.97,0.802,12.52,12.858,-0.3632,0.1328,-0.4295,0.6,0.0,0.3772,5,4,3,2.0,17.0,18.0,3.1433,1,4,0.8,0.1675,0.0,0.56,0.8473,1.1333,-0.3,,,1,1,,2021,2023,2021.8,2,2020,2020,2000,4887a23c601d56ec,F,12.24,0
11.82,12.0867,11.96,0.3478,0.0288,12.48,0.66,11.89,12.22,11.795,12.08,11.95,0.3677,0.0304,12.495,0.7,11.8725,12.2225,-0.2645,0.1827,-0.2774,0.66,0.14,0.328,3,3,3,2.0,17.0,18.0,1.4908,0,0,0.0,0.0,0.0,0.1333,0.4041,0.35,-0.3,179.0,64.0,0,0,19.9744,2019,2021,2020.0,2,2010,2010,2000,8d227964587c95e1,M,11.82,1
11.2,11.4589,11.52,0.1674,0.0146,11.66,0.46,11.33,11.61,11.17,11.4473,11.53,0.178,0.0156,11.66,0.49,11.325,11.56,-0.2114,0.075,-0.2195,0.46,0.15,0.2383,9,9,3,2.0,17.0,19.0,4.6628,1,5,0.5556,-0.0295,0.0,0.2311,0.9632,1.095,-0.575,,,1,1,,2023,2025,2023.6667,2,2020,2020,2005,a4f173e8bbbe24d7,M,11.2,0
12.58,12.8317,12.81,0.2146,0.0167,13.09,0.51,12.6725,13.0075,12.484,12.8397,12.778,0.3096,0.0241,13.234,0.75,12.6205,13.0915,0.1586,0.1657,0.2505,0.1,0.51,0.052,6,5,2,2.0,17.0,17.0,3.1218,1,3,0.5,-0.1367,0.0,-0.1333,1.6415,0.875,-2.15,,,1,1,,2019,2021,2019.3333,2,2010,2010,2000,50dce2dde3f8dd62,F,12.58,0
10.98,11.2883,11.135,0.3875,0.0343,12.01,1.03,11.05,11.37,10.925,11.28,11.11,0.4282,0.038,12.07,1.145,11.0212,11.3825,-0.2357,0.1732,-0.2615,1.03,0.21,0.3344,6,6,2,3.0,16.0,19.0,1.948,1,1,0.1667,0.37,0.0,0.1667,0.8454,0.65,-0.8,,,1,1,,2022,2025,2024.0,3,2020,2020,2005,39cbaa6101a2bbac,M,10.98,0
13.09,13.365,13.245,0.3522,0.0264,13.88,0.79,13.18,13.43,13.09,13.365,13.245,0.3533,0.0264,13.88,0.79,13.1695,13.4405,-0.0825,0.3085,-0.0955,0.12,0.0,0.1278,4,4,2,1.0,17.0,18.0,4.2595,1,1,0.25,0.3667,0.25,0.0,1.4,1.4,-1.4,,,1,1,,2023,2024,2023.25,1,2020,2020,2005,f2213ef114c5c229,F,13.09,0
11.62,11.9067,11.725,0.3493,0.0293,12.51,0.89,11.7125,12.045,11.6,11.8967,11.7175,0.3571,0.03,12.51,0.91,11.69,12.045,0.0891,0.3123,0.0877,0.1,0.09,0.0552,6,6,3,2.0,17.0,19.0,3.3104,1,2,0.3333,-0.32,0.1667,0.24,0.2302,0.4,0.0,173.0,60.0,0,0,20.0474,2021,2023,2022.3333,2,2020,2020,2000,de62d4385417e9fe,M,11.62,1
11.27,11.394,11.38,0.1053,0.0092,11.52,0.25,11.32,11.48,11.27,11.392,11.335,0.1193,0.0105,11.55,0.28,11.32,11.485,0.0346,0.0907,0.0628,0.11,0.25,0.0558,5,5,3,2.0,17.0,18.0,2.5365,1,2,0.4,0.165,0.4,0.0667,0.7638,0.9,-0.35,,,1,1,,2022,2024,2023.2,2,2020,2020,2005,a2475140a8b5aa34,M,11.27,0
11.72,11.9087,11.89,0.1121,0.0094,12.05,0.33,11.83,12.01,11.698,11.8971,11.89,0.1223,0.0103,12.05,0.352,11.83,12.021,-0.0672,0.0987,-0.071,0.31,0.27,0.1393,15,11,3,2.0,18.0,20.0,6.7389,1,5,0.3333,0.0887,0.0,0.1933,0.8198,1.3,-0.7667,170.0,60.0,0,0,20.7612,2002,2004,2003.1333,2,2000,2000,1980,9bdb1c9a83e34ec8,F,11.72,1
11.77,11.9133,11.88,0.1626,0.0136,12.09,0.32,11.825,11.985,11.78,11.924,11.905,0.1544,0.0129,12.087,0.307,11.8425,11.996,-0.2841,0.0566,-0.26,0.32,0.11,0.3398,3,3,2,1.0,17.0,18.0,3.1853,0,0,0.0,0.0,0.0,-0.2133,0.2802,0.06,-0.35,,,1,1,,2022,2023,2022.6667,1,2020,2020,2005,d7fc485c2e3c5ebf,M,11.77,0
11.53,11.8,11.8,0.3818,0.0324,12.07,0.54,11.665,11.935,11.52,11.785,11.785,0.3748,0.0318,12.05,0.53,11.6525,11.9175,,,,0.54,0.0,2.8176,2,2,1,0.0,17.0,17.0,10.4357,0,0,0.0,0.0,0.0,0.3,0.1414,0.3,0.0,,,1,1,,2023,2023,2023.0,0,2020,2020,2005,4689dcf0d0c19c82,M,11.53,0
11.42,11.455,11.455,0.0495,0.0043,11.49,0.07,11.4375,11.4725,11.42,11.465,11.465,0.0636,0.0056,11.51,0.09,11.4425,11.4875,,,,0.0,0.07,0.0,2,2,1,0.0,17.0,17.0,20.2917,1,1,0.5,0.07,0.0,-0.2,0.2828,0.0,-0.4,,,1,1,,2023,2023,2023.0,0,2020,2020,2005,66294f8d14d755d3,M,11.42,0
11.72,11.8275,11.85,0.0759,0.0064,11.89,0.17,11.8025,11.875,11.71,11.8188,11.8475,0.0747,0.0063,11.87,0.16,11.8,11.8663,-0.4293,0.0534,-0.2935,0.15,0.11,0.6522,4,4,1,0.0,18.0,18.0,17.3929,1,4,1.0,0.0,0.0,0.175,0.2363,0.35,0.0,,,1,1,,2023,2023,2023.0,0,2020,2020,2005,201dd2935112dbd3,M,11.72,0
11.35,11.708,11.69,0.3286,0.0281,12.14,0.79,11.44,11.92,11.375,11.699,11.68,0.3168,0.0271,12.14,0.765,11.43,11.87,-0.511,0.1033,-0.4953,0.79,0.09,0.5434,5,5,2,1.0,17.0,18.0,3.4393,1,5,1.0,0.0,0.0,0.18,0.5404,0.4667,-0.5,,,1,1,,2023,2024,2023.4,1,2020,2020,2005,f5351038a9fc9cf6,M,11.35,0
11.54,11.842,11.77,0.2895,0.0244,12.28,0.74,11.66,11.96,11.565,11.841,11.765,0.2756,0.0233,12.28,0.715,11.685,11.91,-0.4129,0.1206,-0.38,0.74,0.12,0.509,5,5,2,1.0,17.0,18.0,3.4393,1,5,1.0,0.0,0.0,0.02,0.614,0.55,-0.5,,,1,1,,2023,2024,2023.4,1,2020,2020,2005,822d502abf4ad878,M,11.54,0
11.57,11.834,11.85,0.1646,0.0139,11.99,0.42,11.81,11.95,11.645,11.853,11.85,0.1438,0.0121,12.025,0.38,11.805,11.94,-0.3404,0.1003,-0.2791,0.24,0.0,0.3259,5,5,2,1.0,18.0,18.0,6.789,1,2,0.4,0.0067,0.0,-0.38,0.719,0.15,-1.1,,,1,1,,2023,2024,2023.4,1,2020,2020,2005,f7ba90f5ed730b7c,M,11.57,0
11.42,11.526,11.46,0.1771,0.0154,11.84,0.42,11.43,11.48,11.37,11.509,11.43,0.1895,0.0165,11.84,0.47,11.42,11.485,-0.3151,0.0697,-0.3902,0.42,0.06,0.3299,5,5,2,1.0,17.0,18.0,3.9274,1,4,0.8,-0.0825,0.2,0.425,0.8098,1.1,-0.5,,,1,1,,2022,2023,2022.8,1,2020,2020,2005,380cf87d5c424059,M,11.42,0
11.27,11.4186,11.41,0.1567,0.0137,11.73,0.46,11.31,11.45,11.175,11.3814,11.345,0.1796,0.0158,11.715,0.54,11.27,11.4475,-0.1005,0.1276,-0.1096,0.46,0.15,0.2116,7,5,3,2.0,16.0,17.0,3.2201,1,2,0.2857,0.047,0.0,0.7429,0.7934,0.9167,-0.3,178.0,140.0,0,0,44.1863,2019,2021,2020.1429,2,2010,2020,2000,9a35a28d17510035,M,11.27,0
11.63,11.94,11.72,0.4612,0.0386,12.47,0.84,11.675,12.095,11.645,11.9633,11.775,0.4436,0.0371,12.47,0.825,11.71,12.1225,-0.5833,0.0083,-0.5609,0.84,0.0,0.5778,3,3,2,1.0,17.0,18.0,2.0636,1,3,1.0,0.0,0.0,-0.4667,0.5686,0.0,-0.7,,,1,1,,2023,2024,2023.6667,1,2020,2020,2005,7e8eef211aa9211d,M,11.63,0
12.1,12.175,12.175,0.1061,0.0087,12.25,0.15,12.1375,12.2125,12.105,12.19,12.19,0.1202,0.0099,12.275,0.17,12.1475,12.2325,,,,0.0,0.15,0.0,2,2,1,0.0,17.0,17.0,146.1,1,1,0.5,0.15,0.0,-0.3,0.2828,0.0,-0.3,,,1,1,,2023,2023,2023.0,0,2020,2020,2005,78c89a06875ea1ca,M,12.1,0
11.74,11.855,11.855,0.1626,0.0137,11.97,0.23,11.7975,11.9125,11.745,11.8525,11.8525,0.152,0.0128,11.96,0.215,11.7988,11.9062,,,,0.23,0.0,0.9656,2,2,1,0.0,18.0,18.0,8.3966,1,1,0.5,-0.23,0.0,0.05,0.2121,0.2,-0.1,,,1,1,,2022,2022,2022.0,0,2020,2020,2000,1e415f3e6d4d9d95,M,11.42,0
12.99,13.2847,13.29,0.201,0.0151,13.6,0.61,13.135,13.445,12.99,13.2851,13.226,0.2044,0.0154,13.618,0.628,13.133,13.439,-0.2311,0.1395,-0.1938,0.37,0.17,0.1849,15,13,3,2.0,15.0,17.0,7.4949,1,7,0.4667,-0.1439,0.0667,-0.0071,0.6662,0.68,-0.4375,,,1,1,,2023,2025,2023.4667,2,2020,2020,2005,fc9cb6f322cfbc60,F,12.99,0
12.41,12.655,12.655,0.3465,0.0274,12.9,0.49,12.5325,12.7775,12.405,12.5925,12.5925,0.2652,0.0211,12.78,0.375,12.4988,12.6863,,,,0.49,0.0,1.8078,2,2,1,0.0,19.0,20.0,7.3788,1,1,0.5,0.49,0.0,1.25,1.6263,1.25,0.0,,,1,1,,2023,2023,2023.0,0,2020,2020,2000,b974aaa39c5ede4c,M,12.41,0
11.6,11.78,11.765,0.1606,0.0136,11.99,0.39,11.7125,11.8325,11.6,11.7787,11.7575,0.1654,0.014,12.0,0.4,11.7087,11.8275,-0.2352,0.0845,-0.2386,0.39,0.0,0.3924,4,4,2,1.0,18.0,19.0,4.0248,1,2,0.5,-0.18,0.0,0.025,0.1708,0.15,-0.2,,,1,1,,2023,2024,2023.5,1,2020,2020,2005,eec60beaf9421072,M,11.6,0
12.36,12.6875,12.515,0.3914,0.0308,13.39,1.03,12.425,12.81,12.384,12.7062,12.542,0.3879,0.0305,13.372,0.988,12.424,12.8715,-0.2706,0.1801,-0.2816,1.03,0.32,0.2852,8,5,4,4.0,15.0,18.0,2.2153,1,3,0.375,-0.0333,0.0,-0.3125,0.7396,0.7,-0.65,170.0,55.0,0,0,19.0311,2020,2024,2022.625,4,2020,2020,2005,f65ae7dd49db7bca,F,12.36,1
10.96,11.3309,11.16,0.3934,0.0347,12.11,1.15,11.055,11.48,10.89,11.3336,11.185,0.4206,0.0371,12.155,1.265,11.01,11.4575,-0.4053,0.2372,-0.433,1.0,0.0,0.4756,11,8,3,2.0,16.0,18.0,5.2314,1,3,0.2727,-0.171,0.0,-0.0545,1.367,1.26,-1.15,,,1,1,,2023,2025,2024.0,2,2020,2020,2005,07345213d8574590,M,10.96,0
11.83,11.998,11.94,0.1994,0.0166,12.31,0.48,11.84,12.07,11.83,11.9904,11.86,0.2219,0.0185,12.342,0.512,11.84,12.08,-0.3238,0.0809,-0.3884,0.48,0.11,0.3691,5,5,2,1.0,17.0,18.0,3.8447,1,2,0.4,0.0717,0.0,0.152,0.8623,0.9,-0.3467,,,1,1,,2022,2023,2022.8,1,2020,2020,2005,238d723d668e0339,M,11.83,0
11.8,11.965,11.98,0.1439,0.012,12.1,0.3,11.8675,12.0775,11.805,11.9413,11.9575,0.1227,0.0103,12.045,0.24,11.8538,12.045,-0.1968,0.0539,-0.1742,0.27,0.09,0.2013,4,4,2,1.0,18.0,19.0,2.9816,1,1,0.25,0.22,0.0,0.475,0.4924,0.6667,-0.1,,,1,1,,2022,2023,2022.5,1,2020,2020,2000,ec6d70a924b8e208,M,11.8,0
11.17,11.31,11.265,0.1482,0.0131,11.57,0.4,11.215,11.36,11.125,11.3192,11.2675,0.1713,0.0151,11.57,0.445,11.2125,11.435,-0.1352,0.1231,-0.1453,0.4,0.1,0.3538,6,5,2,1.0,18.0,18.0,5.3063,1,4,0.6667,-0.1125,0.0,-0.1833,1.0458,0.95,-1.0,,,1,1,,2023,2024,2023.1667,1,2020,2020,2005,939b0f7d9da99bab,M,11.17,0
12.3,12.6225,12.575,0.2192,0.0174,12.95,0.65,12.5025,12.7425,12.264,12.6472,12.581,0.24,0.019,12.938,0.674,12.5145,12.888,-0.206,0.0877,-0.2097,0.6,0.0,0.2218,8,6,4,3.0,15.0,18.0,2.9575,1,3,0.375,-0.188,0.0,-0.4125,1.1704,0.4,-0.82,,,1,1,,2022,2025,2023.5,3,2020,2020,2005,b12276df67b078ec,F,12.3,0
12.08,13.626,12.59,2.0746,0.1523,17.18,5.1,12.57,13.71,12.08,13.655,12.68,2.0644,0.1512,17.18,5.1,12.57,13.765,-0.1408,1.8486,-0.1663,0.51,0.0,0.2708,5,5,3,2.0,14.0,16.0,2.6544,0,0,0.0,0.0,0.2,-0.725,0.8846,0.0,-1.45,,,1,1,,2023,2025,2023.8,2,2020,2020,2005,88f47fd6aa6294ba,M,12.08,0
11.67,11.9125,11.975,0.165,0.0139,12.03,0.36,11.88,12.0075,11.62,11.9062,11.97,0.202,0.017,12.065,0.445,11.8375,12.0388,-0.0701,0.1448,-0.0855,0.36,0.28,0.3184,4,4,2,1.0,19.0,19.0,3.5375,1,3,0.75,0.05,0.0,0.125,1.0436,0.9,-1.3,,,1,1,,2023,2024,2023.25,1,2020,2020,2000,232158e45815342b,M,11.67,0
11.22,11.46,11.4,0.193,0.0168,11.87,0.65,11.325,11.5775,11.205,11.441,11.3825,0.2028,0.0177,11.87,0.665,11.3275,11.5637,-0.0899,0.1693,-0.0711,0.18,0.1,0.0754,10,8,3,2.0,14.0,16.0,4.1886,1,4,0.4,-0.093,0.4,0.6333,1.727,1.7,-0.4333,178.0,65.0,0,0,20.5151,2023,2025,2024.3,2,2020,2020,2005,be2f88377e0a6dd0,M,11.22,1
11.63,11.8033,11.89,0.1501,0.0127,11.89,0.26,11.76,11.89,11.66,11.815,11.845,0.1424,0.0121,11.94,0.28,11.7525,11.8925,0.2481,0.11,0.3815,0.26,0.26,0.5427,3,3,2,0.0,18.0,18.0,6.2614,1,1,0.3333,-0.13,0.0,-0.2333,1.0017,0.9,-0.8,,,1,1,,2024,2025,2024.3333,1,2020,2020,2005,a1a9194a35459e08,M,11.63,0
11.28,11.52,11.57,0.2193,0.019,11.71,0.43,11.425,11.64,11.28,11.555,11.57,0.2678,0.0232,11.815,0.535,11.425,11.6925,1.1405,0.1649,0.8852,0.0,0.29,0.0,3,3,1,0.0,18.0,18.0,21.0721,1,1,0.3333,0.36,0.6667,-2.1,0.0,0.0,-2.1,,,1,1,,2024,2024,2024.0,0,2020,2020,2005,7a8336da7ed89809,M,11.28,0
12.68,13.22,12.81,1.0849,0.0821,15.67,2.99,12.755,12.935,12.638,13.2209,12.882,1.1042,0.0835,15.706,3.068,12.698,12.962,0.1267,0.9802,0.0856,0.06,0.21,0.0552,7,5,2,1.0,16.0,16.0,6.4402,1,1,0.1429,0.5325,0.0,-0.0143,1.1261,1.3,-0.9,,,1,1,,2023,2024,2023.4286,1,2020,2020,2005,4e79f9981fc29d72,F,12.68,0
11.42,11.7256,11.72,0.2589,0.0221,12.2,0.78,11.54,11.84,11.44,11.7294,11.75,0.2496,0.0213,12.19,0.75,11.52,11.805,-0.26,0.1902,-0.2178,0.78,0.0,0.3935,9,8,3,2.0,14.0,16.0,4.5404,1,5,0.5556,-0.2575,0.0,-0.0778,0.9404,0.4167,-1.0667,,,1,1,,2023,2025,2024.4444,2,2020,2020,2005,d15815683b08674a,M,11.42,0
11.16,11.22,11.225,0.0497,0.0044,11.27,0.11,11.19,11.255,11.12,11.2,11.21,0.0618,0.0055,11.26,0.14,11.1688,11.2412,-0.0043,0.043,-0.0141,0.04,0.11,0.0451,4,4,2,1.0,18.0,19.0,4.5093,1,1,0.25,-0.04,0.0,0.4,0.2708,0.4,0.0,,,1,1,,2024,2025,2024.5,1,2020,2020,2005,1599ebc8f2d06251,M,11.16,0
11.34,11.755,11.8,0.3729,0.0317,12.08,0.74,11.49,12.065,11.32,11.7525,11.8,0.3974,0.0338,12.09,0.77,11.4625,12.09,-0.4871,0.1464,-0.5226,0.74,0.2,0.5033,4,4,2,1.0,15.0,16.0,2.7207,0,0,0.0,0.0,0.0,0.05,0.5508,0.5,-0.4,,,1,1,,2024,2025,2024.5,1,2020,2020,2005,d0d33552a2c4e3a6,M,11.34,0
12.13,12.165,12.165,0.0495,0.0041,12.2,0.07,12.1475,12.1825,12.145,12.19,12.19,0.0636,0.0052,12.235,0.09,12.1675,12.2125,,,,0.07,0.0,0.3455,2,2,1,0.0,19.0,19.0,9.8716,1,1,0.5,0.07,0.0,-0.5,0.2828,0.0,-0.5,,,1,1,,2023,2023,2023.0,0,2020,2020,2000,ec6d745f9d1fc11d,M,11.45,0
12.33,12.8463,12.865,0.3256,0.0253,13.27,0.94,12.6875,13.0275,12.234,12.8238,12.853,0.3444,0.0269,13.266,1.032,12.692,12.979,-0.1045,0.2932,-0.1126,0.94,0.63,0.3379,8,7,3,3.0,16.0,18.0,2.876,1,1,0.125,0.59,0.0,0.375,0.7206,0.95,-0.2667,,,1,1,,2021,2024,2023.0,3,2020,2020,2005,7453440951591f77,F,12.33,0
11.31,11.6375,11.675,0.2683,0.0231,11.89,0.58,11.475,11.8375,11.29,11.6262,11.6875,0.2542,0.0219,11.84,0.55,11.5,11.8137,-0.3945,0.1229,-0.2689,0.58,0.22,0.5363,4,4,2,1.0,17.0,18.0,3.6987,1,4,1.0,0.0,0.0,0.225,0.75,0.5667,-0.8,,,1,1,,2023,2024,2023.5,1,2020,2020,2005,a93cf9ed0df79a40,M,11.31,0
12.81,13.175,13.125,0.3839,0.0291,13.95,1.14,12.85,13.3525,12.76,13.1532,13.11,0.3681,0.028,13.878,1.118,12.861,13.335,0.0555,0.3563,0.0247,0.55,0.35,0.4888,8,8,2,1.0,16.0,16.0,7.1095,1,5,0.625,0.216,0.25,0.4833,0.5565,0.64,-0.3,,,1,1,,2024,2025,2024.75,1,2020,2020,2005,22a3fd29620f1cf2,F,12.81,0
11.41,11.694,11.58,0.327,0.028,12.2,0.79,11.45,11.83,11.28,11.662,11.57,0.3626,0.0311,12.2,0.92,11.43,11.83,-0.4421,0.1394,-0.5025,0.79,0.04,0.5507,5,5,2,1.0,17.0,18.0,3.4852,1,5,1.0,0.0,0.0,0.64,1.1082,1.0667,0.0,,,1,1,,2023,2024,2023.4,1,2020,2020,2005,cdcd70173cdcebe6,M,11.41,0
11.63,11.8,11.85,0.1513,0.0128,11.92,0.29,11.74,11.885,11.66,11.81,11.85,0.1345,0.0114,11.92,0.26,11.755,11.885,-1.4679,0.048,-1.3208,0.29,0.0,1.5351,3,3,1,0.0,17.0,17.0,15.8804,1,1,0.3333,-0.075,0.6667,-0.6,0.0,0.0,-0.6,,,1,1,,2024,2024,2024.0,0,2020,2020,2005,64ef0c51bbd1a608,M,11.63,0
12.84,13.0,13.035,0.1105,0.0085,13.09,0.25,12.975,13.06,12.744,12.967,13.032,0.1493,0.0115,13.06,0.316,12.9555,13.0435,0.1106,0.0782,0.1197,0.21,0.25,0.1763,4,4,2,1.0,18.0,18.0,3.3586,1,1,0.25,0.2133,0.0,0.55,0.7416,0.7667,-0.1,,,1,1,,2023,2024,2023.25,1,2020,2020,2005,4ef23c820c79577d,F,12.84,0
11.51,11.6575,11.645,0.1664,0.0143,11.83,0.32,11.5175,11.785,11.4,11.64,11.665,0.1975,0.017,11.83,0.43,11.52,11.785,0.0004,0.1441,0.0651,0.32,0.26,0.3256,4,4,2,1.0,17.0,17.0,4.0696,0,0,0.0,0.0,0.5,0.7,2.1213,2.2,-0.8,,,1,1,,2023,2024,2023.25,1,2020,2020,2005,2a629146d199aa26,M,11.51,0
11.64,11.735,11.735,0.1344,0.0114,11.83,0.19,11.6875,11.7825,11.655,11.725,11.725,0.099,0.0084,11.795,0.14,11.69,11.76,,,,0.0,0.19,0.0,2,2,1,0.0,18.0,18.0,7.4541,0,0,0.0,0.0,0.0,0.2,0.7071,0.7,-0.3,172.0,55.0,0,0,18.5911,2022,2022,2022.0,0,2020,2020,2005,ff195941deee239a,M,11.12,1
11.61,11.8367,11.875,0.1516,0.0128,12.0,0.39,11.7425,11.94,11.61,11.825,11.855,0.1437,0.0122,11.975,0.365,11.7362,11.9325,-0.3402,0.0612,-0.3196,0.35,0.09,0.3946,6,6,2,1.0,18.0,18.0,6.7639,1,3,0.5,-0.04,0.3333,0.35,0.1915,0.35,0.0,,,1,1,,2023,2024,2023.3333,1,2020,2020,2005,d4747953aeff7a77,M,11.61,0
12.47,12.926,12.88,0.3551,0.0275,13.5,1.03,12.62,13.265,12.392,12.9268,12.862,0.3815,0.0295,13.5,1.108,12.605,13.289,-0.2891,0.2352,-0.302,0.94,0.41,0.29,15,9,4,3.0,14.0,17.0,4.6273,1,5,0.3333,-0.0518,0.0,-0.0127,0.9565,0.481,-1.6667,,,1,1,,2022,2025,2023.8667,3,2020,2020,2005,fcaf3a091d118a1e,F,12.47,0
12.58,12.6175,12.605,0.0435,0.0034,12.68,0.1,12.595,12.6275,12.575,12.6,12.6,0.022,0.0017,12.625,0.05,12.5862,12.6138,0.0518,0.0306,0.035,0.02,0.03,0.0194,4,4,2,1.0,15.0,16.0,3.8753,0,0,0.0,0.0,0.25,0.4667,0.5508,0.4667,0.0,,,1,1,,2024,2025,2024.5,1,2020,2020,2005,5497c4f8290f01e4,M,12.58,0
11.59,11.855,11.82,0.27,0.0228,12.19,0.6,11.665,12.01,11.6,11.8688,11.84,0.2723,0.0229,12.195,0.595,11.6712,12.0375,-0.3626,0.0622,-0.3704,0.6,0.0,0.4198,4,4,2,1.0,18.0,19.0,2.7989,0,0,0.0,0.0,0.0,-0.275,0.2872,0.0,-0.275,,,1,1,,2023,2024,2023.5,1,2020,2020,2005,21a5d364f5a974e3,M,11.59,0
11.18,11.3775,11.355,0.1916,0.0168,11.62,0.44,11.255,11.4775,11.09,11.3687,11.3175,0.286,0.0252,11.75,0.66,11.1912,11.495,0.1178,0.1524,0.1973,0.25,0.44,0.2138,4,3,2,1.0,17.0,17.0,3.4215,1,1,0.25,-0.3233,0.0,0.175,1.9363,1.1,-2.6,,,1,1,,2023,2024,2023.5,1,2020,2020,2005,d7a1df50a5d8b4f0,M,11.18,0
10.52,10.7988,10.8,0.2302,0.0213,11.17,0.65,10.6075,10.9375,10.505,10.8031,10.795,0.2694,0.0249,11.29,0.785,10.585,10.94,-0.2465,0.0922,-0.248,0.47,0.05,0.2551,8,6,3,2.0,15.0,17.0,4.3418,1,2,0.25,0.107,0.0,-0.0875,1.3065,0.85,-1.025,,,1,1,,2023,2025,2024.0,2,2020,2020,2005,7b0cd46d9857ba5c,M,10.52,0
13.08,13.105,13.105,0.0354,0.0027,13.13,0.05,13.0925,13.1175,13.08,13.1075,13.1075,0.0389,0.003,13.135,0.055,13.0938,13.1213,,,,0.05,0.0,0.2007,2,2,1,0.0,18.0,18.0,8.0275,0,0,0.0,0.0,0.0,-0.05,0.0707,0.0,-0.1,,,1,1,,2023,2023,2023.0,0,2020,2020,2005,1c9baced193bcd52,M,13.08,0
12.11,12.175,12.175,0.0919,0.0076,12.24,0.13,12.1425,12.2075,12.145,12.19,12.19,0.0636,0.0052,12.235,0.09,12.1675,12.2125,,,,0.13,0.0,1.319,2,2,1,0.0,17.0,17.0,20.2917,1,1,0.5,-0.13,0.0,-0.3,0.5657,0.1,-0.7,,,1,1,,2023,2023,2023.0,0,2020,2020,2005,5dfcb012e1fd25fa,M,12.11,0
11.5,11.89,11.9,0.3851,0.0324,12.27,0.77,11.7,12.085,11.42,11.8583,11.91,0.4149,0.035,12.245,0.825,11.665,12.0775,-0.824,0.124,-0.8521,0.77,0.0,0.9665,3,3,2,1.0,17.0,18.0,3.7655,0,0,0.0,0.0,0.0,0.6333,0.9074,1.05,-0.2,,,1,1,,2022,2023,2022.6667,1,2020,2020,2005,3a027031d3e4fec4,M,11.5,0
11.65,12.01,11.89,0.4327,0.036,12.49,0.84,11.77,12.19,11.625,12.0,11.89,0.4404,0.0367,12.485,0.86,11.7575,12.1875,-1.2598,0.0506,-1.2775,0.84,0.0,1.334,3,3,2,1.0,16.0,16.0,4.7641,1,2,0.6667,-0.54,0.3333,0.3,0.2828,0.3,0.0,,,1,1,,2024,2025,2024.6667,1,2020,2020,2005,16fb9d18589eb97e,M,11.65,0
11.93,12.05,12.0,0.1513,0.0126,12.22,0.29,11.965,12.11,11.905,12.0333,11.985,0.1581,0.0131,12.21,0.305,11.945,12.0975,-0.0486,0.1212,-0.045,0.0,0.07,0.0,3,3,2,1.0,16.0,16.0,2.7394,0,0,0.0,0.0,0.0,0.3333,0.1528,0.3333,0.0,,,1,1,,2022,2023,2022.3333,1,2020,2020,2005,69e824b25b04d7b9,M,11.93,0
12.32,12.448,12.405,0.1274,0.0102,12.7,0.38,12.3675,12.5025,12.254,12.4504,12.399,0.178,0.0143,12.802,0.548,12.3375,12.5205,-0.0587,0.1162,-0.1002,0.21,0.1,0.1716,10,5,2,1.0,17.0,18.0,8.1711,1,4,0.4,0.21,0.0,-0.04,0.9107,0.66,-0.925,168.0,52.0,0,0,18.424,2023,2024,2023.5,1,2020,2020,2005,be9da7a2da49a6e8,F,12.32,1
11.79,11.8,11.8,0.0141,0.0012,11.81,0.02,11.795,11.805,11.77,11.805,11.805,0.0495,0.0042,11.84,0.07,11.7875,11.8225,,,,0.02,0.0,0.0526,2,2,1,0.0,18.0,18.0,5.2554,0,0,0.0,0.0,0.0,-0.1,0.7071,0.4,-0.6,173.0,62.0,0,0,20.7157,2019,2019,2019.0,0,2010,2010,2000,80ce36ef9ae47b19,M,11.23,1
11.76,11.86,11.82,0.1249,0.0105,12.0,0.24,11.79,11.91,11.78,11.8683,11.815,0.1239,0.0104,12.01,0.23,11.7975,11.9125,-0.4145,0.0419,-0.4279,0.24,0.06,0.4638,3,3,1,1.0,19.0,20.0,5.7976,1,2,0.6667,-0.06,0.0,-0.1667,0.2517,0.1,-0.3,,,1,1,,2023,2023,2023.0,0,2020,2020,2000,0d0ede4cded6057c,M,11.76,0
12.19,12.677,12.665,0.249,0.0196,13.28,1.09,12.525,12.725,12.13,12.6599,12.652,0.256,0.0202,13.25,1.12,12.4965,12.7535,-0.2081,0.1623,-0.1814,1.09,0.21,0.4438,20,14,3,2.0,16.0,18.0,8.1438,1,7,0.35,0.0479,0.1,0.3167,0.6373,0.6071,-0.7,,,1,1,,2023,2025,2023.7,2,2020,2020,2005,2987f5547cd35f67,F,12.19,0
13.08,13.195,13.175,0.1127,0.0085,13.35,0.27,13.1475,13.2225,13.14,13.225,13.199,0.1048,0.0079,13.362,0.222,13.1445,13.2795,0.2267,0.0905,0.1913,0.1,0.27,0.2468,4,4,1,0.0,16.0,16.0,9.8716,1,1,0.25,0.02,0.0,-0.5,0.7394,0.4,-0.8,,,1,1,,2025,2025,2025.0,0,2020,2020,2005,09c4317991fe5672,F,13.08,0
13.92,14.27,14.16,0.3986,0.0279,14.84,0.92,14.0625,14.3675,13.878,14.2685,14.145,0.4449,0.0312,14.906,1.028,14.043,14.3705,0.3128,0.2317,0.3441,0.19,0.92,0.1143,4,4,2,2.0,16.0,16.0,2.4069,1,3,0.75,-0.2133,0.0,0.025,0.7805,0.4,-1.1,,,1,1,,2023,2025,2024.0,2,2020,2020,2005,e7dd4ccbeaf8d9e4,F,13.92,0
11.3,11.63,11.665,0.1945,0.0167,11.89,0.59,11.5825,11.695,11.3,11.6233,11.66,0.2008,0.0173,11.91,0.61,11.56,11.6775,-0.3761,0.1394,-0.3835,0.35,0.0,0.3727,6,6,2,1.0,17.0,18.0,6.3892,1,2,0.3333,0.2325,0.3333,0.2,0.4899,0.6,-0.4,,,1,1,,2024,2025,2024.1667,1,2020,2020,2005,ef51d8a5fb9348fa,M,11.3,0
11.46,11.64,11.575,0.2302,0.0198,11.95,0.49,11.4675,11.7475,11.38,11.615,11.565,0.2622,0.0226,11.95,0.57,11.4212,11.7587,-0.0496,0.1948,-0.0236,0.49,0.22,0.2318,4,4,3,2.0,16.0,17.0,1.8925,1,1,0.25,-0.0533,0.0,0.5,0.9274,1.15,-0.3,,,1,1,,2023,2025,2023.75,2,2020,2020,2005,4995a48201017dc0,M,11.46,0
12.71,12.91,12.91,0.2828,0.0219,13.11,0.4,12.81,13.01,12.512,12.817,12.817,0.4313,0.0337,13.122,0.61,12.6645,12.9695,,,,0.0,0.4,0.0,2,2,1,0.0,20.0,20.0,730.5,1,1,0.5,-0.4,0.0,1.55,2.4749,3.3,-0.2,,,1,1,,2023,2023,2023.0,0,2020,2020,2000,e6a90230a7ea99ac,F,12.71,0
12.93,13.4886,13.26,0.6928,0.0514,15.0,2.07,13.16,13.455,12.798,13.4611,13.2,0.7176,0.0533,15.006,2.208,13.16,13.452,0.5622,0.3788,0.5657,0.6,2.07,0.198,7,6,3,3.0,17.0,18.0,2.3096,1,1,0.1429,0.3483,0.2857,0.64,0.9762,1.1,-0.1,,,1,1,,2022,2025,2023.0,3,2020,2020,2005,33204ff24fa8345b,F,12.93,0
11.61,11.7683,11.795,0.1068,0.0091,11.91,0.3,11.7075,11.815,11.695,11.7792,11.7925,0.0769,0.0065,11.9,0.205,11.7188,11.7987,-0.1108,0.0875,-0.0586,0.18,0.0,0.1627,6,6,2,1.0,15.0,16.0,5.4245,1,2,0.3333,-0.13,0.0,-0.2167,0.7935,0.3,-0.7333,,,1,1,,2024,2025,2024.3333,1,2020,2020,2005,2035a22d56f4dfbb,M,11.61,0
11.51,11.8556,11.77,0.297,0.0251,12.38,0.87,11.69,12.08,11.525,11.85,11.74,0.3204,0.027,12.41,0.885,11.585,12.12,-0.448,0.0934,-0.4815,0.67,0.0,0.449,9,9,2,1.0,16.0,18.0,6.0317,0,0,0.0,0.0,0.0,0.1111,0.94,0.95,-0.56,,,1,1,,2023,2024,2023.6667,1,2020,2020,2005,89fb0566ef0f5bcd,M,11.51,0
11.27,11.667,11.62,0.2581,0.0221,12.25,0.98,11.5575,11.71,11.225,11.6545,11.615,0.2795,0.024,12.28,1.055,11.515,11.7062,-0.2421,0.1638,-0.2551,0.98,0.31,0.4221,10,8,3,2.0,15.0,16.0,4.3072,1,3,0.3,-0.0043,0.0,0.25,0.5986,0.5571,-0.4667,,,1,1,,2023,2025,2024.2,2,2020,2020,2005,da927992fa29a39d,M,11.27,0
12.2,12.235,12.235,0.0495,0.004,12.27,0.07,12.2175,12.2525,12.185,12.2375,12.2375,0.0742,0.0061,12.29,0.105,12.2112,12.2637,,,,0.0,0.07,0.0,2,2,1,0.0,18.0,18.0,8.6964,1,2,1.0,0.0,0.0,-0.05,0.495,0.3,-0.4,,,1,1,,2023,2023,2023.0,0,2020,2020,2005,3d09f711d1a01fc3,M,12.2,0
12.26,12.422,12.44,0.1103,0.0089,12.53,0.27,12.37,12.51,12.206,12.3663,12.332,0.121,0.0098,12.51,0.304,12.322,12.4616,0.1039,0.089,0.1816,0.27,0.25,0.2038,5,4,2,1.0,17.0,17.0,3.7732,1,2,0.4,0.1783,0.0,0.928,0.6488,1.16,0.0,,,1,1,,2022,2023,2022.2,1,2020,2020,2005,b16cc51c8d422c5f,F,12.26,0
11.7,12.0586,12.04,0.2054,0.017,12.35,0.65,11.99,12.17,11.63,12.0543,12.06,0.2265,0.0188,12.31,0.68,11.9875,12.2025,-0.2143,0.1716,-0.2148,0.65,0.29,0.4692,7,7,2,1.0,17.0,17.0,5.0529,1,3,0.4286,-0.09,0.0,0.0857,0.8092,0.8333,-0.475,,,1,1,,2023,2024,2023.2857,1,2020,2020,2005,d5e57d660659faaf,M,11.7,0
11.18,11.4875,11.36,0.3637,0.0317,12.15,0.97,11.235,11.5825,11.18,11.5044,11.4225,0.3646,0.0317,12.15,0.97,11.2125,11.605,-0.1564,0.3387,-0.0823,0.97,0.77,0.4158,8,7,3,2.0,16.0,17.0,3.4296,1,2,0.25,0.282,0.375,-0.54,1.2462,1.2,-0.975,,,1,1,,2023,2025,2023.875,2,2020,2020,2005,85a2583cbf8e9049,M,11.18,0
11.34,11.5525,11.53,0.2336,0.0202,11.81,0.47,11.3625,11.72,11.355,11.57,11.535,0.2436,0.0211,11.855,0.5,11.3738,11.7312,0.9566,0.0349,0.9841,0.0,0.47,0.0,4,3,1,0.0,18.0,18.0,9.3057,1,1,0.25,0.2833,0.25,-0.4667,0.3786,0.0,-0.4667,,,1,1,,2022,2022,2022.0,0,2020,2020,2000,ac528e378579e693,M,11.34,0
12.58,12.788,12.8,0.1318,0.0103,12.91,0.33,12.76,12.89,12.556,12.794,12.878,0.1671,0.0131,12.932,0.376,12.682,12.922,-0.081,0.0891,-0.0382,0.18,0.22,0.0896,5,4,2,2.0,15.0,17.0,2.4881,1,1,0.2,-0.0667,0.0,-0.1,1.2961,0.6333,-1.2,168.0,52.0,0,0,18.424,2023,2025,2023.8,2,2020,2020,2005,f8910ed10b1476db,F,12.58,1
11.82,11.9,11.9,0.1131,0.0095,11.98,0.16,11.86,11.94,11.82,11.94,11.94,0.1697,0.0142,12.06,0.24,11.88,12.0,,,,0.0,0.16,0.0,2,2,1,0.0,17.0,17.0,26.0893,1,1,0.5,0.16,0.5,-1.6,0.0,0.0,-1.6,,,1,1,,2024,2024,2024.0,0,2020,2020,2005,3fbcdcf6f314ba78,M,11.82,0
11.15,12.455,11.56,2.4623,0.1977,17.47,6.32,11.4425,11.58,11.12,12.4458,11.5675,2.4481,0.1967,17.43,6.31,11.4475,11.5788,-0.0962,2.2591,-0.1006,0.43,0.26,0.4027,6,5,2,1.0,16.0,17.0,5.6192,1,3,0.5,-2.0633,0.3333,0.275,0.5377,0.5,-0.4,175.0,70.0,0,0,22.8571,2024,2025,2024.6667,1,2020,2020,2005,e106feb8afd07bfe,M,11.15,1
13.24,13.422,13.47,0.1359,0.0101,13.55,0.31,13.32,13.53,13.32,13.4832,13.494,0.1586,0.0118,13.64,0.32,13.324,13.638,0.0453,0.1183,-0.0002,0.0,0.08,0.0,5,4,2,1.0,15.0,15.0,3.7889,1,1,0.2,-0.135,0.0,-1.02,0.7759,0.0,-1.275,,,1,1,,2023,2024,2023.6,1,2020,2020,2005,a774b98dc6da4dc1,F,13.24,0
13.24,13.245,13.245,0.0071,0.0005,13.25,0.01,13.2425,13.2475,13.256,13.278,13.278,0.0311,0.0023,13.3,0.044,13.267,13.289,,,,0.0,0.01,0.0,2,1,1,0.0,17.0,17.0,2.0,1,1,0.5,-0.01,0.0,-0.55,0.6364,0.0,-0.55,,,1,1,,2023,2023,2023.0,0,2020,2020,2005,00c5810a4ac65640,F,13.24,0
12.73,12.935,12.935,0.2899,0.0224,13.14,0.41,12.8325,13.0375,12.73,12.947,12.947,0.3069,0.0237,13.164,0.434,12.8385,13.0555,,,,0.41,0.0,2.9363,2,2,1,0.0,19.0,20.0,14.3235,0,0,0.0,0.0,0.0,-0.2,0.2828,0.0,-0.4,166.0,51.0,0,0,18.5078,2024,2024,2024.0,0,2020,2020,2000,c7849591a1aee775,F,12.7,1
11.5,11.6725,11.7,0.1269,0.0109,11.79,0.29,11.62,11.7525,11.445,11.6575,11.675,0.1618,0.0139,11.835,0.39,11.5988,11.7338,-0.1937,0.0588,-0.2306,0.29,0.0,0.3009,4,4,2,1.0,17.0,18.0,4.1506,1,2,0.5,-0.105,0.0,0.3,0.8832,0.7,-0.9,,,1,1,,2023,2024,2023.5,1,2020,2020,2005,9f20123f109120b4,M,11.5,0
10.71,10.7467,10.73,0.0473,0.0044,10.8,0.09,10.72,10.765,10.695,10.7083,10.715,0.0115,0.0011,10.715,0.02,10.705,10.715,-0.0858,0.0083,-0.0107,0.09,0.02,0.0964,3,3,2,1.0,19.0,20.0,3.2133,1,1,0.3333,0.025,0.0,0.7667,0.8083,0.7667,0.0,,,1,1,,2023,2024,2023.6667,1,2020,2020,2000,49a421dd32de8b82,M,10.71,0
11.56,11.81,11.86,0.1881,0.0159,11.96,0.4,11.7175,11.9525,11.52,11.78,11.8175,0.1959,0.0166,11.965,0.445,11.6887,11.9088,-0.1656,0.1229,-0.1444,0.39,0.0,0.2398,4,4,2,2.0,17.0,18.0,2.4596,1,1,0.25,0.0533,0.0,0.6,0.5477,0.8333,-0.1,,,1,1,,2023,2024,2023.75,1,2020,2020,2005,a5d72d1358992f62,M,11.56,0
11.45,11.6633,11.77,0.1848,0.0158,11.77,0.32,11.61,11.77,11.48,11.6877,11.748,0.185,0.0158,11.835,0.355,11.614,11.7915,-0.344,0.0178,-0.3445,0.32,0.0,0.3265,3,3,2,1.0,17.0,18.0,3.0608,0,0,0.0,0.0,0.0,-0.4867,0.8755,0.44,-0.95,,,1,1,,2022,2023,2022.3333,1,2020,2020,2005,0be6580deea3e3f9,M,11.45,0
11.68,12.0357,12.07,0.2255,0.0187,12.33,0.65,11.92,12.165,11.785,12.0521,12.07,0.2019,0.0168,12.33,0.545,11.91,12.18,-0.129,0.1978,-0.0908,0.57,0.4,0.3583,7,7,2,2.0,16.0,17.0,4.4006,1,1,0.1429,0.24,0.4286,-0.575,1.0966,0.4,-1.35,,,1,1,,2023,2024,2023.5714,1,2020,2020,2005,e58ee21ad0069ba3,M,11.68,0
11.23,11.3367,11.38,0.0929,0.0082,11.4,0.17,11.305,11.39,11.23,11.34,11.38,0.0964,0.0085,11.41,0.18,11.305,11.395,0.1684,0.0612,0.1862,0.0,0.17,0.0,3,2,1,1.0,18.0,18.0,5.3192,1,1,0.3333,0.16,0.6667,-0.2,0.0,0.0,-0.2,,,1,1,,2019,2019,2019.0,0,2010,2010,2000,844e9f1ba4915a78,M,11.23,0
11.51,11.58,11.555,0.0876,0.0076,11.7,0.19,11.5175,11.6175,11.485,11.5537,11.54,0.0765,0.0066,11.65,0.165,11.4962,11.5975,0.0861,0.0744,0.0444,0.01,0.0,0.0223,4,4,1,0.0,19.0,19.0,8.9085,0,0,0.0,0.0,0.0,0.525,0.3403,0.525,0.0,,,1,1,,2023,2023,2023.0,0,2020,2020,2000,e5f2488e9c55f59c,M,11.51,0
11.25,11.422,11.43,0.1665,0.0146,11.67,0.42,11.29,11.47,11.275,11.416,11.365,0.194,0.017,11.745,0.47,11.275,11.42,-0.0877,0.1312,-0.1492,0.42,0.22,0.1887,5,5,3,2.0,18.0,19.0,2.2463,0,0,0.0,0.0,0.0,0.12,1.3198,0.8667,-1.0,,,1,1,,2023,2025,2023.8,2,2020,2020,2005,472a203687836696,M,11.25,0
12.68,13.025,13.085,0.2333,0.0179,13.26,0.58,12.87,13.2025,12.758,13.078,13.118,0.22,0.0168,13.356,0.598,12.945,13.2025,-0.0863,0.207,-0.0834,0.55,0.58,0.3458,6,5,2,2.0,16.0,17.0,3.7719,1,2,0.3333,0.1875,0.3333,-1.325,0.2062,0.0,-1.325,,,1,1,,2023,2024,2023.6667,1,2020,2020,2005,907d7977fd3cb971,F,12.68,0
12.67,12.69,12.69,0.0283,0.0022,12.71,0.04,12.68,12.7,12.71,12.7275,12.7275,0.0247,0.0019,12.745,0.035,12.7188,12.7362,,,,0.04,0.0,0.5411,2,2,1,0.0,19.0,19.0,27.0556,0,0,0.0,0.0,0.0,-0.75,1.0607,0.0,-1.5,,,1,1,,2023,2023,2023.0,0,2020,2020,2000,0283580f7f9aa1e1,M,12.67,0
12.16,12.255,12.255,0.1344,0.011,12.35,0.19,12.2075,12.3025,12.16,12.255,12.255,0.1344,0.011,12.35,0.19,12.2075,12.3025,,,,0.19,0.0,69.3975,2,2,1,0.0,18.0,18.0,730.5,0,0,0.0,0.0,1.0,0.0,0.0,0.0,0.0,,,1,1,,2022,2022,2022.0,0,2020,2020,2000,3a5b3b4779a06bb8,M,12.16,0
11.54,11.78,11.78,0.3394,0.0288,12.02,0.48,11.66,11.9,11.545,11.7575,11.7575,0.3005,0.0256,11.97,0.425,11.6512,11.8638,,,,0.48,0.0,4.87,2,2,1,0.0,18.0,18.0,20.2917,1,2,1.0,0.0,0.0,0.45,0.7778,1.0,-0.1,,,1,1,,2023,2023,2023.0,0,2020,2020,2005,75b7c95c10d133d1,M,11.54,0
12.97,13.2338,13.24,0.1704,0.0129,13.61,0.64,13.1125,13.3325,12.958,13.2502,13.236,0.1858,0.014,13.622,0.664,13.1135,13.391,-0.0116,0.1643,-0.0256,0.64,0.46,0.3211,16,14,3,2.0,16.0,17.0,8.0275,1,9,0.5625,-0.1057,0.0,-0.275,0.7785,0.75,-0.6727,,,1,1,,2023,2025,2024.25,2,2020,2020,2005,55e18b3ce2bab27d,F,12.97,0
11.46,11.595,11.6,0.1066,0.0092,11.72,0.26,11.5575,11.6375,11.385,11.5775,11.605,0.139,0.012,11.715,0.33,11.5388,11.6437,-0.001,0.0923,-0.0258,0.13,0.26,0.0689,4,4,3,2.0,16.0,18.0,2.1205,0,0,0.0,0.0,0.0,0.35,0.7767,0.8,-0.2,178.0,68.0,0,0,21.4619,2019,2021,2020.25,2,2010,2020,2000,d69b61fc18095953,M,11.46,1
12.78,12.845,12.845,0.0919,0.0072,12.91,0.13,12.8125,12.8775,12.762,12.83,12.83,0.0962,0.0075,12.898,0.136,12.796,12.864,,,,0.0,0.13,0.0,2,1,1,0.0,17.0,17.0,2.0,1,1,0.5,0.13,0.0,0.25,0.0707,0.25,0.0,,,1,1,,2020,2020,2020.0,0,2020,2020,2000,0228beb647ee236a,F,12.78,0
13.48,13.6333,13.67,0.1387,0.0102,13.75,0.27,13.575,13.71,13.486,13.6253,13.64,0.1326,0.0097,13.75,0.264,13.563,13.695,-0.0119,0.1132,-0.0677,0.27,0.19,0.4422,3,3,1,1.0,15.0,16.0,4.9137,1,1,0.3333,-0.175,0.0,0.1333,0.3215,0.5,-0.1,,,1,1,,2025,2025,2025.0,0,2020,2020,2005,2474954f8f765439,F,13.48,0
11.95,12.0267,12.03,0.0751,0.0062,12.1,0.15,11.99,12.065,11.955,12.025,12.02,0.0726,0.006,12.1,0.145,11.9875,12.06,-0.1755,0.0204,-0.1631,0.15,0.0,0.2,3,3,2,1.0,18.0,18.0,3.9991,1,2,0.6667,-0.115,0.0,0.0333,0.1528,0.2,-0.1,,,1,1,,2023,2024,2023.3333,1,2020,2020,2005,b5810f80724107fd,M,11.95,0
11.7,11.7925,11.79,0.0793,0.0067,11.89,0.19,11.7525,11.83,11.7,11.825,11.8225,0.1098,0.0093,11.955,0.255,11.76,11.8875,-0.4948,0.0181,-0.5812,0.19,0.0,0.5642,4,4,1,0.0,18.0,18.0,11.878,1,2,0.5,0.115,0.0,-0.65,1.5286,0.5,-1.55,,,1,1,,2023,2023,2023.0,0,2020,2020,2005,5aecfcd369659990,M,11.7,0
10.8,10.9444,10.945,0.0904,0.0083,11.12,0.32,10.8725,11.0125,10.66,10.9297,10.93,0.127,0.0116,11.14,0.48,10.8362,11.028,-0.0361,0.0865,-0.0207,0.08,0.15,0.0727,18,11,2,1.0,16.0,17.0,16.3545,1,6,0.3333,0.0679,0.0556,0.3129,1.0987,1.0222,-0.5543,,,1,1,,2024,2025,2024.7222,1,2020,2020,2005,7be8a2d576078ddd,M,10.8,0
12.99,13.195,13.24,0.1415,0.0107,13.31,0.32,13.1625,13.2725,12.924,13.1485,13.216,0.1501,0.0114,13.238,0.314,13.14,13.2245,-0.5619,0.0394,-0.5783,0.27,0.0,0.5419,4,3,1,0.0,18.0,18.0,8.0275,1,3,0.75,0.0867,0.0,0.775,0.5439,1.0333,0.0,,,1,1,,2023,2023,2023.0,0,2020,2020,2005,1e609dfea94a9e8f,F,12.99,0
11.33,11.7133,11.775,0.2038,0.0174,11.91,0.58,11.69,11.815,11.335,11.7092,11.78,0.2076,0.0177,11.92,0.585,11.655,11.815,-0.2584,0.1243,-0.2794,0.47,0.0,0.332,6,6,2,1.0,17.0,18.0,4.2389,1,1,0.1667,0.052,0.0,0.0833,0.4579,1.0,-0.1667,,,1,1,,2023,2024,2023.5,1,2020,2020,2005,ad40b143276b98ed,M,11.33,0
12.42,12.7815,12.78,0.2464,0.0193,13.13,0.71,12.575,13.0325,12.39,12.7773,12.791,0.2521,0.0197,13.13,0.74,12.5775,13.0455,-0.265,0.1637,-0.264,0.71,0.02,0.3209,20,12,3,2.0,16.0,18.0,9.0408,1,9,0.45,-0.0287,0.0,0.07,0.49,0.4364,-0.4857,,,1,1,,2023,2025,2023.8,2,2020,2020,2005,ca5831f15e3ad7ad,F,12.42,0
11.29,11.3475,11.335,0.0591,0.0052,11.43,0.14,11.32,11.3625,11.29,11.3575,11.3025,0.1185,0.0104,11.535,0.245,11.2975,11.3625,0.4723,0.0348,0.7872,0.0,0.14,0.0,4,2,1,0.0,18.0,18.0,25.1897,1,2,0.5,-0.065,0.0,-0.2,1.3038,0.65,-2.1,,,1,1,,2024,2024,2024.0,0,2020,2020,2005,879486f96debe384,M,11.29,0
11.87,12.03,12.11,0.1393,0.0116,12.17,0.3,11.89,12.11,11.85,12.021,12.1,0.1406,0.0117,12.16,0.31,11.89,12.105,0.2129,0.1137,0.2107,0.0,0.3,0.0,5,5,1,1.0,18.0,18.0,7.247,1,1,0.2,-0.1,0.0,0.18,0.1483,0.225,0.0,,,1,1,,2023,2023,2023.0,0,2020,2020,2005,b001d93168ed6c7f,M,11.87,0
11.9,12.005,11.985,0.1173,0.0098,12.15,0.25,11.915,12.075,11.885,11.9937,11.9725,0.1171,0.0098,12.145,0.26,11.9112,12.055,-0.3383,0.0783,-0.3459,0.25,0.02,0.5017,4,4,1,0.0,18.0,18.0,8.0275,1,1,0.25,-0.06,0.0,0.225,0.2217,0.3,0.0,,,1,1,,2023,2023,2023.0,0,2020,2020,2005,755f78a8641ce880,M,11.9,0
12.82,12.9733,12.98,0.1501,0.0116,13.12,0.3,12.9,13.05,12.82,12.9353,12.896,0.1392,0.0108,13.09,0.27,12.858,12.993,-0.0751,0.0654,-0.0792,0.3,0.16,0.1024,3,3,2,3.0,15.0,17.0,1.0241,1,1,0.3333,-0.01,0.0,0.6333,0.7095,0.95,0.0,156.0,46.0,0,0,18.902,2019,2022,2021.0,3,2010,2020,2005,fc5df1481d45e6d3,F,12.82,1
12.17,12.25,12.25,0.1131,0.0092,12.33,0.16,12.21,12.29,12.21,12.2675,12.2675,0.0813,0.0066,12.325,0.115,12.2388,12.2962,,,,0.16,0.0,0.6957,2,2,1,0.0,17.0,17.0,8.6964,1,2,1.0,0.0,0.0,-0.35,0.6364,0.1,-0.8,,,1,1,,2023,2023,2023.0,0,2020,2020,2005,c41403de7416aebc,M,12.17,0
12.76,13.695,12.87,1.7251,0.126,16.28,3.52,12.79,13.775,12.7,13.7235,12.951,1.7178,0.1252,16.292,3.592,12.8245,13.85,-0.7816,1.263,-0.7295,0.0,0.18,0.0,4,4,2,2.0,17.0,17.0,1.9098,0,0,0.0,0.0,0.0,-0.475,1.1413,1.0,-0.9667,170.0,55.0,0,0,19.0311,2019,2021,2020.0,2,2010,2010,2000,b40aa959397231fc,F,12.76,1
11.7,11.82,11.82,0.1095,0.0093,11.94,0.24,11.745,11.895,11.68,11.8112,11.8175,0.1126,0.0095,11.93,0.25,11.74,11.8888,0.0901,0.0801,0.0855,0.18,0.24,0.1269,4,4,3,1.0,16.0,17.0,2.8205,1,2,0.5,-0.18,0.0,0.175,0.1708,0.2333,0.0,,,1,1,,2023,2025,2023.75,2,2020,2020,2005,506ad2bbebdc4861,M,11.7,0
12.69,13.0755,12.86,0.3899,0.0298,13.85,1.16,12.79,13.415,12.666,13.0673,12.842,0.3946,0.0302,13.832,1.166,12.775,13.412,-0.3781,0.1754,-0.3881,0.76,0.08,0.3057,11,6,3,2.0,14.0,15.0,4.4248,1,5,0.4545,0.0943,0.0,0.1364,0.7567,0.5429,-1.15,,,1,1,,2023,2025,2024.2727,2,2020,2020,2005,5009e4e713e2df4c,F,12.69,0
11.77,11.825,11.825,0.0778,0.0066,11.88,0.11,11.7975,11.8525,11.785,11.83,11.83,0.0636,0.0054,11.875,0.09,11.8075,11.8525,,,,0.11,0.0,1.6741,2,2,1,0.0,20.0,20.0,30.4375,0,0,0.0,0.0,0.0,-0.1,0.2828,0.1,-0.3,180.0,65.0,0,0,20.0617,2020,2020,2020.0,0,2020,2020,2000,34f5cbe000f6d826,M,10.77,1
11.5,11.6033,11.53,0.1537,0.0132,11.78,0.28,11.515,11.655,11.48,11.5917,11.505,0.1722,0.0149,11.79,0.31,11.4925,11.6475,-0.5115,0.0944,-0.5892,0.28,0.03,0.7253,3,3,1,0.0,18.0,18.0,7.7713,1,2,0.6667,0.265,0.0,0.2333,0.3786,0.45,-0.2,178.0,64.0,0,0,20.1995,2024,2024,2024.0,0,2020,2020,2005,06096955e1289c46,M,11.5,1
11.53,11.735,11.735,0.2899,0.0247,11.94,0.41,11.6325,11.8375,11.465,11.7025,11.7025,0.3359,0.0287,11.94,0.475,11.5838,11.8212,,,,0.41,0.0,2.6272,2,2,1,0.0,17.0,18.0,12.8158,0,0,0.0,0.0,0.5,1.3,0.0,1.3,0.0,,,1,1,,2023,2023,2023.0,0,2020,2020,2005,e7c58ebcbac54018,M,11.53,0
11.72,11.95,11.92,0.2165,0.0181,12.24,0.52,11.8475,12.0225,11.71,11.92,11.89,0.1997,0.0168,12.19,0.48,11.83,11.98,-0.3033,0.0518,-0.2883,0.52,0.0,0.3129,4,4,3,2.0,17.0,19.0,2.4069,1,2,0.5,-0.23,0.0,0.6,0.8794,0.9333,-0.4,,,1,1,,2023,2025,2024.0,2,2020,2020,2005,8a96576ded9a65b2,M,11.72,0
12.92,13.3712,13.295,0.435,0.0325,14.2,1.28,13.04,13.515,12.89,13.4058,13.293,0.5029,0.0375,14.284,1.394,13.013,13.6035,-0.3545,0.3022,-0.4414,0.49,0.09,0.2539,8,8,3,2.0,17.0,19.0,4.1447,1,5,0.625,0.03,0.0,-0.575,1.5248,0.425,-2.1,,,1,1,,2023,2025,2024.125,2,2020,2020,2005,b8916d36e9560f81,F,12.92,0
12.39,12.64,12.66,0.2094,0.0166,12.85,0.46,12.51,12.79,12.378,12.6385,12.669,0.2122,0.0168,12.838,0.46,12.5115,12.796,0.3161,0.0402,0.3228,0.0,0.38,0.0,4,4,2,1.0,17.0,17.0,2.9756,1,4,1.0,0.0,0.0,0.025,0.2062,0.2,-0.15,,,1,1,,2022,2023,2022.5,1,2020,2020,2005,142a3a1d599f461f,F,12.39,0
11.76,11.85,11.85,0.1273,0.0107,11.94,0.18,11.805,11.895,11.76,11.8425,11.8425,0.1167,0.0099,11.925,0.165,11.8012,11.8837,,,,0.18,0.0,1.1954,2,2,1,0.0,18.0,18.0,13.2818,0,0,0.0,0.0,0.0,0.15,0.2121,0.3,0.0,,,1,1,,2023,2023,2023.0,0,2020,2020,2005,10277a5ceca97052,M,11.76,0
12.33,12.6157,12.52,0.2836,0.0225,13.22,0.89,12.405,12.7275,12.306,12.6414,12.561,0.298,0.0236,13.22,0.914,12.4155,12.8335,-0.1328,0.2614,-0.1104,0.89,0.45,0.4352,14,9,3,2.0,16.0,17.0,6.8454,1,6,0.4286,-0.087,0.0714,-0.4615,1.079,0.9333,-1.1,,,1,1,,2022,2024,2023.2857,2,2020,2020,2005,a1bb067edbc99243,F,12.33,0
11.23,11.384,11.33,0.1445,0.0127,11.59,0.36,11.3,11.47,11.21,11.346,11.31,0.1479,0.013,11.575,0.365,11.235,11.4,0.2264,0.0611,0.1979,0.0,0.24,0.0,5,5,2,1.0,18.0,18.0,4.2669,0,0,0.0,0.0,0.0,0.76,0.862,1.0,-0.2,,,1,1,,2024,2025,2024.4,1,2020,2020,2005,3931e992c18f91ab,M,11.23,0
11.24,11.6275,11.74,0.2599,0.0224,11.79,0.55,11.6,11.7675,11.185,11.6388,11.74,0.3111,0.0267,11.89,0.705,11.5862,11.7925,-0.3552,0.1593,-0.4398,0.52,0.0,0.532,4,4,2,1.0,16.0,17.0,4.0924,1,2,0.5,-0.225,0.5,-0.45,2.192,1.1,-2.0,,,1,1,,2024,2025,2024.5,1,2020,2020,2005,e85ca1c7eaa054e7,M,11.24,0
12.21,12.4012,12.43,0.1387,0.0112,12.57,0.36,12.31,12.5025,12.124,12.3848,12.421,0.1734,0.014,12.594,0.47,12.2745,12.51,0.2126,0.1089,0.2488,0.0,0.3,0.0,8,5,2,1.0,18.0,18.0,9.2762,1,4,0.5,-0.0175,0.0,0.275,0.684,0.8,-0.3333,,,1,1,,2023,2024,2023.25,1,2020,2020,2005,9c5115b2e4c3c974,F,12.21,0
11.79,12.0,11.98,0.2207,0.0184,12.23,0.44,11.885,12.105,11.77,11.9933,11.98,0.2303,0.0192,12.23,0.46,11.875,12.105,-0.2031,0.1346,-0.2186,0.19,0.0,0.1369,3,3,2,1.0,17.0,18.0,2.1612,1,3,1.0,0.0,0.0,0.1333,0.2309,0.4,0.0,,,1,1,,2023,2024,2023.3333,1,2020,2020,2005,756acc97b85cdf60,M,11.79,0
11.97,11.975,11.975,0.0071,0.0006,11.98,0.01,11.9725,11.9775,11.965,11.9725,11.9725,0.0106,0.0009,11.98,0.015,11.9688,11.9762,,,,0.0,0.01,0.0,2,2,1,0.0,18.0,18.0,20.2917,1,1,0.5,0.01,0.0,0.05,0.0707,0.1,0.0,,,1,1,,2023,2023,2023.0,0,2020,2020,2005,71417e76a62b106d,M,11.97,0
11.64,11.715,11.715,0.0614,0.0052,11.79,0.15,11.6925,11.7375,11.63,11.7138,11.72,0.0642,0.0055,11.785,0.155,11.69,11.7438,-0.0463,0.0489,-0.0386,0.07,0.08,0.063,4,4,2,1.0,17.0,18.0,3.5985,1,1,0.25,0.0067,0.0,0.025,0.1708,0.15,-0.2,,,1,1,,2023,2024,2023.5,1,2020,2020,2005,5d8de7fb85de0010,M,11.64,0
11.11,11.17,11.15,0.0693,0.0062,11.27,0.16,11.14,11.18,11.084,11.1635,11.13,0.1014,0.0091,11.31,0.226,11.1035,11.19,-0.0045,0.0602,-0.042,0.04,0.04,0.0387,4,4,2,1.0,19.0,20.0,3.8651,0,0,0.0,0.0,0.0,0.13,0.703,0.66,-0.8,,,1,1,,2024,2025,2024.75,1,2020,2020,2005,af4766d8cc654f1d,M,11.03,0
11.74,11.9275,11.94,0.1493,0.0125,12.09,0.35,11.8525,12.015,11.74,11.9488,11.9825,0.1512,0.0127,12.09,0.35,11.8938,12.0375,-0.6418,0.0317,-0.6562,0.35,0.0,0.6489,4,4,2,1.0,19.0,19.0,7.4162,1,1,0.25,-0.2167,0.5,-0.85,0.3536,0.0,-0.85,,,1,1,,2023,2024,2023.25,1,2020,2020,2000,1872d0fe5a113a41,M,11.63,0
11.31,11.585,11.61,0.258,0.0223,11.81,0.5,11.3925,11.8025,11.34,11.6025,11.625,0.2347,0.0202,11.82,0.48,11.4375,11.79,-0.4579,0.0248,-0.4128,0.5,0.0,0.4909,4,4,2,1.0,18.0,19.0,3.9274,1,1,0.25,-0.3,0.0,-0.35,0.5972,0.4,-0.6,,,1,1,,2023,2024,2023.5,1,2020,2020,2005,ae94d22256206e89,M,11.31,0
11.42,11.6467,11.6,0.2221,0.0191,12.0,0.58,11.4825,11.7625,11.43,11.6683,11.5975,0.2547,0.0218,12.075,0.645,11.4725,11.8088,-0.2326,0.1647,-0.2531,0.58,0.0,0.4826,6,6,2,1.0,17.0,18.0,4.992,1,2,0.3333,-0.215,0.0,-0.4333,0.7474,0.3,-0.8,,,1,1,,2023,2024,2023.3333,1,2020,2020,2005,3c5aa70c80394ee8,M,11.42,0
12.33,12.5312,12.49,0.2142,0.0171,12.95,0.62,12.35,12.6375,12.294,12.5185,12.443,0.2356,0.0188,12.974,0.68,12.341,12.6555,0.1235,0.177,0.1253,0.3,0.62,0.1151,8,5,3,3.0,17.0,18.0,3.0693,1,4,0.5,0.1875,0.0,0.2125,0.5743,0.52,-0.45,,,1,1,,2021,2024,2022.0,3,2020,2020,2005,c51b1f60c65f01a0,F,12.33,0
12.69,12.785,12.785,0.1344,0.0105,12.88,0.19,12.7375,12.8325,12.684,12.788,12.788,0.1471,0.0115,12.892,0.208,12.736,12.84,,,,0.0,0.19,0.0,2,2,1,0.0,19.0,19.0,730.5,1,1,0.5,-0.19,0.0,-0.05,0.2121,0.1,-0.2,,,1,1,,2025,2025,2025.0,0,2020,2020,2005,b053493185cd4bf5,F,12.69,0
11.96,12.025,12.025,0.0919,0.0076,12.09,0.13,11.9925,12.0575,11.91,12.015,12.015,0.1485,0.0124,12.12,0.21,11.9625,12.0675,,,,0.13,0.0,9.4965,2,2,1,0.0,19.0,19.0,146.1,1,1,0.5,-0.13,0.0,0.2,1.1314,1.0,-0.6,,,1,1,,2023,2023,2023.0,0,2020,2020,2000,8f5e6b598c363037,M,11.96,0
11.4,11.525,11.54,0.1002,0.0087,11.62,0.22,11.4675,11.5975,11.35,11.5287,11.5725,0.1261,0.0109,11.62,0.27,11.485,11.6163,-0.3216,0.0451,-0.3888,0.22,0.09,0.4755,4,4,1,0.0,18.0,18.0,8.645,1,3,0.75,0.0867,0.0,-0.075,0.789,1.0,-0.65,,,1,1,,2023,2023,2023.0,0,2020,2020,2005,6470be135b6d2739,M,11.4,0
11.49,11.56,11.56,0.099,0.0086,11.63,0.14,11.525,11.595,11.42,11.53,11.53,0.1556,0.0135,11.64,0.22,11.475,11.585,,,,0.14,0.0,1.1622,2,2,1,0.0,17.0,17.0,16.6023,0,0,0.0,0.0,0.0,0.6,1.1314,1.4,-0.2,,,1,1,,2023,2023,2023.0,0,2020,2020,2005,0c531e878d8303e4,M,11.49,0
10.35,10.5725,10.555,0.1345,0.0127,10.77,0.42,10.4575,10.7025,10.355,10.5805,10.57,0.1507,0.0142,10.81,0.455,10.4512,10.72,-0.1054,0.1233,-0.113,0.42,0.36,0.3535,20,14,2,1.0,17.0,18.0,16.8318,1,9,0.45,-0.028,0.05,-0.1684,0.5657,0.56,-0.4615,,,1,1,,2024,2025,2024.65,1,2020,2020,2005,350c7a5a9c1ea08c,M,10.35,0
12.69,12.9056,12.83,0.2265,0.0176,13.4,0.71,12.75,13.01,12.69,12.8962,12.864,0.2219,0.0172,13.418,0.728,12.73,12.938,-0.3213,0.0933,-0.2346,0.71,0.06,0.3808,9,6,3,2.0,16.0,17.0,4.8271,1,5,0.5556,-0.1973,0.0,0.1556,0.9838,0.84,-0.9333,,,1,1,,2022,2024,2023.0,2,2020,2020,2005,6916d32034cabb79,F,12.69,0
12.41,12.55,12.55,0.198,0.0158,12.69,0.28,12.48,12.62,12.405,12.545,12.545,0.198,0.0158,12.685,0.28,12.475,12.615,,,,0.28,0.0,7.305,2,2,1,0.0,17.0,17.0,52.1786,1,2,1.0,0.0,0.0,0.1,0.0,0.1,0.0,,,1,1,,2025,2025,2025.0,0,2020,2020,2005,e8fa4b746e54c480,M,12.41,0
12.82,13.198,13.19,0.267,0.0202,14.0,1.18,13.1,13.245,12.778,13.2056,13.212,0.2702,0.0205,13.988,1.21,13.091,13.278,-0.1385,0.214,-0.1432,1.18,0.36,0.5605,15,14,3,2.0,15.0,17.0,7.1245,1,8,0.5333,-0.0471,0.2,-0.1583,0.4926,0.4,-0.5,,,1,1,,2023,2025,2024.3333,2,2020,2020,2005,29c55b4f24c8407a,F,12.82,0
11.49,11.77,11.54,0.4424,0.0376,12.28,0.79,11.515,11.91,11.49,11.765,11.525,0.4463,0.0379,12.28,0.79,11.5075,11.9025,-2.2552,0.033,-2.2787,0.79,0.05,2.2901,3,3,1,0.0,17.0,18.0,8.6964,1,2,0.6667,-0.345,0.0,0.1,0.1732,0.3,0.0,,,1,1,,2023,2023,2023.0,0,2020,2020,2005,9a3564ac5d6df622,M,11.49,0
11.42,11.67,11.665,0.2223,0.019,11.93,0.51,11.5325,11.8025,11.4,11.6675,11.695,0.2055,0.0176,11.88,0.48,11.5725,11.79,-0.2684,0.104,-0.244,0.34,0.0,0.2339,4,4,2,1.0,17.0,18.0,2.7514,1,4,1.0,0.0,0.0,0.05,0.9292,0.7,-1.2,,,1,1,,2023,2024,2023.5,1,2020,2020,2005,9cb0d3298e982b58,M,11.42,0
12.19,12.8329,12.7,0.3924,0.0306,13.74,1.55,12.6125,13.095,12.112,12.8307,12.726,0.3967,0.0309,13.728,1.616,12.601,13.095,-0.3651,0.1875,-0.3477,1.55,0.52,0.5068,14,11,4,3.0,15.0,17.0,4.5779,1,7,0.5,-0.0183,0.0714,0.0385,0.6488,0.475,-0.66,,,1,1,,2022,2025,2024.0714,3,2020,2020,2005,a3504fef34fcf2ca,F,12.19,0
11.56,11.9091,11.85,0.3272,0.0275,12.77,1.21,11.74,11.945,11.435,11.8873,11.83,0.3539,0.0298,12.77,1.335,11.7,11.985,-0.3065,0.1836,-0.3896,1.21,0.0,0.5157,11,11,3,2.0,16.0,18.0,4.6882,1,4,0.3636,0.0025,0.4545,0.8,1.3667,1.28,-1.6,,,1,1,,2023,2025,2023.9091,2,2020,2020,2005,207e45df135317d9,M,11.56,0
10.8,11.174,11.19,0.3024,0.0271,11.55,0.75,10.96,11.37,10.805,11.167,11.2,0.3385,0.0303,11.565,0.76,10.845,11.42,-0.2246,0.2224,-0.2068,0.16,0.0,0.0881,5,3,2,2.0,18.0,20.0,2.7545,1,2,0.4,0.015,0.0,0.14,1.2582,2.3,-0.4,,,1,1,,2022,2024,2022.4,2,2020,2020,2000,5597e2959cc2c9f0,M,10.8,0
12.52,12.6267,12.55,0.1595,0.0126,12.81,0.29,12.535,12.68,12.47,12.61,12.55,0.1778,0.0141,12.81,0.34,12.51,12.68,0.0297,0.1294,-0.0053,0.03,0.0,0.025,3,3,2,1.0,17.0,18.0,2.496,1,3,1.0,0.0,0.3333,0.5,0.7071,1.0,0.0,,,1,1,,2022,2023,2022.6667,1,2020,2020,2005,1fd5a601d3675045,M,12.52,0
13.2,13.415,13.34,0.2178,0.0162,13.91,0.71,13.3125,13.455,13.194,13.4285,13.373,0.1974,0.0147,13.82,0.626,13.314,13.498,-0.0102,0.2042,-0.0441,0.09,0.12,0.0388,8,7,2,2.0,15.0,16.0,3.4458,1,1,0.125,0.1429,0.125,-0.2571,1.2817,0.625,-1.4333,,,1,1,,2023,2025,2024.5,2,2020,2020,2005,c6b5447ff7ae0919,F,13.2,0
11.62,11.73,11.73,0.1556,0.0133,11.84,0.22,11.675,11.785,11.595,11.7175,11.7175,0.1732,0.0148,11.84,0.245,11.6562,11.7787,,,,0.0,0.22,0.0,2,2,1,0.0,18.0,18.0,29.22,1,2,1.0,0.0,0.0,0.25,0.3536,0.5,0.0,,,1,1,,2023,2023,2023.0,0,2020,2020,2005,cf08274f9a66ed62,M,11.62,0
12.0,12.05,12.05,0.0707,0.0059,12.1,0.1,12.025,12.075,12.0,12.05,12.05,0.0707,0.0059,12.1,0.1,12.025,12.075,,,,0.0,0.1,0.0,2,2,1,0.0,18.0,18.0,10.4357,1,1,0.5,0.1,0.5,0.0,0.0,0.0,0.0,,,1,1,,2023,2023,2023.0,0,2020,2020,2005,4ca1bcf5afafdf9f,M,12.0,0
11.44,11.59,11.555,0.159,0.0137,11.81,0.37,11.5,11.645,11.44,11.565,11.5175,0.156,0.0135,11.785,0.345,11.4625,11.62,-0.1607,0.1127,-0.1316,0.08,0.0,0.088,4,3,2,1.0,15.0,16.0,4.4006,1,1,0.25,0.0,0.25,0.6667,0.2887,0.6667,0.0,,,1,1,,2024,2025,2024.25,1,2020,2020,2005,11c94d76ccdeaf03,M,11.44,0
13.34,13.34,13.34,0.0,0.0,13.34,0.0,13.34,13.34,13.334,13.349,13.349,0.0212,0.0016,13.364,0.03,13.3415,13.3565,,,,0.0,0.0,0.0,2,2,1,0.0,20.0,20.0,730.5,1,1,0.5,0.0,0.0,-0.15,0.3536,0.1,-0.4,,,1,1,,2021,2021,2021.0,0,2020,2020,2000,a3a941d91e5969ae,F,13.34,0
11.11,11.3125,11.25,0.2551,0.0226,11.64,0.53,11.11,11.4525,11.075,11.2975,11.2275,0.2777,0.0246,11.66,0.585,11.0825,11.4425,-0.4259,0.0886,-0.4583,0.53,0.0,0.5204,4,4,2,1.0,18.0,19.0,3.9274,1,2,0.5,-0.125,0.0,0.3,0.483,0.5333,-0.4,,,1,1,,2023,2024,2023.5,1,2020,2020,2005,6e0582e975bf3614,M,11.11,0
12.22,12.3933,12.26,0.3315,0.0267,13.26,1.04,12.25,12.35,12.188,12.3953,12.306,0.3329,0.0269,13.248,1.06,12.226,12.35,0.1374,0.3077,0.0317,0.04,0.03,0.1124,9,7,1,0.0,16.0,16.0,25.2865,1,3,0.3333,0.0133,0.0,-0.0333,0.8888,0.6,-1.1,,,1,1,,2025,2025,2025.0,0,2020,2020,2005,f15f2d10c64c8098,F,12.22,0
11.39,11.58,11.44,0.2227,0.0192,11.87,0.48,11.43,11.77,11.39,11.564,11.42,0.221,0.0191,11.83,0.44,11.4,11.78,-0.3817,0.0632,-0.3665,0.48,0.0,0.3391,5,5,2,1.0,15.0,17.0,3.5324,1,1,0.2,-0.2375,0.0,0.32,0.502,0.6667,-0.2,,,1,1,,2023,2024,2023.6,1,2020,2020,2005,7853b105e3f0a3af,M,11.39,0
11.97,12.1333,12.14,0.1601,0.0132,12.29,0.32,12.055,12.215,11.95,12.1183,12.135,0.1606,0.0133,12.27,0.32,12.0425,12.2025,0.2522,0.0708,0.2439,0.17,0.32,0.1826,3,3,2,1.0,18.0,18.0,3.2228,1,1,0.3333,-0.01,0.0,0.3,0.1732,0.3,0.0,,,1,1,,2023,2024,2023.3333,1,2020,2020,2005,6ad4eaa502ed0c37,M,11.97,0
11.85,11.885,11.885,0.0495,0.0042,11.92,0.07,11.8675,11.9025,11.8,11.895,11.895,0.1344,0.0113,11.99,0.19,11.8475,11.9425,,,,0.0,0.07,0.0,2,2,1,0.0,20.0,20.0,56.1923,0,0,0.0,0.0,0.0,-0.2,1.6971,1.0,-1.4,179.0,70.0,0,0,21.847,2024,2024,2024.0,0,2020,2020,2000,a72ff7537e2472a8,M,11.85,1
12.75,13.044,13.02,0.2182,0.0167,13.35,0.6,12.98,13.12,12.684,13.0188,13.02,0.2363,0.0182,13.35,0.666,12.992,13.048,-0.4633,0.1712,-0.4606,0.27,0.0,0.5419,5,4,1,0.0,18.0,18.0,10.0343,1,4,0.8,-0.03,0.0,0.42,0.6723,1.15,-0.2,,,1,1,,2023,2023,2023.0,0,2020,2020,2005,c7eea563045e3510,F,12.75,0
11.63,11.882,11.89,0.1714,0.0144,12.11,0.48,11.86,11.92,11.61,11.858,11.86,0.172,0.0145,12.095,0.485,11.845,11.88,-0.1441,0.081,-0.1341,0.48,0.0,0.2154,5,4,2,2.0,15.0,17.0,2.2436,1,3,0.6,-0.1783,0.2,0.6,0.2944,0.6,0.0,,,1,1,,2022,2024,2022.8,2,2020,2020,2005,b6135a0216289de7,M,11.63,0
11.51,11.6833,11.77,0.1501,0.0128,11.77,0.26,11.64,11.77,11.535,11.6833,11.735,0.1304,0.0112,11.78,0.245,11.635,11.7575,-1.2166,0.0355,-1.0964,0.26,0.0,1.1305,3,3,1,0.0,17.0,17.0,13.0446,1,3,1.0,0.0,0.0,0.0,0.6245,0.7,-0.35,,,1,1,,2023,2023,2023.0,0,2020,2020,2005,6d3ee7c3170c2c5f,M,11.51,0
11.41,11.7375,11.765,0.2526,0.0215,12.01,0.6,11.6275,11.875,11.49,11.7625,11.775,0.2214,0.0188,12.01,0.52,11.6475,11.89,-0.0261,0.2187,0.0028,0.6,0.42,0.9872,4,4,1,1.0,19.0,19.0,6.5811,1,1,0.25,0.05,0.5,-1.0,0.8485,0.0,-1.0,,,1,1,,2024,2024,2024.0,0,2020,2020,2005,adf53e798af466bd,M,11.41,0
11.5,11.57,11.57,0.099,0.0086,11.64,0.14,11.535,11.605,11.495,11.56,11.56,0.0919,0.008,11.625,0.13,11.5275,11.5925,,,,0.0,0.14,0.0,2,2,1,0.0,18.0,18.0,8.8012,1,1,0.5,0.14,0.0,0.2,0.1414,0.2,0.0,,,1,1,,2022,2022,2022.0,0,2020,2020,2000,4e7f220f1029c9e1,M,11.5,0
11.25,11.38,11.385,0.1236,0.0109,11.5,0.25,11.2875,11.4775,11.235,11.3738,11.3875,0.1171,0.0103,11.485,0.25,11.2988,11.4625,0.1912,0.0737,0.1625,0.05,0.25,0.0461,4,4,2,1.0,18.0,18.0,3.6894,1,3,0.75,0.16,0.0,0.125,0.35,0.3,-0.4,,,1,1,,2023,2024,2023.25,1,2020,2020,2005,5a029aedcfaa06da,M,11.25,0
13.45,13.5567,13.55,0.1102,0.0081,13.67,0.22,13.5,13.61,13.45,13.5407,13.502,0.115,0.0085,13.67,0.22,13.476,13.586,-0.0373,0.0898,-0.2162,0.0,0.1,0.0,3,2,1,0.0,18.0,18.0,11.1811,1,1,0.3333,-0.17,0.6667,0.8,0.0,0.8,0.0,,,1,1,,2022,2022,2022.0,0,2020,2020,2000,62e2d33423153b6a,F,13.45,0
12.95,13.1767,13.07,0.2948,0.0224,13.51,0.56,13.01,13.29,12.865,13.155,13.055,0.3509,0.0267,13.545,0.68,12.96,13.3,0.3737,0.0471,0.4498,0.0,0.56,0.0,3,3,2,2.0,15.0,15.0,1.9532,1,1,0.3333,0.16,0.0,0.4333,1.2055,1.0,-0.7,,,1,1,,2023,2024,2023.3333,1,2020,2020,2005,920f7e02e680b9ff,M,12.95,0
12.43,12.6217,12.645,0.1003,0.0079,12.72,0.29,12.6225,12.6675,12.418,12.6277,12.653,0.1609,0.0127,12.87,0.452,12.5215,12.684,0.0102,0.092,0.0937,0.23,0.24,0.2387,6,5,2,1.0,18.0,19.0,6.2259,1,3,0.5,0.1233,0.0,-0.1,1.5987,1.0,-1.2,,,1,1,,2022,2023,2022.6667,1,2020,2020,2000,c34ceecccd2c9a37,F,12.43,0
11.71,11.9625,11.92,0.2711,0.0227,12.3,0.59,11.7625,12.12,11.705,11.9662,11.945,0.2551,0.0213,12.27,0.565,11.7875,12.1238,-0.4509,0.0954,-0.4167,0.59,0.07,0.5071,4,4,2,1.0,16.0,17.0,3.4376,0,0,0.0,0.0,0.0,-0.075,0.556,0.35,-0.5,,,1,1,,2023,2024,2023.5,1,2020,2020,2005,8ed9643e2727c4b8,M,11.71,0
11.3,11.4,11.42,0.0917,0.008,11.48,0.18,11.36,11.45,11.265,11.3883,11.41,0.1141,0.01,11.49,0.225,11.3375,11.45,0.0658,0.0609,0.0847,0.12,0.18,0.0773,3,3,2,2.0,18.0,18.0,1.9325,0,0,0.0,0.0,0.0,0.2333,0.4509,0.45,-0.2,177.0,65.0,0,0,20.7476,2024,2025,2024.3333,1,2020,2020,2005,32f69b4ddcd52364,M,11.3,1
10.93,11.1575,11.195,0.1825,0.0164,11.31,0.38,11.05,11.3025,10.92,11.1362,11.155,0.1899,0.0171,11.315,0.395,11.0062,11.285,-0.171,0.0421,-0.1793,0.38,0.0,0.1969,4,4,2,2.0,17.0,19.0,2.0723,1,1,0.25,-0.2033,0.0,0.425,0.5123,0.6,-0.1,,,1,1,,2023,2025,2024.0,2,2020,2020,2005,3338ea8ab1bf2fa8,M,10.93,0
11.74,11.84,11.815,0.1098,0.0093,11.99,0.25,11.77,11.885,11.72,11.8238,11.7925,0.12,0.0101,11.99,0.27,11.7462,11.87,-0.0456,0.0866,-0.0521,0.25,0.04,0.1149,4,4,2,2.0,16.0,16.0,1.8377,1,1,0.25,0.08,0.0,0.325,0.2217,0.4333,0.0,,,1,1,,2023,2025,2023.5,2,2020,2020,2005,01627a15c6bfb6be,M,11.74,0
11.92,12.1933,12.21,0.2654,0.0218,12.45,0.53,12.065,12.33,11.905,12.1983,12.28,0.2622,0.0215,12.41,0.505,12.0925,12.345,0.3762,0.0613,0.3391,0.0,0.53,0.0,3,3,2,1.0,17.0,17.0,2.2781,0,0,0.0,0.0,0.0,-0.1,1.1533,0.55,-1.4,170.0,55.0,0,0,19.0311,2019,2020,2019.3333,1,2010,2010,2000,75af40fd5839d660,M,11.92,1
11.59,11.61,11.61,0.0283,0.0024,11.63,0.04,11.6,11.62,11.58,11.61,11.61,0.0424,0.0037,11.64,0.06,11.595,11.625,,,,0.04,0.0,2.922,2,2,1,0.0,19.0,19.0,146.1,1,1,0.5,-0.04,0.0,0.0,0.2828,0.2,-0.2,,,1,1,,2023,2023,2023.0,0,2020,2020,2005,8c17f63eeb3177d5,M,11.59,0
11.65,11.7725,11.78,0.0974,0.0083,11.88,0.23,11.725,11.8275,11.63,11.7938,11.8075,0.1249,0.0106,11.93,0.3,11.7462,11.855,-0.1333,0.0477,-0.1753,0.16,0.0,0.1391,4,4,2,1.0,17.0,18.0,3.4786,0,0,0.0,0.0,0.0,-0.425,1.493,0.7,-1.55,,,1,1,,2020,2021,2020.5,1,2020,2020,2000,42175675279c7b11,M,11.65,0
12.74,12.808,12.81,0.063,0.0049,12.88,0.14,12.75,12.86,12.752,12.8116,12.792,0.0556,0.0043,12.88,0.128,12.774,12.86,-0.0162,0.0561,-0.0713,0.12,0.07,0.1214,5,5,2,1.0,18.0,18.0,5.0589,1,3,0.6,0.045,0.0,-0.06,0.4669,0.6,-0.45,,,1,1,,2024,2025,2024.2,1,2020,2020,2005,0ed78a3bcbc2292d,F,12.74,0
12.95,13.1333,13.12,0.1904,0.0145,13.33,0.38,13.035,13.225,12.86,13.0993,13.138,0.2225,0.017,13.3,0.44,12.999,13.219,-0.2209,0.1027,-0.2047,0.38,0.17,0.3044,3,3,2,1.0,17.0,18.0,2.403,0,0,0.0,0.0,0.0,0.5667,0.9018,1.0,-0.3,168.0,52.0,0,0,18.424,2023,2024,2023.6667,1,2020,2020,2005,caee63fb027910b0,F,12.95,1
11.73,11.805,11.805,0.1061,0.009,11.88,0.15,11.7675,11.8425,11.72,11.8275,11.8275,0.152,0.0129,11.935,0.215,11.7738,11.8813,,,,0.0,0.15,0.0,2,2,1,0.0,18.0,18.0,15.5426,0,0,0.0,0.0,0.0,-0.45,0.9192,0.2,-1.1,,,1,1,,2023,2023,2023.0,0,2020,2020,2005,410b71af0667b7dc,M,11.73,0
12.04,12.232,12.2,0.1628,0.0133,12.46,0.42,12.14,12.32,12.04,12.22,12.175,0.1486,0.0122,12.42,0.38,12.15,12.315,0.0485,0.1484,0.0818,0.42,0.28,0.2804,5,5,2,1.0,17.0,18.0,3.3387,1,2,0.4,0.1033,0.0,0.24,0.4037,0.4667,-0.2,,,1,1,,2023,2024,2023.2,1,2020,2020,2005,354543c2a41eea50,M,12.04,0
11.41,11.565,11.525,0.1662,0.0144,11.8,0.39,11.485,11.605,11.425,11.5538,11.495,0.1699,0.0147,11.8,0.375,11.4512,11.5975,-0.2015,0.0917,-0.1334,0.39,0.0,0.2761,4,4,2,1.0,17.0,18.0,2.8314,1,1,0.25,0.2067,0.25,0.3,1.7578,2.3,-0.7,,,1,1,,2023,2024,2023.25,1,2020,2020,2005,bf91052526c07d05,M,11.41,0
12.98,13.28,13.325,0.2232,0.0168,13.49,0.51,13.1825,13.4225,12.908,13.2605,13.325,0.2467,0.0186,13.484,0.576,13.2185,13.367,-0.1689,0.1043,-0.1442,0.51,0.27,0.2602,4,4,2,2.0,15.0,17.0,2.0405,1,1,0.25,-0.16,0.0,0.325,1.2121,0.8667,-1.3,,,1,1,,2022,2024,2023.0,2,2020,2020,2005,aad3cd686f6e8f18,F,12.98,0
11.35,11.4733,11.5,0.1124,0.0098,11.57,0.22,11.425,11.535,11.335,11.4583,11.495,0.1097,0.0096,11.545,0.21,11.415,11.52,0.256,0.0514,0.2342,0.0,0.22,0.0,3,3,2,1.0,18.0,18.0,4.4543,1,1,0.3333,0.185,0.0,0.3,0.2,0.3,0.0,,,1,1,,2023,2024,2023.3333,1,2020,2020,2005,99eefcdee0681a62,M,11.35,0
11.71,11.8333,11.75,0.1801,0.0152,12.04,0.33,11.73,11.895,11.705,11.8383,11.75,0.1933,0.0163,12.06,0.355,11.7275,11.905,0.3432,0.0194,0.3681,0.04,0.33,0.0439,3,3,2,1.0,18.0,18.0,3.2905,0,0,0.0,0.0,0.3333,-0.15,0.3536,0.1,-0.4,,,1,1,,2022,2023,2022.3333,1,2020,2020,2005,444279b2de4e8300,M,11.71,0
10.92,11.368,11.52,0.3793,0.0334,11.82,0.9,11.03,11.55,10.88,11.379,11.52,0.3723,0.0327,11.815,0.935,11.125,11.555,-0.5002,0.0922,-0.4803,0.63,0.11,0.4442,5,3,3,1.0,15.0,16.0,3.5256,1,2,0.4,0.2217,0.2,-0.275,1.15,0.45,-1.0,,,1,1,,2023,2025,2024.0,2,2020,2020,2005,5c6334717d442df5,M,10.92,0
11.01,11.108,11.11,0.065,0.0058,11.19,0.18,11.1,11.13,11.07,11.127,11.115,0.0456,0.0041,11.185,0.115,11.105,11.16,-0.0847,0.0461,-0.0339,0.12,0.09,0.116,5,3,2,1.0,18.0,18.0,4.8313,1,2,0.4,-0.02,0.0,-0.38,0.719,0.3,-0.8333,,,1,1,,2021,2022,2021.6,1,2020,2020,2000,0bac4c7ea202ddb1,M,11.01,0
12.24,12.4725,12.46,0.2109,0.0169,12.73,0.49,12.345,12.5875,12.2316,12.4548,12.4498,0.197,0.0158,12.688,0.4564,12.3366,12.568,0.3796,0.0855,0.3465,0.0,0.49,0.0,4,3,2,1.0,18.0,18.0,3.9064,1,1,0.25,0.31,0.0,0.295,0.2715,0.295,0.0,,,1,1,,2022,2023,2022.25,1,2020,2020,2000,0c2719df5614cdca,F,12.24,0
11.48,11.6233,11.59,0.1626,0.014,11.8,0.32,11.535,11.695,11.495,11.6467,11.57,0.2013,0.0173,11.875,0.38,11.5325,11.7225,-0.8216,0.064,-0.9165,0.32,0.0,0.974,3,3,1,0.0,18.0,18.0,9.1312,1,2,0.6667,-0.215,0.0,-0.4667,0.9609,0.4,-0.9,,,1,1,,2023,2023,2023.0,0,2020,2020,2005,7f4112dd48761b6e,M,11.48,0
10.96,11.5433,11.345,0.7351,0.0637,12.97,2.01,11.1175,11.535,10.965,11.5525,11.415,0.7251,0.0628,12.945,1.98,11.0925,11.5462,1.146,0.3935,1.1108,0.59,2.01,0.4176,6,5,2,1.0,17.0,17.0,4.2471,1,2,0.3333,0.2975,0.1667,-0.22,1.2377,0.9,-0.9667,,,1,1,,2023,2024,2023.1667,1,2020,2020,2005,7e4ebf0143f31e7b,M,10.96,0
11.27,11.34,11.315,0.0763,0.0067,11.49,0.22,11.28,11.3775,11.28,11.3688,11.3425,0.0761,0.0067,11.49,0.21,11.3225,11.4162,-0.0171,0.0713,0.04,0.13,0.0,0.0817,8,8,2,2.0,18.0,19.0,5.0293,1,2,0.25,0.0333,0.5,-1.15,0.8347,0.0,-1.5333,,,1,1,,2023,2024,2023.5,1,2020,2020,2005,5974b3b0ad6268f0,M,11.27,0
11.23,11.4275,11.365,0.2401,0.021,11.75,0.52,11.2525,11.54,11.16,11.3925,11.33,0.262,0.023,11.75,0.59,11.22,11.5025,-0.2607,0.1659,-0.3421,0.52,0.0,0.423,4,4,2,1.0,18.0,19.0,3.2539,0,0,0.0,0.0,0.25,0.9333,1.1015,1.5,-0.2,,,1,1,,2023,2024,2023.25,1,2020,2020,2005,cb98a7ae6d80f30e,M,11.23,0
13.19,13.79,13.45,0.8823,0.064,15.07,1.88,13.2125,14.0275,13.016,13.721,13.384,0.9489,0.0692,15.1,2.084,13.1465,13.9585,-1.2719,0.4916,-1.3436,0.49,0.03,0.5327,4,2,2,1.0,17.0,18.0,4.3482,1,2,0.5,-0.68,0.0,1.15,1.4731,1.7,-0.5,,,1,1,,2020,2021,2020.5,1,2020,2020,2000,2d7868f0110f0fd6,F,13.19,0
13.22,13.64,13.63,0.328,0.024,14.09,0.87,13.47,13.79,13.142,13.64,13.6,0.3995,0.0293,14.21,1.068,13.446,13.802,0.1053,0.2697,0.1139,0.0,0.41,0.0,5,3,3,3.0,15.0,15.0,1.6709,1,2,0.4,-0.025,0.0,0.0,1.239,0.7333,-1.1,,,1,1,,2019,2022,2020.0,3,2010,2010,2005,bc292339b8424e0d,F,13.22,0
11.13,11.4925,11.55,0.2598,0.0226,11.74,0.61,11.415,11.6275,11.0,11.4662,11.5275,0.3383,0.0295,11.81,0.81,11.3862,11.6075,0.2222,0.2005,0.3433,0.46,0.38,0.4286,4,4,2,1.0,17.0,17.0,3.727,1,4,1.0,0.0,0.0,0.525,1.6958,1.8,-0.75,,,1,1,,2023,2024,2023.5,1,2020,2020,2005,86a7a610b39f8139,M,11.13,0
11.49,11.8075,11.815,0.3129,0.0265,12.11,0.62,11.565,12.0575,11.48,11.8125,11.8275,0.317,0.0268,12.115,0.635,11.5738,12.0662,-0.3936,0.1083,-0.3906,0.62,0.1,0.4241,4,4,3,1.0,18.0,19.0,2.736,1,1,0.25,-0.4033,0.0,-0.1,0.216,0.2,-0.2,,,1,1,,2023,2025,2023.75,2,2020,2020,2005,b5e8b686f51f06ac,M,11.49,0
13.24,13.4871,13.58,0.1709,0.0127,13.65,0.41,13.36,13.61,13.204,13.4974,13.58,0.1812,0.0134,13.662,0.458,13.423,13.595,-0.163,0.0841,-0.1521,0.38,0.21,0.1866,7,6,3,2.0,15.0,17.0,3.4365,1,2,0.2857,0.0375,0.4286,-0.3,1.2517,0.55,-1.15,,,1,1,,2023,2025,2024.1429,2,2020,2020,2005,559e32b89399b568,F,13.24,0
13.11,13.2467,13.25,0.135,0.0102,13.38,0.27,13.18,13.315,13.122,13.2427,13.22,0.1335,0.0101,13.386,0.264,13.171,13.303,0.1115,0.0572,0.1199,0.0,0.27,0.0,3,2,2,2.0,15.0,15.0,1.6729,0,0,0.0,0.0,0.0,0.0667,0.3786,0.5,-0.15,,,1,1,,2023,2025,2023.6667,2,2020,2020,2005,297f8eda77fba2ff,F,13.11,0
12.59,12.7833,12.65,0.2845,0.0223,13.11,0.52,12.62,12.88,12.632,12.8313,12.656,0.3247,0.0253,13.206,0.574,12.644,12.931,0.2406,0.0245,0.2759,0.0,0.52,0.0,3,2,2,2.0,17.0,17.0,1.4728,1,1,0.3333,0.2,0.0,-0.8,0.9849,0.3,-1.35,,,1,1,,2019,2021,2019.6667,2,2010,2010,2000,6c110966078fba3e,F,12.59,0
12.71,12.8825,12.815,0.2109,0.0164,13.19,0.48,12.785,12.9125,12.71,12.881,12.812,0.2116,0.0164,13.19,0.48,12.7805,12.9125,-0.3334,0.121,-0.3321,0.48,0.0,0.4394,4,3,2,1.0,17.0,18.0,3.6617,1,2,0.5,0.235,0.5,0.05,0.0707,0.1,0.0,,,1,1,,2022,2023,2022.25,1,2020,2020,2005,be993355671fa865,F,12.71,0
11.23,11.5867,11.6,0.3502,0.0302,11.93,0.7,11.415,11.765,11.23,11.5867,11.59,0.355,0.0306,11.94,0.71,11.41,11.765,-0.237,0.0767,-0.2385,0.7,0.0,0.2577,3,3,2,3.0,16.0,19.0,1.1046,0,0,0.0,0.0,0.0,0.0,0.2,0.2,-0.2,,,1,1,,2023,2025,2023.6667,2,2020,2020,2005,35b940642f393188,M,11.23,0
12.21,12.38,12.31,0.1746,0.0141,12.65,0.44,12.245,12.5,12.16,12.3663,12.27,0.1987,0.0161,12.654,0.494,12.224,12.516,-0.0558,0.1584,0.0028,0.1,0.22,0.0544,7,5,3,2.0,16.0,16.0,3.8047,1,3,0.4286,0.2333,0.0,0.2286,1.1828,1.1,-0.5667,,,1,1,,2023,2025,2023.8571,2,2020,2020,2005,9d5ad9746833d504,F,12.21,0
13.46,13.6475,13.6,0.2076,0.0152,13.93,0.47,13.5125,13.735,13.43,13.6655,13.585,0.275,0.0201,14.062,0.632,13.5275,13.723,0.1083,0.1485,0.1803,0.0,0.47,0.0,4,3,2,2.0,15.0,15.0,1.9637,1,1,0.25,0.165,0.0,-0.3,1.4119,0.75,-1.35,,,1,1,,2023,2025,2024.0,2,2020,2020,2005,ac7274ec0397fbce,F,13.46,0
12.7,13.2233,13.115,0.5103,0.0386,13.87,1.17,12.8125,13.65,12.7,13.2243,13.129,0.4657,0.0352,13.792,1.092,12.884,13.6275,-0.572,0.2238,-0.517,0.68,0.1,0.3936,6,4,3,2.0,18.0,19.0,3.4731,1,4,0.6667,-0.005,0.0,-0.0167,0.9745,0.6667,-1.05,,,1,1,,2022,2024,2022.8333,2,2020,2020,2005,bc6d12796cb5797d,F,12.7,0
11.87,12.62,11.92,1.4336,0.1136,14.77,2.9,11.8925,12.6475,11.85,12.6288,11.9575,1.4151,0.1121,14.75,2.9,11.925,12.6612,3.0704,0.9484,3.2402,0.0,2.9,0.0,4,4,2,1.0,17.0,17.0,4.9525,1,3,0.75,2.8667,0.0,-0.175,0.6946,0.4,-0.75,,,1,1,,2023,2024,2023.5,1,2020,2020,2005,be99464dba69c49f,M,11.87,0
12.21,12.38,12.31,0.1746,0.0141,12.65,0.44,12.245,12.5,12.16,12.3663,12.27,0.1987,0.0161,12.654,0.494,12.224,12.516,-0.0558,0.1584,0.0028,0.1,0.22,0.0544,7,5,3,2.0,16.0,16.0,3.8047,1,3,0.4286,0.2333,0.0,0.2286,1.1828,1.1,-0.5667,,,1,1,,2023,2025,2023.8571,2,2020,2020,2005,2e45a538e0a54678,F,12.21,0
11.16,11.4667,11.42,0.2988,0.0261,12.13,0.97,11.25,11.5,11.16,11.4683,11.44,0.2974,0.0259,12.115,0.955,11.225,11.525,-0.3211,0.1874,-0.3331,0.34,0.03,0.2388,9,6,3,1.0,17.0,19.0,6.3216,1,3,0.3333,0.02,0.2222,-0.0429,0.4036,0.4,-0.55,,,1,1,,2022,2024,2022.8889,2,2020,2020,2005,4923936e7d4c2d3c,M,11.16,0
11.63,11.908,11.95,0.2136,0.0179,12.18,0.55,11.77,12.01,11.63,11.893,11.95,0.196,0.0165,12.135,0.505,11.77,11.98,-0.2533,0.0505,-0.2332,0.55,0.0,0.2707,5,5,3,2.0,17.0,19.0,2.4613,1,2,0.4,0.3467,0.4,0.5,0.4583,0.75,0.0,,,1,1,,2023,2025,2023.6,2,2020,2020,2005,6c942adafdb4479c,M,11.63,0
11.16,11.4667,11.42,0.2988,0.0261,12.13,0.97,11.25,11.5,11.16,11.4683,11.44,0.2974,0.0259,12.115,0.955,11.225,11.525,-0.3211,0.1874,-0.3331,0.34,0.03,0.2388,9,6,3,1.0,17.0,19.0,6.3216,1,3,0.3333,0.02,0.2222,-0.0429,0.4036,0.4,-0.55,,,1,1,,2022,2024,2022.8889,2,2020,2020,2005,1a1a3a744efb9c57,M,11.16,0
11.55,11.605,11.605,0.0778,0.0067,11.66,0.11,11.5775,11.6325,11.57,11.6075,11.6075,0.053,0.0046,11.645,0.075,11.5888,11.6262,,,,0.0,0.11,0.0,2,1,1,0.0,20.0,20.0,2.0,1,1,0.5,0.11,0.0,-0.05,0.495,0.3,-0.4,,,1,1,,2024,2024,2024.0,0,2020,2020,2005,10ae50f242857198,M,11.13,0
11.57,11.685,11.685,0.1626,0.0139,11.8,0.23,11.6275,11.7425,11.59,11.7075,11.7075,0.1662,0.0142,11.825,0.235,11.6488,11.7663,,,,0.23,0.0,6.4621,2,2,1,0.0,17.0,17.0,56.1923,1,1,0.5,-0.23,0.0,-0.45,0.0707,0.0,-0.45,,,1,1,,2024,2024,2024.0,0,2020,2020,2005,9a95b64a028d39d6,M,11.57,0
12.74,12.9825,12.925,0.2593,0.02,13.34,0.6,12.83,13.0775,12.74,12.9825,12.925,0.2593,0.02,13.34,0.6,12.83,13.0775,-0.0754,0.215,-0.0754,0.25,0.12,0.1069,4,3,3,2.0,16.0,18.0,1.7108,1,1,0.25,0.3233,0.75,0.0,0.0,0.0,0.0,,,1,1,,2020,2023,2022.0,3,2020,2020,2005,fe4fa8ddd4d7f43b,F,12.74,0
11.96,12.015,12.015,0.0778,0.0065,12.07,0.11,11.9875,12.0425,11.91,11.9925,11.9925,0.1167,0.0097,12.075,0.165,11.9512,12.0338,,,,0.0,0.11,0.0,2,2,1,0.0,18.0,18.0,24.35,1,2,1.0,0.0,0.0,0.45,0.7778,1.0,-0.1,,,1,1,,2023,2023,2023.0,0,2020,2020,2005,b6551a1bd945ff2f,M,11.96,0
11.0,11.5312,11.48,0.314,0.0272,11.96,0.96,11.2975,11.865,11.0,11.5197,11.4675,0.2993,0.026,11.94,0.94,11.3375,11.815,-0.2599,0.1552,-0.238,0.78,0.0,0.2604,16,8,4,3.0,13.0,16.0,5.3419,1,5,0.3125,-0.0369,0.0625,0.2467,1.098,1.0286,-0.7,,,1,1,,2022,2025,2023.1875,3,2020,2020,2005,6d4718a0ec3c6a53,M,11.0,0
12.48,12.8267,12.75,0.3819,0.0298,13.53,1.05,12.5825,12.88,12.48,12.8177,12.735,0.394,0.0307,13.542,1.062,12.5465,12.8815,-0.2444,0.2485,-0.2479,0.4,0.14,0.2139,6,6,3,2.0,18.0,19.0,3.2086,1,2,0.3333,-0.5675,0.0,0.15,0.3271,0.4,-0.15,,,1,1,,2023,2025,2023.8333,2,2020,2020,2005,de1906d8a2705669,F,12.48,0
11.25,11.4,11.44,0.1279,0.0112,11.53,0.28,11.28,11.5,11.25,11.403,11.415,0.1183,0.0104,11.53,0.28,11.32,11.5,-0.0751,0.1045,-0.0585,0.28,0.25,0.1716,5,5,3,2.0,17.0,18.0,3.0642,1,1,0.2,0.1875,0.6,-0.15,0.9192,0.5,-0.8,,,1,1,,2022,2024,2022.8,2,2020,2020,2005,8dc169fa906abd7c,M,11.25,0
13.02,13.2114,13.11,0.2664,0.0202,13.77,0.75,13.04,13.25,13.048,13.2346,13.158,0.2532,0.0191,13.77,0.722,13.08,13.253,-0.308,0.2507,-0.1163,0.09,0.01,0.1231,7,6,2,1.0,17.0,18.0,9.5758,1,3,0.4286,0.2592,0.4286,-0.675,1.0966,0.1,-0.9333,,,1,1,,2023,2024,2023.5714,1,2020,2020,2005,0c8360532dc665e8,F,13.02,0
11.54,11.6933,11.7,0.1501,0.0128,11.84,0.3,11.62,11.77,11.525,11.6867,11.7,0.1554,0.0133,11.835,0.31,11.6125,11.7675,-0.5824,0.052,-0.5925,0.3,0.0,0.6979,3,3,1,0.0,16.0,17.0,6.9793,0,0,0.0,0.0,0.0,0.1333,0.1528,0.2,0.0,178.0,62.0,0,0,19.5682,2024,2024,2024.0,0,2020,2020,2005,88a0743827596361,M,11.54,1
11.02,11.255,11.3,0.1686,0.015,11.4,0.38,11.1925,11.3625,11.035,11.245,11.29,0.1553,0.0138,11.365,0.33,11.1738,11.3613,-0.4259,0.0346,-0.3649,0.38,0.0,0.4244,4,4,2,1.0,17.0,18.0,4.4679,0,0,0.0,0.0,0.0,0.2,0.5831,0.7,-0.3,,60.0,1,0,,2024,2025,2024.25,1,2020,2020,2005,84fbae39fd5d7562,M,11.02,0
11.39,11.405,11.405,0.0212,0.0019,11.42,0.03,11.3975,11.4125,11.405,11.4225,11.4225,0.0247,0.0022,11.44,0.035,11.4138,11.4312,,,,0.0,0.03,0.0,2,2,1,0.0,19.0,19.0,146.1,1,1,0.5,0.03,0.0,-0.35,0.9192,0.3,-1.0,,,1,1,,2023,2023,2023.0,0,2020,2020,2005,5105781c374a878d,M,11.39,0
11.86,12.1967,12.24,0.3172,0.026,12.49,0.63,12.05,12.365,11.86,12.2083,12.25,0.3295,0.027,12.515,0.655,12.055,12.3825,-0.4017,0.1374,-0.4149,0.38,0.0,0.3044,3,3,2,1.0,16.0,17.0,2.403,0,0,0.0,0.0,0.0,-0.2333,0.2517,0.0,-0.35,,,1,1,,2023,2024,2023.3333,1,2020,2020,2005,2151544dc2061082,M,11.86,0
11.46,11.7675,11.82,0.217,0.0184,11.97,0.51,11.7225,11.865,11.375,11.7588,11.8225,0.2716,0.0231,12.015,0.64,11.7012,11.88,-0.278,0.1326,-0.3229,0.51,0.0,0.5292,4,4,2,1.0,18.0,19.0,4.1506,1,2,0.5,-0.245,0.0,0.175,1.1529,1.05,-0.7,,,1,1,,2023,2024,2023.5,1,2020,2020,2005,ca186555e9cdffe5,M,11.46,0
13.12,13.125,13.125,0.0071,0.0005,13.13,0.01,13.1225,13.1275,13.102,13.116,13.116,0.0198,0.0015,13.13,0.028,13.109,13.123,,,,0.01,0.0,3.6525,2,2,1,0.0,20.0,20.0,730.5,1,1,0.5,0.01,0.0,0.15,0.2121,0.3,0.0,,,1,1,,2024,2024,2024.0,0,2020,2020,2000,0b524905043e02ee,F,13.09,0
13.02,13.145,13.145,0.1768,0.0134,13.27,0.25,13.0825,13.2075,13.002,13.157,13.157,0.2192,0.0167,13.312,0.31,13.0795,13.2345,,,,0.0,0.25,0.0,2,1,1,0.0,18.0,18.0,2.0,1,1,0.5,0.25,0.0,-0.2,0.7071,0.3,-0.7,165.0,50.0,0,0,18.3655,2020,2020,2020.0,0,2020,2020,2000,10d740473fb953c7,F,12.76,1
11.0,11.15,11.19,0.1345,0.0121,11.26,0.26,11.095,11.225,10.985,11.135,11.16,0.1392,0.0125,11.26,0.275,11.0725,11.21,-0.1899,0.1082,-0.3134,0.26,0.19,1.0791,3,3,1,0.0,20.0,20.0,12.4517,0,0,0.0,0.0,0.3333,0.45,0.2121,0.45,0.0,,,1,1,,2024,2024,2024.0,0,2020,2020,2000,562549867fa149d8,M,10.97,0
11.79,11.955,11.955,0.2333,0.0195,12.12,0.33,11.8725,12.0375,11.88,12.0225,12.0225,0.2015,0.0168,12.165,0.285,11.9512,12.0938,,,,0.33,0.0,1.7468,2,2,1,0.0,18.0,18.0,10.587,0,0,0.0,0.0,0.0,-1.35,0.6364,0.0,-1.35,,,1,1,,2024,2024,2024.0,0,2020,2020,2005,d44fdc80afed7b5b,M,11.79,0
11.08,11.1367,11.12,0.0666,0.006,11.21,0.13,11.1,11.165,11.01,11.1183,11.135,0.101,0.0091,11.21,0.2,11.0725,11.1725,0.0651,0.0163,0.0814,0.0,0.13,0.0,3,2,2,2.0,17.0,17.0,1.7759,1,2,0.6667,-0.085,0.3333,0.55,1.2021,1.4,-0.3,,,1,1,,2020,2022,2020.6667,2,2020,2020,2000,6f59c92b7a132c69,M,11.08,0
11.83,11.8975,11.915,0.0472,0.004,11.93,0.1,11.8825,11.93,11.83,11.9,11.9075,0.0601,0.0051,11.955,0.125,11.86,11.9475,-0.0319,0.0376,-0.0875,0.1,0.07,0.1006,4,4,2,1.0,18.0,18.0,4.0248,1,2,0.5,0.035,0.25,-0.0667,0.5859,0.6,-0.4,,,1,1,,2023,2024,2023.5,1,2020,2020,2005,09dc9831e43aab47,M,11.83,0
11.49,11.5775,11.56,0.0939,0.0081,11.7,0.21,11.5125,11.625,11.5,11.555,11.5475,0.0564,0.0049,11.625,0.125,11.515,11.5875,-0.0495,0.0794,-0.0205,0.21,0.11,0.26,4,4,2,1.0,17.0,17.0,4.9525,1,3,0.75,0.03,0.0,0.45,0.7594,1.0,-0.2,,,1,1,,2023,2024,2023.5,1,2020,2020,2005,ffe4945497648377,M,11.49,0
13.18,13.2733,13.2,0.1447,0.0109,13.44,0.26,13.19,13.32,13.246,13.3593,13.266,0.1793,0.0134,13.566,0.32,13.256,13.416,0.7573,0.0422,0.943,0.02,0.26,0.0575,3,3,1,0.0,17.0,17.0,8.628,1,1,0.3333,0.11,0.0,-1.4333,0.5774,0.0,-1.4333,,,1,1,,2025,2025,2025.0,0,2020,2020,2005,dc3bca6fbb38e47e,F,13.18,0
11.07,11.13,11.13,0.0849,0.0076,11.19,0.12,11.1,11.16,11.1,11.1525,11.1525,0.0742,0.0067,11.205,0.105,11.1262,11.1788,,,,0.12,0.0,1.7532,2,2,1,0.0,18.0,18.0,29.22,0,0,0.0,0.0,0.0,-0.45,0.2121,0.0,-0.45,,,1,1,,2024,2024,2024.0,0,2020,2020,2005,f8cccad4b12d12c9,M,11.07,0
11.64,11.7967,11.72,0.206,0.0175,12.03,0.39,11.68,11.875,11.64,11.8117,11.75,0.2094,0.0177,12.045,0.405,11.695,11.8975,-0.3321,0.0879,-0.3513,0.39,0.0,0.3778,3,3,2,1.0,15.0,16.0,2.9065,0,0,0.0,0.0,0.3333,-0.45,0.2121,0.0,-0.45,,,1,1,,2024,2025,2024.3333,1,2020,2020,2005,cb158df9145b03ed,M,11.64,0
11.01,11.2625,11.205,0.2729,0.0242,11.63,0.62,11.085,11.3825,10.93,11.2538,11.2275,0.303,0.0269,11.63,0.7,11.065,11.4163,0.9593,0.1234,0.9603,0.1,0.62,0.1845,4,4,2,1.0,17.0,17.0,7.3788,1,2,0.5,0.115,0.5,0.35,1.7678,1.6,-0.9,,,1,1,,2023,2024,2023.25,1,2020,2020,2005,32fcedd5d4e797f5,M,11.01,0
12.61,12.824,12.82,0.1431,0.0112,12.99,0.38,12.79,12.91,12.598,12.8144,12.814,0.1475,0.0115,12.966,0.368,12.76,12.934,0.0334,0.1244,0.0508,0.18,0.3,0.0802,5,3,3,2.0,17.0,18.0,2.2271,1,2,0.4,0.1817,0.0,0.16,0.3507,0.3,-0.4,166.0,52.0,0,0,18.8707,2019,2021,2020.2,2,2010,2020,2000,76b61a72aacf9f13,F,12.61,1
11.81,12.04,11.975,0.2692,0.0224,12.4,0.59,11.8475,12.1675,11.795,12.0625,12.0275,0.2582,0.0214,12.4,0.605,11.9112,12.1788,-0.2951,0.1898,-0.2856,0.59,0.28,0.4595,4,4,2,1.0,17.0,18.0,3.1151,0,0,0.0,0.0,0.25,-0.6,1.0817,0.3,-1.05,,,1,1,,2022,2023,2022.75,1,2020,2020,2005,c779085e176f9852,M,11.81,0
11.34,11.555,11.565,0.1746,0.0151,11.9,0.56,11.435,11.6125,11.3,11.5281,11.5175,0.1626,0.0141,11.835,0.535,11.4375,11.5938,-0.1409,0.1124,-0.1386,0.56,0.19,0.2104,8,8,3,3.0,16.0,18.0,3.0062,1,2,0.25,0.0667,0.125,0.6143,0.564,0.9,-0.2,,,1,1,,2023,2025,2024.0,2,2020,2020,2005,70bd78ca86c716bb,M,11.34,0
12.88,12.9067,12.89,0.0379,0.0029,12.95,0.07,12.885,12.92,12.806,12.8607,12.88,0.048,0.0037,12.896,0.09,12.843,12.888,-0.044,0.0201,0.0109,0.07,0.0,0.0563,3,3,2,1.0,18.0,19.0,2.4135,1,2,0.6667,-0.04,0.0,0.7667,0.7095,1.15,0.0,,,1,1,,2022,2023,2022.3333,1,2020,2020,2000,14ff1c90a45b59ae,F,12.88,0
12.86,12.935,12.925,0.0733,0.0057,13.03,0.17,12.89,12.97,12.864,12.944,12.935,0.0744,0.0057,13.042,0.178,12.906,12.973,-0.0334,0.0559,-0.01,0.04,0.09,0.0223,4,3,2,2.0,15.0,17.0,2.2271,1,1,0.25,-0.07,0.0,-0.15,0.6608,0.6,-0.6,,,1,1,,2023,2025,2024.0,2,2020,2020,2005,141a08a6ced55b64,F,12.86,0
11.13,11.2763,11.235,0.1654,0.0147,11.65,0.52,11.175,11.3,11.15,11.2806,11.245,0.1588,0.0141,11.635,0.485,11.1738,11.3112,0.0736,0.1402,0.0945,0.16,0.52,0.1107,8,7,2,1.0,17.0,18.0,5.5341,1,3,0.375,-0.1127,0.0,-0.0875,0.5194,0.325,-0.6667,,,1,1,,2022,2023,2022.375,1,2020,2020,2005,c53fb4c69e9e129d,M,10.85,0
11.14,11.27,11.27,0.1838,0.0163,11.4,0.26,11.205,11.335,11.14,11.28,11.28,0.198,0.0176,11.42,0.28,11.21,11.35,,,,0.0,0.26,0.0,2,2,1,0.0,16.0,16.0,45.6562,1,1,0.5,0.26,0.5,-0.4,0.0,0.0,-0.4,,,1,1,,2024,2024,2024.0,0,2020,2020,2005,237ab843699bf3de,M,11.14,0
12.75,12.9333,12.9,0.2021,0.0156,13.15,0.4,12.825,13.025,12.732,12.8953,12.906,0.1583,0.0123,13.048,0.316,12.819,12.977,0.1195,0.0612,0.0842,0.0,0.4,0.0,3,2,2,3.0,17.0,17.0,1.1035,1,1,0.3333,0.275,0.0,0.6333,0.9452,1.0,-0.1,,,1,1,,2020,2023,2021.0,3,2020,2020,2000,17f4b84a3121be64,F,12.75,0
12.43,12.68,12.69,0.1871,0.0148,12.98,0.55,12.5775,12.735,12.46,12.684,12.69,0.1802,0.0142,12.98,0.52,12.573,12.735,-0.1322,0.1549,-0.1243,0.29,0.12,0.1829,6,5,2,2.0,16.0,17.0,3.785,1,3,0.5,-0.2083,0.3333,-0.1,0.2708,0.1,-0.5,,,1,1,,2024,2025,2024.5,1,2020,2020,2005,a854483ee74c9580,F,12.43,0
11.59,11.79,11.72,0.2427,0.0206,12.06,0.47,11.655,11.89,11.475,11.7367,11.675,0.2973,0.0253,12.06,0.585,11.575,11.8675,-0.4068,0.0341,-0.4908,0.47,0.0,0.439,3,3,2,1.0,17.0,18.0,2.8024,1,1,0.3333,-0.405,0.3333,1.6,0.9899,1.6,0.0,,,1,1,,2022,2023,2022.6667,1,2020,2020,2005,b014dc2543939f32,M,11.59,0
11.34,11.422,11.39,0.0973,0.0085,11.59,0.25,11.38,11.41,11.285,11.3996,11.365,0.1152,0.0101,11.588,0.303,11.345,11.415,-0.1769,0.0446,-0.218,0.25,0.04,0.2029,5,4,2,1.0,17.0,18.0,4.0583,0,0,0.0,0.0,0.0,0.448,0.9378,0.8133,-0.1,,,1,1,,2022,2023,2022.8,1,2020,2020,2005,6f68406966dc96a6,M,11.34,0
11.44,11.7,11.63,0.3012,0.0257,12.03,0.59,11.535,11.83,11.43,11.6917,11.615,0.3073,0.0263,12.03,0.6,11.5225,11.8225,-0.3855,0.0355,-0.3941,0.59,0.0,0.4058,3,3,2,1.0,17.0,18.0,2.0636,1,3,1.0,0.0,0.0,0.1667,0.1528,0.25,0.0,,,1,1,,2023,2024,2023.6667,1,2020,2020,2005,fc0a2b8505311782,M,11.44,0
11.2,11.285,11.285,0.1202,0.0107,11.37,0.17,11.2425,11.3275,11.205,11.305,11.305,0.1414,0.0125,11.405,0.2,11.255,11.355,,,,0.0,0.17,0.0,2,2,1,0.0,18.0,18.0,146.1,1,1,0.5,0.17,0.0,-0.4,0.4243,0.0,-0.4,,,1,1,,2023,2023,2023.0,0,2020,2020,2005,c6724f7115e884ea,M,10.8,0
13.09,13.27,13.275,0.1479,0.0111,13.45,0.36,13.15,13.385,13.12,13.301,13.296,0.144,0.0108,13.476,0.356,13.1965,13.415,-0.3072,0.0078,-0.2902,0.36,0.0,0.3072,6,6,2,1.0,16.0,17.0,5.1203,1,2,0.3333,0.0825,0.5,-1.0333,0.3055,0.0,-1.0333,,,1,1,,2023,2024,2023.3333,1,2020,2020,2005,827a0b956d0e845e,F,13.09,0
11.01,13.6467,11.58,4.0832,0.2992,18.35,7.34,11.295,14.965,11.01,13.6,11.495,4.0732,0.2995,18.295,7.285,11.2525,14.895,1.3485,2.8502,1.368,0.57,7.34,0.1998,3,3,2,3.0,17.0,19.0,1.0516,1,1,0.3333,3.955,0.0,0.9333,0.8622,1.4,0.0,,,1,1,,2021,2024,2023.0,3,2020,2020,2005,cacb1f314e4b236a,M,10.99,0
11.32,11.3533,11.36,0.0306,0.0027,11.38,0.06,11.34,11.37,11.315,11.345,11.335,0.0361,0.0032,11.385,0.07,11.325,11.36,-0.1074,0.0082,-0.0967,0.04,0.0,0.0859,3,2,1,0.0,18.0,18.0,6.4456,0,0,0.0,0.0,0.0,0.1667,0.3055,0.3,-0.1,,,1,1,,2023,2023,2023.0,0,2020,2020,2005,40932be71590be51,M,11.32,0
12.89,13.2733,13.295,0.2267,0.0171,13.59,0.7,13.2375,13.3375,12.89,13.2673,13.271,0.2597,0.0196,13.692,0.802,13.1865,13.309,0.0139,0.2083,0.0384,0.33,0.41,0.2152,6,6,2,2.0,16.0,17.0,3.9134,1,3,0.5,0.2733,0.1667,0.12,1.0474,0.575,-1.7,,,1,1,,2023,2024,2023.6667,1,2020,2020,2005,23f8633ba8dab64b,F,12.89,0
11.11,11.318,11.26,0.1894,0.0167,11.61,0.5,11.23,11.38,11.115,11.313,11.23,0.1915,0.0169,11.595,0.48,11.21,11.415,0.2693,0.1282,0.2412,0.12,0.5,0.1015,5,5,2,1.0,18.0,18.0,4.2274,1,4,0.8,0.0775,0.0,0.1,0.6205,0.65,-0.4,,,1,1,,2023,2024,2023.2,1,2020,2020,2005,3402d8778562604c,M,11.11,0
12.09,12.135,12.135,0.0636,0.0052,12.18,0.09,12.1125,12.1575,12.04,12.11,12.11,0.099,0.0082,12.18,0.14,12.075,12.145,,,,0.09,0.0,0.2365,2,2,1,0.0,17.0,18.0,5.2554,1,2,1.0,0.0,0.0,0.5,0.7071,1.0,0.0,166.0,56.0,0,0,20.3223,2023,2023,2023.0,0,2020,2020,2005,70c6556bfad39b63,M,12.09,1
10.72,10.9256,10.87,0.1876,0.0172,11.2,0.48,10.8,11.14,10.695,10.9544,10.88,0.2311,0.0211,11.3,0.605,10.81,11.14,-0.2703,0.0808,-0.3029,0.42,0.01,0.2474,9,4,3,2.0,17.0,19.0,5.302,1,3,0.3333,0.0117,0.0,-0.5778,1.2568,0.85,-1.15,,,1,1,,2023,2025,2024.0,2,2020,2020,2005,05d10a50156d2db9,M,10.72,0
12.02,12.1175,12.135,0.0714,0.0059,12.18,0.16,12.0875,12.165,12.02,12.119,12.094,0.1168,0.0096,12.268,0.248,12.029,12.184,-0.0363,0.0511,-0.0232,0.16,0.14,0.0828,4,4,2,2.0,18.0,20.0,2.0694,1,2,0.5,-0.055,0.0,-0.025,1.3769,0.95,-1.0,,,1,1,,2019,2021,2020.5,2,2010,2020,2000,98466f5671a95e9b,F,11.7,0
12.02,12.1175,12.135,0.0714,0.0059,12.18,0.16,12.0875,12.165,12.02,12.119,12.094,0.1168,0.0096,12.268,0.248,12.029,12.184,-0.0363,0.0511,-0.0232,0.16,0.14,0.0828,4,4,2,2.0,18.0,20.0,2.0694,1,2,0.5,-0.055,0.0,-0.025,1.3769,0.95,-1.0,,,1,1,,2019,2021,2020.5,2,2010,2020,2000,4d6f3e7131bef3b5,F,11.7,0
11.25,11.425,11.425,0.2475,0.0217,11.6,0.35,11.3375,11.5125,11.22,11.41,11.41,0.2687,0.0235,11.6,0.38,11.315,11.505,,,,0.35,0.0,3.7599,2,2,1,0.0,17.0,17.0,21.4853,1,1,0.5,-0.35,0.5,0.6,0.0,0.6,0.0,185.0,73.0,0,0,21.3294,2025,2025,2025.0,0,2020,2020,2005,a57372c7a470b2cf,M,11.25,1
11.83,11.89,11.9,0.0557,0.0047,11.94,0.11,11.865,11.92,11.865,11.925,11.92,0.0626,0.0053,11.99,0.125,11.8925,11.955,-0.0432,0.0163,-0.0432,0.07,0.0,0.0336,3,2,2,2.0,15.0,17.0,1.4399,1,1,0.3333,0.07,0.0,-0.7,0.3,0.0,-0.7,,,1,1,,2023,2025,2023.6667,2,2020,2020,2005,f6da80bd30c0d338,M,11.83,0
11.44,11.645,11.58,0.2214,0.019,12.01,0.57,11.48,11.755,11.42,11.6183,11.5625,0.2068,0.0178,11.955,0.535,11.4688,11.72,-0.2182,0.1593,-0.1904,0.18,0.02,0.1094,6,6,3,2.0,17.0,18.0,3.6464,1,2,0.3333,0.1725,0.0,0.5333,0.5046,0.7,-0.3,,,1,1,,2023,2025,2023.8333,2,2020,2020,2005,8484793634c9b7a2,M,11.44,0
11.63,11.9233,11.945,0.2006,0.0168,12.15,0.52,11.8,12.075,11.645,11.9342,11.965,0.1841,0.0154,12.15,0.505,11.84,12.0525,-0.1434,0.1395,-0.1273,0.52,0.15,0.1911,6,6,3,3.0,16.0,18.0,2.2047,1,1,0.1667,-0.128,0.0,-0.2167,0.5382,0.6,-0.6333,180.0,65.0,0,0,20.0617,2021,2024,2022.8333,3,2020,2020,2005,a5f7edb088279445,M,11.63,1
11.14,11.3864,11.34,0.2419,0.0212,11.93,0.79,11.21,11.475,11.115,11.3864,11.34,0.253,0.0222,11.965,0.85,11.185,11.5,-0.1758,0.1605,-0.1791,0.79,0.18,0.2369,11,11,4,3.0,16.0,18.0,3.2986,1,3,0.2727,0.105,0.0909,0.0,0.7944,0.68,-0.68,,,1,1,,2022,2025,2023.6364,3,2020,2020,2005,c60e9a9902357433,M,11.14,0
11.79,12.03,11.95,0.2135,0.0178,12.31,0.52,11.91,12.19,11.795,12.006,11.925,0.196,0.0163,12.3,0.505,11.915,12.095,-0.1829,0.1675,-0.1614,0.12,0.0,0.0898,5,3,2,1.0,15.0,16.0,3.7423,1,2,0.4,-0.0333,0.0,0.48,0.8319,0.8667,-0.1,,,1,1,,2023,2024,2023.2,1,2020,2020,2005,d9d69bca15f02b54,M,11.79,0
11.53,11.635,11.635,0.1485,0.0128,11.74,0.21,11.5825,11.6875,11.48,11.61,11.61,0.1838,0.0158,11.74,0.26,11.545,11.675,,,,0.21,0.0,2.1915,2,2,1,0.0,17.0,18.0,20.8714,0,0,0.0,0.0,0.0,0.5,0.7071,1.0,0.0,,,1,1,,2023,2023,2023.0,0,2020,2020,2005,ad4abde4430c1b01,M,11.53,0
12.45,12.63,12.53,0.2458,0.0195,12.91,0.46,12.49,12.72,12.45,12.662,12.62,0.2358,0.0186,12.916,0.466,12.535,12.768,0.5327,0.0327,0.4832,0.0,0.46,0.0,3,2,2,1.0,17.0,17.0,3.8047,1,1,0.3333,0.27,0.0,-0.5333,0.8386,0.0,-0.8,,,1,1,,2022,2023,2022.3333,1,2020,2020,2005,37474819cae78a56,F,12.45,0
12.55,12.848,12.88,0.2194,0.0171,13.15,0.6,12.6675,13.0225,12.474,12.8312,12.877,0.2505,0.0195,13.162,0.688,12.618,13.0465,-0.1358,0.1442,-0.1376,0.56,0.17,0.1697,10,9,3,3.0,15.0,17.0,3.0311,1,3,0.3,0.2019,0.0,0.28,0.9223,0.7286,-0.7667,,,1,1,,2022,2025,2024.2,3,2020,2020,2005,753dce711f7a0fc2,F,12.55,0
11.16,11.235,11.21,0.0881,0.0078,11.36,0.2,11.1825,11.2625,11.085,11.1938,11.1725,0.1091,0.0097,11.345,0.26,11.145,11.2212,-0.5747,0.0432,-0.4965,0.2,0.0,0.6297,4,4,1,0.0,18.0,19.0,12.5948,1,2,0.5,0.08,0.0,0.825,0.9639,1.1333,-0.1,,,1,1,,2023,2023,2023.0,0,2020,2020,2005,cec7bd7cc531fa89,M,11.16,0
12.85,13.1429,13.22,0.1579,0.012,13.3,0.45,13.085,13.23,12.844,13.1506,13.212,0.1689,0.0128,13.324,0.48,13.079,13.258,0.1624,0.1002,0.1777,0.0,0.45,0.0,7,4,3,1.0,17.0,17.0,4.9168,1,2,0.2857,-0.0575,0.0,-0.1286,0.3729,0.2,-0.5,,,1,1,,2023,2025,2023.7143,2,2020,2020,2005,895546a260d646fa,F,12.85,0
13.34,13.4867,13.45,0.168,0.0125,13.67,0.33,13.395,13.56,13.304,13.4767,13.42,0.2069,0.0154,13.706,0.402,13.362,13.563,0.2474,0.0449,0.3095,0.0,0.33,0.0,3,2,2,1.0,17.0,17.0,2.6989,1,1,0.3333,0.055,0.0,0.1667,0.6658,0.55,-0.6,,,1,1,,2020,2021,2020.3333,1,2020,2020,2000,dd550b71b00220da,F,13.34,0
11.68,11.77,11.77,0.1273,0.0108,11.86,0.18,11.725,11.815,11.67,11.74,11.74,0.099,0.0084,11.81,0.14,11.705,11.775,,,,0.18,0.0,1.8262,2,2,1,0.0,19.0,19.0,20.2917,1,2,1.0,0.0,0.0,0.6,0.5657,0.6,0.0,,,1,1,,2023,2023,2023.0,0,2020,2020,2000,e0cf0db999d7cd56,M,11.68,0
12.9,13.0833,12.93,0.2919,0.0223,13.42,0.52,12.915,13.175,12.93,13.1293,13.038,0.2575,0.0196,13.42,0.49,12.984,13.229,-0.313,0.1351,-0.3159,0.52,0.03,0.3386,3,3,3,2.0,17.0,18.0,1.9532,1,2,0.6667,-0.275,0.6667,-2.3,0.0,0.0,-2.3,,,1,1,,2023,2025,2024.0,2,2020,2020,2005,22136eda01f7451b,F,12.9,0
11.13,11.33,11.25,0.2573,0.0227,11.69,0.56,11.1525,11.4275,11.1,11.3362,11.275,0.2577,0.0227,11.695,0.595,11.1863,11.425,0.3258,0.1691,0.3653,0.0,0.56,0.0,4,3,2,1.0,18.0,18.0,3.8651,1,1,0.25,-0.0133,0.0,-0.125,0.7136,0.35,-0.6,,,1,1,,2021,2022,2021.5,1,2020,2020,2000,a57280796106a655,M,10.86,0
11.5,11.555,11.555,0.0778,0.0067,11.61,0.11,11.5275,11.5825,11.49,11.615,11.615,0.1768,0.0152,11.74,0.25,11.5525,11.6775,,,,0.0,0.11,0.0,2,2,2,1.0,19.0,19.0,2.5277,0,0,0.0,0.0,0.0,-1.2,1.9799,0.2,-2.6,173.0,60.0,0,0,20.0474,2024,2025,2024.5,1,2020,2020,2005,50abe72cd12b6717,M,11.5,1
11.39,11.475,11.475,0.1202,0.0105,11.56,0.17,11.4325,11.5175,11.375,11.47,11.47,0.1344,0.0117,11.565,0.19,11.4225,11.5175,,,,0.17,0.0,2.4837,2,2,1,0.0,19.0,19.0,29.22,0,0,0.0,0.0,0.0,0.1,0.2828,0.3,-0.1,171.0,62.0,0,0,21.2031,2024,2024,2024.0,0,2020,2020,2005,d31c383f2de38682,M,11.39,1
12.03,12.085,12.085,0.0778,0.0064,12.14,0.11,12.0575,12.1125,12.105,12.1125,12.1125,0.0106,0.0009,12.12,0.015,12.1087,12.1163,,,,0.0,0.11,0.0,2,2,1,0.0,19.0,19.0,146.1,1,1,0.5,0.11,0.0,-0.55,1.3435,0.4,-1.5,172.0,60.0,0,0,20.2812,2023,2023,2023.0,0,2020,2020,2005,fe8afd2f3ec2aa97,M,12.03,1
11.7,11.7,11.7,0.0,0.0,11.7,0.0,11.7,11.7,11.615,11.6475,11.6475,0.046,0.0039,11.68,0.065,11.6312,11.6638,,,,0.0,0.0,0.0,2,2,1,0.0,18.0,18.0,365.25,1,1,0.5,0.0,0.0,1.05,0.9192,1.05,0.0,,,1,1,,2022,2022,2022.0,0,2020,2020,2005,1fbae8c6e1e120c3,M,11.7,0
11.35,11.59,11.625,0.2045,0.0176,11.76,0.41,11.455,11.76,11.35,11.5788,11.59,0.1911,0.0165,11.785,0.435,11.4662,11.7025,-0.1776,0.0908,-0.1391,0.41,0.0,0.1747,4,4,3,2.0,15.0,17.0,1.7048,0,0,0.0,0.0,0.0,0.225,1.0046,1.7,-0.4,,,1,1,,2023,2025,2024.0,2,2020,2020,2005,37a90192b353d2a1,M,11.35,0
11.94,12.0767,12.05,0.1518,0.0126,12.24,0.3,11.995,12.145,11.89,12.0433,12.02,0.1662,0.0138,12.22,0.33,11.955,12.12,-0.738,0.075,-0.789,0.3,0.11,0.9446,3,3,1,0.0,18.0,18.0,9.4461,1,2,0.6667,0.245,0.0,0.6667,0.3055,0.6667,0.0,,,1,1,,2023,2023,2023.0,0,2020,2020,2005,4fa9a1e0378de80d,M,11.94,0
11.66,11.7533,11.77,0.0862,0.0073,11.83,0.17,11.715,11.8,11.61,11.755,11.77,0.1381,0.0117,11.885,0.275,11.69,11.8275,-0.0004,0.0704,0.0408,0.11,0.17,0.2377,3,3,1,0.0,18.0,18.0,6.4837,1,3,1.0,0.0,0.0,-0.0333,1.0504,1.0,-1.1,,,1,1,,2023,2023,2023.0,0,2020,2020,2005,15bdb7ec19b2b8f3,M,11.66,0
11.38,11.645,11.71,0.1827,0.0157,11.78,0.4,11.5975,11.7575,11.285,11.61,11.6925,0.2256,0.0194,11.77,0.485,11.5438,11.7587,0.0716,0.1449,0.1077,0.29,0.37,0.1331,4,4,2,2.0,16.0,16.0,1.8354,1,1,0.25,-0.14,0.0,0.7,0.9487,1.0667,-0.4,,,1,1,,2023,2025,2023.5,2,2020,2020,2005,cc610307a4e3021a,M,11.38,0
11.68,11.83,11.73,0.2179,0.0184,12.08,0.4,11.705,11.905,11.585,11.7817,11.68,0.2627,0.0223,12.08,0.495,11.6325,11.88,-0.922,0.0107,-1.1133,0.4,0.0,0.9019,3,3,1,0.0,18.0,18.0,6.7639,1,3,1.0,0.0,0.0,0.9667,0.9504,1.45,0.0,,,1,1,,2023,2023,2023.0,0,2020,2020,2005,8727315273e929e2,M,11.68,0
11.8,11.95,11.88,0.1947,0.0163,12.17,0.37,11.84,12.025,11.785,11.9217,11.84,0.1911,0.016,12.14,0.355,11.8125,11.99,0.582,0.1061,0.6021,0.08,0.37,0.1605,3,3,1,0.0,18.0,18.0,6.0206,0,0,0.0,0.0,0.0,0.5667,0.2517,0.5667,0.0,180.0,69.0,0,0,21.2963,2024,2024,2024.0,0,2020,2020,2005,5f98710e894af9ca,M,11.8,1
12.98,13.1267,13.07,0.1818,0.0138,13.33,0.35,13.025,13.2,12.884,13.1087,13.22,0.1946,0.0148,13.222,0.338,13.052,13.221,-0.0429,0.1429,0.0844,0.0,0.09,0.0,3,2,2,2.0,18.0,18.0,1.5156,1,1,0.3333,-0.305,0.0,0.3,2.4269,1.7,-2.5,163.0,57.0,0,0,21.4536,2019,2021,2019.6667,2,2010,2010,2000,275c008ce85587d4,F,12.98,1
11.79,11.888,11.91,0.0722,0.0061,11.97,0.18,11.84,11.93,11.79,11.907,11.95,0.113,0.0095,12.045,0.255,11.79,11.96,0.2931,0.0316,0.3631,0.0,0.12,0.0,5,5,1,1.0,18.0,18.0,9.6627,1,4,0.8,0.0275,0.0,-0.38,0.9391,1.0,-0.9667,,,1,1,,2023,2023,2023.0,0,2020,2020,2005,828f02ef1353845d,M,11.79,0
11.35,11.525,11.425,0.2551,0.0221,11.9,0.55,11.3725,11.5775,11.285,11.5213,11.445,0.2707,0.0235,11.91,0.625,11.3862,11.58,-0.3168,0.162,-0.2964,0.12,0.0,0.1118,4,4,2,1.0,18.0,19.0,3.727,1,4,1.0,0.0,0.0,0.075,1.408,1.15,-1.0,,,1,1,,2023,2024,2023.5,1,2020,2020,2005,247801522e37e7ed,M,11.35,0
10.94,11.2,11.21,0.1983,0.0177,11.42,0.48,11.035,11.38,10.86,11.1771,11.225,0.2201,0.0197,11.415,0.555,11.005,11.365,-0.1929,0.1783,-0.1679,0.43,0.45,0.2286,7,4,3,2.0,17.0,18.0,3.7216,1,4,0.5714,-0.0933,0.1429,0.5333,0.7118,0.7,-0.3,,67.0,1,0,,2020,2022,2020.8571,2,2020,2020,2000,a7c63fd03b21e70d,M,10.94,0
11.19,11.478,11.4,0.2532,0.0221,12.06,0.87,11.3425,11.555,11.21,11.478,11.3775,0.2653,0.0231,12.065,0.855,11.355,11.5025,-0.2402,0.0962,-0.2277,0.87,0.22,0.3021,10,6,4,3.0,16.0,19.0,3.472,1,4,0.4,0.1467,0.2,-0.0,1.3027,1.2667,-0.76,175.0,70.0,0,0,22.8571,2020,2023,2022.3,3,2020,2020,2000,ed0038375e6207cf,M,11.19,1
13.19,13.4325,13.425,0.2185,0.0163,13.69,0.5,13.295,13.5625,13.19,13.4565,13.473,0.2359,0.0175,13.69,0.5,13.295,13.6345,0.0294,0.1887,0.0815,0.0,0.33,0.0,4,4,2,1.0,15.0,15.0,3.6253,1,2,0.5,0.345,0.75,-1.6,0.0,0.0,-1.6,166.0,63.0,0,0,22.8625,2024,2025,2024.5,1,2020,2020,2005,7da4eff42aca5ec1,F,13.19,1
11.45,11.48,11.48,0.0424,0.0037,11.51,0.06,11.465,11.495,11.43,11.475,11.475,0.0636,0.0055,11.52,0.09,11.4525,11.4975,,,,0.0,0.06,0.0,2,2,1,1.0,17.0,17.0,3.4952,0,0,0.0,0.0,0.0,0.1,0.4243,0.4,-0.2,,,1,1,,2024,2024,2024.0,0,2020,2020,2005,0bce62e2777f5925,M,11.45,0
12.1,12.19,12.185,0.0898,0.0074,12.29,0.19,12.1225,12.2525,12.058,12.16,12.155,0.0899,0.0074,12.272,0.214,12.112,12.203,0.0874,0.0236,0.076,0.0,0.14,0.0,4,3,2,2.0,18.0,18.0,2.2864,1,2,0.5,-0.01,0.0,0.5,0.4397,0.6667,0.0,,,1,1,,2023,2025,2024.0,2,2020,2020,2005,b0471b18fa412a3d,F,12.1,0
11.29,11.5417,11.46,0.2734,0.0237,12.07,0.78,11.42,11.5375,11.29,11.5408,11.47,0.2628,0.0228,12.045,0.755,11.42,11.5425,-0.0319,0.2488,-0.0299,0.16,0.12,0.0738,6,5,3,2.0,17.0,18.0,2.767,1,1,0.1667,0.0325,0.5,0.0333,0.4509,0.5,-0.4,,,1,1,,2022,2024,2023.0,2,2020,2020,2005,89d58da936d22954,M,11.29,0
11.03,11.39,11.39,0.5091,0.0447,11.75,0.72,11.21,11.57,11.01,11.38,11.38,0.5233,0.046,11.75,0.74,11.195,11.565,,,,0.72,0.0,2.0229,2,2,2,0.0,19.0,19.0,5.6192,1,1,0.5,-0.72,0.0,0.2,0.2828,0.4,0.0,170.0,65.0,0,0,22.4913,2022,2023,2022.5,1,2020,2020,2000,3394a68c8af840d5,M,10.94,1
11.69,11.9,11.88,0.1966,0.0165,12.19,0.5,11.76,11.98,11.69,11.904,11.845,0.1989,0.0167,12.195,0.505,11.785,12.005,-0.2161,0.1398,-0.1857,0.19,0.07,0.1342,5,5,2,1.0,17.0,18.0,3.5324,0,0,0.0,0.0,0.0,-0.08,0.4919,0.7,-0.3667,,,1,1,,2023,2024,2023.4,1,2020,2020,2005,2d25a9c5b7a315e7,M,11.69,0
11.8,11.955,11.955,0.2192,0.0183,12.11,0.31,11.8775,12.0325,11.815,12.0075,12.0075,0.2722,0.0227,12.2,0.385,11.9113,12.1038,,,,0.0,0.31,0.0,2,2,1,0.0,20.0,20.0,146.1,1,1,0.5,0.31,0.0,-1.05,1.0607,0.0,-1.05,,,1,1,,2023,2023,2023.0,0,2020,2020,2000,a83c244ed0bb924b,M,11.8,0
11.71,11.8167,11.8,0.1143,0.0097,12.01,0.3,11.725,11.86,11.68,11.8033,11.7725,0.1302,0.011,12.02,0.34,11.7075,11.86,-0.1144,0.0568,-0.1407,0.16,0.0,0.0842,6,6,3,2.0,16.0,18.0,3.1578,0,0,0.0,0.0,0.0,0.2667,0.7581,0.95,-0.15,,,1,1,,2023,2025,2023.8333,2,2020,2020,2005,19124d9eb856703c,M,11.71,0
11.0,11.2973,11.25,0.2637,0.0233,11.83,0.83,11.115,11.355,10.975,11.2909,11.2,0.2752,0.0244,11.84,0.865,11.13,11.3725,-0.0427,0.2503,-0.0152,0.25,0.3,0.1268,11,8,3,2.0,16.0,18.0,5.5802,1,6,0.5455,-0.0192,0.0909,0.14,0.8592,0.6667,-0.8667,,,1,1,,2021,2023,2022.4545,2,2020,2020,2005,90a0234263cf0aeb,M,11.0,0
12.25,12.5717,12.44,0.3254,0.0259,13.02,0.77,12.3525,12.8275,12.166,12.5467,12.42,0.3431,0.0273,13.02,0.854,12.344,12.8065,-0.3188,0.1986,-0.3115,0.68,0.1,0.3558,6,5,3,2.0,17.0,18.0,3.1397,1,5,0.8333,0.538,0.0,0.4167,0.608,0.7,-0.3,,,1,1,,2023,2025,2023.6667,2,2020,2020,2005,bc56bc3b01c8d546,F,12.25,0
11.24,11.395,11.415,0.1245,0.0109,11.51,0.27,11.3225,11.4875,11.25,11.4238,11.435,0.1451,0.0127,11.575,0.325,11.3362,11.5225,0.0534,0.1052,0.0736,0.11,0.27,0.1025,4,4,2,1.0,16.0,17.0,3.727,0,0,0.0,0.0,0.0,-0.575,0.4992,0.0,-0.575,,,1,1,,2023,2024,2023.75,1,2020,2020,2005,eac1506c35cfdbfd,M,11.24,0
12.32,12.34,12.34,0.0283,0.0023,12.36,0.04,12.33,12.35,12.32,12.3325,12.3325,0.0177,0.0014,12.345,0.025,12.3262,12.3387,,,,0.0,0.04,0.0,2,2,1,0.0,17.0,17.0,20.2917,1,2,1.0,0.0,0.0,0.15,0.2121,0.3,0.0,,,1,1,,2023,2023,2023.0,0,2020,2020,2005,0f9bba3b05cc6d8d,M,12.32,0
11.56,11.7925,11.665,0.333,0.0282,12.28,0.72,11.59,11.8675,11.55,11.7912,11.6625,0.34,0.0288,12.29,0.74,11.5912,11.8625,-0.3306,0.1834,-0.332,0.72,0.04,0.4655,4,4,2,2.0,17.0,18.0,2.5858,0,0,0.0,0.0,0.0,0.025,0.2062,0.2,-0.15,,,1,1,,2023,2024,2023.5,1,2020,2020,2005,bd4bcc90eaa8f3da,M,11.56,0
12.76,13.07,12.96,0.4014,0.0307,13.77,1.01,12.87,12.99,12.766,13.0604,12.948,0.3993,0.0306,13.758,0.992,12.846,12.984,-0.6488,0.0758,-0.6527,1.01,0.0,0.5846,5,5,3,2.0,16.0,18.0,2.8942,1,3,0.6,-0.35,0.0,0.16,0.1817,0.225,-0.1,,,1,1,,2022,2024,2023.0,2,2020,2020,2005,be93b7adfa6e4be3,F,12.76,0
11.1,11.3244,11.26,0.2278,0.0201,11.71,0.61,11.14,11.51,11.1,11.3372,11.285,0.2145,0.0189,11.705,0.605,11.16,11.5,-0.3183,0.102,-0.2946,0.61,0.16,0.3855,9,8,3,2.0,17.0,18.0,5.6873,1,5,0.5556,-0.107,0.0,-0.2556,0.4187,0.1667,-0.56,,,1,1,,2023,2025,2024.3333,2,2020,2020,2005,f6db492b4482acf6,M,11.1,0
11.88,11.99,11.965,0.114,0.0095,12.15,0.27,11.94,12.015,11.905,11.9988,11.97,0.1054,0.0088,12.15,0.245,11.9538,12.015,-0.1321,0.0732,-0.1258,0.27,0.09,0.2429,4,4,2,1.0,17.0,18.0,3.5985,1,2,0.5,-0.05,0.0,-0.175,0.2363,0.0,-0.35,,,1,1,,2023,2024,2023.5,1,2020,2020,2005,f735eef6aa937980,M,11.88,0
12.68,12.94,12.94,0.1619,0.0125,13.27,0.59,12.85,13.015,12.566,12.9405,12.962,0.1894,0.0146,13.27,0.704,12.871,13.018,-0.1196,0.1359,-0.1061,0.35,0.42,0.2542,11,8,2,1.0,13.0,14.0,7.9876,1,5,0.4545,0.076,0.0,-0.0091,0.8179,1.0,-0.5167,,,1,1,,2024,2025,2024.6364,1,2020,2020,2010,9b3165de88d75395,F,12.68,0
11.27,11.4033,11.37,0.1296,0.0114,11.6,0.33,11.3075,11.485,11.27,11.4083,11.3375,0.1637,0.0143,11.67,0.4,11.2925,11.5025,-0.1002,0.0996,-0.1645,0.24,0.14,0.1295,6,5,3,2.0,16.0,17.0,3.2371,1,2,0.3333,-0.0025,0.0,-0.1,1.0844,0.8333,-1.0333,,,1,1,,2023,2025,2023.8333,2,2020,2020,2005,7a53668d70344baf,M,11.27,0
12.55,12.6775,12.615,0.1769,0.014,12.93,0.38,12.5575,12.735,12.55,12.6775,12.615,0.1769,0.014,12.93,0.38,12.5575,12.735,-0.0544,0.1428,-0.0544,0.0,0.01,0.0,4,4,2,2.0,18.0,18.0,2.0606,1,2,0.5,-0.125,0.25,0.0,0.0,0.0,0.0,,,1,1,,2023,2025,2023.5,2,2020,2020,2005,10a6c0ab75e3cf8b,F,12.55,0
11.3,11.6467,11.82,0.3002,0.0258,11.82,0.52,11.56,11.82,11.3,11.6533,11.825,0.306,0.0263,11.835,0.535,11.5625,11.83,-0.0836,0.2416,-0.0933,0.52,0.52,0.4326,3,3,2,1.0,17.0,18.0,2.496,1,1,0.3333,0.52,0.3333,-0.2,0.1414,0.0,-0.2,180.0,71.0,0,0,21.9136,2021,2022,2021.6667,1,2020,2020,2000,037f7c71d40b0217,M,11.3,1
12.32,12.795,12.83,0.4659,0.0364,13.2,0.88,12.4325,13.1925,12.422,12.8505,12.857,0.4676,0.0364,13.266,0.844,12.458,13.2495,-0.4247,0.0532,-0.4295,0.87,0.15,0.4619,4,2,2,2.0,14.0,16.0,2.1235,1,1,0.25,0.285,0.0,-0.925,0.7042,0.0,-1.2333,,,1,1,,2023,2025,2024.0,2,2020,2020,2005,1511a57939d24d94,F,12.32,0
11.2,11.542,11.58,0.2536,0.022,11.82,0.62,11.38,11.73,11.175,11.542,11.58,0.2842,0.0246,11.875,0.7,11.345,11.735,-0.3773,0.0976,-0.4169,0.53,0.0,0.3605,5,5,2,1.0,15.0,17.0,3.4008,0,0,0.0,0.0,0.2,-0.0,0.8083,0.6,-0.6,,,1,1,,2024,2025,2024.6,1,2020,2020,2005,efa437d96a455ea1,M,11.2,0
11.68,12.0814,12.07,0.2446,0.0202,12.47,0.79,11.985,12.19,11.66,12.0786,12.08,0.2549,0.0211,12.465,0.805,11.9625,12.21,0.1392,0.209,0.1445,0.28,0.79,0.1522,7,5,3,2.0,15.0,16.0,3.8047,1,3,0.4286,-0.1958,0.0,0.0571,0.3994,0.35,-0.3333,,,1,1,,2023,2025,2023.5714,2,2020,2020,2005,1b02d893a1ade088,M,11.68,0
11.67,11.9533,11.91,0.3073,0.0257,12.28,0.61,11.79,12.095,11.595,11.92,11.875,0.3497,0.0293,12.29,0.695,11.735,12.0825,-0.1209,0.2464,-0.1299,0.61,0.24,0.7051,3,3,2,1.0,18.0,18.0,3.4676,0,0,0.0,0.0,0.0,0.6667,0.8505,1.1,-0.2,175.0,65.0,0,0,21.2245,2020,2021,2020.3333,1,2020,2020,2000,fe74241e6b7f2206,M,11.67,1
11.71,11.91,11.91,0.2828,0.0237,12.11,0.4,11.81,12.01,11.71,11.9275,11.9275,0.3076,0.0258,12.145,0.435,11.8188,12.0362,,,,0.4,0.0,29.22,2,2,1,0.0,19.0,19.0,146.1,0,0,0.0,0.0,0.0,-0.35,0.495,0.0,-0.7,,,1,1,,2023,2023,2023.0,0,2020,2020,2000,087ff0c4fe15d160,M,11.33,0
11.58,11.6533,11.62,0.0945,0.0081,11.76,0.18,11.6,11.69,11.57,11.6467,11.62,0.0929,0.008,11.75,0.18,11.595,11.685,0.0189,0.0771,0.0483,0.0,0.04,0.0,3,3,1,0.0,18.0,18.0,8.2387,1,1,0.3333,-0.16,0.0,0.1333,0.1155,0.2,0.0,,,1,1,,2022,2022,2022.0,0,2020,2020,2000,d3e146ce4455693a,M,11.58,0
11.62,11.84,11.705,0.3364,0.0284,12.33,0.71,11.62,11.925,11.655,11.8662,11.745,0.3132,0.0264,12.32,0.665,11.6587,11.9525,-0.245,0.252,-0.243,0.17,0.0,0.1267,4,4,2,1.0,17.0,18.0,2.9816,1,1,0.25,0.2933,0.0,-0.525,0.4856,0.2,-0.7667,,,1,1,,2022,2023,2022.5,1,2020,2020,2005,0b8bf433e7cbd2cd,M,11.62,0
11.88,12.004,11.96,0.1426,0.0119,12.25,0.37,11.95,11.98,11.865,12.036,12.0,0.1731,0.0144,12.325,0.46,11.96,12.03,-0.7156,0.1082,-0.9607,0.37,0.1,1.4851,5,5,1,0.0,14.0,14.0,20.0687,1,4,0.8,-0.03,0.0,-0.64,0.7829,0.3,-0.875,,,1,1,,2025,2025,2025.0,0,2020,2020,2010,18f9bc2202217a23,M,11.88,0
11.04,12.345,11.545,1.9515,0.1581,15.25,4.21,11.3925,12.4975,11.045,12.3362,11.5425,1.9335,0.1567,15.215,4.17,11.4125,12.4662,0.1245,1.6637,0.1453,0.54,0.47,0.1917,4,4,3,3.0,17.0,19.0,1.4198,0,0,0.0,0.0,0.0,0.175,0.5737,0.65,-0.3,,,1,1,,2022,2025,2023.75,3,2020,2020,2005,1ed88af00dcd2555,M,11.04,0
11.25,11.53,11.47,0.3143,0.0273,11.87,0.62,11.36,11.67,11.23,11.5093,11.43,0.3263,0.0284,11.868,0.638,11.33,11.649,-0.2292,0.1308,-0.2312,0.62,0.0,0.2817,3,3,2,2.0,17.0,19.0,1.3629,0,0,0.0,0.0,0.0,0.4133,0.3802,0.4133,0.0,,,1,1,,2022,2024,2022.6667,2,2020,2020,2005,abc6d79c7b59754e,M,11.25,0
11.77,11.83,11.83,0.0849,0.0072,11.89,0.12,11.8,11.86,11.78,11.8025,11.8025,0.0318,0.0027,11.825,0.045,11.7912,11.8138,,,,0.12,0.0,2.5782,2,2,1,0.0,18.0,18.0,42.9706,0,0,0.0,0.0,0.0,0.55,1.0607,1.3,-0.2,,,1,1,,2024,2024,2024.0,0,2020,2020,2005,e0bfe8f93b26a9c5,M,11.77,0
11.59,11.8267,11.74,0.2899,0.0245,12.15,0.56,11.665,11.945,11.555,11.81,11.72,0.31,0.0262,12.155,0.6,11.6375,11.9375,0.0069,0.2367,0.012,0.0,0.15,0.0,3,3,2,1.0,16.0,16.0,3.0021,0,0,0.0,0.0,0.0,0.3333,0.4041,0.55,-0.1,,,1,1,,2024,2025,2024.3333,1,2020,2020,2005,0bff4833f76520b1,M,11.59,0
12.08,12.2633,12.28,0.1756,0.0143,12.43,0.35,12.18,12.355,12.07,12.2433,12.28,0.1582,0.0129,12.38,0.31,12.175,12.33,-0.1886,0.0904,-0.1852,0.2,0.0,0.1441,3,3,2,1.0,18.0,19.0,2.1612,1,3,1.0,0.0,0.0,0.4,0.5292,0.6,0.0,,,1,1,,2023,2024,2023.3333,1,2020,2020,2005,bae3c2d9b21fd057,M,12.08,0
11.61,11.845,11.82,0.2239,0.0189,12.2,0.59,11.6725,11.9525,11.595,11.8475,11.8175,0.2289,0.0193,12.215,0.62,11.6838,11.955,-0.2793,0.1184,-0.2861,0.38,0.0,0.2487,6,6,3,2.0,16.0,18.0,3.9274,1,3,0.5,-0.0633,0.0,-0.05,0.3017,0.3,-0.3,,,1,1,,2023,2025,2024.0,2,2020,2020,2005,8c68fce8e69aca39,M,11.61,0
13.23,13.5667,13.645,0.2401,0.0177,13.81,0.58,13.3925,13.7325,13.224,13.5757,13.645,0.2533,0.0187,13.882,0.658,13.392,13.724,-0.2271,0.0694,-0.2389,0.58,0.08,0.2791,6,4,2,2.0,15.0,17.0,2.8874,1,2,0.3333,0.19,0.0,-0.15,0.7477,0.4333,-0.7333,,,1,1,,2022,2024,2022.6667,2,2020,2020,2005,89ce665b41535682,F,13.23,0
11.17,11.356,11.33,0.1459,0.0128,11.57,0.4,11.31,11.4,11.15,11.339,11.295,0.1595,0.0141,11.58,0.43,11.28,11.39,0.0856,0.1282,0.0723,0.0,0.16,0.0,5,5,2,2.0,16.0,16.0,3.2209,1,1,0.2,-0.055,0.0,0.34,0.3578,0.475,-0.2,,,1,1,,2024,2025,2024.6,1,2020,2020,2005,528f2f443bcf2e9e,M,11.17,0
11.55,11.948,11.79,0.5012,0.0419,12.77,1.22,11.58,12.05,11.575,11.958,11.79,0.5025,0.042,12.79,1.215,11.59,12.045,-0.4669,0.311,-0.4348,0.5,0.03,0.3961,5,5,2,1.0,17.0,18.0,3.9615,1,4,0.8,-0.46,0.2,-0.25,0.2646,0.1,-0.3667,,,1,1,,2023,2024,2023.6,1,2020,2020,2005,445448e65c9783a5,M,11.55,0
11.85,12.3225,12.305,0.4311,0.035,12.83,0.98,12.045,12.5825,11.85,12.2962,12.265,0.4128,0.0336,12.805,0.955,12.0412,12.52,-0.3336,0.1338,-0.318,0.98,0.0,0.3492,4,4,3,3.0,15.0,18.0,1.4254,1,3,0.75,0.2367,0.25,0.7,0.7211,0.7,0.0,,,1,1,,2022,2025,2023.25,3,2020,2020,2005,ddebbf5da1f8ebd6,M,11.85,0
11.69,11.755,11.745,0.0624,0.0053,11.84,0.15,11.7275,11.7725,11.71,11.7512,11.7275,0.0601,0.0051,11.84,0.13,11.7175,11.7612,-0.0929,0.0355,-0.0771,0.06,0.0,0.0604,4,4,2,1.0,17.0,18.0,4.0248,1,1,0.25,0.0067,0.0,0.075,0.3594,0.35,-0.4,,,1,1,,2023,2024,2023.5,1,2020,2020,2005,aa8ce1348edaecc1,M,11.69,0
11.97,12.3338,12.34,0.202,0.0164,12.82,0.85,12.21,12.39,11.952,12.35,12.332,0.2224,0.018,12.934,0.982,12.252,12.388,-0.0722,0.1913,-0.0534,0.32,0.37,0.1642,13,6,3,2.0,17.0,17.0,6.6689,1,5,0.3846,0.2457,0.0,-0.2692,0.7016,0.4,-0.7857,,,1,1,,2023,2025,2023.8462,2,2020,2020,2005,b75646ec6ac455c3,F,11.97,0
11.92,12.2767,12.37,0.3204,0.0261,12.54,0.62,12.145,12.455,11.96,12.3233,12.465,0.3172,0.0257,12.545,0.585,12.2125,12.505,0.9744,0.2482,1.3658,0.0,0.45,0.0,3,3,1,0.0,16.0,16.0,16.114,1,1,0.3333,0.535,0.0,-0.9333,0.9074,0.0,-0.9333,,,1,1,,2023,2023,2023.0,0,2020,2020,2005,a661075ed9176e3c,M,11.92,0
13.16,13.2367,13.19,0.1079,0.0081,13.36,0.2,13.175,13.275,13.136,13.2167,13.196,0.0927,0.007,13.318,0.182,13.166,13.257,-0.072,0.0348,-0.0673,0.2,0.03,0.0752,3,3,3,3.0,15.0,17.0,1.1273,0,0,0.0,0.0,0.0,0.3333,0.8145,0.8,-0.6,,,1,1,,2022,2025,2023.6667,3,2020,2020,2005,e883afd71e363567,F,13.16,0
12.21,12.2733,12.23,0.0929,0.0076,12.38,0.17,12.22,12.305,12.17,12.245,12.19,0.113,0.0092,12.375,0.205,12.18,12.2825,0.2711,0.0255,0.3465,0.02,0.17,0.0323,3,3,1,1.0,17.0,18.0,4.8485,0,0,0.0,0.0,0.0,0.5667,0.5686,0.5667,0.0,,,1,1,,2023,2023,2023.0,0,2020,2020,2005,ebefd9a46fdf330a,M,12.21,0
12.99,13.325,13.39,0.2468,0.0185,13.53,0.54,13.215,13.5,12.99,13.346,13.429,0.2487,0.0186,13.536,0.546,13.269,13.506,-0.3818,0.107,-0.3508,0.5,0.3,0.5159,4,2,2,1.0,16.0,17.0,4.1271,1,2,0.5,-0.17,0.0,-0.35,0.5686,0.0,-0.4667,,,1,1,,2022,2023,2022.5,1,2020,2020,2005,66e926b98e2cd265,F,12.99,0
12.38,12.9633,12.965,0.3783,0.0292,13.35,0.97,12.79,13.2825,12.284,12.9503,12.983,0.4043,0.0312,13.396,1.112,12.7945,13.239,-0.3389,0.235,-0.3335,0.95,0.41,0.486,6,6,3,2.0,18.0,19.0,3.0693,1,5,0.8333,-0.208,0.0,0.2167,1.1479,0.9,-1.15,,,1,1,,2023,2025,2023.6667,2,2020,2020,2005,f088a7757c49d17c,F,12.38,0
11.26,11.346,11.31,0.0789,0.007,11.43,0.17,11.3,11.43,11.3,11.381,11.36,0.0837,0.0074,11.49,0.19,11.31,11.445,0.1022,0.0557,0.1363,0.04,0.17,0.0348,5,5,2,1.0,17.0,18.0,4.3482,1,2,0.4,0.0683,0.4,-1.1667,0.8505,0.0,-1.1667,,,1,1,,2023,2024,2023.8,1,2020,2020,2005,bfaa1bf4a542c2ad,M,11.26,0
11.43,11.6033,11.46,0.2747,0.0237,11.92,0.49,11.445,11.69,11.36,11.58,11.46,0.2987,0.0258,11.92,0.56,11.41,11.69,-0.2329,0.2154,-0.3504,0.03,0.0,0.0468,3,3,2,1.0,18.0,18.0,4.6827,1,1,0.3333,0.215,0.3333,0.7,0.9899,1.4,0.0,,,1,1,,2023,2024,2023.3333,1,2020,2020,2005,1f959a13ee36e472,M,11.43,0
11.68,11.81,11.77,0.11,0.0093,11.96,0.28,11.76,11.88,11.605,11.801,11.825,0.1278,0.0108,11.96,0.355,11.785,11.83,-0.1453,0.0503,-0.194,0.28,0.08,0.1926,5,5,2,1.0,17.0,19.0,3.4393,1,5,1.0,0.0,0.0,0.18,1.0663,1.25,-0.8,,,1,1,,2023,2024,2023.4,1,2020,2020,2005,041916b69c5a6556,M,11.68,0
13.15,13.4633,13.51,0.2928,0.0217,13.73,0.58,13.33,13.62,13.12,13.4593,13.528,0.3107,0.0231,13.73,0.61,13.324,13.629,-0.645,0.0898,-0.6685,0.58,0.0,0.7109,3,3,2,1.0,17.0,18.0,3.677,1,2,0.6667,0.4,0.3333,0.1,0.5657,0.5,-0.3,,,1,1,,2022,2023,2022.6667,1,2020,2020,2005,cd6d8462149bf1c2,F,13.15,0
11.43,11.5925,11.55,0.1962,0.0169,11.84,0.41,11.4375,11.705,11.31,11.5725,11.5675,0.242,0.0209,11.845,0.535,11.4075,11.7325,-0.4115,0.0821,-0.4167,0.41,0.01,0.4218,4,3,2,1.0,17.0,18.0,4.1155,0,0,0.0,0.0,0.0,0.4,1.3687,2.4,-0.4,,,1,1,,2022,2023,2022.75,1,2020,2020,2005,60c8f818e8841113,M,11.43,0
11.06,11.1614,11.14,0.0871,0.0078,11.34,0.28,11.125,11.17,11.015,11.1607,11.145,0.1008,0.009,11.34,0.325,11.115,11.1975,-0.0464,0.0703,-0.0621,0.11,0.07,0.0617,7,7,3,2.0,18.0,19.0,3.9274,1,4,0.5714,-0.1017,0.0,0.0143,0.5956,0.8,-0.375,,,1,1,,2023,2025,2023.5714,2,2020,2020,2005,14a891ca305bf528,M,11.06,0
11.59,11.8675,11.895,0.2381,0.0201,12.09,0.5,11.71,12.0525,11.59,11.865,11.8925,0.2416,0.0204,12.085,0.495,11.6988,12.0588,0.6542,0.0522,0.6688,0.0,0.5,0.0,4,4,2,1.0,17.0,17.0,6.1387,1,2,0.5,-0.395,0.25,0.0667,0.2517,0.2,-0.2,,,1,1,,2022,2023,2022.5,1,2020,2020,2005,f0f1fadee623548a,M,11.59,0
13.3,13.5175,13.5,0.2012,0.0149,13.77,0.47,13.3975,13.62,13.282,13.4965,13.473,0.2116,0.0157,13.758,0.476,13.3525,13.617,-0.4381,0.0826,-0.4548,0.47,0.0,0.4905,4,3,2,1.0,15.0,16.0,4.1743,1,1,0.25,-0.07,0.0,0.35,0.3873,0.4667,0.0,,,1,1,,2022,2023,2022.25,1,2020,2020,2005,7fff7941da08e2f8,F,13.3,0
11.65,11.7033,11.72,0.0473,0.004,11.74,0.09,11.685,11.73,11.65,11.7133,11.74,0.0551,0.0047,11.75,0.1,11.695,11.745,0.3947,0.0011,0.4348,0.0,0.09,0.0,3,3,1,0.0,17.0,17.0,13.0446,1,3,1.0,0.0,0.0,-0.2,0.3464,0.0,-0.6,,,1,1,,2023,2023,2023.0,0,2020,2020,2005,c629f02c1388c3ea,M,11.65,0
11.68,12.0725,11.995,0.4001,0.0331,12.62,0.94,11.8525,12.215,11.68,12.075,11.9775,0.4259,0.0353,12.665,0.985,11.8262,12.2262,1.6794,0.2872,1.8568,0.4,0.94,1.2704,4,4,1,0.0,17.0,17.0,12.7043,1,2,0.5,0.385,0.5,-0.1,1.1314,0.7,-0.9,182.0,70.0,0,0,21.1327,2025,2025,2025.0,0,2020,2020,2005,abf0dc5a9419c6a2,M,11.68,1
10.94,11.1436,11.065,0.2002,0.018,11.58,0.64,11.015,11.19,10.915,11.1307,11.0625,0.2084,0.0187,11.58,0.665,10.9937,11.1775,-0.1945,0.1251,-0.2054,0.64,0.0,0.2261,14,14,4,3.0,17.0,20.0,4.9454,1,4,0.2857,-0.009,0.0714,0.2769,0.4166,0.44,-0.2667,,,1,1,,2022,2025,2023.4286,3,2020,2020,2005,6206d1cba831f0ba,M,10.94,0
11.35,11.703,11.745,0.2152,0.0184,11.99,0.64,11.545,11.8275,11.33,11.68,11.7225,0.2335,0.02,11.995,0.665,11.4662,11.8338,-0.2996,0.1018,-0.3045,0.33,0.0,0.1679,10,4,3,2.0,15.0,16.0,5.087,1,3,0.3,-0.1142,0.0,0.46,0.7276,0.7125,-0.55,,,1,1,,2022,2024,2022.5,2,2020,2020,2005,7c0f7c41216548e8,M,11.35,0
11.37,11.61,11.72,0.2081,0.0179,11.74,0.37,11.545,11.73,11.37,11.6133,11.72,0.2113,0.0182,11.75,0.38,11.545,11.735,0.2059,0.1605,0.2229,0.35,0.37,0.551,3,3,1,1.0,17.0,18.0,4.7231,0,0,0.0,0.0,0.3333,-0.1,0.1414,0.0,-0.2,,,1,1,,2023,2023,2023.0,0,2020,2020,2005,a5f23cb4392af38c,M,11.37,0
11.45,11.455,11.455,0.0071,0.0006,11.46,0.01,11.4525,11.4575,11.435,11.445,11.445,0.0141,0.0012,11.455,0.02,11.44,11.45,,,,0.0,0.01,0.0,2,2,1,0.0,18.0,18.0,15.2188,1,1,0.5,0.01,0.0,0.2,0.4243,0.5,-0.1,,,1,1,,2024,2024,2024.0,0,2020,2020,2005,2f844785cbc26745,M,11.45,0
11.74,11.8725,11.88,0.1037,0.0087,11.99,0.25,11.83,11.9225,11.74,11.8325,11.8175,0.0933,0.0079,11.955,0.215,11.7738,11.8762,0.0589,0.0761,0.0258,0.0,0.12,0.0,4,4,3,2.0,16.0,16.0,1.7539,0,0,0.0,0.0,0.25,1.0667,0.4041,1.0667,0.0,,,1,1,,2023,2025,2024.0,2,2020,2020,2005,87202d0172584c28,M,11.74,0
11.49,11.7975,11.785,0.2981,0.0253,12.13,0.64,11.58,12.0025,11.51,11.79,11.785,0.271,0.023,12.08,0.57,11.5888,11.9862,-0.4926,0.0682,-0.4517,0.64,0.12,0.5963,4,4,2,1.0,19.0,20.0,3.727,1,4,1.0,0.0,0.0,0.15,0.6028,0.55,-0.25,,,1,1,,2023,2024,2023.5,1,2020,2020,2005,e13e9efca15d5eba,M,11.28,0
11.73,11.81,11.81,0.1131,0.0096,11.89,0.16,11.77,11.85,11.68,11.83,11.83,0.2121,0.0179,11.98,0.3,11.755,11.905,,,,0.0,0.16,0.0,2,2,1,0.0,18.0,18.0,146.1,1,1,0.5,0.16,0.0,-0.4,1.9799,1.0,-1.8,,,1,1,,2023,2023,2023.0,0,2020,2020,2005,3393ce2c5b2e7744,M,11.73,0
13.19,13.278,13.21,0.1264,0.0095,13.49,0.3,13.2,13.3,13.166,13.2672,13.2,0.1419,0.0107,13.508,0.342,13.18,13.282,0.084,0.1206,-0.1927,0.01,0.11,0.011,5,4,2,1.0,15.0,16.0,5.4842,1,2,0.4,-0.1033,0.0,0.18,1.1756,1.2,-0.75,,,1,1,,2024,2025,2024.2,1,2020,2020,2005,354ebc6eae749316,F,13.19,0
12.7,12.91,12.75,0.3214,0.0249,13.28,0.58,12.725,13.015,12.712,12.926,12.756,0.3333,0.0258,13.31,0.598,12.734,13.033,-0.6354,0.0639,-0.6608,0.58,0.05,0.6305,3,3,2,1.0,18.0,19.0,3.2612,1,1,0.3333,-0.555,0.0,-0.2667,0.2082,0.0,-0.2667,,,1,1,,2023,2024,2023.6667,1,2020,2020,2005,894025865610f7f9,F,12.7,0
11.61,11.715,11.74,0.0755,0.0064,11.77,0.16,11.685,11.77,11.61,11.6938,11.67,0.0976,0.0083,11.825,0.215,11.625,11.7388,0.1321,0.0241,0.1641,0.0,0.16,0.0,4,4,2,1.0,17.0,17.0,3.1151,0,0,0.0,0.0,0.5,0.85,2.7577,2.8,-1.1,,,1,1,,2022,2023,2022.75,1,2020,2020,2005,7e81f2f03330dd23,M,11.61,0
11.5,11.8067,11.78,0.2289,0.0194,12.07,0.57,11.675,11.9975,11.4,11.7892,11.77,0.2578,0.0219,12.085,0.685,11.68,11.9875,-0.2704,0.1386,-0.2579,0.57,0.28,0.3284,6,6,3,2.0,17.0,18.0,3.4566,1,2,0.3333,-0.0725,0.0,0.35,0.8385,0.65,-0.25,,,1,1,,2023,2025,2024.0,2,2020,2020,2005,74a9cdc198eb4539,M,11.5,0
11.12,11.3225,11.32,0.1982,0.0175,11.53,0.41,11.1725,11.47,11.185,11.3512,11.3125,0.198,0.0174,11.595,0.41,11.1925,11.4712,-0.3499,0.0223,-0.3701,0.41,0.0,0.3725,4,4,2,1.0,18.0,19.0,3.6343,0,0,0.0,0.0,0.0,-0.575,0.8617,0.4,-0.9,,,1,1,,2024,2025,2024.5,1,2020,2020,2005,06ee703c36d0b0d6,M,11.12,0
13.44,13.735,13.69,0.3017,0.022,14.12,0.68,13.53,13.895,13.44,13.741,13.702,0.2973,0.0216,14.12,0.68,13.548,13.895,0.5231,0.1069,0.5123,0.0,0.68,0.0,4,3,2,1.0,15.0,15.0,4.0696,1,1,0.25,-0.5133,0.75,-0.4,0.0,0.0,-0.4,,,1,1,,2023,2024,2023.5,1,2020,2020,2005,757d2efd5f7a1ad2,F,13.44,0
12.74,12.9425,12.89,0.1896,0.0147,13.25,0.51,12.805,13.0675,12.674,12.9545,12.926,0.2282,0.0176,13.256,0.582,12.7825,13.111,-0.0959,0.1688,-0.0858,0.51,0.3,0.2311,8,8,3,2.0,17.0,18.0,3.6253,1,5,0.625,0.284,0.0,-0.2,0.8976,0.6,-0.85,,,1,1,,2023,2025,2024.0,2,2020,2020,2005,44ca0bbc93bced75,F,12.74,0
11.58,11.7425,11.77,0.1159,0.0099,11.85,0.27,11.7075,11.805,11.525,11.755,11.8025,0.1725,0.0147,11.89,0.365,11.6712,11.8862,-0.1832,0.097,-0.1058,0.17,0.0,0.4599,4,4,1,0.0,18.0,18.0,10.8222,0,0,0.0,0.0,0.0,-0.25,1.3626,0.85,-1.35,,,1,1,,2024,2024,2024.0,0,2020,2020,2005,8be9c1033366d2ba,M,11.58,0
12.92,13.1567,13.12,0.1847,0.014,13.41,0.49,13.0,13.31,12.894,13.1493,13.15,0.1837,0.014,13.416,0.522,12.994,13.268,-0.1248,0.1373,-0.1003,0.39,0.18,0.1628,9,6,3,2.0,15.0,17.0,3.7569,1,5,0.5556,-0.03,0.0,0.1222,0.5995,0.65,-0.375,,,1,1,,2023,2025,2023.8889,2,2020,2020,2005,6d022a434d58c38b,F,12.92,0
11.46,11.62,11.595,0.1528,0.0132,11.81,0.35,11.4925,11.75,11.46,11.6592,11.6325,0.146,0.0125,11.87,0.41,11.5912,11.745,-0.1497,0.1231,-0.154,0.33,0.17,0.281,6,6,3,1.0,16.0,16.0,5.1084,1,2,0.3333,-0.0075,0.1667,-0.94,1.0574,0.15,-1.6667,,,1,1,,2023,2025,2023.8333,2,2020,2020,2005,3842d0bd6587caa3,M,11.46,0
11.27,11.38,11.41,0.0744,0.0065,11.43,0.16,11.3675,11.4225,11.27,11.39,11.4275,0.0801,0.007,11.435,0.165,11.3862,11.4312,0.0764,0.0626,-0.0144,0.15,0.16,0.4314,4,3,1,0.0,18.0,18.0,11.5039,1,1,0.25,-0.0267,0.0,-0.2,0.3559,0.1,-0.45,,,1,1,,2023,2023,2023.0,0,2020,2020,2005,af2e7508851e9010,M,11.27,0
11.22,11.235,11.235,0.0212,0.0019,11.25,0.03,11.2275,11.2425,11.185,11.2175,11.2175,0.046,0.0041,11.25,0.065,11.2012,11.2338,,,,0.03,0.0,0.1565,2,2,1,0.0,17.0,18.0,10.4357,1,1,0.5,-0.03,0.5,0.7,0.0,0.7,0.0,,,1,1,,2023,2023,2023.0,0,2020,2020,2005,c909ce54c2b055ba,M,11.22,0
11.84,12.0286,12.02,0.1539,0.0128,12.28,0.44,11.915,12.115,11.765,12.0436,12.07,0.1844,0.0153,12.34,0.575,11.94,12.125,-0.1933,0.0994,-0.1763,0.31,0.08,0.2419,7,7,2,1.0,17.0,18.0,5.4631,0,0,0.0,0.0,0.1429,-0.35,1.0114,1.5,-0.9,,,1,1,,2024,2025,2024.4286,1,2020,2020,2005,e3b45f38ef97cc9a,M,11.84,0
11.25,11.28,11.28,0.0424,0.0038,11.31,0.06,11.265,11.295,11.265,11.3025,11.3025,0.053,0.0047,11.34,0.075,11.2838,11.3212,,,,0.0,0.06,0.0,2,1,1,0.0,18.0,18.0,2.0,1,1,0.5,-0.06,0.0,-0.45,0.2121,0.0,-0.45,178.0,75.0,0,0,23.6713,2020,2020,2020.0,0,2020,2020,2000,ee6f09c9a101575f,M,11.12,1
11.01,11.4558,11.305,0.4887,0.0427,12.53,1.52,11.2,11.4575,10.955,11.4413,11.31,0.4839,0.0423,12.495,1.54,11.1788,11.45,-0.3872,0.1909,-0.3848,1.52,0.13,0.4558,12,11,4,3.0,15.0,18.0,3.5985,1,5,0.4167,-0.1237,0.1667,0.35,0.6803,0.5875,-0.6,,,1,1,,2022,2025,2024.0833,3,2020,2020,2005,6a93ddd0172cfc24,M,11.01,0
10.82,11.1486,11.13,0.2959,0.0265,11.64,0.82,10.92,11.305,10.7,11.1357,11.105,0.3204,0.0288,11.655,0.955,10.94,11.305,-0.1988,0.2105,-0.2118,0.82,0.01,0.3431,7,5,4,2.0,17.0,19.0,2.9287,1,2,0.2857,0.32,0.0,0.2571,1.0983,1.0667,-0.35,,,1,1,,2020,2023,2021.5714,3,2020,2020,2000,03f033be0392f558,M,10.82,0
11.52,11.615,11.615,0.1344,0.0116,11.71,0.19,11.5675,11.6625,11.55,11.625,11.625,0.1061,0.0091,11.7,0.15,11.5875,11.6625,,,,0.19,0.0,4.0822,2,2,1,0.0,19.0,19.0,42.9706,0,0,0.0,0.0,0.0,-0.2,0.5657,0.2,-0.6,,,1,1,,2024,2024,2024.0,0,2020,2020,2005,c1bdb1e4dd749732,M,11.52,0
11.65,11.895,11.925,0.1919,0.0161,12.08,0.43,11.7925,12.0275,11.64,11.895,11.9225,0.2079,0.0175,12.095,0.455,11.7712,12.0462,-0.4059,0.0481,-0.4331,0.36,0.0,0.3757,4,3,2,1.0,15.0,16.0,4.1743,0,0,0.0,0.0,0.0,-0.0,0.4243,0.35,-0.35,,,1,1,,2022,2023,2022.25,1,2020,2020,2005,dc1ddaafeba1b763,M,11.65,0
12.74,12.9714,12.97,0.1496,0.0115,13.16,0.42,12.88,13.085,12.74,12.9749,12.986,0.1415,0.0109,13.16,0.42,12.905,13.064,-0.0448,0.1384,-0.0189,0.0,0.31,0.0,7,4,2,1.0,17.0,17.0,8.6086,1,4,0.5714,0.0617,0.2857,-0.08,0.9149,0.4667,-0.9,,,1,1,,2022,2023,2022.4286,1,2020,2020,2005,817e74883eab1d98,F,12.74,0
12.13,12.8808,12.7,0.5608,0.0435,13.92,1.79,12.4925,13.255,12.058,12.8763,12.721,0.5646,0.0438,13.956,1.898,12.4925,13.2295,-0.407,0.2837,-0.4024,1.11,0.38,0.3975,12,8,4,3.0,14.0,17.0,4.2971,1,5,0.4167,-0.2293,0.0833,0.0818,0.5828,0.56,-0.6333,,,1,1,,2022,2025,2024.0,3,2020,2020,2005,0a7968c3321978ec,F,12.13,0
13.23,13.57,13.455,0.4143,0.0305,14.14,0.91,13.2825,13.7425,13.188,13.582,13.455,0.4716,0.0347,14.23,1.042,13.2585,13.7785,-0.1384,0.3477,-0.1515,0.0,0.07,0.0,4,4,2,1.0,15.0,15.0,2.7106,1,1,0.25,-0.0533,0.0,-0.2,0.9592,0.5,-0.9,,,1,1,,2024,2025,2024.25,1,2020,2020,2005,56a44086e1d78d1f,F,13.23,0
11.54,11.64,11.6,0.1249,0.0107,11.78,0.24,11.57,11.69,11.56,11.6083,11.575,0.0711,0.0061,11.69,0.13,11.5675,11.6325,0.2158,0.0233,0.1256,0.0,0.24,0.0,3,3,2,1.0,18.0,18.0,3.0522,1,1,0.3333,0.15,0.0,0.6333,1.106,1.15,-0.4,,,1,1,,2023,2024,2023.3333,1,2020,2020,2005,9911bc57b50f81ce,M,11.54,0
11.78,11.9625,12.0,0.1384,0.0116,12.07,0.29,11.8925,12.07,11.765,11.96,11.9975,0.1497,0.0125,12.08,0.315,11.8812,12.0763,-0.2183,0.0317,-0.2343,0.29,0.0,0.2123,4,4,2,1.0,17.0,19.0,2.9279,0,0,0.0,0.0,0.0,0.05,0.238,0.25,-0.15,,,1,1,,2023,2024,2023.25,1,2020,2020,2005,f08ab7a811f536a7,M,11.78,0
12.51,12.756,12.77,0.2019,0.0158,13.03,0.52,12.62,12.85,12.462,12.738,12.74,0.2185,0.0171,13.03,0.568,12.608,12.85,-0.2246,0.0851,-0.2472,0.34,0.11,0.2365,5,3,2,1.0,17.0,18.0,3.4786,1,2,0.4,0.035,0.0,0.3,0.3464,0.5,0.0,,,1,1,,2021,2022,2021.4,1,2020,2020,2000,c10271a86319f8b2,F,12.51,0
11.29,11.685,11.66,0.4044,0.0346,12.13,0.84,11.3725,11.9725,11.275,11.6962,11.695,0.4207,0.036,12.12,0.845,11.3688,12.0225,-0.3849,0.0779,-0.4062,0.84,0.0,0.4607,4,4,2,2.0,18.0,20.0,2.1937,1,1,0.25,-0.5933,0.0,-0.225,0.7932,0.25,-1.4,,,1,1,,2023,2025,2024.0,2,2020,2020,2005,192b7d3c6bd7309a,M,11.2,0
11.82,11.93,11.93,0.1556,0.013,12.04,0.22,11.875,11.985,11.825,11.96,11.96,0.1909,0.016,12.095,0.27,11.8925,12.0275,,,,0.0,0.22,0.0,2,2,1,0.0,18.0,18.0,20.2917,1,1,0.5,0.22,0.0,-0.6,0.7071,0.0,-0.6,,,1,1,,2023,2023,2023.0,0,2020,2020,2005,08f02b3c6206b7cf,M,11.82,0
11.37,11.6025,11.58,0.2105,0.0181,11.88,0.51,11.5125,11.67,11.36,11.5975,11.575,0.2142,0.0185,11.88,0.52,11.51,11.6625,-0.0505,0.1791,-0.0507,0.51,0.19,0.3555,4,4,2,1.0,17.0,18.0,2.7882,1,3,0.75,-0.31,0.0,0.1,0.1155,0.2,0.0,,,1,1,,2023,2024,2023.5,1,2020,2020,2005,1aa9822b093be98f,M,11.37,0
11.8,11.9333,11.9,0.1528,0.0128,12.1,0.3,11.85,12.0,11.8,11.9483,11.885,0.1882,0.0157,12.16,0.36,11.8425,12.0225,0.8317,0.0513,0.9701,0.0,0.3,0.0,3,3,1,0.0,19.0,19.0,9.208,1,2,0.6667,0.25,0.0,-0.3,0.7937,0.3,-1.2,,,1,1,,2023,2023,2023.0,0,2020,2020,2000,ec852053c6f3ec06,M,11.48,0
11.16,11.6083,11.665,0.2596,0.0224,11.84,0.68,11.525,11.7975,11.16,11.6167,11.6875,0.2728,0.0235,11.855,0.695,11.4962,11.83,0.0142,0.2361,0.0362,0.68,0.63,0.4275,6,6,2,2.0,17.0,18.0,3.7719,1,1,0.1667,0.538,0.5,-0.3333,1.193,1.0,-1.0,,,1,1,,2023,2024,2023.5,1,2020,2020,2005,7b5359aad42e01d6,M,11.16,0
12.25,12.35,12.35,0.1414,0.0115,12.45,0.2,12.3,12.4,12.124,12.257,12.257,0.1881,0.0153,12.39,0.266,12.1905,12.3235,,,,0.2,0.0,0.0485,2,2,2,4.0,16.0,20.0,0.4854,0,0,0.0,0.0,0.0,1.55,0.7778,1.55,0.0,165.0,53.0,0,0,19.4674,2019,2023,2021.0,4,2010,2010,2000,f5dbd7a6035e571e,F,12.25,1
11.26,12.6267,11.515,2.9045,0.23,18.55,7.29,11.3725,11.575,11.27,12.6283,11.5175,2.9152,0.2308,18.575,7.305,11.3975,11.5287,0.2335,2.5894,0.2605,0.32,7.29,0.2737,6,6,2,1.0,17.0,17.0,5.1323,1,2,0.3333,1.81,0.0,-0.0333,0.8548,1.0,-0.55,,,1,1,,2023,2024,2023.3333,1,2020,2020,2005,8935992dfe3ed15d,M,11.26,0
11.84,11.9233,11.9,0.0971,0.0081,12.03,0.19,11.87,11.965,11.85,11.9017,11.875,0.069,0.0058,11.98,0.13,11.8625,11.9275,-0.1986,0.0616,-0.117,0.06,0.0,0.1044,3,3,1,1.0,17.0,18.0,5.2179,0,0,0.0,0.0,0.0,0.4333,0.6028,0.75,-0.2,,,1,1,,2023,2023,2023.0,0,2020,2020,2005,a5ffa146a110223a,M,11.84,0
13.71,14.01,14.09,0.2691,0.0192,14.23,0.52,13.9,14.16,13.68,13.97,14.024,0.2671,0.0191,14.206,0.526,13.852,14.115,-0.4505,0.0222,-0.4418,0.52,0.0,0.4678,3,3,2,1.0,17.0,18.0,2.6989,1,1,0.3333,-0.33,0.0,0.6667,0.3786,0.6667,0.0,,,1,1,,2020,2021,2020.3333,1,2020,2020,2000,2531133cf2c335bf,F,13.71,0
11.57,11.64,11.6,0.0964,0.0083,11.75,0.18,11.585,11.675,11.58,11.6517,11.635,0.0813,0.007,11.74,0.16,11.6075,11.6875,-0.0997,0.0665,-0.0576,0.18,0.03,0.1836,3,3,2,1.0,16.0,17.0,3.0608,1,2,0.6667,0.165,0.0,-0.2333,0.4509,0.2,-0.45,,,1,1,,2023,2024,2023.3333,1,2020,2020,2005,3a571ab3d7a5638c,M,11.57,0
11.67,11.7033,11.67,0.0577,0.0049,11.77,0.1,11.67,11.72,11.655,11.695,11.66,0.065,0.0056,11.77,0.115,11.6575,11.715,0.0206,0.047,0.0368,0.0,0.0,0.0,3,3,1,0.0,18.0,18.0,8.2387,1,2,0.6667,-0.05,0.0,0.1667,0.1528,0.25,0.0,,,1,1,,2023,2023,2023.0,0,2020,2020,2005,9e632cb45c04952a,M,11.67,0
12.84,13.09,12.95,0.3422,0.0261,13.48,0.64,12.895,13.215,12.81,13.122,12.974,0.4067,0.031,13.582,0.772,12.892,13.278,0.5728,0.0449,0.6757,0.0,0.64,0.0,3,2,2,1.0,17.0,17.0,2.9377,0,0,0.0,0.0,0.0,-0.5333,1.106,0.5,-1.05,,,1,1,,2023,2024,2023.3333,1,2020,2020,2005,d68c8ce135c9ba10,F,12.84,0
12.51,12.6,12.61,0.0707,0.0056,12.67,0.16,12.5625,12.6475,12.444,12.57,12.586,0.0979,0.0078,12.664,0.22,12.519,12.637,0.0922,0.0269,0.1273,0.0,0.16,0.0,4,2,2,1.0,17.0,17.0,3.3509,1,2,0.5,-0.02,0.0,0.5,0.4546,0.5,0.0,164.0,45.0,0,0,16.7311,2019,2020,2019.5,1,2010,2010,2000,0a503479da717c0d,F,12.33,1
12.66,12.9533,13.01,0.1991,0.0154,13.25,0.59,12.79,13.11,12.588,12.9333,12.98,0.2099,0.0162,13.25,0.662,12.76,13.089,0.0109,0.1922,0.0059,0.48,0.42,0.21,15,9,3,2.0,15.0,17.0,6.5614,1,4,0.2667,-0.02,0.0,0.3333,0.8432,0.77,-0.675,,,1,1,,2023,2025,2023.8,2,2020,2020,2005,e9dd26d346499fe2,F,12.66,0
10.9,11.1867,11.25,0.2608,0.0233,11.41,0.51,11.075,11.33,10.87,11.2233,11.325,0.3151,0.0281,11.475,0.605,11.0975,11.4,-0.2786,0.0394,-0.3311,0.51,0.0,0.2772,3,3,3,2.0,14.0,16.0,1.6306,0,0,0.0,0.0,0.0,-0.7333,1.159,0.6,-1.4,,,1,1,,2023,2025,2024.0,2,2020,2020,2005,0351fcef37b6e82a,M,10.9,0
13.48,13.5633,13.53,0.1041,0.0077,13.68,0.2,13.505,13.605,13.444,13.5353,13.47,0.1363,0.0101,13.692,0.248,13.457,13.581,-0.147,0.0665,-0.155,0.05,0.0,0.0623,3,3,2,1.0,18.0,18.0,3.7398,1,3,1.0,0.0,0.0,0.4667,0.611,0.8,-0.2,,,1,1,,2023,2024,2023.3333,1,2020,2020,2005,3f21dc8b1e6dd194,F,13.48,0
11.42,11.5233,11.54,0.0961,0.0083,11.61,0.19,11.48,11.575,11.415,11.5317,11.515,0.1258,0.0109,11.665,0.25,11.465,11.59,0.0887,0.0776,-0.0887,0.0,0.12,0.0,3,2,1,0.0,16.0,16.0,10.6383,0,0,0.0,0.0,0.0,-0.1667,0.8327,0.3,-1.1,,,1,1,,2023,2023,2023.0,0,2020,2020,2005,d3039a4b350cfda7,M,11.42,0
13.1,13.3433,13.32,0.1728,0.013,13.56,0.46,13.2575,13.4725,13.058,13.3083,13.278,0.1871,0.0141,13.53,0.472,13.202,13.4665,0.004,0.1577,0.011,0.23,0.42,0.0997,6,5,3,2.0,16.0,17.0,2.5996,1,3,0.5,0.0533,0.0,0.5833,0.3656,0.7,0.0,,,1,1,,2020,2022,2020.8333,2,2020,2020,2000,6eafb1a3edcfee6c,F,13.1,0
11.52,11.6133,11.65,0.0814,0.007,11.67,0.15,11.585,11.66,11.44,11.6033,11.65,0.1457,0.0126,11.72,0.28,11.545,11.685,0.0341,0.0571,0.0727,0.13,0.15,0.058,3,3,2,2.0,18.0,18.0,1.3395,0,0,0.0,0.0,0.3333,0.3,1.8385,1.6,-1.0,,,1,1,,2022,2024,2022.6667,2,2020,2020,2005,ba3f7947ac08c985,M,11.52,0
11.51,11.9233,11.57,0.6646,0.0557,12.69,1.18,11.54,12.13,11.52,11.9183,11.545,0.6684,0.0561,12.69,1.17,11.5325,12.1175,-6.0901,0.0586,-6.1401,1.18,0.06,6.0704,3,3,1,0.0,18.0,18.0,15.4331,1,1,0.3333,0.62,0.0,0.1,0.3606,0.5,-0.2,,,1,1,,2023,2023,2023.0,0,2020,2020,2005,30efeb1f925a4b85,M,11.51,0
11.87,11.9325,11.945,0.045,0.0038,11.97,0.1,11.915,11.9625,11.76,11.89,11.915,0.0976,0.0082,11.97,0.21,11.8425,11.9625,-0.0129,0.0374,0.0644,0.06,0.0,0.0281,4,4,3,2.0,15.0,17.0,1.8707,1,3,0.75,-0.0033,0.75,3.4,0.0,3.4,0.0,179.0,55.0,0,0,17.1655,2023,2025,2024.25,2,2020,2020,2005,48cace88e3f82e0c,M,11.87,1
10.82,11.0433,11.04,0.1555,0.0141,11.24,0.42,10.93,11.22,10.74,11.01,11.02,0.1976,0.0179,11.28,0.54,10.91,11.19,0.0022,0.1466,-0.0117,0.23,0.41,0.1188,9,6,3,2.0,16.0,17.0,4.6496,1,3,0.3333,0.1142,0.0,0.6667,1.3048,1.0571,-0.7,,,1,1,,2023,2025,2023.8889,2,2020,2020,2005,d36a8efe56749401,M,10.82,0
12.1,12.24,12.24,0.198,0.0162,12.38,0.28,12.17,12.31,12.085,12.2325,12.2325,0.2086,0.0171,12.38,0.295,12.1588,12.3062,,,,0.28,0.0,0.2464,2,2,2,1.0,19.0,20.0,1.7602,1,1,0.5,-0.28,0.0,0.15,0.2121,0.3,0.0,,,1,1,,2023,2024,2023.5,1,2020,2020,2000,70cffc6794572b96,M,11.97,0
11.28,11.364,11.35,0.0885,0.0078,11.47,0.19,11.28,11.44,11.27,11.353,11.31,0.0855,0.0075,11.455,0.185,11.295,11.435,-0.0446,0.0728,-0.0404,0.19,0.0,0.1007,5,4,3,2.0,17.0,18.0,2.6506,1,1,0.2,0.105,0.0,0.22,0.3962,0.35,-0.3,170.0,65.0,0,0,22.4913,2019,2021,2020.2,2,2010,2020,2000,58065dacf5bd7adc,M,11.28,1
11.33,11.6975,11.755,0.2872,0.0246,11.95,0.62,11.54,11.9125,11.25,11.6875,11.775,0.3198,0.0274,11.95,0.7,11.55,11.9125,-0.3012,0.1983,-0.264,0.62,0.28,0.4828,4,4,2,1.0,17.0,18.0,3.1151,0,0,0.0,0.0,0.5,0.4,1.6971,1.6,-0.8,,,1,1,,2022,2023,2022.75,1,2020,2020,2005,bdc54dc8fc5053d0,M,11.33,0
11.63,11.82,11.71,0.2629,0.0222,12.12,0.49,11.67,11.915,11.54,11.7733,11.66,0.3062,0.026,12.12,0.58,11.6,11.89,-1.0647,0.0031,-1.2396,0.49,0.0,1.059,3,3,1,0.0,18.0,18.0,6.4837,1,3,1.0,0.0,0.0,0.9333,0.9018,1.4,0.0,,,1,1,,2023,2023,2023.0,0,2020,2020,2005,ae68e5e13519fde3,M,11.63,0
10.96,11.385,11.41,0.257,0.0226,11.8,0.84,11.2575,11.4925,10.96,11.3894,11.4125,0.2628,0.0231,11.82,0.86,11.2575,11.495,-0.1767,0.2395,-0.1827,0.63,0.2,0.3255,8,7,3,2.0,16.0,17.0,4.133,1,2,0.25,0.44,0.5,-0.175,0.1708,0.0,-0.2333,,,1,1,,2023,2025,2024.125,2,2020,2020,2005,327264ac85e162cd,M,10.96,0
11.13,11.2375,11.245,0.1024,0.0091,11.33,0.2,11.16,11.3225,11.07,11.2612,11.28,0.1622,0.0144,11.415,0.345,11.1562,11.385,0.0639,0.0837,0.1037,0.0,0.2,0.0,4,4,2,1.0,18.0,18.0,3.7462,0,0,0.0,0.0,0.0,-0.475,1.2971,1.2,-1.0333,,,1,1,,2024,2025,2024.5,1,2020,2020,2005,ba43eda783cbccd0,M,11.13,0
11.74,11.9986,11.95,0.2042,0.017,12.27,0.53,11.87,12.145,11.755,12.0071,11.97,0.1737,0.0145,12.27,0.515,11.915,12.1125,-0.4218,0.1219,-0.3204,0.53,0.12,0.5694,7,7,2,1.0,17.0,17.0,7.5199,1,3,0.4286,0.085,0.1429,-0.2,1.0752,1.9,-0.62,,,1,1,,2022,2023,2022.7143,1,2020,2020,2005,c64ac94d3488e5c4,M,11.74,0
13.83,14.185,14.185,0.502,0.0354,14.54,0.71,14.0075,14.3625,13.77,14.155,14.155,0.5445,0.0385,14.54,0.77,13.9625,14.3475,,,,0.71,0.0,0.5907,2,2,2,1.0,18.0,19.0,1.664,1,2,1.0,0.0,0.5,1.0,0.0,1.0,0.0,,,1,1,,2022,2023,2022.5,1,2020,2020,2000,42985b2d2630dc81,F,13.64,0
11.42,11.42,11.42,0.0,0.0,11.42,0.0,11.42,11.42,11.4,11.445,11.445,0.0636,0.0056,11.49,0.09,11.4225,11.4675,,,,0.0,0.0,0.0,2,2,2,1.0,16.0,18.0,1.9325,1,1,0.5,0.0,0.0,-0.5,1.2728,0.4,-1.4,,,1,1,,2024,2025,2024.5,1,2020,2020,2005,54896e4ccc14f8e3,M,11.42,0
11.61,11.6925,11.705,0.0624,0.0053,11.75,0.14,11.6625,11.735,11.58,11.6725,11.6925,0.0661,0.0057,11.725,0.145,11.6475,11.7175,-0.0994,0.0257,-0.0373,0.12,0.0,0.0994,4,3,2,1.0,15.0,16.0,3.3129,1,2,0.5,-0.025,0.0,0.4,1.3089,0.9333,-1.2,,,1,1,,2024,2025,2024.25,1,2020,2020,2005,1fbb034ed61737ac,M,11.61,0
11.69,11.83,11.84,0.1296,0.011,11.95,0.26,11.735,11.935,11.69,11.8462,11.8475,0.1434,0.0121,12.0,0.31,11.7462,11.9475,0.2313,0.0969,0.3146,0.24,0.26,0.3949,4,4,1,1.0,16.0,16.0,6.5811,1,1,0.25,0.1867,0.5,-0.65,0.495,0.0,-0.65,,,1,1,,2024,2024,2024.0,0,2020,2020,2005,119eb70fcf61afbd,M,11.69,0
11.74,11.78,11.78,0.0566,0.0048,11.82,0.08,11.76,11.8,11.73,11.7625,11.7625,0.046,0.0039,11.795,0.065,11.7462,11.7788,,,,0.08,0.0,1.0436,2,2,1,0.0,18.0,18.0,26.0893,1,1,0.5,-0.08,0.0,0.35,0.2121,0.35,0.0,,,1,1,,2023,2023,2023.0,0,2020,2020,2005,e521385a383636da,M,11.74,0
11.42,11.6917,11.66,0.289,0.0247,12.22,0.8,11.495,11.7275,11.37,11.6908,11.6825,0.2979,0.0255,12.22,0.85,11.505,11.7288,-0.1656,0.2277,-0.1535,0.8,0.27,0.3516,6,6,3,2.0,17.0,18.0,2.6372,1,5,0.8333,-0.29,0.1667,0.02,0.6419,1.0,-0.45,,,1,1,,2022,2024,2023.1667,2,2020,2020,2005,a3fb935eb5b7aa5d,M,11.42,0
11.22,11.3067,11.32,0.0808,0.0071,11.38,0.16,11.27,11.35,11.25,11.295,11.305,0.0409,0.0036,11.33,0.08,11.2775,11.3175,-0.119,0.0059,-0.0499,0.16,0.0,0.1215,3,3,2,1.0,17.0,18.0,2.2781,1,1,0.3333,0.13,0.0,0.2333,1.115,1.5,-0.4,180.0,62.0,0,0,19.1358,2019,2020,2019.3333,1,2010,2010,2000,800ea4176c875cae,M,11.22,1
12.07,12.1933,12.21,0.1159,0.0095,12.3,0.23,12.14,12.255,12.02,12.1733,12.2,0.1419,0.0117,12.3,0.28,12.11,12.25,-0.2935,0.0733,-0.342,0.23,0.14,0.48,3,3,1,0.0,18.0,19.0,6.2614,1,2,0.6667,0.025,0.0,0.4,0.5292,0.6,0.0,,,1,1,,2023,2023,2023.0,0,2020,2020,2005,c76dfe3136f60e5e,M,12.07,0
10.98,11.1575,11.155,0.1193,0.0107,11.32,0.34,11.0725,11.245,10.855,11.1481,11.1975,0.1672,0.015,11.355,0.5,11.0488,11.2462,-0.7741,0.0536,-1.1553,0.2,0.07,0.6087,8,4,1,0.0,18.0,18.0,24.35,1,3,0.375,0.0142,0.0,0.1875,1.2586,1.125,-1.0,,,1,1,,2024,2024,2024.0,0,2020,2020,2005,61cdf43c9a8f5ef7,M,10.98,0
12.81,13.024,13.07,0.1696,0.013,13.25,0.44,12.91,13.08,12.75,13.03,13.056,0.1923,0.0148,13.286,0.536,12.988,13.07,-0.2168,0.0787,-0.2155,0.27,0.1,0.2055,5,3,2,1.0,17.0,19.0,3.8047,1,3,0.6,-0.0483,0.0,-0.1,0.8888,0.7,-0.95,,,1,1,,2022,2023,2022.6,1,2020,2020,2005,e3434582d97c1a7b,F,12.81,0
12.88,13.08,13.15,0.1758,0.0134,13.21,0.33,13.015,13.18,12.856,13.016,13.054,0.1448,0.0111,13.138,0.282,12.955,13.096,-0.1956,0.0407,-0.1654,0.27,0.0,0.1706,3,3,2,2.0,17.0,18.0,1.8958,1,1,0.3333,0.3,0.0,1.0667,1.3317,1.0667,0.0,165.0,55.0,0,0,20.202,2019,2020,2019.3333,1,2010,2010,2000,3d69de07c54a8b46,F,12.88,1
11.52,11.9733,12.16,0.3946,0.033,12.24,0.72,11.84,12.2,11.5,11.9633,12.15,0.4038,0.0338,12.24,0.74,11.825,12.195,-0.08,0.3222,-0.04,0.64,0.72,3.2924,3,3,1,0.0,18.0,18.0,15.4331,1,2,0.6667,0.4,0.0,0.2,0.2,0.3,0.0,,,1,1,,2023,2023,2023.0,0,2020,2020,2005,78220547b88981df,M,11.52,0
11.65,11.9367,12.01,0.2579,0.0216,12.15,0.5,11.83,12.08,11.645,11.9383,12.02,0.2622,0.022,12.15,0.505,11.8325,12.085,1.0034,0.0519,1.0135,0.0,0.5,0.0,3,3,1,0.0,18.0,18.0,6.0206,0,0,0.0,0.0,0.0,-0.0333,0.1528,0.1,-0.2,,,1,1,,2023,2023,2023.0,0,2020,2020,2005,e37edce3fb555cdb,M,11.65,0
11.5,11.682,11.67,0.1621,0.0139,11.94,0.44,11.61,11.69,11.52,11.682,11.67,0.1653,0.0141,11.94,0.42,11.56,11.72,-0.2492,0.095,-0.3103,0.44,0.19,0.3427,5,5,2,1.0,18.0,19.0,3.8939,1,4,0.8,-0.2275,0.2,0.0,0.7118,1.0,-0.5,,,1,1,,2022,2023,2022.8,1,2020,2020,2000,a39d6877f84c43b8,M,11.35,0
12.82,13.086,13.06,0.17,0.013,13.39,0.57,13.0225,13.13,12.694,13.0812,13.089,0.1987,0.0152,13.39,0.696,13.0365,13.138,-0.1644,0.1177,-0.1636,0.51,0.2,0.2199,10,7,3,2.0,15.0,17.0,4.3123,1,4,0.4,-0.0108,0.0,0.08,0.8324,1.45,-0.525,,,1,1,,2022,2024,2023.0,2,2020,2020,2005,0001cf6c22609b80,F,12.82,0
13.5,13.655,13.65,0.1318,0.0097,13.82,0.32,13.5975,13.7075,13.488,13.6925,13.731,0.154,0.0112,13.82,0.332,13.617,13.8065,0.0969,0.075,0.1348,0.0,0.17,0.0,4,4,2,2.0,15.0,15.0,2.0606,1,3,0.75,0.02,0.25,-0.8333,1.2342,0.2,-1.35,,,1,1,,2023,2025,2024.0,2,2020,2020,2005,4ec46265af6221b9,F,13.5,0
12.68,13.0267,12.93,0.4038,0.031,13.47,0.79,12.805,13.2,12.506,12.9987,12.966,0.5098,0.0392,13.524,1.018,12.736,13.245,-0.3598,0.1021,-0.4264,0.79,0.25,0.4275,3,2,2,2.0,16.0,18.0,1.6233,1,1,0.3333,0.52,0.0,0.4667,2.1127,2.9,-0.75,,,1,1,,2019,2021,2020.3333,2,2010,2020,2000,6853fcf33e8c48c5,F,12.68,0
12.68,13.0267,12.93,0.4038,0.031,13.47,0.79,12.805,13.2,12.506,12.9987,12.966,0.5098,0.0392,13.524,1.018,12.736,13.245,-0.3598,0.1021,-0.4264,0.79,0.25,0.4275,3,2,2,2.0,16.0,18.0,1.6233,1,1,0.3333,0.52,0.0,0.4667,2.1127,2.9,-0.75,168.0,45.0,0,0,15.9439,2019,2021,2020.3333,2,2010,2020,2000,25ba03aa9ceb9397,F,12.68,1
12.35,12.4938,12.48,0.1115,0.0089,12.72,0.37,12.4125,12.5425,12.32,12.5031,12.504,0.1377,0.011,12.846,0.526,12.4015,12.5405,0.0996,0.1052,0.1115,0.03,0.01,0.0137,16,10,3,2.0,17.0,17.0,7.3141,1,5,0.3125,-0.038,0.0,-0.1562,0.7108,0.4833,-0.675,,,1,1,,2023,2025,2023.5,2,2020,2020,2005,e640e22455728a59,F,12.35,0
12.03,12.0533,12.06,0.0208,0.0017,12.07,0.04,12.045,12.065,12.015,12.0617,12.07,0.0431,0.0036,12.1,0.085,12.0425,12.085,-0.0161,0.0098,0.0387,0.03,0.0,0.0144,3,3,3,2.0,17.0,19.0,1.4361,1,1,0.3333,-0.025,0.3333,-0.25,1.6263,0.9,-1.4,175.0,70.0,0,0,22.8571,2021,2023,2022.0,2,2020,2020,2000,2b1f626f0e270a88,M,12.03,1
11.56,11.6667,11.69,0.0971,0.0083,11.75,0.19,11.625,11.72,11.565,11.6467,11.645,0.0825,0.0071,11.73,0.165,11.605,11.6875,-0.1967,0.019,-0.1535,0.19,0.0,0.2203,3,3,2,1.0,18.0,18.0,3.4786,0,0,0.0,0.0,0.0,0.4,0.5,0.65,-0.1,,,1,1,,2024,2025,2024.3333,1,2020,2020,2005,da36c7a68813827f,M,11.56,0
11.78,11.8833,11.93,0.0896,0.0075,11.94,0.16,11.855,11.935,11.77,11.875,11.91,0.0926,0.0078,11.945,0.175,11.84,11.9275,0.6245,0.0697,0.3711,0.16,0.15,1.948,3,3,1,0.0,18.0,18.0,36.525,1,1,0.3333,-0.085,0.0,0.1667,0.2517,0.3,-0.1,,,1,1,,2023,2023,2023.0,0,2020,2020,2005,0ee5df6c63541cef,M,11.78,0
11.59,11.6,11.6,0.0141,0.0012,11.61,0.02,11.595,11.605,11.575,11.5925,11.5925,0.0247,0.0021,11.61,0.035,11.5837,11.6012,,,,0.02,0.0,0.2609,2,2,1,0.0,18.0,18.0,26.0893,1,1,0.5,-0.02,0.0,0.15,0.2121,0.3,0.0,,,1,1,,2023,2023,2023.0,0,2020,2020,2005,c4122d1239f688db,M,11.59,0
13.3,13.5833,13.4,0.4072,0.03,14.05,0.75,13.35,13.725,13.346,13.6013,13.378,0.4148,0.0305,14.08,0.734,13.362,13.729,0.7609,0.0408,0.7805,0.0,0.75,0.0,3,2,2,1.0,18.0,18.0,3.2612,1,1,0.3333,0.425,0.0,-0.3,1.1136,0.9,-0.9,,,1,1,,2020,2021,2020.3333,1,2020,2020,2000,57a0c8e822fc0e1b,F,13.3,0
11.26,11.4325,11.37,0.2076,0.0182,11.73,0.47,11.3125,11.49,11.26,11.4288,11.3625,0.2068,0.0181,11.73,0.47,11.3275,11.4638,-0.2798,0.0975,-0.2573,0.47,0.07,0.366,4,4,2,1.0,17.0,18.0,3.1151,1,1,0.25,0.23,0.5,0.15,0.7778,0.7,-0.4,,,1,1,,2022,2023,2022.5,1,2020,2020,2005,d3a3a3b97ad673a5,M,11.26,0
11.29,11.794,11.85,0.3703,0.0314,12.18,0.89,11.56,12.09,11.315,11.803,11.845,0.3625,0.0307,12.165,0.85,11.57,12.12,-0.2988,0.213,-0.297,0.8,0.0,0.4104,5,4,3,2.0,14.0,16.0,2.565,1,2,0.4,-0.3683,0.0,-0.18,0.3834,0.2,-0.4333,,,1,1,,2023,2025,2024.0,2,2020,2020,2005,7cd4f48fa285921b,M,11.29,0
11.66,11.77,11.745,0.1158,0.0098,11.93,0.27,11.705,11.81,11.74,11.795,11.755,0.0911,0.0077,11.93,0.19,11.74,11.81,-0.2423,0.0834,-0.2208,0.27,0.06,0.4442,4,4,1,1.0,16.0,16.0,6.5811,1,1,0.25,0.0,0.5,-1.0,0.8485,0.0,-1.0,,,1,1,,2024,2024,2024.0,0,2020,2020,2005,d1801c7903f976fc,M,11.66,0
11.98,12.03,12.03,0.0707,0.0059,12.08,0.1,12.005,12.055,12.025,12.049,12.049,0.0339,0.0028,12.073,0.048,12.037,12.061,,,,0.0,0.1,0.0,2,2,1,0.0,17.0,17.0,15.8804,0,0,0.0,0.0,0.0,-0.38,0.7354,0.14,-0.9,,,1,1,,2022,2022,2022.0,0,2020,2020,2005,f662a13215495b43,M,11.98,0
13.01,13.1167,13.04,0.1595,0.0122,13.3,0.29,13.025,13.17,12.998,13.1127,13.004,0.1934,0.0148,13.336,0.338,13.001,13.17,0.2928,0.0122,0.3567,0.0,0.29,0.0,3,2,2,1.0,17.0,17.0,3.1946,0,0,0.0,0.0,0.0,0.0667,0.611,0.4,-0.6,169.0,53.0,0,0,18.5568,2023,2024,2023.3333,1,2020,2020,2005,dce94efcadbbed6a,F,13.01,1
11.77,11.9865,11.98,0.1449,0.0121,12.27,0.5,11.88,12.105,11.694,11.9877,11.965,0.1658,0.0138,12.318,0.624,11.902,12.1215,-0.1227,0.1088,-0.111,0.27,0.28,0.1225,20,13,3,2.0,15.0,17.0,9.0745,1,9,0.45,-0.01,0.0,-0.02,1.2497,0.9,-0.76,,,1,1,,2023,2025,2024.5,2,2020,2020,2005,8ffab65df60540ac,F,11.77,0
11.6,11.7967,11.86,0.1739,0.0147,11.93,0.33,11.73,11.895,11.595,11.775,11.815,0.1637,0.0139,11.915,0.32,11.705,11.865,-0.2976,0.001,-0.2784,0.33,0.0,0.2983,3,3,2,1.0,17.0,19.0,2.7123,1,2,0.6667,0.095,0.0,0.4333,0.4163,0.4333,0.0,,,1,1,,2022,2023,2022.3333,1,2020,2020,2005,405dffe3eb53fc9c,M,11.6,0
11.82,11.825,11.825,0.0071,0.0006,11.83,0.01,11.8225,11.8275,11.74,11.7475,11.7475,0.0106,0.0009,11.755,0.015,11.7438,11.7512,,,,0.01,0.0,1.8262,2,2,1,0.0,18.0,18.0,365.25,1,1,0.5,-0.01,0.0,1.55,0.3536,1.55,0.0,,,1,1,,2024,2024,2024.0,0,2020,2020,2005,e2edc12f035621ff,M,11.82,0
12.4,12.582,12.52,0.2043,0.0162,12.85,0.45,12.4,12.74,12.316,12.5676,12.502,0.2434,0.0194,12.862,0.546,12.376,12.782,-0.0103,0.1823,-0.0085,0.0,0.12,0.0,5,4,2,3.0,17.0,17.0,1.6557,1,2,0.4,-0.0717,0.0,0.24,0.7829,0.7,-0.45,,,1,1,,2022,2025,2022.6,3,2020,2020,2005,567db840fb72fa55,F,12.4,0
13.01,13.2471,13.07,0.3135,0.0237,13.79,0.78,13.04,13.39,12.986,13.2677,13.078,0.3525,0.0266,13.922,0.936,13.03,13.414,-0.0696,0.286,-0.1304,0.78,0.58,0.336,7,6,3,2.0,14.0,15.0,3.015,1,2,0.2857,0.297,0.0,-0.3429,1.0097,0.4333,-1.2333,,,1,1,,2023,2025,2024.1429,2,2020,2020,2005,9a36fb1a7adaab1b,F,13.01,0
11.59,11.68,11.65,0.1082,0.0093,11.8,0.21,11.62,11.725,11.61,11.6867,11.655,0.0965,0.0083,11.795,0.185,11.6325,11.725,-0.0895,0.0577,-0.0766,0.21,0.0,0.1287,3,3,2,2.0,18.0,19.0,1.8385,1,1,0.3333,-0.18,0.0,-0.1333,0.2517,0.1,-0.25,,,1,1,,2023,2025,2023.6667,2,2020,2020,2005,83b587d85238ac2e,M,11.59,0
10.92,11.2233,11.13,0.3592,0.032,11.62,0.7,11.025,11.375,10.915,11.24,11.13,0.3918,0.0349,11.675,0.76,11.0225,11.4025,-0.3155,0.0745,-0.3458,0.7,0.0,0.3591,3,3,2,2.0,17.0,19.0,1.539,0,0,0.0,0.0,0.0,-0.3333,0.6658,0.1,-1.1,,,1,1,,2022,2024,2023.3333,2,2020,2020,2005,d6d1a9952d6a5a62,M,10.92,0
11.71,11.9525,11.94,0.2701,0.0226,12.22,0.51,11.725,12.1675,11.71,11.9488,11.9325,0.2665,0.0223,12.22,0.51,11.725,12.1562,-0.3606,0.0953,-0.3473,0.51,0.02,0.3603,4,4,2,1.0,17.0,18.0,2.8259,0,0,0.0,0.0,0.0,0.075,0.15,0.3,0.0,,,1,1,,2023,2024,2023.5,1,2020,2020,2005,5436d889505b78fa,M,11.71,0
12.04,12.4956,12.33,0.5537,0.0443,13.47,1.43,12.14,12.42,12.03,12.5096,12.306,0.5589,0.0447,13.494,1.464,12.176,12.48,-0.266,0.1549,-0.2646,1.38,0.29,0.2488,9,5,4,6.0,14.0,19.0,1.6225,1,3,0.3333,-0.0213,0.0,-0.2333,0.4717,0.45,-0.4286,163.0,63.0,0,0,23.7118,2019,2025,2022.8889,6,2010,2020,2005,02a48bb2b75316cb,F,12.04,1
11.27,11.5625,11.59,0.2225,0.0192,11.8,0.53,11.4725,11.68,11.27,11.5812,11.5825,0.2545,0.022,11.89,0.62,11.48,11.6838,0.1467,0.1454,0.1417,0.0,0.37,0.0,4,4,3,2.0,17.0,17.0,1.847,1,1,0.25,0.39,0.25,-0.5,1.179,0.5,-1.0,,,1,1,,2023,2025,2023.75,2,2020,2020,2005,853c77d56badb743,M,11.27,0
11.76,11.7967,11.8,0.0351,0.003,11.83,0.07,11.78,11.815,11.76,11.8,11.785,0.0492,0.0042,11.855,0.095,11.7725,11.82,0.0095,0.0285,-0.027,0.0,0.04,0.0,3,3,2,1.0,18.0,18.0,4.0137,0,0,0.0,0.0,0.3333,-0.1,0.5657,0.3,-0.5,,,1,1,,2022,2023,2022.3333,1,2020,2020,2005,47ffc94ae460c76a,M,11.76,0
11.99,12.12,12.12,0.1838,0.0152,12.25,0.26,12.055,12.185,11.975,12.13,12.13,0.2192,0.0181,12.285,0.31,12.0525,12.2075,,,,0.26,0.0,18.993,2,2,1,0.0,19.0,19.0,146.1,0,0,0.0,0.0,0.0,-0.2,0.7071,0.3,-0.7,,,1,1,,2023,2023,2023.0,0,2020,2020,2000,f20990487619b0a3,M,11.99,0
11.08,11.115,11.115,0.0495,0.0045,11.15,0.07,11.0975,11.1325,11.075,11.0975,11.0975,0.0318,0.0029,11.12,0.045,11.0862,11.1088,,,,0.0,0.07,0.0,2,1,1,0.0,18.0,18.0,2.0,1,1,0.5,0.07,0.0,0.35,0.3536,0.35,0.0,176.0,65.0,0,0,20.984,2021,2021,2021.0,0,2020,2020,2000,1b2f82327dc31167,M,11.08,1
13.59,13.81,13.66,0.3223,0.0233,14.18,0.59,13.625,13.92,13.578,13.7792,13.66,0.2805,0.0204,14.0996,0.5216,13.619,13.8798,0.5916,0.0679,0.5196,0.0,0.59,0.0,3,3,2,1.0,16.0,16.0,2.8836,1,1,0.3333,-0.555,0.0,0.5133,0.7229,0.77,0.0,,,1,1,,2024,2025,2024.3333,1,2020,2020,2005,05321b27d737954e,F,13.59,0
11.51,11.6,11.57,0.1082,0.0093,11.72,0.21,11.54,11.645,11.475,11.5933,11.57,0.1316,0.0113,11.735,0.26,11.5225,11.6525,-0.1399,0.0605,-0.1836,0.21,0.0,0.2137,3,3,2,1.0,17.0,18.0,3.0522,1,1,0.3333,-0.18,0.0,0.1333,0.5132,0.7,-0.3,,,1,1,,2023,2024,2023.3333,1,2020,2020,2005,c0015247e5c12092,M,11.51,0
11.89,12.1,12.035,0.2578,0.0213,12.44,0.55,11.905,12.23,11.885,12.0838,12.01,0.247,0.0204,12.43,0.545,11.9188,12.175,-0.2175,0.1532,-0.1864,0.27,0.02,0.1875,4,4,2,1.0,17.0,19.0,2.7776,0,0,0.0,0.0,0.0,0.325,0.7632,0.5667,-0.4,,,1,1,,2023,2024,2023.5,1,2020,2020,2005,3f5cd3cedff81ef6,M,11.89,0
12.19,12.24,12.24,0.0707,0.0058,12.29,0.1,12.215,12.265,12.17,12.2275,12.2275,0.0813,0.0067,12.285,0.115,12.1988,12.2562,,,,0.0,0.1,0.0,2,2,2,0.0,15.0,15.0,4.8377,1,1,0.5,-0.1,0.0,0.25,0.2121,0.25,0.0,,,1,1,,2024,2025,2024.5,1,2020,2020,2005,63fbe25468249fce,M,12.19,0
12.02,12.1267,12.145,0.0692,0.0057,12.2,0.18,12.085,12.175,12.01,12.1192,12.1325,0.0786,0.0065,12.215,0.205,12.0638,12.1712,-0.1782,0.0451,-0.1929,0.14,0.0,0.2029,6,6,1,1.0,17.0,18.0,8.6964,1,1,0.1667,-0.064,0.0,0.15,0.2881,0.3,-0.3,,,1,1,,2023,2023,2023.0,0,2020,2020,2005,77f9fa544c6715f3,M,12.02,0
10.61,10.63,10.63,0.0283,0.0027,10.65,0.04,10.62,10.64,10.48,10.5525,10.5525,0.1025,0.0097,10.625,0.145,10.5162,10.5887,,,,0.0,0.04,0.0,2,1,1,0.0,20.0,20.0,2.0,1,1,0.5,0.04,0.0,1.55,1.4849,1.55,0.0,,,1,1,,2025,2025,2025.0,0,2020,2020,2005,092bb910b4551431,M,10.61,0
11.63,11.685,11.685,0.0778,0.0067,11.74,0.11,11.6575,11.7125,11.515,11.6275,11.6275,0.1591,0.0137,11.74,0.225,11.5713,11.6838,,,,0.11,0.0,0.7049,2,2,1,0.0,16.0,16.0,12.8158,0,0,0.0,0.0,0.5,2.3,0.0,2.3,0.0,,,1,1,,2023,2023,2023.0,0,2020,2020,2005,74f793e42d395a9a,M,11.63,0
12.04,12.105,12.1,0.0597,0.0049,12.18,0.14,12.07,12.135,12.005,12.0788,12.07,0.0755,0.0063,12.17,0.165,12.0238,12.125,0.2173,0.0149,0.2587,0.0,0.14,0.0,4,4,1,1.0,17.0,17.0,6.5223,1,1,0.25,-0.02,0.0,0.525,0.3948,0.525,0.0,,,1,1,,2023,2023,2023.0,0,2020,2020,2005,f3a4e98719238236,M,12.04,0
13.02,13.045,13.045,0.0354,0.0027,13.07,0.05,13.0325,13.0575,13.064,13.111,13.111,0.0665,0.0051,13.158,0.094,13.0875,13.1345,,,,0.0,0.05,0.0,2,1,1,0.0,18.0,18.0,2.0,1,1,0.5,0.05,0.0,-1.1,1.6971,0.1,-2.3,,,1,1,,2019,2019,2019.0,0,2010,2010,2000,ce99cc9084c90a6b,F,13.02,0
11.69,11.765,11.765,0.0645,0.0055,11.84,0.15,11.7275,11.8025,11.69,11.7812,11.795,0.0684,0.0058,11.845,0.155,11.75,11.8262,-0.1345,0.0271,-0.0627,0.15,0.05,0.1762,4,4,2,1.0,17.0,18.0,4.6977,1,2,0.5,0.0,0.25,-0.4333,1.0408,0.4,-0.85,,,1,1,,2024,2025,2024.5,1,2020,2020,2005,50b3fa8a1d57ac09,M,11.69,0
11.41,11.55,11.55,0.198,0.0171,11.69,0.28,11.48,11.62,11.295,11.535,11.535,0.3394,0.0294,11.775,0.48,11.415,11.655,,,,0.28,0.0,0.9469,2,2,1,0.0,18.0,19.0,6.7639,0,0,0.0,0.0,0.0,0.3,2.8284,2.3,-1.7,,,1,1,,2023,2023,2023.0,0,2020,2020,2005,3c514f899ea38859,M,11.15,0
11.39,11.49,11.49,0.1414,0.0123,11.59,0.2,11.44,11.54,11.4,11.4875,11.4875,0.1237,0.0108,11.575,0.175,11.4438,11.5312,,,,0.0,0.2,0.0,2,2,1,0.0,18.0,18.0,26.0893,1,1,0.5,0.2,0.0,0.05,0.3536,0.3,-0.2,,,1,1,,2023,2023,2023.0,0,2020,2020,2005,741e15310cff89b7,M,11.39,0
12.42,12.4817,12.495,0.0387,0.0031,12.52,0.1,12.46,12.5075,12.418,12.4737,12.467,0.0526,0.0042,12.554,0.136,12.432,12.5035,0.1602,0.029,-0.0595,0.0,0.1,0.0,6,4,1,0.0,18.0,18.0,20.2917,1,3,0.5,0.0567,0.3333,0.2,0.9055,0.9,-0.5,,,1,1,,2019,2019,2019.0,0,2010,2010,2000,47086178c553b198,F,12.42,0
13.62,13.9186,13.87,0.3811,0.0274,14.72,1.1,13.66,13.95,13.6,13.8971,13.882,0.396,0.0285,14.738,1.138,13.628,13.902,-0.1762,0.316,-0.0955,1.1,0.33,0.5343,7,7,3,2.0,16.0,18.0,3.3999,1,4,0.5714,0.3058,0.0,0.3571,0.5159,0.75,-0.25,,,1,1,,2022,2024,2023.0,2,2020,2020,2005,4d263cff5627030c,F,13.62,0
11.03,11.3479,11.32,0.2687,0.0237,12.29,1.26,11.215,11.395,11.05,11.3526,11.305,0.2763,0.0243,12.3,1.25,11.2025,11.4,-0.0675,0.2392,-0.0521,1.26,0.33,0.4234,19,12,4,3.0,14.0,16.0,6.3843,1,5,0.2632,0.188,0.0,-0.0947,0.833,0.5111,-0.64,175.0,60.0,0,0,19.5918,2022,2025,2023.8947,3,2020,2020,2005,0933d7bace0a5c7b,M,11.03,1
13.24,13.348,13.34,0.0817,0.0061,13.47,0.23,13.34,13.35,13.18,13.3396,13.34,0.1206,0.009,13.5,0.32,13.28,13.398,0.3513,0.0477,0.5153,0.0,0.23,0.0,5,4,1,0.0,16.0,16.0,13.6287,1,3,0.6,-0.1467,0.0,0.14,0.8355,1.0,-0.65,,,1,1,,2023,2023,2023.0,0,2020,2020,2005,f519840ae99aa64c,F,13.24,0
11.68,11.786,11.73,0.1679,0.0142,12.08,0.4,11.68,11.76,11.66,11.788,11.74,0.1725,0.0146,12.09,0.43,11.7,11.75,-0.0568,0.1413,-0.0459,0.08,0.05,0.0565,5,5,2,1.0,16.0,16.0,3.5324,0,0,0.0,0.0,0.0,-0.04,0.3286,0.3,-0.2667,,,1,1,,2023,2024,2023.4,1,2020,2020,2005,41839ed0f7ba598a,M,11.68,0
11.42,11.675,11.53,0.3678,0.0315,12.22,0.8,11.48,11.725,11.44,11.6675,11.53,0.3383,0.029,12.17,0.73,11.4888,11.7088,-0.0665,0.3055,-0.0546,0.14,0.08,0.0628,4,4,3,2.0,16.0,18.0,1.7948,1,2,0.5,0.37,0.0,0.15,0.6028,0.55,-0.25,,,1,1,,2022,2024,2023.25,2,2020,2020,2005,eef3f54cdd8b21ed,M,11.42,0
10.9,11.4388,11.235,0.7048,0.0616,13.1,2.2,11.0575,11.4425,10.915,11.4088,11.1975,0.7132,0.0625,13.09,2.175,10.9975,11.4325,-0.751,0.1669,-0.7488,2.2,0.17,0.8267,8,6,3,3.0,16.0,19.0,3.0062,1,3,0.375,0.5358,0.0,0.6,1.3774,1.34,-0.95,178.0,53.0,0,0,16.7277,2020,2023,2022.375,3,2020,2020,2000,2c82576b32dbe8cf,M,10.9,1
12.17,12.44,12.26,0.3923,0.0315,12.89,0.72,12.215,12.575,12.195,12.44,12.255,0.3736,0.03,12.87,0.675,12.225,12.5625,-1.6236,0.0292,-1.5403,0.72,0.0,1.5747,3,3,1,0.0,18.0,18.0,6.5614,1,1,0.3333,0.27,0.0,0.0,0.4583,0.25,-0.5,,,1,1,,2023,2023,2023.0,0,2020,2020,2005,dbf41bfd172b881c,M,12.17,0
11.71,12.0743,12.22,0.2836,0.0235,12.36,0.65,11.82,12.295,11.68,12.0457,12.165,0.2796,0.0232,12.33,0.65,11.815,12.2575,-0.3457,0.1146,-0.3234,0.54,0.0,0.2747,7,4,3,2.0,14.0,16.0,3.5609,0,0,0.0,0.0,0.0,0.5714,0.7499,0.8,-0.8,,,1,1,,2022,2024,2022.5714,2,2020,2020,2005,d7d1d01eec900cc1,M,11.71,0
12.42,12.8167,12.83,0.3902,0.0304,13.2,0.78,12.625,13.015,12.46,12.8267,12.865,0.3491,0.0272,13.155,0.695,12.6625,13.01,-0.3798,0.2336,-0.315,0.78,0.41,0.5767,3,3,2,1.0,14.0,15.0,2.2181,0,0,0.0,0.0,0.0,-0.2,0.9539,0.9,-0.75,,,1,1,,2022,2023,2022.6667,1,2020,2020,2005,fae97502221454d7,M,12.42,0
11.67,11.9225,11.89,0.2867,0.0241,12.24,0.57,11.685,12.1275,11.675,11.9312,11.9125,0.2681,0.0225,12.225,0.55,11.72,12.1238,-0.494,0.0754,-0.4655,0.42,0.0,0.3854,4,4,2,1.0,17.0,18.0,3.6709,1,4,1.0,0.0,0.0,-0.175,0.5123,0.3,-0.5,,,1,1,,2023,2024,2023.5,1,2020,2020,2005,e280ae4989d6aa74,M,11.67,0
11.93,12.12,12.17,0.1706,0.0141,12.26,0.33,12.05,12.215,11.875,12.0783,12.12,0.186,0.0154,12.24,0.365,11.9975,12.18,0.1944,0.1055,0.2267,0.24,0.33,0.2319,3,3,2,1.0,17.0,17.0,2.8988,1,3,1.0,0.0,0.0,0.8333,0.3786,0.8333,0.0,,,1,1,,2023,2024,2023.3333,1,2020,2020,2005,2f11ee4a2ddf08fe,M,11.93,0
11.42,11.6167,11.68,0.1739,0.015,11.75,0.33,11.55,11.715,11.4,11.66,11.68,0.2506,0.0215,11.9,0.5,11.54,11.79,0.0708,0.1301,0.1571,0.26,0.33,0.1353,3,3,3,2.0,16.0,17.0,1.5609,0,0,0.0,0.0,0.0,-0.8667,1.8583,0.4,-3.0,,,1,1,,2023,2025,2024.0,2,2020,2020,2005,218bd7c4657f97c5,M,11.42,0
11.14,11.4825,11.445,0.2548,0.0222,11.91,0.77,11.29,11.64,11.14,11.4612,11.4525,0.257,0.0224,11.91,0.77,11.2662,11.64,-0.261,0.1633,-0.2614,0.77,0.2,0.3556,12,10,3,2.0,18.0,20.0,5.5411,1,5,0.4167,-0.2254,0.0,0.425,0.6757,0.7625,-0.5,,,1,1,,2023,2025,2023.6667,2,2020,2020,2005,63ae3d70ed964585,M,11.14,0
12.54,12.7329,12.65,0.1925,0.0151,13.03,0.49,12.615,12.84,12.47,12.7029,12.604,0.2422,0.0191,13.138,0.668,12.544,12.81,-0.1346,0.1385,-0.1091,0.44,0.0,0.1593,7,6,3,3.0,16.0,19.0,2.5339,1,2,0.2857,-0.185,0.0,0.5,1.3416,1.06,-1.8,,,1,1,,2022,2025,2023.1429,3,2020,2020,2005,f428f752e9f84984,F,12.54,0
11.38,11.51,11.495,0.1309,0.0114,11.67,0.29,11.4175,11.5875,11.39,11.5163,11.5025,0.1297,0.0113,11.67,0.28,11.42,11.5988,-0.0545,0.1075,-0.0448,0.29,0.18,0.2021,4,4,2,1.0,17.0,18.0,2.7882,1,3,0.75,-0.1067,0.0,-0.125,0.15,0.0,-0.25,,,1,1,,2023,2024,2023.5,1,2020,2020,2005,5b3a63cddb092ece,M,11.38,0
11.7,11.7733,11.78,0.0702,0.006,11.84,0.14,11.74,11.81,11.645,11.7667,11.815,0.1061,0.009,11.84,0.195,11.73,11.8275,-0.2382,0.0177,-0.3783,0.14,0.0,0.2706,3,3,1,1.0,18.0,18.0,5.7976,1,1,0.3333,-0.1,0.0,0.1333,0.9074,1.1,-0.7,,,1,1,,2025,2025,2025.0,0,2020,2020,2005,45d17f5e5920ca71,M,11.7,0
11.19,11.5058,11.405,0.4101,0.0356,12.7,1.51,11.235,11.5575,11.185,11.5142,11.45,0.4152,0.0361,12.725,1.54,11.2462,11.5425,-0.2761,0.273,-0.2707,1.51,0.23,0.5969,12,11,4,3.0,17.0,19.0,4.7435,1,4,0.3333,0.2075,0.0833,-0.1818,0.598,0.45,-0.6333,,,1,1,,2021,2024,2022.6667,3,2020,2020,2005,092585426ccea50d,M,11.19,0
11.6,11.695,11.695,0.1344,0.0115,11.79,0.19,11.6475,11.7425,11.57,11.68,11.68,0.1556,0.0133,11.79,0.22,11.625,11.735,,,,0.19,0.0,0.9253,2,2,1,0.0,18.0,18.0,9.74,0,0,0.0,0.0,0.0,0.3,0.4243,0.6,0.0,,,1,1,,2023,2023,2023.0,0,2020,2020,2005,c748d20b2ba85102,M,11.6,0
12.16,12.16,12.16,0.0,0.0,12.16,0.0,12.16,12.16,12.2,12.2075,12.2075,0.0106,0.0009,12.215,0.015,12.2038,12.2112,,,,0.0,0.0,0.0,2,2,1,0.0,15.0,15.0,730.5,1,1,0.5,0.0,0.0,-0.95,0.2121,0.0,-0.95,169.0,66.0,0,0,23.1084,2019,2019,2019.0,0,2010,2010,2000,af069fda9bb98dd7,M,12.16,1
12.15,12.436,12.48,0.1626,0.0131,12.55,0.4,12.48,12.52,12.0,12.448,12.528,0.2657,0.0213,12.7,0.7,12.456,12.556,-0.0208,0.1519,-0.0398,0.0,0.33,0.0,5,4,2,2.0,16.0,16.0,2.5542,1,1,0.2,0.3575,0.0,-0.2,1.9912,1.45,-1.3,,,1,1,,2023,2025,2023.8,2,2020,2020,2005,22347099f3d58b4e,F,12.15,0
13.38,13.425,13.425,0.0636,0.0047,13.47,0.09,13.4025,13.4475,13.392,13.422,13.422,0.0424,0.0032,13.452,0.06,13.407,13.437,,,,0.09,0.0,0.0308,2,2,2,3.0,17.0,20.0,0.684,0,0,0.0,0.0,0.0,0.05,0.3536,0.3,-0.2,164.0,55.0,0,0,20.4491,2020,2023,2021.5,3,2020,2020,2000,958e65e71ab36cbb,F,13.14,1
11.71,11.965,11.97,0.2121,0.0177,12.21,0.5,11.8525,12.0825,11.725,11.9658,11.9815,0.2014,0.0168,12.175,0.45,11.8435,12.1037,-0.2171,0.1374,-0.1733,0.5,0.0,0.3765,4,4,2,1.0,16.0,17.0,3.0124,0,0,0.0,0.0,0.0,-0.015,0.667,0.52,-0.55,,,1,1,,2022,2023,2022.5,1,2020,2020,2005,436df54a6e751715,M,11.71,0
11.95,12.0467,12.06,0.0907,0.0075,12.13,0.18,12.005,12.095,11.95,12.0417,12.045,0.09,0.0075,12.13,0.18,11.9975,12.0875,0.2711,0.0167,0.2738,0.0,0.18,0.0,3,3,2,1.0,17.0,17.0,4.6234,0,0,0.0,0.0,0.6667,0.3,0.0,0.3,0.0,,,1,1,,2022,2023,2022.3333,1,2020,2020,2005,b4b70333fee07667,M,11.95,0
11.76,11.93,11.92,0.1581,0.0133,12.12,0.36,11.8275,12.0225,11.665,11.9125,11.92,0.2043,0.0172,12.145,0.48,11.8037,12.0288,-0.3039,0.0809,-0.357,0.23,0.09,0.271,4,4,2,1.0,17.0,18.0,4.7129,1,2,0.5,0.11,0.0,0.35,1.0599,1.9,-0.5,,,1,1,,2023,2024,2023.5,1,2020,2020,2005,06a39b0df0643ad8,M,11.76,0
11.93,12.415,12.045,0.964,0.0776,14.38,2.45,12.0175,12.0725,11.89,12.4283,12.045,1.0004,0.0805,14.465,2.575,12.0225,12.0938,0.104,0.832,0.1786,0.0,0.15,0.0,6,6,2,2.0,16.0,16.0,2.9979,1,2,0.3333,-1.1925,0.0,-0.2667,0.8359,0.45,-0.625,,,1,1,,2023,2025,2023.6667,2,2020,2020,2005,20ce8a3ad1f704c0,M,11.93,0
11.78,11.78,11.78,0.0,0.0,11.78,0.0,11.78,11.78,11.775,11.785,11.785,0.0141,0.0012,11.795,0.02,11.78,11.79,,,,0.0,0.0,0.0,2,2,1,0.0,17.0,17.0,42.9706,0,0,0.0,0.0,0.0,-0.1,0.2828,0.1,-0.3,,,1,1,,2024,2024,2024.0,0,2020,2020,2005,d7f89522a3ec1113,M,11.78,0
10.72,10.98,10.89,0.3058,0.0279,11.42,0.7,10.8175,11.0525,10.73,10.9912,10.89,0.3208,0.0292,11.455,0.725,10.8125,11.0688,-1.647,0.1438,-1.7595,0.7,0.21,2.1485,4,3,1,0.0,19.0,19.0,12.2773,1,3,0.75,-0.1733,0.0,-0.225,0.3686,0.2,-0.3667,,,1,1,,2023,2023,2023.0,0,2020,2020,2000,e5a4e0dab790687d,M,10.72,0
11.45,11.525,11.525,0.1061,0.0092,11.6,0.15,11.4875,11.5625,11.425,11.51,11.51,0.1202,0.0104,11.595,0.17,11.4675,11.5525,,,,0.15,0.0,0.6297,2,2,1,0.0,19.0,19.0,8.3966,1,1,0.5,-0.15,0.0,0.3,0.2828,0.3,0.0,,,1,1,,2022,2022,2022.0,0,2020,2020,2000,3349eefddab55c39,M,11.45,0
11.58,11.605,11.605,0.0354,0.003,11.63,0.05,11.5925,11.6175,11.565,11.625,11.625,0.0849,0.0073,11.685,0.12,11.595,11.655,,,,0.05,0.0,3.6525,2,2,1,0.0,19.0,19.0,146.1,1,1,0.5,-0.05,0.0,-0.4,0.9899,0.3,-1.1,,,1,1,,2023,2023,2023.0,0,2020,2020,2000,7e3bdff164d708d2,M,11.58,0
10.95,11.1133,11.19,0.1415,0.0127,11.2,0.25,11.07,11.195,10.947,11.1123,11.18,0.144,0.013,11.21,0.263,11.0635,11.195,0.7714,0.0041,0.7809,0.0,0.25,0.0,3,2,1,0.0,18.0,18.0,9.4461,1,1,0.3333,-0.115,0.0,0.02,0.4015,0.23,-0.4,,,1,1,,2022,2022,2022.0,0,2020,2020,2000,d0aa86dd833c0dc7,M,10.87,0
11.81,11.9,11.9,0.1273,0.0107,11.99,0.18,11.855,11.945,11.79,11.8825,11.8825,0.1308,0.011,11.975,0.185,11.8362,11.9288,,,,0.0,0.18,0.0,2,2,1,0.0,18.0,18.0,15.2188,1,1,0.5,0.18,0.0,0.35,0.0707,0.35,0.0,,,1,1,,2024,2024,2024.0,0,2020,2020,2005,2cc1d6e523ead9d1,M,11.81,0
12.55,12.8873,12.89,0.2123,0.0165,13.27,0.72,12.79,13.01,12.502,12.8982,12.89,0.2512,0.0195,13.366,0.864,12.772,13.046,-0.0332,0.2004,-0.0312,0.28,0.03,0.1044,11,7,3,3.0,16.0,19.0,4.0997,1,2,0.1818,0.185,0.1818,-0.2222,0.7775,0.45,-0.76,,,1,1,,2023,2025,2023.9091,2,2020,2020,2005,6513d0586a476452,F,12.55,0
12.82,13.1244,13.01,0.2535,0.0193,13.48,0.66,12.93,13.31,12.796,13.1211,12.944,0.2868,0.0219,13.564,0.768,12.922,13.34,0.2954,0.1661,0.3124,0.08,0.66,0.0407,9,6,3,2.0,15.0,16.0,4.5783,1,3,0.3333,0.1267,0.0,0.0556,0.7316,0.52,-0.7,,,1,1,,2022,2024,2022.6667,2,2020,2020,2005,4b108503f2f5dcbd,F,12.82,0
12.82,13.1244,13.01,0.2535,0.0193,13.48,0.66,12.93,13.31,12.796,13.1211,12.944,0.2868,0.0219,13.564,0.768,12.922,13.34,0.2954,0.1661,0.3124,0.08,0.66,0.0407,9,6,3,2.0,15.0,16.0,4.5783,1,3,0.3333,0.1267,0.0,0.0556,0.7316,0.52,-0.7,,,1,1,,2022,2024,2022.6667,2,2020,2020,2005,b9f54e3524869499,F,12.82,0
12.77,12.79,12.79,0.0283,0.0022,12.81,0.04,12.78,12.8,12.722,12.766,12.766,0.0622,0.0049,12.81,0.088,12.744,12.788,,,,0.0,0.04,0.0,2,2,2,1.0,18.0,18.0,1.4758,0,0,0.0,0.0,0.0,0.4,0.5657,0.8,0.0,,,1,1,,2022,2023,2022.5,1,2020,2020,2000,19467b68f8b681e4,F,12.77,0
11.41,11.7275,11.82,0.2125,0.0181,11.86,0.45,11.7175,11.83,11.365,11.7175,11.8225,0.2357,0.0201,11.86,0.495,11.7062,11.8338,-0.4273,0.125,-0.4715,0.45,0.0,0.5591,4,4,2,1.0,18.0,18.0,4.9694,0,0,0.0,0.0,0.5,0.4,0.7071,0.9,-0.1,,,1,1,,2022,2023,2022.5,1,2020,2020,2005,d963de0bfd52aa4c,M,11.41,0
12.44,12.7329,12.69,0.2261,0.0178,13.02,0.58,12.565,12.925,12.458,12.798,12.744,0.2467,0.0193,13.082,0.624,12.625,13.026,-0.2109,0.2047,-0.0937,0.58,0.0,1.0136,7,7,1,1.0,18.0,18.0,12.2333,1,4,0.5714,0.1175,0.0,-1.0857,0.9651,0.0,-1.0857,,,1,1,,2025,2025,2025.0,0,2020,2020,2005,dd12aac5bf9aa384,F,12.44,0
12.38,12.6975,12.625,0.3299,0.026,13.16,0.78,12.545,12.7775,12.32,12.6562,12.6175,0.3195,0.0252,13.07,0.75,12.47,12.8038,0.1101,0.2796,0.1397,0.22,0.0,0.1721,4,4,2,1.0,16.0,17.0,3.1285,1,2,0.5,-0.415,0.0,0.825,1.4385,1.5333,-1.3,176.0,,0,1,,2023,2024,2023.75,1,2020,2020,2005,6b63d038c6ed9a59,M,12.38,0
11.89,12.374,12.28,0.5973,0.0483,14.28,2.39,12.075,12.385,11.858,12.3628,12.256,0.6185,0.05,14.292,2.434,12.064,12.37,-0.1511,0.5837,-0.1377,0.39,0.02,0.1949,15,10,3,2.0,18.0,20.0,7.4949,1,6,0.4,-0.1419,0.0,0.1867,0.8518,0.6667,-0.5333,,,1,1,,2023,2025,2023.6,2,2020,2020,2005,eae705f0100117d3,F,11.89,0
13.03,13.125,13.125,0.1344,0.0102,13.22,0.19,13.0775,13.1725,13.024,13.116,13.116,0.1301,0.0099,13.208,0.184,13.07,13.162,,,,0.0,0.19,0.0,2,1,1,0.0,19.0,19.0,2.0,1,1,0.5,-0.19,0.0,0.15,0.0707,0.15,0.0,163.0,51.0,0,0,19.1953,2020,2020,2020.0,0,2020,2020,2000,051555c2929838b8,F,13.03,1
10.9,11.2183,11.18,0.2769,0.0247,11.56,0.66,11.005,11.4525,10.805,11.2025,11.175,0.2945,0.0263,11.56,0.755,11.0263,11.4362,-0.2345,0.1596,-0.2144,0.66,0.21,0.3013,6,6,3,2.0,17.0,19.0,2.7394,1,3,0.5,-0.45,0.0,0.3167,0.9745,1.0,-0.55,,,1,1,,2023,2025,2023.8333,2,2020,2020,2005,4e33b3edbb8350ae,M,10.9,0
12.87,13.23,13.17,0.325,0.0246,13.76,0.89,13.14,13.21,12.834,13.2036,13.098,0.3496,0.0265,13.778,0.944,13.098,13.21,-0.1733,0.2416,-0.1824,0.89,0.0,0.4896,5,4,2,2.0,17.0,19.0,2.7504,1,1,0.2,0.1125,0.0,0.44,0.5941,0.8333,-0.3,165.0,52.0,0,0,19.1001,2021,2023,2021.8,2,2020,2020,2000,fbb15f9e97c77937,F,12.87,1
12.5,12.664,12.65,0.1682,0.0133,12.89,0.39,12.51,12.77,12.47,12.6717,12.6524,0.2025,0.016,12.902,0.432,12.48,12.854,-0.1804,0.0724,-0.2244,0.27,0.15,0.1715,5,3,2,2.0,17.0,18.0,3.1761,1,3,0.6,0.0517,0.0,-0.128,0.7778,0.5,-0.5467,,,1,1,,2020,2022,2021.2,2,2020,2020,2000,25e04f0db20cf17d,F,12.5,0
11.91,11.945,11.945,0.0495,0.0041,11.98,0.07,11.9275,11.9625,11.9,11.9675,11.9675,0.0955,0.008,12.035,0.135,11.9338,12.0012,,,,0.07,0.0,0.0731,2,2,2,1.0,17.0,18.0,2.0871,0,0,0.0,0.0,0.0,-0.45,0.9192,0.2,-1.1,,,1,1,,2020,2021,2020.5,1,2020,2020,2000,c7428417b96bb3bb,M,11.91,0
10.87,11.1564,11.15,0.1973,0.0177,11.53,0.66,11.04,11.24,10.89,11.1727,11.145,0.2038,0.0182,11.575,0.685,11.0575,11.26,-0.151,0.1146,-0.1474,0.33,0.17,0.1148,11,7,4,3.0,16.0,18.0,3.8264,1,6,0.5455,-0.0887,0.0,-0.3273,1.1091,0.52,-1.24,,,1,1,,2022,2025,2023.1818,3,2020,2020,2005,2c4e5544856779b1,M,10.87,0
11.58,11.71,11.65,0.1682,0.0144,11.9,0.32,11.615,11.775,11.64,11.735,11.71,0.1097,0.0093,11.855,0.215,11.675,11.7825,-0.2739,0.0735,-0.1904,0.32,0.0,0.3185,3,3,2,1.0,17.0,18.0,2.9857,0,0,0.0,0.0,0.0,-0.5,1.2124,0.9,-1.2,,,1,1,,2024,2025,2024.3333,1,2020,2020,2005,a72d5d246f0fb0e6,M,11.58,0
13.03,13.15,13.15,0.1697,0.0129,13.27,0.24,13.09,13.21,12.97,13.12,13.12,0.2121,0.0162,13.27,0.3,13.045,13.195,,,,0.24,0.0,1.2704,2,2,1,0.0,19.0,19.0,10.587,1,1,0.5,-0.24,0.5,1.0,0.0,1.0,0.0,,,1,1,,2023,2023,2023.0,0,2020,2020,2000,23af0e2ed2e1f729,F,13.03,0
11.17,11.4367,11.41,0.281,0.0246,11.73,0.56,11.29,11.57,11.04,11.38,11.4,0.3305,0.029,11.7,0.66,11.22,11.55,0.4367,0.098,0.4764,0.0,0.56,0.0,3,2,2,1.0,16.0,16.0,2.9776,0,0,0.0,0.0,0.0,1.1333,1.2858,1.1333,0.0,,,1,1,,2023,2024,2023.3333,1,2020,2020,2005,f8fcddaf0135662f,M,11.17,0
12.62,12.9727,12.95,0.2786,0.0215,13.37,0.75,12.72,13.215,12.506,12.952,12.944,0.2997,0.0231,13.388,0.882,12.7,13.179,-0.1488,0.2191,-0.1528,0.53,0.06,0.1596,11,8,4,3.0,16.0,19.0,3.3122,1,7,0.6364,0.3336,0.0,0.3455,0.6802,0.5875,-0.45,,,1,1,,2022,2025,2023.2727,3,2020,2020,2005,815338e6aa7c808c,F,12.62,0
13.02,13.225,13.165,0.184,0.0139,13.67,0.65,13.105,13.2975,12.978,13.2165,13.127,0.2121,0.016,13.742,0.764,13.099,13.3335,-0.1017,0.1344,-0.1072,0.65,0.07,0.2874,12,8,3,2.0,15.0,17.0,5.3063,1,6,0.5,0.0633,0.0,0.1417,0.6788,0.4875,-0.7333,,,1,1,,2022,2024,2023.0,2,2020,2020,2005,ea330f4d006cec13,F,13.02,0
12.48,13.013,13.045,0.2915,0.0224,13.38,0.9,12.98,13.2025,12.456,13.0256,13.054,0.2933,0.0225,13.422,0.966,12.9755,13.231,-0.335,0.133,-0.3222,0.79,0.08,0.3489,10,7,3,2.0,14.0,16.0,4.4166,1,5,0.5,-0.07,0.0,-0.21,0.6244,0.325,-0.85,,,1,1,,2023,2025,2024.0,2,2020,2020,2005,231c979229a552a7,F,12.48,0
11.86,12.01,12.01,0.1249,0.0104,12.16,0.3,11.95,12.07,11.815,11.9775,11.9675,0.1446,0.0121,12.16,0.345,11.9012,12.0438,-0.1704,0.0559,-0.2007,0.3,0.12,0.2485,4,4,2,1.0,18.0,19.0,3.3129,1,1,0.25,-0.2,0.25,0.8667,0.1528,0.8667,0.0,,,1,1,,2023,2024,2023.5,1,2020,2020,2005,4a8cb3da3eae0b28,M,11.86,0
11.53,11.8183,11.825,0.2544,0.0215,12.21,0.68,11.625,11.9275,11.505,11.8017,11.8125,0.247,0.0209,12.17,0.665,11.6188,11.92,-0.1886,0.1071,-0.1851,0.43,0.0,0.1577,6,6,3,3.0,15.0,17.0,2.2003,1,3,0.5,0.07,0.3333,0.5,0.2449,0.5,0.0,,,1,1,,2022,2025,2023.6667,3,2020,2020,2005,ccd00e453ede7af6,M,11.53,0
11.0,11.3336,11.24,0.2547,0.0225,11.73,0.73,11.135,11.555,10.955,11.3527,11.31,0.2962,0.0261,11.855,0.9,11.1625,11.5775,-0.2723,0.1027,-0.2956,0.49,0.0,0.2111,11,10,3,2.0,17.0,20.0,4.7379,1,1,0.0909,-0.436,0.0,-0.3818,1.3482,1.55,-1.0429,,,1,1,,2023,2025,2023.9091,2,2020,2020,2005,f24b29506592a582,M,11.0,0
11.39,11.5633,11.52,0.1986,0.0172,11.78,0.39,11.455,11.65,11.38,11.5633,11.53,0.2021,0.0175,11.78,0.4,11.455,11.655,-0.1909,0.0587,-0.1905,0.39,0.13,0.2276,3,3,2,2.0,17.0,18.0,1.7504,1,1,0.3333,0.26,0.0,0.0,0.2,0.2,-0.2,,,1,1,,2023,2025,2024.3333,2,2020,2020,2005,74d3e1b2b8fc56a9,M,11.39,0
13.62,13.65,13.63,0.0436,0.0032,13.7,0.08,13.625,13.665,13.624,13.746,13.68,0.1652,0.012,13.934,0.31,13.652,13.807,-0.0385,0.0329,-0.2388,0.0,0.01,0.0,3,3,2,1.0,17.0,17.0,3.9558,1,2,0.6667,-0.03,0.0,-1.6,2.0664,0.1,-2.45,,,1,1,,2023,2024,2023.3333,1,2020,2020,2005,2ff70a06398c55d6,F,13.62,0
11.35,11.656,11.72,0.3006,0.0258,12.03,0.68,11.35,11.83,11.275,11.644,11.735,0.3219,0.0276,12.03,0.755,11.35,11.83,-0.3946,0.2046,-0.389,0.68,0.37,0.5296,5,5,2,1.0,19.0,20.0,3.8939,1,1,0.2,0.3825,0.6,0.6,1.2728,1.5,-0.3,,,1,1,,2022,2023,2022.8,1,2020,2020,2000,df8a103e8777786f,M,11.35,0
11.54,11.9175,11.905,0.3563,0.0299,12.32,0.78,11.6675,12.155,11.5,11.9013,11.895,0.3689,0.031,12.315,0.815,11.65,12.1462,-0.8392,0.0643,-0.8674,0.78,0.0,0.9657,4,4,2,1.0,17.0,18.0,4.9525,1,3,0.75,-0.5033,0.0,0.325,0.3202,0.325,0.0,,,1,1,,2023,2024,2023.5,1,2020,2020,2005,7aca8e862f8bcb4e,M,11.54,0
11.59,11.9,11.88,0.2043,0.0172,12.1,0.51,11.86,12.07,11.555,11.927,11.905,0.2561,0.0215,12.22,0.665,11.85,12.105,-0.445,0.1415,-0.4657,0.51,0.29,0.9222,5,5,1,1.0,18.0,18.0,9.0408,1,1,0.2,0.05,0.0,-0.54,1.5176,0.65,-1.3333,,,1,1,,2023,2023,2023.0,0,2020,2020,2005,f3f9bb45e39e8a62,M,11.59,0
11.55,11.6525,11.605,0.1357,0.0116,11.85,0.3,11.5725,11.685,11.565,11.6575,11.6075,0.1303,0.0112,11.85,0.285,11.5875,11.6775,-0.2866,0.0705,-0.2743,0.3,0.08,0.3677,4,4,2,1.0,17.0,18.0,4.9027,1,2,0.5,0.125,0.25,-0.1333,0.6658,0.25,-0.9,,,1,1,,2022,2023,2022.75,1,2020,2020,2005,88aee9bcbbfe0d18,M,11.55,0
11.07,11.3957,11.36,0.2272,0.0199,11.74,0.67,11.295,11.505,11.135,11.4021,11.365,0.2047,0.018,11.705,0.57,11.265,11.54,-0.2263,0.0879,-0.1777,0.67,0.16,0.3254,7,6,3,2.0,16.0,18.0,3.3999,1,4,0.5714,0.0192,0.0,-0.1286,1.3073,0.775,-1.3333,,,1,1,,2023,2025,2024.1429,2,2020,2020,2005,4c6c3efb6f16f316,M,11.07,0
11.17,11.6938,11.355,0.9162,0.0783,13.91,2.74,11.2325,11.6125,11.18,11.6981,11.355,0.9236,0.079,13.93,2.75,11.235,11.6088,-0.1821,0.8864,-0.1623,0.4,0.04,0.2168,8,8,3,2.0,17.0,18.0,4.3353,1,4,0.5,0.6275,0.0,-0.0875,0.5743,0.5,-0.44,,,1,1,,2023,2025,2024.125,2,2020,2020,2005,ce48f7f1d73a4954,M,11.17,0
12.56,12.9215,12.79,0.3074,0.0238,13.47,0.91,12.7,12.98,12.56,12.9262,12.876,0.3022,0.0234,13.44,0.88,12.706,12.992,-0.2577,0.2404,-0.2435,0.88,0.42,0.392,13,8,3,2.0,14.0,15.0,5.7905,1,6,0.4615,-0.0367,0.0769,-0.0833,0.678,0.55,-0.4571,,,1,1,,2023,2025,2024.0,2,2020,2020,2005,527a5ca0825de39f,F,12.56,0
13.21,13.6525,13.425,0.6216,0.0455,14.55,1.34,13.2475,13.83,13.186,13.657,13.446,0.6149,0.045,14.55,1.364,13.2955,13.8075,-0.1428,0.5322,-0.1763,1.34,0.38,0.9654,4,3,2,1.0,17.0,17.0,2.8817,1,2,0.5,-0.81,0.0,-0.075,0.7805,0.45,-1.2,,,1,1,,2023,2024,2023.25,1,2020,2020,2005,aa7ae287db607587,F,13.21,0
10.77,10.99,11.04,0.1506,0.0137,11.11,0.34,10.965,11.065,10.685,10.9913,11.055,0.2144,0.0195,11.17,0.485,10.9287,11.1175,-0.2141,0.0644,-0.2987,0.28,0.0,0.2058,4,4,2,1.0,18.0,19.0,2.9396,1,1,0.25,-0.0533,0.0,-0.025,1.3525,1.05,-1.1,,,1,1,,2023,2024,2023.25,1,2020,2020,2005,e2e9c7fb0c43756f,M,10.77,0
11.77,11.9025,11.885,0.1509,0.0127,12.07,0.3,11.7775,12.01,11.7,11.8625,11.84,0.1737,0.0146,12.07,0.37,11.73,11.9725,-0.2282,0.0137,-0.2569,0.3,0.0,0.2157,4,4,2,1.0,17.0,18.0,2.876,1,4,1.0,0.0,0.0,0.8,0.6733,1.0667,0.0,175.0,70.0,0,0,22.8571,2023,2024,2023.5,1,2020,2020,2005,3b797c203174f3aa,M,11.77,1
11.97,12.23,12.23,0.3677,0.0301,12.49,0.52,12.1,12.36,11.94,12.2125,12.2125,0.3854,0.0316,12.485,0.545,12.0763,12.3487,,,,0.52,0.0,0.8441,2,2,2,1.0,17.0,17.0,3.2467,1,2,1.0,0.0,0.0,0.35,0.3536,0.35,0.0,,,1,1,,2023,2024,2023.5,1,2020,2020,2005,a11201851c5ecc61,M,11.97,0
10.96,11.3067,11.42,0.3062,0.0271,11.54,0.58,11.19,11.48,10.96,11.3267,11.38,0.3431,0.0303,11.64,0.68,11.17,11.51,-0.2587,0.1737,-0.2314,0.46,0.0,0.2706,3,3,3,2.0,17.0,19.0,1.7645,1,1,0.3333,0.52,0.3333,-0.6,1.9799,0.8,-2.0,,,1,1,,2020,2022,2021.0,2,2020,2020,2000,6ac212fe6bbd666f,M,10.84,0
11.77,12.56,11.81,1.3338,0.1062,14.1,2.33,11.79,12.955,11.755,12.5167,11.76,1.3149,0.1051,14.035,2.28,11.7575,12.8975,-2.4581,0.0221,-2.422,2.33,0.0,2.4315,3,3,2,1.0,17.0,18.0,3.1307,0,0,0.0,0.0,0.0,0.8667,0.5859,0.8667,0.0,,,1,1,,2020,2021,2020.6667,1,2020,2020,2000,ed8e55d1bce99984,M,11.77,0
11.88,11.9433,11.94,0.0651,0.0054,12.01,0.13,11.91,11.975,11.86,11.945,11.94,0.0876,0.0073,12.035,0.175,11.9,11.9875,-0.0028,0.0531,-0.0043,0.0,0.06,0.0,3,2,2,2.0,15.0,15.0,1.7068,1,1,0.3333,0.07,0.3333,-0.05,0.6364,0.4,-0.5,,,1,1,,2023,2025,2023.6667,2,2020,2020,2005,8553c18ac5424466,M,11.88,0
12.6,12.76,12.76,0.2263,0.0177,12.92,0.32,12.68,12.84,12.545,12.7625,12.7625,0.3076,0.0241,12.98,0.435,12.6538,12.8712,,,,0.32,0.0,0.7639,2,2,1,0.0,14.0,14.0,4.7745,0,0,0.0,0.0,0.0,-0.05,1.6263,1.1,-1.2,170.0,55.0,0,0,19.0311,2024,2024,2024.0,0,2020,2020,2010,8e8570e30f448e91,M,12.6,1
11.54,11.745,11.755,0.1638,0.0139,11.93,0.39,11.6675,11.8325,11.535,11.7025,11.705,0.1397,0.0119,11.865,0.33,11.6288,11.7788,-0.2279,0.084,-0.2001,0.26,0.17,0.2423,4,4,2,1.0,17.0,18.0,3.727,1,4,1.0,0.0,0.0,0.85,0.5196,0.85,0.0,,,1,1,,2023,2024,2023.5,1,2020,2020,2005,8fece87c89b8d414,M,11.54,0
11.61,11.8833,11.98,0.2401,0.0202,12.06,0.45,11.795,12.02,11.555,11.8417,11.945,0.2515,0.0212,12.025,0.47,11.75,11.985,-0.3468,0.0503,-0.364,0.37,0.0,0.3044,3,3,2,1.0,17.0,18.0,2.4679,0,0,0.0,0.0,0.0,0.8333,0.2309,0.8333,0.0,178.0,70.0,0,0,22.0932,2019,2020,2019.3333,1,2010,2010,2000,5c4cd52ac74e72b3,M,11.61,1
11.36,11.44,11.41,0.0985,0.0086,11.55,0.19,11.385,11.48,11.325,11.405,11.385,0.0917,0.008,11.505,0.18,11.355,11.445,-0.3526,0.0526,-0.3054,0.19,0.05,0.4506,3,3,1,0.0,18.0,18.0,7.1153,1,1,0.3333,0.045,0.0,0.7,0.2,0.7,0.0,,,1,1,,2023,2023,2023.0,0,2020,2020,2005,b2e9f41fdf7ea6b0,M,11.36,0
13.46,13.675,13.655,0.2027,0.0148,13.93,0.47,13.55,13.78,13.4,13.654,13.658,0.207,0.0152,13.9,0.5,13.562,13.75,-0.0894,0.1685,-0.0291,0.0,0.12,0.0,4,4,2,1.0,17.0,17.0,3.1019,1,1,0.25,0.2867,0.0,0.35,0.6758,0.6667,-0.6,,,1,1,,2022,2023,2022.25,1,2020,2020,2005,13526c950a67afe0,F,13.46,0
10.98,11.05,11.07,0.0624,0.0057,11.1,0.12,11.025,11.085,10.995,11.0417,11.03,0.0535,0.0048,11.1,0.105,11.0125,11.065,-0.3835,0.0122,-0.2557,0.09,0.0,0.3287,3,2,1,0.0,16.0,17.0,10.9575,1,1,0.3333,0.09,0.3333,0.25,0.7778,0.8,-0.3,166.0,60.0,0,0,21.7738,2019,2019,2019.0,0,2010,2010,2000,205d2c1e656fe002,M,10.78,1
11.01,11.3238,11.195,0.3621,0.032,12.04,1.03,11.0825,11.41,11.01,11.3231,11.18,0.3845,0.034,12.08,1.07,11.065,11.3838,-0.144,0.2902,-0.1218,0.29,0.08,0.1218,8,7,3,2.0,16.0,18.0,3.3586,0,0,0.0,0.0,0.0,0.0125,0.7772,0.8,-0.575,,,1,1,,2023,2025,2024.125,2,2020,2020,2005,4efccdf689aacb19,M,11.01,0
12.26,12.275,12.275,0.0212,0.0017,12.29,0.03,12.2675,12.2825,12.176,12.239,12.239,0.0891,0.0073,12.302,0.126,12.2075,12.2705,,,,0.03,0.0,0.6446,2,2,1,0.0,20.0,20.0,42.9706,0,0,0.0,0.0,0.0,0.6,1.1314,1.4,-0.2,163.0,48.0,0,0,18.0662,2021,2021,2021.0,0,2020,2020,2000,5dec65498b2d4c77,F,11.79,1
11.77,11.92,11.92,0.15,0.0126,12.07,0.3,11.845,11.995,11.76,11.8833,11.9,0.1159,0.0098,11.99,0.23,11.83,11.945,-0.146,0.1166,-0.0681,0.3,0.15,0.4892,3,3,1,1.0,18.0,18.0,4.8917,0,0,0.0,0.0,0.0,0.7333,0.7572,0.7333,0.0,,,1,1,,2023,2023,2023.0,0,2020,2020,2005,a1a681795f71c128,M,11.77,0
10.92,11.1443,11.18,0.1401,0.0126,11.29,0.37,11.055,11.255,10.89,11.1457,11.205,0.1559,0.014,11.29,0.4,11.0625,11.255,-0.091,0.1188,-0.0817,0.32,0.18,0.167,7,6,3,2.0,17.0,17.0,3.6525,1,4,0.5714,-0.1008,0.0,-0.0286,0.6499,0.5333,-0.6,,,1,1,,2023,2025,2023.7143,2,2020,2020,2005,d97467ed90f1acc9,M,10.92,0
12.4,12.6783,12.625,0.2289,0.0181,13.04,0.64,12.5525,12.795,12.418,12.7123,12.716,0.2134,0.0168,13.034,0.616,12.595,12.8055,-0.3461,0.1074,-0.2812,0.64,0.15,0.4123,6,5,3,2.0,17.0,18.0,3.8651,1,3,0.5,0.1633,0.1667,-0.68,1.064,0.1,-1.1667,,,1,1,,2022,2024,2023.1667,2,2020,2020,2005,2906bd0ecf98f2f1,F,12.4,0
11.9,12.275,12.33,0.3104,0.0253,12.54,0.64,12.08,12.525,11.95,12.3012,12.33,0.3074,0.025,12.595,0.645,12.0925,12.5388,-1.0093,0.033,-0.9641,0.62,0.0,0.9761,4,4,1,1.0,17.0,18.0,6.2974,1,1,0.25,0.18,0.5,-1.05,0.0707,0.0,-1.05,,,1,1,,2023,2023,2023.0,0,2020,2020,2005,afa257de342e9dd0,M,11.9,0
10.85,11.05,11.11,0.1142,0.0103,11.12,0.27,11.06,11.11,10.785,11.026,11.065,0.1517,0.0138,11.2,0.415,11.01,11.07,0.0212,0.101,0.0287,0.21,0.26,0.127,5,5,3,2.0,18.0,18.0,3.0236,1,2,0.4,-0.0583,0.0,0.48,1.1777,1.0,-1.6,,,1,1,,2023,2025,2023.8,2,2020,2020,2005,d8936e7ac21ef9c6,M,10.85,0
12.12,12.1967,12.19,0.0802,0.0066,12.28,0.16,12.155,12.235,12.135,12.2133,12.22,0.0752,0.0062,12.285,0.15,12.1775,12.2525,-0.1537,0.0615,-0.0841,0.16,0.07,0.4602,3,3,1,0.0,18.0,18.0,8.628,0,0,0.0,0.0,0.0,-0.3333,0.2517,0.0,-0.3333,,,1,1,,2023,2023,2023.0,0,2020,2020,2005,897002c68c3d2291,M,12.12,0
11.71,11.745,11.745,0.0495,0.0042,11.78,0.07,11.7275,11.7625,11.73,11.73,11.73,0.0,0.0,11.73,0.0,11.73,11.73,,,,0.0,0.07,0.0,2,2,1,0.0,16.0,16.0,5.4925,0,0,0.0,0.0,0.0,0.3,0.9899,1.0,-0.4,,,1,1,,2022,2022,2022.0,0,2020,2020,2005,0c59958e4215af58,M,11.71,0
13.33,13.365,13.365,0.0495,0.0037,13.4,0.07,13.3475,13.3825,13.342,13.344,13.344,0.0028,0.0002,13.346,0.004,13.343,13.345,,,,0.0,0.07,0.0,2,1,1,0.0,19.0,19.0,2.0,1,1,0.5,0.07,0.0,0.35,0.7778,0.9,-0.2,158.0,47.0,0,0,18.8271,2019,2019,2019.0,0,2010,2010,2000,e7ecce029b54f803,F,13.29,1
11.97,11.98,11.98,0.0141,0.0012,11.99,0.02,11.975,11.985,11.96,11.9975,11.9975,0.053,0.0044,12.035,0.075,11.9788,12.0162,,,,0.02,0.0,0.2922,2,2,1,0.0,17.0,17.0,29.22,1,2,1.0,0.0,0.0,-0.35,0.7778,0.2,-0.9,,,1,1,,2023,2023,2023.0,0,2020,2020,2005,1720cbc3b3e32f80,M,11.97,0
11.53,11.6467,11.61,0.1387,0.0119,11.8,0.27,11.57,11.705,11.53,11.67,11.705,0.1262,0.0108,11.775,0.245,11.6175,11.74,-0.0788,0.0373,-0.0524,0.27,0.08,0.0916,3,3,2,3.0,15.0,18.0,1.0174,1,2,0.6667,-0.055,0.3333,-0.7,1.6971,0.5,-1.9,,,1,1,,2022,2025,2024.0,3,2020,2020,2005,80f5048c9337620a,M,11.53,0
11.65,11.8133,11.82,0.1601,0.0136,11.97,0.32,11.735,11.895,11.65,11.79,11.775,0.1481,0.0126,11.945,0.295,11.7125,11.86,-0.2444,0.0711,-0.2062,0.17,0.0,0.1706,3,3,2,1.0,16.0,17.0,3.0103,1,2,0.6667,0.235,0.3333,0.7,0.2828,0.7,0.0,,,1,1,,2023,2024,2023.3333,1,2020,2020,2005,f0530eaf42608e9f,M,11.65,0
11.6,11.6733,11.67,0.0751,0.0064,11.75,0.15,11.635,11.71,11.595,11.6533,11.62,0.0804,0.0069,11.745,0.15,11.6075,11.6825,-0.1195,0.0215,-0.1056,0.15,0.0,0.1343,3,3,2,1.0,17.0,18.0,2.6857,1,2,0.6667,-0.005,0.0,0.4,0.5196,0.4,0.0,,,1,1,,2022,2023,2022.3333,1,2020,2020,2005,2a561256eddf98fa,M,11.6,0
12.35,12.415,12.415,0.0919,0.0074,12.48,0.13,12.3825,12.4475,12.398,12.43,12.43,0.0453,0.0036,12.462,0.064,12.414,12.446,,,,0.13,0.0,47.4825,2,2,1,0.0,20.0,20.0,730.5,1,1,0.5,0.13,0.0,-0.25,0.7778,0.3,-0.8,,,1,1,,2024,2024,2024.0,0,2020,2020,2000,332a8974bfc66bbf,F,12.16,0
11.6,11.63,11.63,0.0424,0.0036,11.66,0.06,11.615,11.645,11.575,11.6175,11.6175,0.0601,0.0052,11.66,0.085,11.5962,11.6388,,,,0.06,0.0,0.0894,2,2,2,1.0,18.0,19.0,2.9816,0,0,0.0,0.0,0.0,0.25,0.3536,0.5,0.0,,,1,1,,2021,2022,2021.5,1,2020,2020,2000,171689ea4ab34f8f,M,11.6,0
12.06,12.342,12.27,0.2882,0.0234,12.83,0.77,12.26,12.29,12.078,12.3516,12.272,0.3059,0.0248,12.878,0.8,12.242,12.288,-2.5748,0.0912,-2.4753,0.77,0.21,2.6284,5,3,1,0.0,16.0,16.0,17.0678,1,2,0.4,0.3033,0.0,-0.16,0.4669,0.3,-0.4667,166.0,53.0,0,0,19.2336,2019,2019,2019.0,0,2010,2010,2000,824bde8938051f8e,F,12.06,1
13.21,13.4217,13.42,0.2149,0.016,13.65,0.44,13.2275,13.605,13.198,13.4287,13.444,0.1922,0.0143,13.646,0.448,13.268,13.584,-0.2543,0.0993,-0.1905,0.38,0.04,0.2059,6,4,3,2.0,16.0,18.0,3.2515,1,3,0.5,0.1433,0.0,-0.1167,1.061,0.95,-0.65,,,1,1,,2022,2024,2022.8333,2,2020,2020,2005,5c54ae6b734d41b1,F,13.21,0
11.0,11.5117,11.5,0.4603,0.04,12.17,1.17,11.145,11.78,10.98,11.5075,11.4875,0.4794,0.0417,12.17,1.19,11.1163,11.8175,-0.42,0.1212,-0.4386,1.17,0.11,0.4738,6,6,3,2.0,16.0,19.0,2.4296,1,3,0.5,-0.7833,0.0,0.0833,0.5879,0.5,-1.0,,,1,1,,2023,2025,2023.8333,2,2020,2020,2005,82b1583122d8d20f,M,11.0,0
12.57,12.92,12.83,0.2668,0.0206,13.25,0.68,12.815,13.13,12.588,12.923,12.836,0.2593,0.0201,13.292,0.704,12.8195,13.088,-0.3226,0.0465,-0.2754,0.66,0.0,0.301,6,6,3,2.0,17.0,19.0,2.736,1,2,0.3333,0.15,0.0,-0.05,0.5683,1.0,-0.325,,,1,1,,2022,2024,2022.8333,2,2020,2020,2005,ebc95582f8b25435,F,12.57,0
12.45,12.7956,12.65,0.3372,0.0263,13.5,1.05,12.59,13.01,12.438,12.8309,12.72,0.3217,0.0251,13.488,1.05,12.626,13.022,-0.285,0.1145,-0.2812,1.05,0.15,0.3409,9,6,4,3.0,16.0,19.0,2.922,1,2,0.2222,0.2833,0.0,-0.5889,0.7288,0.2,-0.8143,,,1,1,,2022,2025,2023.8889,3,2020,2020,2005,42d714714425a50a,F,12.45,0
12.06,12.9575,12.81,0.8707,0.0672,14.15,2.09,12.5925,13.175,12.145,12.9288,12.715,0.8527,0.066,14.14,1.995,12.5238,13.12,-0.7185,0.0334,-0.6956,2.09,0.0,0.7195,4,4,3,3.0,13.0,16.0,1.377,1,1,0.25,0.1433,0.0,0.575,1.7633,1.3333,-1.7,,,1,1,,2022,2025,2023.75,3,2020,2020,2005,439fd946499b9e74,M,12.06,0
12.13,12.2467,12.25,0.115,0.0094,12.36,0.23,12.19,12.305,12.15,12.2617,12.2,0.1522,0.0124,12.435,0.285,12.175,12.3175,0.6664,0.0211,0.7414,0.0,0.23,0.0,3,3,1,0.0,17.0,17.0,9.208,1,2,0.6667,-0.175,0.0,-0.3,1.253,1.0,-0.95,,,1,1,,2023,2023,2023.0,0,2020,2020,2005,5d1018183d6c1ecb,M,12.13,0
12.76,13.1114,13.15,0.2087,0.0159,13.42,0.66,13.04,13.185,12.76,13.1354,13.168,0.222,0.0169,13.42,0.66,13.046,13.254,-0.2581,0.1701,-0.2211,0.38,0.0,0.3523,7,6,2,1.0,17.0,18.0,6.4892,1,5,0.7143,-0.065,0.4286,-0.7,1.0739,0.0,-0.9333,,,1,1,,2023,2024,2023.5714,1,2020,2020,2005,6bcbe0ea9bb4957f,F,12.76,0
11.88,12.12,12.135,0.1944,0.016,12.33,0.45,12.015,12.24,11.81,12.1075,12.1475,0.2244,0.0185,12.325,0.515,12.005,12.25,-2.1936,0.1374,-2.5888,0.45,0.0,4.4422,4,4,1,0.0,18.0,18.0,39.4865,1,2,0.5,-0.3,0.0,0.25,0.7853,0.75,-0.25,,,1,1,,2023,2023,2023.0,0,2020,2020,2005,eacf14f14136f052,M,11.88,0
12.88,13.0525,13.04,0.1537,0.0118,13.25,0.37,12.9775,13.115,12.826,13.0165,13.007,0.1646,0.0126,13.226,0.4,12.946,13.0775,0.0254,0.1325,0.0195,0.13,0.37,0.1294,4,3,2,1.0,18.0,19.0,3.9809,1,2,0.5,-0.215,0.0,0.6,0.2449,0.6,0.0,,,1,1,,2024,2025,2024.5,1,2020,2020,2005,2fc046a06fd5309f,F,12.88,0
12.55,12.756,12.81,0.124,0.0097,12.87,0.32,12.74,12.81,12.55,12.7548,12.81,0.1242,0.0097,12.87,0.32,12.734,12.81,0.4284,0.0622,0.4311,0.0,0.32,0.0,5,4,2,1.0,17.0,17.0,9.2235,1,3,0.6,0.0817,0.6,0.05,0.0707,0.1,0.0,,,1,1,,2023,2024,2023.4,1,2020,2020,2005,4628b358dee192e0,F,12.55,0
11.66,11.67,11.67,0.0141,0.0012,11.68,0.02,11.665,11.675,11.6,11.675,11.675,0.1061,0.0091,11.75,0.15,11.6375,11.7125,,,,0.0,0.02,0.0,2,2,1,0.0,18.0,18.0,5.4925,1,1,0.5,-0.02,0.0,-0.1,1.8385,1.2,-1.4,,,1,1,,2023,2023,2023.0,0,2020,2020,2005,356ecc57d5fcba66,M,11.66,0
11.11,11.4283,11.445,0.2565,0.0224,11.72,0.61,11.22,11.64,11.08,11.4175,11.4325,0.2908,0.0255,11.75,0.67,11.165,11.6588,-0.2629,0.1344,-0.298,0.61,0.23,0.3281,6,6,3,2.0,16.0,18.0,3.2275,1,1,0.1667,-0.35,0.0,0.2167,0.7441,0.8667,-0.4333,,,1,1,,2023,2025,2024.0,2,2020,2020,2005,d3ab7e1ac2e4ee8d,M,11.11,0
10.83,10.9762,10.975,0.1125,0.0102,11.1,0.27,10.89,11.0775,10.82,10.9744,10.9975,0.1102,0.01,11.09,0.27,10.8813,11.0637,-0.0385,0.0998,-0.0173,0.08,0.07,0.0377,8,5,3,2.0,16.0,19.0,3.7703,1,1,0.125,0.135,0.0,0.0375,0.5579,0.4,-0.5667,179.0,65.0,0,0,20.2865,2023,2025,2023.75,2,2020,2020,2005,b16a024446498a9e,M,10.83,1
12.07,12.555,12.62,0.2658,0.0212,12.79,0.72,12.495,12.7375,11.974,12.6,12.632,0.3565,0.0283,12.994,1.02,12.5235,12.8185,-0.406,0.1495,-0.4912,0.6,0.0,0.552,6,6,2,1.0,17.0,18.0,5.5202,1,6,1.0,0.0,0.0,-0.75,1.8491,1.05,-1.65,,,1,1,,2023,2024,2023.3333,1,2020,2020,2005,a6aa10d1d728426c,F,12.07,0
11.28,11.3333,11.31,0.0681,0.006,11.41,0.13,11.295,11.36,11.23,11.365,11.41,0.1191,0.0105,11.455,0.225,11.32,11.4325,-0.1721,0.0307,-0.3286,0.13,0.0,0.2056,3,3,1,1.0,17.0,18.0,4.7435,0,0,0.0,0.0,0.3333,-0.95,2.7577,1.0,-2.9,,,1,1,,2023,2023,2023.0,0,2020,2020,2005,b6e6fb67a3636d67,M,11.28,0
10.4,10.5333,10.535,0.0967,0.0092,10.68,0.28,10.48,10.575,10.325,10.5558,10.555,0.1321,0.0125,10.715,0.39,10.54,10.6262,-0.1195,0.0545,-0.1383,0.28,0.0,0.1901,6,5,2,1.0,17.0,18.0,4.0734,1,2,0.3333,0.0275,0.0,-0.45,1.0559,1.5,-0.84,,,1,1,,2024,2025,2024.6667,1,2020,2020,2005,3d1ebc1b9e88ad39,M,10.4,0
11.56,12.1071,12.17,0.2821,0.0233,12.39,0.83,12.035,12.28,11.59,12.1007,12.16,0.2828,0.0234,12.41,0.82,12.0025,12.27,-0.1904,0.2208,-0.2227,0.83,0.61,0.4545,7,7,3,2.0,16.0,18.0,3.8332,0,0,0.0,0.0,0.1429,0.15,0.7423,1.05,-0.4,,,1,1,,2022,2024,2022.7143,2,2020,2020,2005,81341f466282060d,M,11.56,0
10.92,11.1362,11.165,0.1804,0.0162,11.38,0.46,10.955,11.255,10.895,11.1212,11.125,0.1784,0.016,11.38,0.485,10.9838,11.25,-0.109,0.1274,-0.107,0.46,0.04,0.1488,8,7,4,3.0,16.0,17.0,2.5881,1,2,0.25,0.0817,0.25,0.4,0.8602,0.875,-0.55,,,1,1,,2022,2025,2023.25,3,2020,2020,2005,e6ad74eb257b5d21,M,10.92,0
11.16,11.405,11.405,0.2018,0.0177,11.76,0.6,11.2425,11.52,11.165,11.3894,11.3625,0.2005,0.0176,11.76,0.595,11.2438,11.4875,-0.1644,0.1296,-0.1539,0.6,0.06,0.2485,8,8,3,2.0,17.0,18.0,3.3129,1,2,0.25,-0.3133,0.0,0.3125,0.5357,0.675,-0.1,,,1,1,,2023,2025,2023.875,2,2020,2020,2005,23a8b62adebc143b,M,11.16,0
11.13,11.5025,11.42,0.2595,0.0226,11.93,0.8,11.3075,11.695,11.11,11.51,11.4475,0.2724,0.0237,11.96,0.85,11.295,11.7138,-0.2952,0.09,-0.3105,0.76,0.0,0.3568,12,7,3,2.0,14.0,16.0,5.6337,1,5,0.4167,-0.0574,0.0,-0.15,0.4815,0.4,-0.6,,,1,1,,2023,2025,2024.0,2,2020,2020,2005,51032d2cc2e61c0b,M,11.13,0
12.81,13.205,13.18,0.3726,0.0282,13.74,0.93,12.8875,13.4425,12.758,13.194,13.201,0.3908,0.0296,13.74,0.982,12.8605,13.438,0.554,0.2807,0.5484,0.02,0.68,0.0187,6,5,2,1.0,15.0,16.0,5.6192,1,3,0.5,0.1567,0.1667,0.22,0.6611,0.6,-0.35,,,1,1,,2024,2025,2024.6667,1,2020,2020,2005,f161984c09e08b13,F,12.81,0
11.74,12.4367,11.8,1.1551,0.0929,13.77,2.03,11.77,12.785,11.73,12.4367,11.8,1.1639,0.0936,13.78,2.05,11.765,12.79,-0.5043,0.8744,-0.503,0.0,0.06,0.0,3,3,2,2.0,17.0,17.0,1.9057,1,2,0.6667,2.0,0.0,0.0,0.2,0.2,-0.2,,,1,1,,2023,2025,2023.6667,2,2020,2020,2005,caa12f85de257f4e,M,11.74,0
13.31,13.8667,13.38,0.9042,0.0652,14.91,1.6,13.345,14.145,13.25,13.8187,13.38,0.8748,0.0633,14.826,1.576,13.315,14.103,-0.8717,0.7001,-0.9325,0.07,0.0,0.1107,3,3,1,1.0,18.0,18.0,4.7435,0,0,0.0,0.0,0.3333,1.2,0.2828,1.2,0.0,,,1,1,,2023,2023,2023.0,0,2020,2020,2005,cc90c7fa5691ebce,F,13.31,0
11.78,11.9438,11.925,0.122,0.0102,12.11,0.33,11.8575,12.06,11.78,11.9556,11.9525,0.1231,0.0103,12.11,0.33,11.88,12.0575,-0.1168,0.1011,-0.0606,0.33,0.28,0.2075,8,8,2,2.0,17.0,18.0,5.0293,1,2,0.25,0.1917,0.5,-0.475,1.5903,0.6,-1.55,,,1,1,,2023,2024,2023.625,1,2020,2020,2005,4df8b3a2a6fee511,M,11.78,0
11.7,11.8933,11.98,0.1677,0.0141,12.0,0.3,11.84,11.99,11.68,11.9,11.98,0.1929,0.0162,12.04,0.36,11.83,12.01,-0.3575,0.1338,-0.2267,0.28,0.3,1.461,3,3,1,0.0,18.0,18.0,15.6536,1,1,0.3333,-0.13,0.3333,-0.2,0.8485,0.4,-0.8,,,1,1,,2023,2023,2023.0,0,2020,2020,2005,cab89d65419da8de,M,11.7,0
11.08,11.16,11.09,0.13,0.0116,11.31,0.23,11.085,11.2,11.08,11.1467,11.09,0.1069,0.0096,11.27,0.19,11.085,11.18,-0.2129,0.0041,-0.1751,0.23,0.01,0.2176,3,2,2,1.0,18.0,19.0,2.8387,1,1,0.3333,0.105,0.6667,0.8,0.0,0.8,0.0,,,1,1,,2021,2022,2021.6667,1,2020,2020,2000,48cc014f8788888c,M,11.08,0
11.51,11.685,11.575,0.2689,0.023,12.08,0.57,11.5175,11.7425,11.51,11.6788,11.6,0.2246,0.0192,12.005,0.495,11.5438,11.735,-0.5339,0.2137,-0.3703,0.0,0.12,0.0,4,4,2,0.0,19.0,19.0,10.1458,0,0,0.0,0.0,0.25,0.1667,1.1719,1.5,-0.5,,,1,1,,2022,2023,2022.5,1,2020,2020,2000,658662d3c25f4bd1,M,11.51,0
11.0,12.4833,11.18,2.6741,0.2142,18.1,7.1,11.14,11.36,10.975,12.5006,11.245,2.6803,0.2144,18.145,7.17,11.12,11.41,-0.1071,2.513,-0.1259,0.16,0.27,0.1006,9,7,2,2.0,17.0,18.0,5.6579,1,4,0.4444,-2.9145,0.3333,-0.5167,0.8424,0.55,-1.05,,,1,1,,2023,2024,2023.2222,1,2020,2020,2005,4e0b1a3b4f55ef83,M,11.0,0
11.92,12.07,12.05,0.1609,0.0133,12.24,0.32,11.985,12.145,11.905,12.0467,11.995,0.1734,0.0144,12.24,0.335,11.95,12.1175,0.034,0.1312,0.146,0.13,0.0,0.3024,3,3,1,0.0,17.0,17.0,6.9793,0,0,0.0,0.0,0.3333,0.7,0.5657,0.7,0.0,,,1,1,,2022,2022,2022.0,0,2020,2020,2005,ac76639152ac0a7e,M,11.92,0
11.62,11.7625,11.78,0.1274,0.0108,11.87,0.25,11.6725,11.87,11.51,11.7475,11.785,0.1859,0.0158,11.91,0.4,11.645,11.8875,0.1451,0.0666,0.1852,0.07,0.25,0.045,4,4,2,2.0,17.0,18.0,2.5722,0,0,0.0,0.0,0.25,0.4,1.5875,2.2,-0.5,,,1,1,,2023,2024,2023.25,1,2020,2020,2005,93ba014082bc9bcd,M,11.62,0
11.56,11.6925,11.605,0.2061,0.0176,12.0,0.44,11.59,11.7075,11.56,11.6975,11.615,0.2035,0.0174,12.0,0.44,11.5938,11.7188,-0.2364,0.1249,-0.2301,0.44,0.05,0.3427,4,4,2,1.0,17.0,18.0,3.1151,1,1,0.25,0.1767,0.5,-0.2,0.1414,0.0,-0.2,,,1,1,,2022,2023,2022.5,1,2020,2020,2005,3314c5f55975939a,M,11.56,0
10.78,11.2333,11.14,0.4795,0.0427,12.11,1.33,10.93,11.3125,10.785,11.2233,11.1475,0.458,0.0408,12.045,1.26,10.915,11.32,0.3988,0.3532,0.3819,0.36,1.33,0.249,6,4,2,1.0,17.0,18.0,4.1506,1,2,0.3333,0.0967,0.0,0.2,0.5865,0.85,-0.1667,,,1,1,,2023,2024,2023.3333,1,2020,2020,2005,fb746d34e7997774,M,10.78,0
11.37,11.6767,11.75,0.2774,0.0238,11.91,0.54,11.56,11.83,11.28,11.6267,11.73,0.3083,0.0265,11.87,0.59,11.505,11.8,0.2852,0.1699,0.2935,0.38,0.54,0.325,3,3,2,1.0,16.0,16.0,2.5662,0,0,0.0,0.0,0.0,1.0,0.7211,1.0,0.0,,,1,1,,2023,2024,2023.3333,1,2020,2020,2005,df76d4e8eeba77b4,M,11.37,0
11.84,11.9033,11.87,0.085,0.0071,12.0,0.16,11.855,11.935,11.82,11.8933,11.86,0.0945,0.0079,12.0,0.18,11.84,11.93,-0.3445,0.0007,-0.3555,0.16,0.0,0.3458,3,3,1,0.0,18.0,18.0,6.4837,1,3,1.0,0.0,0.0,0.2,0.7211,1.0,-0.4,,,1,1,,2023,2023,2023.0,0,2020,2020,2005,7b4c1d5e1032a2c2,M,11.84,0
11.66,11.85,11.85,0.2687,0.0227,12.04,0.38,11.755,11.945,11.63,11.8425,11.8425,0.3005,0.0254,12.055,0.425,11.7362,11.9488,,,,0.38,0.0,0.6196,2,2,1,1.0,17.0,17.0,3.2612,0,0,0.0,0.0,0.0,0.15,0.6364,0.6,-0.3,,,1,1,,2023,2023,2023.0,0,2020,2020,2005,80e099250d3a3179,M,11.66,0
11.22,11.32,11.23,0.1646,0.0145,11.51,0.29,11.225,11.37,11.17,11.2883,11.205,0.1755,0.0155,11.49,0.32,11.1875,11.3475,0.2844,0.0047,0.3017,0.01,0.29,0.01,3,3,2,1.0,17.0,17.0,2.9857,1,1,0.3333,0.135,0.0,0.6333,0.3215,0.6333,0.0,,,1,1,,2024,2025,2024.3333,1,2020,2020,2005,f3b6537b1eb63846,M,11.22,0
12.41,12.8442,12.83,0.2247,0.0175,13.19,0.78,12.73,12.99,12.278,12.8277,12.83,0.2538,0.0198,13.19,0.912,12.718,12.9975,-0.1701,0.1631,-0.1757,0.74,0.46,0.2524,12,8,3,3.0,15.0,18.0,4.0924,1,5,0.4167,-0.2317,0.4167,0.4714,0.844,0.76,-0.5,,,1,1,,2020,2023,2022.5,3,2020,2020,2005,d6e3b79a29e48466,F,12.41,0
12.15,12.2433,12.24,0.0862,0.007,12.35,0.2,12.1725,12.3075,12.146,12.2333,12.227,0.0925,0.0076,12.35,0.204,12.1515,12.2995,-0.0664,0.0712,-0.0624,0.02,0.0,0.0199,6,3,2,1.0,17.0,18.0,5.9552,1,2,0.3333,0.145,0.0,0.1667,0.2422,0.3667,-0.1,,,1,1,,2024,2025,2024.5,1,2020,2020,2005,736683a8122876b1,F,12.15,0
14.04,14.4375,14.54,0.2728,0.0189,14.63,0.59,14.37,14.6075,14.04,14.436,14.54,0.2714,0.0188,14.624,0.584,14.37,14.606,-0.3848,0.1559,-0.3815,0.56,0.44,0.6069,4,2,2,1.0,15.0,16.0,4.3353,1,2,0.5,-0.205,0.5,0.05,0.0707,0.1,0.0,167.0,56.0,0,0,20.0796,2023,2024,2023.5,1,2020,2020,2005,378c5aa45708afb0,F,14.04,1
11.13,11.205,11.205,0.1061,0.0095,11.28,0.15,11.1675,11.2425,11.105,11.1925,11.1925,0.1237,0.0111,11.28,0.175,11.1488,11.2362,,,,0.0,0.15,0.0,2,1,1,0.0,19.0,19.0,2.0,1,1,0.5,-0.15,0.0,0.25,0.3536,0.5,0.0,,,1,1,,2020,2020,2020.0,0,2020,2020,2000,f905d63be262d6ad,M,11.13,0
11.33,11.77,11.8,0.2735,0.0232,12.12,0.79,11.6275,11.96,11.355,11.77,11.77,0.2684,0.0228,12.125,0.77,11.6188,11.9637,-0.2703,0.1174,-0.2607,0.56,0.0,0.2197,8,8,3,3.0,16.0,19.0,3.1386,1,2,0.25,-0.1933,0.0,0.0,0.6047,0.6333,-0.38,,,1,1,,2023,2025,2023.625,2,2020,2020,2005,18655558763af50a,M,11.33,0
11.47,11.6525,11.645,0.1597,0.0137,11.85,0.38,11.5675,11.73,11.445,11.6387,11.6275,0.1755,0.0151,11.855,0.41,11.535,11.7312,-0.0618,0.1378,-0.0155,0.13,0.22,0.2609,4,4,1,0.0,18.0,18.0,8.0275,1,1,0.25,0.2433,0.0,0.275,0.3862,0.6,-0.1,,,1,1,,2023,2023,2023.0,0,2020,2020,2005,58b4aecd761307f8,M,11.47,0
12.12,12.2175,12.245,0.0655,0.0054,12.26,0.14,12.21,12.2525,12.165,12.2188,12.22,0.0459,0.0038,12.27,0.105,12.1912,12.2475,-0.1077,0.0275,-0.0576,0.12,0.0,0.0949,4,4,2,1.0,18.0,19.0,3.1623,1,4,1.0,0.0,0.0,-0.025,0.7848,1.0,-0.55,,,1,1,,2023,2024,2023.25,1,2020,2020,2005,9472687160f15d1a,M,12.12,0
11.59,11.7,11.7,0.1556,0.0133,11.81,0.22,11.645,11.755,11.5,11.67,11.67,0.2404,0.0206,11.84,0.34,11.585,11.755,,,,0.22,0.0,16.071,2,2,1,0.0,17.0,17.0,146.1,1,1,0.5,-0.22,0.0,0.6,1.6971,1.8,-0.6,,,1,1,,2023,2023,2023.0,0,2020,2020,2005,d5ff85b13149a041,M,11.59,0
10.76,10.8025,10.775,0.0655,0.0061,10.9,0.14,10.7675,10.81,10.74,10.8,10.77,0.0813,0.0075,10.92,0.18,10.7587,10.8113,0.0819,0.0157,0.0971,0.0,0.14,0.0,4,4,3,2.0,18.0,18.0,2.4109,1,1,0.25,0.0567,0.0,0.05,0.4796,0.45,-0.35,,,1,1,,2023,2025,2023.75,2,2020,2020,2005,159ed3f81b0f9405,M,10.76,0
11.89,12.0933,12.01,0.2554,0.0211,12.38,0.49,11.95,12.195,11.925,12.1017,12.0,0.2439,0.0202,12.38,0.455,11.9625,12.19,-0.6546,0.1082,-0.6545,0.49,0.12,0.752,3,3,2,1.0,17.0,18.0,4.604,1,1,0.3333,0.125,0.3333,-0.25,0.6364,0.2,-0.7,,,1,1,,2022,2023,2022.6667,1,2020,2020,2005,6c236591b1860d4d,M,11.89,0
11.74,11.775,11.775,0.0351,0.003,11.81,0.07,11.7475,11.8025,11.71,11.7438,11.7525,0.0229,0.0019,11.76,0.05,11.74,11.7563,0.0508,0.0298,0.1226,0.0,0.01,0.0,4,4,1,0.0,16.0,16.0,12.5948,1,2,0.5,-0.01,0.0,0.625,0.45,0.8333,0.0,,,1,1,,2023,2023,2023.0,0,2020,2020,2005,a7861072254b2f98,M,11.74,0
11.62,11.66,11.66,0.0337,0.0029,11.7,0.08,11.6425,11.6775,11.58,11.6662,11.645,0.0926,0.0079,11.795,0.215,11.6138,11.6975,0.0398,0.0133,0.0978,0.0,0.05,0.0,4,4,2,1.0,17.0,17.0,2.736,0,0,0.0,0.0,0.0,-0.125,1.2176,0.4667,-1.9,,,1,1,,2023,2024,2023.5,1,2020,2020,2005,791fd95af6aad1e3,M,11.62,0
11.48,11.5567,11.59,0.0666,0.0058,11.6,0.12,11.535,11.595,11.495,11.5983,11.6,0.1025,0.0088,11.7,0.205,11.5475,11.65,-0.1058,0.0041,-0.1426,0.11,0.0,0.1012,3,2,2,1.0,17.0,18.0,2.7601,1,1,0.3333,-0.05,0.0,-0.8333,1.193,0.0,-1.25,,,1,1,,2023,2024,2023.3333,1,2020,2020,2005,c6f2e67b4d720a78,M,11.48,0
12.9,13.08,13.07,0.1564,0.012,13.28,0.38,13.0125,13.1375,12.768,13.032,13.04,0.2094,0.0161,13.28,0.512,12.9645,13.1075,-0.1172,0.1326,-0.1817,0.38,0.19,0.6008,4,3,1,1.0,18.0,18.0,6.3247,1,1,0.25,0.04,0.25,1.0667,1.1015,1.6,0.0,,,1,1,,2023,2023,2023.0,0,2020,2020,2005,e951231e3ab78cea,F,12.9,0
10.58,11.0673,11.04,0.3238,0.0293,11.53,0.95,10.83,11.375,10.45,11.0573,10.95,0.3665,0.0331,11.53,1.08,10.8125,11.435,-0.3173,0.1298,-0.3329,0.89,0.2,0.3806,11,8,3,2.0,18.0,20.0,4.7046,1,3,0.2727,-0.0587,0.0,0.2,1.2017,0.95,-0.875,,,1,1,,2023,2025,2024.1818,2,2020,2020,2005,9d8b537bc2a0ebb1,M,10.58,0
11.09,11.4,11.45,0.2522,0.0221,11.66,0.57,11.19,11.61,11.04,11.4,11.515,0.2704,0.0237,11.66,0.62,11.19,11.595,-0.1645,0.1708,-0.1558,0.57,0.36,0.2776,5,5,3,2.0,17.0,19.0,2.435,1,3,0.6,0.3917,0.2,-0.0,0.9626,0.65,-1.3,,,1,1,,2021,2023,2022.0,2,2020,2020,2000,ae08f442422cfb32,M,11.09,0
11.71,11.76,11.78,0.0436,0.0037,11.79,0.08,11.745,11.785,11.685,11.7667,11.805,0.0708,0.006,11.81,0.125,11.745,11.8075,0.0361,0.0329,0.0696,0.08,0.07,0.0987,3,3,2,1.0,16.0,16.0,3.7019,1,1,0.3333,-0.045,0.0,-0.1333,0.5508,0.5,-0.45,,,1,1,,2023,2024,2023.3333,1,2020,2020,2005,fdf9becb48d7e313,M,11.71,0
13.13,13.395,13.32,0.2908,0.0217,13.81,0.68,13.2725,13.4425,13.1,13.4835,13.383,0.4119,0.0305,14.068,0.968,13.31,13.5565,0.5295,0.0929,0.7377,0.19,0.68,0.1876,4,3,2,1.0,15.0,15.0,3.9486,0,0,0.0,0.0,0.0,-1.475,2.0205,0.5,-2.1333,,,1,1,,2024,2025,2024.25,1,2020,2020,2005,7a1ca99b88cdde55,F,13.13,0
11.62,11.756,11.74,0.0981,0.0083,11.87,0.25,11.72,11.83,11.615,11.754,11.735,0.1021,0.0087,11.885,0.27,11.72,11.815,-0.119,0.0463,-0.1325,0.25,0.1,0.1837,5,5,2,1.0,17.0,18.0,3.6745,1,2,0.4,-0.0483,0.0,0.04,0.2191,0.1667,-0.3,,,1,1,,2023,2024,2023.6,1,2020,2020,2005,e31607f6cc76c99e,M,11.62,0
11.29,11.375,11.375,0.1202,0.0106,11.46,0.17,11.3325,11.4175,11.325,11.3975,11.3975,0.1025,0.009,11.47,0.145,11.3612,11.4338,,,,0.0,0.17,0.0,2,2,1,0.0,18.0,18.0,146.1,1,1,0.5,0.17,0.0,-0.45,0.3536,0.0,-0.45,,,1,1,,2023,2023,2023.0,0,2020,2020,2005,fbee6eff004a8b9e,M,11.29,0
13.33,13.68,13.48,0.5144,0.0376,14.43,1.1,13.3525,13.8075,13.3,13.668,13.477,0.5133,0.0376,14.418,1.118,13.3585,13.7865,0.6952,0.2936,0.6828,0.0,1.1,0.0,4,2,2,1.0,18.0,18.0,4.1506,1,2,0.5,-0.43,0.0,0.2,0.3559,0.3667,-0.3,,,1,1,,2022,2023,2022.5,1,2020,2020,2000,ad679b2c541fad6c,F,13.33,0
12.33,12.5977,12.63,0.2006,0.0159,13.03,0.7,12.48,12.68,12.282,12.5834,12.63,0.2272,0.0181,13.066,0.784,12.382,12.706,0.3814,0.0851,0.4559,0.0,0.7,0.0,13,11,2,2.0,17.0,17.0,8.4189,1,8,0.6154,-0.1978,0.0769,0.2583,0.7179,0.625,-0.6333,,,1,1,,2022,2023,2022.1538,1,2020,2020,2005,ae77a55e1c99d4b7,F,12.33,0
12.6,12.84,12.88,0.1766,0.0138,13.01,0.41,12.7025,12.99,12.594,12.834,12.865,0.1756,0.0137,13.01,0.416,12.7025,12.9825,-0.1375,0.1277,-0.1289,0.33,0.23,0.1815,6,4,3,2.0,16.0,18.0,3.3005,1,2,0.3333,0.0075,0.3333,0.15,0.238,0.3,0.0,,,1,1,,2021,2023,2021.8333,2,2020,2020,2005,8f4099161f0e6b31,F,12.6,0
11.7,11.91,11.9,0.1305,0.011,12.12,0.42,11.81,12.01,11.68,11.9181,11.905,0.1353,0.0114,12.135,0.455,11.84,12.02,0.0396,0.1224,0.0404,0.17,0.42,0.0878,13,11,3,2.0,15.0,16.0,6.7161,1,6,0.4615,-0.1233,0.0,-0.1615,0.2631,0.3,-0.27,,,1,1,,2023,2025,2023.7692,2,2020,2020,2005,c1c0b2df15b54a02,M,11.7,0
11.29,11.345,11.345,0.0778,0.0069,11.4,0.11,11.3175,11.3725,11.29,11.35,11.35,0.0849,0.0075,11.41,0.12,11.32,11.38,,,,0.0,0.11,0.0,2,2,1,0.0,18.0,18.0,10.4357,1,1,0.5,0.11,0.5,-0.2,0.0,0.0,-0.2,,,1,1,,2023,2023,2023.0,0,2020,2020,2005,2c58ac478c8cfcb3,M,11.29,0
12.66,12.932,13.01,0.1941,0.015,13.1,0.44,12.8,13.09,12.654,12.962,13.082,0.236,0.0182,13.216,0.562,12.776,13.082,-0.2482,0.1387,-0.3206,0.35,0.0,0.2542,5,4,2,1.0,17.0,18.0,3.6307,1,2,0.4,0.1617,0.0,-0.5,1.1023,0.2667,-1.65,,,1,1,,2023,2024,2023.6,1,2020,2020,2005,5a4e2cad32eba824,F,12.66,0
11.69,11.8033,11.85,0.0987,0.0084,11.87,0.18,11.77,11.86,11.64,11.79,11.85,0.1308,0.0111,11.88,0.24,11.745,11.865,-0.1696,0.0146,-0.2253,0.18,0.0,0.1619,3,3,2,1.0,17.0,18.0,2.6989,0,0,0.0,0.0,0.0,0.2667,0.6429,1.0,-0.2,,,1,1,,2024,2025,2024.3333,1,2020,2020,2005,69893ca5074f2b15,M,11.69,0
12.57,12.905,12.96,0.2981,0.0231,13.46,0.89,12.625,13.0025,12.522,12.9215,12.996,0.3209,0.0248,13.472,0.95,12.618,13.0475,-0.4691,0.1472,-0.517,0.89,0.06,0.6122,8,7,2,1.0,17.0,18.0,5.5028,1,6,0.75,-0.1933,0.0,-0.275,0.6341,0.6,-0.5667,,,1,1,,2024,2025,2024.5,1,2020,2020,2005,92a843c37c6c512c,F,12.57,0
12.41,12.8442,12.83,0.2247,0.0175,13.19,0.78,12.73,12.99,12.278,12.8277,12.83,0.2538,0.0198,13.19,0.912,12.718,12.9975,-0.1701,0.1631,-0.1757,0.74,0.46,0.2524,12,8,3,3.0,15.0,18.0,4.0924,1,5,0.4167,-0.2317,0.4167,0.4714,0.844,0.76,-0.5,,,1,1,,2020,2023,2022.5,3,2020,2020,2005,542655136cd4f5ca,F,12.41,0
11.92,12.135,12.105,0.2392,0.0197,12.41,0.49,11.9425,12.2975,11.865,12.125,12.1125,0.2534,0.0209,12.41,0.545,11.94,12.2975,-0.3841,0.1036,-0.4454,0.49,0.03,0.3824,4,4,2,1.0,16.0,17.0,3.1218,0,0,0.0,0.0,0.5,0.4,1.8385,1.7,-0.9,,,1,1,,2022,2023,2022.75,1,2020,2020,2005,a503ab9fe371157c,M,11.92,0
11.44,11.53,11.53,0.1273,0.011,11.62,0.18,11.485,11.575,11.57,11.6,11.6,0.0424,0.0037,11.63,0.06,11.585,11.615,,,,0.18,0.0,0.1801,2,2,2,1.0,16.0,17.0,2.0014,0,0,0.0,0.0,0.0,-1.4,1.6971,0.0,-1.4,,,1,1,,2024,2025,2024.5,1,2020,2020,2005,43e9a613743c3e2d,M,11.44,0
11.81,12.275,12.035,0.6364,0.0518,13.54,1.73,11.985,12.205,11.79,12.2767,12.045,0.6417,0.0523,13.55,1.76,11.985,12.21,0.0066,0.582,0.0015,0.22,0.45,0.1196,6,5,3,2.0,15.0,16.0,3.2612,1,2,0.3333,0.195,0.0,-0.0333,0.3983,0.2667,-0.3333,,,1,1,,2023,2025,2023.6667,2,2020,2020,2005,19224ee82ead36f5,M,11.81,0
12.47,12.6917,12.61,0.2414,0.019,12.99,0.52,12.4975,12.91,12.476,12.6857,12.592,0.2408,0.019,13.01,0.534,12.496,12.883,-0.1849,0.0742,-0.1863,0.51,0.05,0.1914,6,5,3,3.0,15.0,18.0,2.2523,1,3,0.5,-0.0833,0.0,0.1,0.4243,0.4333,-0.2333,,,1,1,,2022,2025,2023.6667,3,2020,2020,2005,00bffa0c79f9c0da,F,12.47,0
11.11,11.4314,11.44,0.263,0.023,11.9,0.79,11.27,11.515,11.06,11.4364,11.47,0.2807,0.0245,11.92,0.86,11.27,11.5325,-0.288,0.1773,-0.2903,0.79,0.33,0.4237,7,6,3,2.0,17.0,19.0,3.7544,1,1,0.1429,0.018,0.0,-0.1,0.5916,0.55,-0.6,,,1,1,,2022,2024,2022.8571,2,2020,2020,2005,db6b01605d48ca31,M,11.11,0
12.77,13.1044,13.16,0.1636,0.0125,13.26,0.49,13.12,13.21,12.836,13.1258,13.18,0.1593,0.0121,13.27,0.434,13.098,13.232,-0.0278,0.1494,0.0189,0.4,0.44,0.166,9,8,3,2.0,15.0,17.0,3.7355,1,3,0.3333,-0.1283,0.0,-0.3556,0.8589,0.6667,-0.8667,,,1,1,,2023,2025,2024.1111,2,2020,2020,2005,4bbd0a6c5f7c1410,F,12.77,0
11.37,11.5033,11.49,0.1405,0.0122,11.65,0.28,11.43,11.57,11.32,11.5,11.52,0.1709,0.0149,11.66,0.34,11.42,11.59,0.2052,0.0501,0.2232,0.12,0.28,0.1118,3,3,2,1.0,18.0,18.0,2.7953,1,1,0.3333,0.02,0.0,0.0667,0.8327,1.0,-0.4,,,1,1,,2023,2024,2023.3333,1,2020,2020,2005,d6d08477ef578d75,M,11.37,0
11.3,11.7125,11.675,0.3561,0.0304,12.27,0.97,11.4525,11.9825,11.28,11.7019,11.6675,0.3493,0.0298,12.255,0.975,11.4525,11.9512,-0.292,0.1789,-0.2775,0.97,0.2,0.3683,8,7,4,3.0,16.0,18.0,3.0374,1,6,0.75,-0.1967,0.25,0.2833,0.5492,0.6,-0.35,,,1,1,,2022,2025,2023.25,3,2020,2020,2005,6798026a5726d505,M,11.3,0
11.84,11.97,12.01,0.1153,0.0096,12.06,0.22,11.925,12.035,11.84,11.9667,12.025,0.1098,0.0092,12.035,0.195,11.9325,12.03,1.1536,0.0015,1.0556,0.0,0.22,0.0,3,3,1,0.0,17.0,17.0,15.6536,1,1,0.3333,0.195,0.3333,0.1,0.8485,0.7,-0.5,,,1,1,,2023,2023,2023.0,0,2020,2020,2005,481e84edca8be9c6,M,11.84,0
10.69,10.994,11.05,0.2223,0.0202,11.26,0.57,10.86,11.11,10.625,10.969,10.995,0.271,0.0247,11.295,0.67,10.78,11.15,-0.2436,0.1638,-0.3599,0.42,0.17,0.3816,5,3,2,1.0,18.0,18.0,4.5429,1,2,0.4,0.1567,0.0,0.5,1.1554,1.3333,-0.75,,,1,1,,2024,2025,2024.2,1,2020,2020,2005,4e7996412245356e,M,10.69,0
12.11,12.2633,12.29,0.1419,0.0116,12.39,0.28,12.2,12.34,12.12,12.29,12.345,0.1502,0.0122,12.405,0.285,12.2325,12.375,-0.7704,0.0015,-0.8039,0.28,0.0,0.7689,3,3,1,0.0,16.0,16.0,8.2387,1,2,0.6667,0.19,0.0,-0.5333,0.4933,0.0,-0.5333,,,1,1,,2023,2023,2023.0,0,2020,2020,2005,fe25e4cd66d7a47f,M,12.11,0
13.0,13.125,13.125,0.1768,0.0135,13.25,0.25,13.0625,13.1875,13.09,13.218,13.218,0.181,0.0137,13.346,0.256,13.154,13.282,,,,0.25,0.0,91.3125,2,2,1,0.0,20.0,20.0,730.5,1,1,0.5,0.25,0.0,-1.55,0.0707,0.0,-1.55,156.0,48.0,0,0,19.7239,2019,2019,2019.0,0,2010,2010,1995,fe3896b7d4165137,F,12.91,1
11.14,11.3822,11.4,0.179,0.0157,11.67,0.53,11.25,11.48,11.02,11.3583,11.385,0.2199,0.0194,11.635,0.615,11.22,11.5,-0.1247,0.1379,-0.1547,0.31,0.26,0.1577,9,4,3,2.0,15.0,16.0,4.5783,1,3,0.3333,-0.14,0.0,0.4778,1.1144,1.0333,-0.6333,,,1,1,,2022,2024,2022.7778,2,2020,2020,2005,11f9b1728126a8f9,M,11.14,0
12.0,12.1533,12.21,0.1343,0.011,12.25,0.25,12.105,12.23,12.02,12.19,12.255,0.1486,0.0122,12.295,0.275,12.1375,12.275,0.0856,0.0979,0.0974,0.0,0.21,0.0,3,3,2,1.0,17.0,17.0,2.3364,0,0,0.0,0.0,0.0,-0.7333,0.2887,0.0,-0.7333,170.0,60.0,0,0,20.7612,2023,2024,2023.3333,1,2020,2020,2005,c2dd07d8ffb20f9c,M,12.0,1
10.84,11.1229,11.2,0.2374,0.0213,11.44,0.6,10.905,11.285,10.82,11.09,11.18,0.2219,0.02,11.41,0.59,10.8925,11.2175,-0.3006,0.041,-0.295,0.49,0.07,0.2887,7,3,3,2.0,17.0,18.0,4.1238,1,1,0.1429,0.3533,0.0,0.6571,0.594,0.7667,0.0,,,1,1,,2022,2024,2023.1429,2,2020,2020,2005,579834e1273cf94f,M,10.84,0
11.4,11.5811,11.51,0.1533,0.0132,11.86,0.46,11.48,11.61,11.4,11.6006,11.6,0.1481,0.0128,11.85,0.45,11.48,11.645,-0.0386,0.1382,-0.0405,0.07,0.11,0.0384,9,9,3,2.0,17.0,19.0,4.9432,1,2,0.2222,0.1814,0.5556,-0.875,1.0404,0.2,-1.2333,,,1,1,,2022,2024,2023.1111,2,2020,2020,2005,2aaeef2d76963856,M,11.4,0
11.07,11.735,11.495,0.8588,0.0732,13.73,2.66,11.23,11.8125,11.07,11.7413,11.5025,0.863,0.0735,13.75,2.68,11.2338,11.8125,-0.1414,0.8208,-0.1451,0.78,0.17,0.2394,8,7,4,3.0,16.0,18.0,2.4555,1,2,0.25,0.3867,0.375,-0.2,1.3172,0.85,-1.35,,,1,1,,2022,2025,2023.625,3,2020,2020,2005,1fc5a1c3c32ceeb3,M,11.07,0
11.64,11.8433,11.89,0.1845,0.0156,12.0,0.36,11.765,11.945,11.815,11.9083,11.9,0.0978,0.0082,12.01,0.195,11.8575,11.955,-0.1816,0.0393,-0.0845,0.36,0.0,0.2074,3,3,2,2.0,14.0,16.0,1.7283,1,1,0.3333,-0.235,0.0,-1.3,1.9053,0.0,-1.3,,,1,1,,2023,2025,2023.6667,2,2020,2020,2005,f2c2537cf26e67ac,M,11.64,0
11.3,12.76,11.45,2.4001,0.1881,15.53,4.23,11.375,13.49,11.325,12.775,11.465,2.3913,0.1872,15.535,4.21,11.395,13.5,-9.0897,1.6657,-9.0275,0.15,0.0,0.6226,3,2,1,0.0,18.0,18.0,12.4517,0,0,0.0,0.0,0.0,-0.3,0.2,0.0,-0.3,,,1,1,,2023,2023,2023.0,0,2020,2020,2005,e9a74d711606411f,M,11.3,0
11.42,12.0867,12.195,0.3364,0.0278,12.35,0.93,12.125,12.2425,11.44,12.0608,12.14,0.3198,0.0265,12.37,0.93,12.095,12.1812,-0.316,0.1812,-0.2833,0.93,0.0,0.4344,6,5,3,2.0,14.0,16.0,2.8024,1,3,0.5,0.2467,0.0,0.5167,1.0647,1.4,-0.3667,,,1,1,,2023,2025,2023.6667,2,2020,2020,2005,ab49f675f6f86558,M,11.42,0
12.75,13.0738,13.09,0.1971,0.0151,13.31,0.56,12.9325,13.23,12.714,13.0505,13.03,0.2017,0.0155,13.29,0.576,12.9325,13.2275,-0.1213,0.1674,-0.0846,0.36,0.19,0.1688,8,7,3,2.0,14.0,17.0,3.751,1,3,0.375,0.025,0.375,0.62,0.8198,1.0333,0.0,167.0,60.0,0,0,21.5139,2023,2025,2024.125,2,2020,2020,2005,21bbb909b85edec1,F,12.75,1
11.74,12.025,11.97,0.3243,0.027,12.42,0.68,11.77,12.225,11.74,12.0275,11.96,0.3437,0.0286,12.45,0.71,11.7512,12.2362,-0.2705,0.2076,-0.2946,0.68,0.04,0.3255,4,4,3,2.0,17.0,18.0,1.9148,1,1,0.25,0.38,0.25,-0.0667,0.5508,0.5,-0.35,,,1,1,,2021,2023,2022.0,2,2020,2020,2005,8d175b380217dd7a,M,11.74,0
12.1,12.345,12.345,0.3465,0.0281,12.59,0.49,12.2225,12.4675,12.075,12.3525,12.3525,0.3924,0.0318,12.63,0.555,12.2137,12.4912,,,,0.49,0.0,2.8867,2,2,1,0.0,18.0,18.0,11.7823,0,0,0.0,0.0,0.0,-0.15,0.9192,0.5,-0.8,,,1,1,,2023,2023,2023.0,0,2020,2020,2005,d22e1fb992df3b5a,M,12.1,0
12.73,13.1467,12.995,0.4061,0.0309,13.7,0.97,12.875,13.4675,12.7198,13.14,12.971,0.4084,0.0311,13.7,0.9802,12.887,13.457,-0.2632,0.1516,-0.2594,0.87,0.13,0.2863,6,4,3,3.0,14.0,16.0,1.9743,1,3,0.5,-0.1667,0.0,0.1117,0.3299,0.3233,-0.3,,,1,1,,2022,2025,2023.6667,3,2020,2020,2005,707ed946f08dba29,F,12.73,0
13.62,13.785,13.81,0.1182,0.0086,13.9,0.28,13.755,13.84,13.662,13.7595,13.744,0.0943,0.0069,13.888,0.226,13.716,13.7875,-0.0656,0.0659,-0.0284,0.18,0.0,0.062,4,3,3,3.0,14.0,17.0,1.3783,1,2,0.5,-0.13,0.0,0.425,0.8617,0.8,-0.7,,,1,1,,2022,2025,2023.0,3,2020,2020,2005,aaa937e8db8db0fa,F,13.62,0
12.47,12.677,12.62,0.2066,0.0163,13.05,0.58,12.5025,12.82,12.448,12.6758,12.668,0.2022,0.016,13.038,0.59,12.491,12.7895,-0.2375,0.1176,-0.2352,0.32,0.05,0.204,10,8,3,2.0,17.0,18.0,6.3743,1,6,0.6,0.0592,0.1,0.0222,0.771,0.625,-0.7667,,,1,1,,2022,2024,2023.0,2,2020,2020,2005,de883ed2fba0e9e9,F,12.47,0
11.5,11.565,11.565,0.0919,0.0079,11.63,0.13,11.5325,11.5975,11.46,11.545,11.545,0.1202,0.0104,11.63,0.17,11.5025,11.5875,,,,0.0,0.13,0.0,2,2,2,1.0,18.0,18.0,1.8683,0,0,0.0,0.0,0.0,0.4,0.5657,0.8,0.0,,,1,1,,2024,2025,2024.5,1,2020,2020,2005,e9237f3dd32fb31f,M,11.5,0
12.61,13.0444,13.08,0.3267,0.025,13.44,0.83,12.8,13.36,12.442,12.9931,13.038,0.3704,0.0285,13.47,1.028,12.75,13.338,-0.1743,0.2681,-0.1918,0.63,0.04,0.2101,9,4,3,3.0,13.0,14.0,3.0021,1,3,0.3333,0.1942,0.0,0.8556,0.9528,1.1714,-0.5,,,1,1,,2022,2025,2022.6667,3,2020,2020,2005,e087f5e59d3c2008,F,12.61,0
11.54,11.8,11.85,0.239,0.0203,12.01,0.47,11.695,11.93,11.485,11.7567,11.825,0.2448,0.0208,11.96,0.475,11.655,11.8925,0.2699,0.0958,0.2663,0.0,0.47,0.0,3,3,2,1.0,18.0,18.0,2.0558,0,0,0.0,0.0,0.0,0.8667,0.3215,0.8667,0.0,,,1,1,,2023,2024,2023.3333,1,2020,2020,2005,7d59d3240a28886b,M,11.54,0
12.86,13.8133,14.03,0.8656,0.0627,14.55,1.69,13.445,14.29,12.878,13.8413,14.096,0.8646,0.0625,14.55,1.672,13.487,14.323,-0.4909,0.2123,-0.496,1.17,0.0,0.4016,3,2,2,3.0,15.0,18.0,1.0298,1,2,0.6667,1.105,0.0,-0.4667,0.5686,0.0,-0.7,,,1,1,,2022,2025,2023.0,3,2020,2020,2005,e2319c1cf02a18b7,F,12.86,0
12.49,12.8867,13.04,0.3465,0.0269,13.13,0.64,12.765,13.085,12.466,12.8667,12.998,0.3538,0.0275,13.136,0.67,12.732,13.067,-0.5174,0.0367,-0.5227,0.55,0.0,0.4783,3,2,2,1.0,18.0,19.0,2.6089,1,2,0.6667,0.365,0.0,0.3333,0.4041,0.55,-0.1,,,1,1,,2019,2020,2019.3333,1,2010,2010,2000,d93f967238479035,F,12.02,0
11.65,11.67,11.67,0.0283,0.0024,11.69,0.04,11.66,11.68,11.615,11.645,11.645,0.0424,0.0036,11.675,0.06,11.63,11.66,,,,0.0,0.04,0.0,2,1,1,0.0,15.0,15.0,2.0,0,0,0.0,0.0,0.0,0.5,0.2828,0.5,0.0,,,1,1,,2024,2024,2024.0,0,2020,2020,2005,3b4846e66b67a4da,M,11.65,0
12.89,12.99,12.99,0.1414,0.0109,13.09,0.2,12.94,13.04,12.86,12.969,12.969,0.1541,0.0119,13.078,0.218,12.9145,13.0235,,,,0.2,0.0,1.0007,2,2,1,0.0,17.0,17.0,10.0068,0,0,0.0,0.0,0.0,0.35,0.2121,0.35,0.0,,,1,1,,2019,2019,2019.0,0,2010,2010,2000,68e2cab1b6d60504,F,12.87,0
11.6,11.875,11.875,0.2501,0.0211,12.15,0.55,11.705,12.045,11.605,11.88,11.8825,0.244,0.0205,12.15,0.545,11.7212,12.0412,-0.4043,0.0664,-0.3895,0.55,0.14,0.5047,4,4,2,1.0,17.0,18.0,3.6709,1,4,1.0,0.0,0.0,-0.1,0.216,0.1,-0.25,,,1,1,,2023,2024,2023.5,1,2020,2020,2005,f44d7bca466dff9f,M,11.6,0
11.48,11.5875,11.59,0.0892,0.0077,11.69,0.21,11.54,11.6375,11.48,11.5705,11.5735,0.0923,0.008,11.655,0.175,11.4965,11.6475,-0.1257,0.0363,-0.1469,0.14,0.0,0.1247,4,4,2,1.0,18.0,19.0,3.5634,0,0,0.0,0.0,0.0,0.34,0.7356,0.93,-0.5,,,1,1,,2023,2024,2023.5,1,2020,2020,2005,e6b9582861bacf86,M,11.44,0
11.43,11.7533,11.75,0.2321,0.0197,12.15,0.72,11.6875,11.7675,11.43,11.7658,11.7575,0.234,0.0199,12.15,0.72,11.6912,11.8125,-0.2361,0.1707,-0.2333,0.72,0.33,0.4412,6,6,3,2.0,16.0,17.0,3.677,1,1,0.1667,0.388,0.6667,-0.75,1.4849,0.3,-1.8,,,1,1,,2022,2024,2022.8333,2,2020,2020,2005,1470e88c1b771288,M,11.43,0
12.15,12.31,12.21,0.2272,0.0185,12.57,0.42,12.18,12.39,12.185,12.32,12.205,0.2167,0.0176,12.57,0.385,12.195,12.3875,-0.8258,0.0089,-0.7817,0.42,0.0,0.8117,3,3,1,1.0,17.0,18.0,5.7976,1,2,0.6667,-0.24,0.0,-0.2,0.4359,0.1,-0.7,,,1,1,,2023,2023,2023.0,0,2020,2020,2005,eabeca0caabf2489,M,12.15,0
12.05,12.445,12.445,0.5586,0.0449,12.84,0.79,12.2475,12.6425,12.005,12.4225,12.4225,0.5904,0.0475,12.84,0.835,12.2138,12.6312,,,,0.0,0.79,0.0,2,2,2,1.0,18.0,18.0,2.1612,0,0,0.0,0.0,0.0,0.45,0.6364,0.9,0.0,,,1,1,,2022,2023,2022.5,1,2020,2020,2000,e9cb20840e8ab8e9,M,12.05,0
12.66,12.908,12.89,0.2137,0.0166,13.24,0.58,12.81,12.94,12.588,12.8912,12.83,0.2458,0.0191,13.264,0.676,12.828,12.946,-0.394,0.0874,-0.434,0.58,0.15,0.4804,5,4,2,1.0,17.0,18.0,4.1412,1,2,0.4,0.2217,0.0,0.28,0.7596,1.1,-0.2667,58.0,168.0,0,0,499.4055,2022,2023,2022.8,1,2020,2020,2005,8a1bf7094345e498,F,12.66,0
11.39,11.552,11.54,0.1687,0.0146,11.82,0.43,11.43,11.58,11.33,11.533,11.54,0.1942,0.0168,11.82,0.49,11.38,11.595,-0.8176,0.0962,-0.8279,0.43,0.19,0.9293,5,5,1,0.0,18.0,18.0,10.8062,1,4,0.8,-0.2025,0.0,0.38,0.9445,1.0,-1.1,,,1,1,,2023,2023,2023.0,0,2020,2020,2005,593beda822c792e6,M,11.39,0
11.58,11.64,11.66,0.0529,0.0045,11.68,0.1,11.62,11.67,11.585,11.6383,11.66,0.0465,0.004,11.67,0.085,11.6225,11.665,-0.0455,0.0082,-0.0405,0.08,0.0,0.0405,3,2,2,2.0,15.0,17.0,1.5177,1,1,0.3333,-0.03,0.0,0.0333,0.1528,0.2,-0.1,175.0,65.0,0,0,21.2245,2019,2021,2019.6667,2,2010,2010,2000,0327055f12cd4585,M,11.58,1
10.9,11.295,11.355,0.2156,0.0191,11.5,0.6,11.25,11.4225,10.845,11.2567,11.3225,0.2239,0.0199,11.445,0.6,11.2088,11.4062,-0.1246,0.1859,-0.1693,0.44,0.0,0.4592,6,6,2,1.0,19.0,20.0,6.2614,0,0,0.0,0.0,0.0,0.7667,0.4885,0.7667,0.0,181.0,75.0,0,0,22.8931,2024,2025,2024.6667,1,2020,2020,2005,7b0ca2a8ac0bf4ec,M,10.9,1
10.98,11.364,11.43,0.2515,0.0221,11.6,0.62,11.26,11.55,10.955,11.388,11.485,0.2732,0.024,11.645,0.69,11.3,11.555,-0.3027,0.0792,-0.3122,0.62,0.0,0.34,5,5,3,2.0,17.0,19.0,2.7421,1,1,0.2,-0.295,0.0,-0.48,0.6648,0.5,-0.725,,,1,1,,2023,2025,2023.8,2,2020,2020,2005,660ba3c3176fee93,M,10.98,0
11.63,11.7675,11.75,0.1403,0.0119,11.94,0.31,11.6675,11.85,11.64,11.7525,11.7175,0.1307,0.0111,11.935,0.295,11.67,11.8,-0.3306,0.0233,-0.2853,0.31,0.0,0.3484,4,4,2,1.0,17.0,18.0,4.4954,0,0,0.0,0.0,0.0,0.3,0.6782,0.7,-0.2,,,1,1,,2023,2024,2023.5,1,2020,2020,2005,1909d9789c3b2f47,M,11.63,0
13.22,13.818,14.13,0.4725,0.0342,14.18,0.96,13.39,14.17,13.196,13.8288,14.14,0.4947,0.0358,14.21,1.014,13.39,14.208,-0.8061,0.097,-0.8335,0.95,0.17,0.8505,5,5,2,1.0,12.0,13.0,4.4761,1,2,0.4,0.055,0.0,-0.18,0.7396,0.45,-0.9,,,1,1,,2024,2025,2024.4,1,2020,2020,2010,3550ec7551037dc0,F,13.22,0
12.6,12.7486,12.7,0.1309,0.0103,12.98,0.38,12.67,12.81,12.594,12.7186,12.676,0.1446,0.0114,12.98,0.386,12.613,12.777,-0.2381,0.0854,-0.2175,0.25,0.1,0.3296,7,5,2,1.0,18.0,19.0,9.2301,1,5,0.7143,0.128,0.2857,0.7,0.5788,0.7,0.0,,,1,1,,2022,2023,2022.4286,1,2020,2020,2000,30772eb576dcc8fc,F,12.52,0
12.21,12.418,12.35,0.2148,0.0173,12.77,0.56,12.31,12.45,12.186,12.4456,12.314,0.3176,0.0255,12.992,0.806,12.304,12.432,-0.238,0.0649,-0.3494,0.56,0.14,0.2861,5,5,3,2.0,14.0,16.0,2.5542,0,0,0.0,0.0,0.0,-0.46,1.8202,0.35,-3.7,,,1,1,,2023,2025,2024.4,2,2020,2020,2005,098f48d99b5396ab,F,12.21,0
11.6,11.7943,11.85,0.1702,0.0144,12.01,0.41,11.635,11.915,11.498,11.7909,11.9,0.1943,0.0165,12.01,0.512,11.644,11.92,-0.2207,0.1161,-0.2368,0.41,0.07,0.3107,7,7,2,1.0,18.0,19.0,5.3045,1,3,0.4286,-0.2667,0.0,0.0571,0.8344,1.05,-0.5667,90.0,183.0,0,0,225.9259,2023,2024,2023.7143,1,2020,2020,2005,86a6469290c2c740,F,11.6,0
12.07,12.48,12.49,0.4051,0.0325,12.88,0.81,12.28,12.685,12.01,12.4583,12.505,0.4269,0.0343,12.86,0.85,12.2575,12.6825,0.8429,0.2828,0.9934,0.0,0.42,0.0,3,3,1,0.0,16.0,16.0,6.0206,0,0,0.0,0.0,0.0,0.4333,0.7506,0.8,-0.3,,,1,1,,2023,2023,2023.0,0,2020,2020,2005,c7cd0bdde50182d4,M,12.07,0
12.7,12.85,12.88,0.1375,0.0107,12.97,0.27,12.79,12.925,12.706,12.884,12.922,0.1624,0.0126,13.024,0.318,12.814,12.973,-0.6848,0.0735,-0.799,0.27,0.18,1.0273,3,2,1,0.0,14.0,14.0,11.4141,1,2,0.6667,0.045,0.0,-0.5667,0.4163,0.0,-0.5667,,,1,1,,2024,2024,2024.0,0,2020,2020,2010,ce4efb548b9286e9,F,12.7,0
11.52,11.54,11.54,0.0283,0.0025,11.56,0.04,11.53,11.55,11.53,11.585,11.585,0.0778,0.0067,11.64,0.11,11.5575,11.6125,,,,0.04,0.0,0.1974,2,2,1,0.0,16.0,16.0,9.8716,1,1,0.5,0.04,0.0,-0.9,0.9899,0.0,-0.9,,,1,1,,2023,2023,2023.0,0,2020,2020,2005,a411c296bdf5b452,M,11.52,0
11.59,11.6733,11.655,0.0689,0.0059,11.77,0.18,11.6325,11.7225,11.57,11.685,11.6775,0.1069,0.0091,11.855,0.285,11.6025,11.7338,0.0715,0.0431,0.0925,0.0,0.15,0.0,6,6,3,2.0,15.0,15.0,3.1307,1,2,0.3333,-0.025,0.3333,-0.35,1.245,1.2,-1.3,,,1,1,,2023,2025,2023.8333,2,2020,2020,2005,75a9cbfdcd988548,M,11.59,0
12.96,13.0967,13.13,0.1234,0.0094,13.2,0.24,13.045,13.165,12.966,13.1167,13.178,0.1312,0.01,13.206,0.24,13.072,13.192,-0.1049,0.0286,-0.1156,0.17,0.0,0.087,3,2,2,2.0,17.0,19.0,1.5347,1,1,0.3333,-0.155,0.0,-0.3333,0.4041,0.0,-0.3333,,,1,1,,2022,2024,2022.6667,2,2020,2020,2005,ad91a1eb562e8a08,F,12.96,0
11.75,11.81,11.8,0.0583,0.0049,11.89,0.14,11.7875,11.8225,11.745,11.8,11.805,0.0414,0.0035,11.845,0.1,11.7863,11.8188,-0.0555,0.0494,0.0276,0.14,0.05,0.308,4,4,1,0.0,19.0,19.0,8.8012,1,2,0.5,0.02,0.0,0.2,0.483,0.5,-0.2,,,1,1,,2023,2023,2023.0,0,2020,2020,2000,8a983cf8d178304c,M,11.75,0
10.83,11.175,11.14,0.1929,0.0173,11.45,0.62,11.105,11.285,10.79,11.1806,11.1525,0.2032,0.0182,11.435,0.645,11.12,11.3262,-0.1355,0.1396,-0.1171,0.56,0.26,0.2124,8,8,4,3.0,17.0,19.0,3.0343,1,2,0.25,0.0467,0.125,-0.1286,0.7521,0.425,-0.8667,,,1,1,,2022,2025,2023.125,3,2020,2020,2005,7471694d08343867,M,10.83,0
12.75,12.9475,12.835,0.2852,0.022,13.37,0.62,12.795,12.9875,12.744,12.9145,12.784,0.2888,0.0224,13.346,0.602,12.7575,12.941,0.2907,0.0517,0.3086,0.06,0.62,0.0302,4,3,2,2.0,17.0,17.0,2.0124,1,1,0.25,0.2633,0.0,0.55,0.5802,0.8,-0.2,,,1,1,,2019,2021,2019.5,2,2010,2010,2000,2cdff87cf9c2e4c4,F,12.75,0
12.46,12.5725,12.595,0.078,0.0062,12.64,0.18,12.5575,12.61,12.37,12.538,12.587,0.1135,0.0091,12.608,0.238,12.5185,12.6065,0.5302,0.0637,1.626,0.0,0.14,0.0,4,2,1,0.0,17.0,17.0,47.129,1,2,0.5,0.095,0.0,0.575,0.9069,1.35,-0.2,170.0,52.0,0,0,17.9931,2019,2019,2019.0,0,2010,2010,2000,4f12c1c221c3f3b7,F,12.46,1
11.31,11.788,12.03,0.4319,0.0366,12.2,0.89,11.33,12.07,11.29,11.765,12.005,0.4238,0.036,12.16,0.87,11.32,12.05,-0.3792,0.0985,-0.3754,0.72,0.02,0.3663,5,3,2,2.0,15.0,17.0,2.5435,0,0,0.0,0.0,0.0,0.46,0.2191,0.46,0.0,,,1,1,,2022,2024,2022.8,2,2020,2020,2005,712a966506b27da2,M,11.31,0
11.07,11.165,11.165,0.1344,0.012,11.26,0.19,11.1175,11.2125,11.06,11.155,11.155,0.1344,0.012,11.25,0.19,11.1075,11.2025,,,,0.19,0.0,3.3046,2,2,1,0.0,20.0,20.0,34.7857,1,2,1.0,0.0,0.0,0.2,0.0,0.2,0.0,,,1,1,,2023,2023,2023.0,0,2020,2020,2000,d669e66f2cbb32b1,M,11.07,0
11.16,11.3,11.27,0.1467,0.013,11.5,0.34,11.2125,11.3575,11.135,11.2875,11.2475,0.1756,0.0156,11.52,0.385,11.1612,11.3738,-0.3369,0.0437,-0.3882,0.34,0.0,0.344,4,4,2,1.0,18.0,19.0,4.0471,1,1,0.25,-0.0133,0.0,0.25,0.7506,0.85,-0.35,,,1,1,,2024,2025,2024.25,1,2020,2020,2005,738a639c4e847cd7,M,11.16,0
10.89,11.2775,11.255,0.356,0.0316,11.71,0.82,11.055,11.4775,10.92,11.2875,11.26,0.341,0.0302,11.71,0.79,11.0775,11.47,-1.772,0.0794,-1.694,0.82,0.22,2.0799,4,3,1,0.0,17.0,18.0,10.1458,1,1,0.25,0.2233,0.0,-0.2,0.3651,0.2,-0.5,,,1,1,,2023,2023,2023.0,0,2020,2020,2005,cf3e588a9bfde535,M,10.89,0
12.88,13.0678,13.08,0.1092,0.0084,13.28,0.4,13.05,13.1,12.916,13.0718,13.056,0.0978,0.0075,13.274,0.358,13.046,13.104,-0.0805,0.08,-0.0427,0.4,0.2,0.2061,9,9,3,2.0,16.0,18.0,4.6365,1,4,0.4444,-0.0535,0.1111,-0.075,0.6112,0.45,-0.6,,,1,1,,2023,2025,2024.2222,2,2020,2020,2005,3fb2e91f9390efa5,F,12.88,0
13.2,13.3938,13.395,0.1285,0.0096,13.55,0.35,13.3175,13.495,13.164,13.3878,13.401,0.1439,0.0108,13.588,0.424,13.3025,13.4615,-0.0567,0.1141,-0.0594,0.14,0.22,0.0674,8,5,3,2.0,15.0,17.0,3.8498,1,3,0.375,0.006,0.0,0.1,0.6302,0.6,-0.5333,,,1,1,,2022,2024,2022.5,2,2020,2020,2005,26346c2b1f358f06,F,13.2,0
11.73,11.865,11.865,0.1909,0.0161,12.0,0.27,11.7975,11.9325,11.695,11.8375,11.8375,0.2015,0.017,11.98,0.285,11.7662,11.9088,,,,0.27,0.0,0.2818,2,2,2,1.0,18.0,19.0,2.0871,0,0,0.0,0.0,0.0,0.55,0.2121,0.55,0.0,,,1,1,,2022,2023,2022.5,1,2020,2020,2000,9cddcea72c3dc231,M,11.73,0
11.62,11.6467,11.63,0.0379,0.0033,11.69,0.07,11.625,11.66,11.615,11.6467,11.635,0.0388,0.0033,11.69,0.075,11.625,11.6625,-0.017,0.0287,-0.0326,0.0,0.01,0.0,3,3,2,1.0,18.0,18.0,2.0675,0,0,0.0,0.0,0.0,0.0,0.3,0.3,-0.3,,,1,1,,2023,2024,2023.3333,1,2020,2020,2005,74d4989d0dd57a7d,M,11.05,0
12.62,13.1127,12.97,0.4964,0.0379,14.39,1.77,12.815,13.245,12.644,13.0991,12.982,0.4758,0.0363,14.33,1.686,12.809,13.227,-0.2174,0.4427,-0.2125,0.67,0.05,0.3992,11,9,3,2.0,16.0,17.0,6.5542,1,4,0.3636,-0.2617,0.0,0.2273,0.5694,0.7,-0.3333,,,1,1,,2023,2025,2023.6364,2,2020,2020,2005,8ba8824a701701f0,F,12.62,0
10.75,11.0912,11.07,0.202,0.0182,11.36,0.61,10.9875,11.2475,10.765,11.0712,11.0175,0.2174,0.0196,11.35,0.585,10.9338,11.2612,-0.1139,0.1735,-0.1001,0.2,0.0,0.1044,8,7,3,2.0,17.0,19.0,4.1743,1,5,0.625,-0.306,0.0,0.4,0.7783,0.88,-0.4,,,1,1,,2023,2025,2023.625,2,2020,2020,2005,b7fea24f7cc5fd41,M,10.75,0
12.43,12.5971,12.63,0.1251,0.0099,12.74,0.31,12.495,12.695,12.34,12.5723,12.642,0.1604,0.0128,12.716,0.376,12.441,12.713,-0.1771,0.0839,-0.2139,0.2,0.02,0.1731,7,5,2,1.0,18.0,19.0,6.0586,1,3,0.4286,0.01,0.0,0.4143,0.7798,0.95,-0.3,,,1,1,,2023,2024,2023.4286,1,2020,2020,2005,7fe980c34bc5ccd8,F,12.43,0
10.82,11.334,11.36,0.3747,0.0331,11.79,0.97,11.14,11.56,10.705,11.28,11.225,0.4401,0.039,11.765,1.06,11.04,11.665,-0.1084,0.3124,-0.069,0.97,0.74,0.3259,5,5,3,3.0,15.0,17.0,1.6801,1,1,0.2,0.2425,0.0,1.08,1.9627,1.875,-2.1,,,1,1,,2022,2025,2023.4,3,2020,2020,2005,5ba535d93eb6913e,M,10.82,0
11.98,12.175,12.125,0.2319,0.019,12.47,0.49,11.995,12.305,12.0,12.16,12.125,0.1934,0.0159,12.39,0.39,12.0,12.285,-0.6387,0.1245,-0.5617,0.27,0.0,0.4251,4,4,1,1.0,17.0,18.0,6.2974,1,1,0.25,0.2333,0.5,0.6,1.4142,1.6,-0.4,,,1,1,,2023,2023,2023.0,0,2020,2020,2005,3736794b70fa7bf9,M,11.98,0
12.34,12.798,12.8,0.3397,0.0265,13.23,0.89,12.63,12.99,12.322,12.7968,12.842,0.3239,0.0253,13.206,0.884,12.696,12.918,-0.5092,0.1359,-0.4463,0.65,0.0,0.5095,5,4,2,1.0,17.0,18.0,3.919,1,2,0.4,0.38,0.0,0.02,0.9203,0.6333,-0.9,,,1,1,,2024,2025,2024.6,1,2020,2020,2005,86a7e806fdf04e1a,F,12.34,0
13.83,13.84,13.84,0.0141,0.001,13.85,0.02,13.835,13.845,13.848,13.87,13.87,0.0311,0.0022,13.892,0.044,13.859,13.881,,,,0.0,0.02,0.0,2,1,1,0.0,16.0,16.0,2.0,1,1,0.5,0.02,0.0,-0.5,0.2828,0.0,-0.5,,,1,1,,2023,2023,2023.0,0,2020,2020,2005,f72d351fbd35d850,F,13.83,0
12.93,13.314,13.3,0.2772,0.0208,13.59,0.66,13.18,13.57,12.924,13.3164,13.282,0.2681,0.0201,13.57,0.646,13.24,13.566,-0.3499,0.09,-0.3287,0.64,0.25,0.377,5,3,3,2.0,16.0,17.0,2.9456,1,2,0.4,0.1067,0.0,-0.04,0.5595,0.2667,-1.0,,,1,1,,2022,2024,2023.0,2,2020,2020,2005,cce6483209bf1b25,F,12.93,0
11.41,11.5167,11.48,0.129,0.0112,11.66,0.25,11.445,11.57,11.4,11.5,11.45,0.1323,0.0115,11.65,0.25,11.425,11.55,-0.0984,0.0919,-0.0853,0.07,0.0,0.0563,3,3,2,1.0,17.0,18.0,2.4135,1,1,0.3333,0.16,0.0,0.3333,0.2309,0.3333,0.0,,,1,1,,2022,2023,2022.3333,1,2020,2020,2005,168d1637926e317a,M,11.41,0
