best_time_raw,mean_time_raw,median_time_raw,sd_time_raw,cv_time_raw,worst_time_raw,range_time_raw,q25_time_raw,q75_time_raw,best_time_wc,mean_time_wc,median_time_wc,sd_time_wc,cv_time_wc,worst_time_wc,range_time_wc,q25_time_wc,q75_time_wc,improvement_slope_raw,improvement_residual_sd,improvement_slope_wc,best_minus_first,best_minus_latest,improvement_rate_annual,n_records,n_competitions,n_seasons,career_span_years,age_first_record,age_best_record,records_per_year,has_final,n_finals,pct_finals,heats_final_diff,wind_missing_prop,wind_mean,wind_sd,wind_mean_tail,wind_mean_head,height_cm,weight_kg,height_missing,weight_missing,bmi,year_first,year_last,year_mean,career_span_calendar,decade_first,decade_mode,birth_cohort_5yr,athlete_id,sex,lifetime_pb,has_anthro
12.82,12.915,12.915,0.1344,0.0104,13.01,0.19,12.8675,12.9625,12.892,12.951,12.951,0.0834,0.0064,13.01,0.118,12.9215,12.9805,,,,0.0,0.19,0.0,2,2,1,0.0,15.0,15.0,34.7857,0,0,0.0,0.0,0.0,-0.6,0.8485,0.0,-1.2,175.0,63.0,0,0,20.5714,2015,2015,2015.0,0,2010,2010,1995,c056b9414487d484,F,12.44,1
11.78,11.85,11.86,0.0438,0.0037,11.9,0.12,11.8275,11.8775,11.706,11.824,11.866,0.0849,0.0072,11.894,0.188,11.7585,11.8835,-0.0071,0.0399,0.009,0.09,0.1,0.0916,6,4,2,1.0,17.0,18.0,6.1045,1,2,0.3333,0.0683,0.0,0.4333,0.8165,0.9667,-0.1,,,1,1,,2015,2016,2015.6667,1,2010,2010,1995,5de1a384f781c8ac,F,11.71,0
12.57,12.738,12.77,0.1207,0.0095,12.85,0.28,12.66,12.84,12.564,12.7356,12.734,0.1291,0.0101,12.876,0.312,12.66,12.844,-0.0723,0.0945,-0.0534,0.2,0.27,0.0954,5,5,2,2.0,16.0,18.0,2.3841,0,0,0.0,0.0,0.2,0.05,0.4933,0.2667,-0.6,,,1,1,,2017,2019,2018.2,2,2010,2010,2000,c48355e0ae97d7df,F,12.14,0
12.57,12.5867,12.59,0.0153,0.0012,12.6,0.03,12.58,12.595,12.554,12.5827,12.576,0.0325,0.0026,12.618,0.064,12.565,12.597,-0.2335,0.0001,-0.2469,0.03,0.0,0.2331,3,3,1,0.0,17.0,18.0,23.3138,0,0,0.0,0.0,0.0,0.0667,0.4726,0.6,-0.2,,,1,1,,2015,2015,2015.0,0,2010,2010,1995,763ad4b01147423c,F,12.06,0
12.48,12.6833,12.5,0.335,0.0264,13.07,0.59,12.49,12.785,12.48,12.7053,12.5,0.3731,0.0294,13.136,0.656,12.49,12.818,-0.447,0.0072,-0.4978,0.59,0.0,0.4537,3,3,2,1.0,16.0,18.0,2.3068,0,0,0.0,0.0,0.6667,-1.1,0.0,0.0,-1.1,,,1,1,,2017,2018,2017.6667,1,2010,2010,2000,4197da84068801d2,F,11.95,0
12.76,13.0467,12.92,0.3668,0.0281,13.46,0.7,12.84,13.19,12.634,12.9807,12.902,0.392,0.0302,13.406,0.772,12.768,13.154,-0.6521,0.0859,-0.6642,0.7,0.16,0.7222,3,3,2,1.0,16.0,17.0,3.0953,0,0,0.0,0.0,0.0,1.1,0.9165,1.1,0.0,172.0,57.0,0,0,19.2672,2016,2017,2016.6667,1,2010,2010,2000,997096a020c5254a,F,12.76,1
10.56,10.6067,10.61,0.0451,0.0043,10.65,0.09,10.585,10.63,10.43,10.5317,10.57,0.0889,0.0084,10.595,0.165,10.5,10.5825,-0.6417,0.0204,-0.9378,0.09,0.05,0.8884,3,2,1,0.0,17.0,17.0,29.6149,1,1,0.3333,-0.05,0.0,1.5,0.9644,1.5,0.0,,,1,1,,2017,2017,2017.0,0,2010,2010,2000,6f0dbd0388aef32c,M,10.35,0
13.2,13.335,13.335,0.1909,0.0143,13.47,0.27,13.2675,13.4025,13.17,13.389,13.389,0.3097,0.0231,13.608,0.438,13.2795,13.4985,,,,0.0,0.27,0.0,2,1,1,0.0,17.0,17.0,2.0,1,1,0.5,-0.27,0.0,-0.9,1.9799,0.5,-2.3,,,1,1,,2019,2019,2019.0,0,2010,2010,2000,907c511a817ad62a,F,12.73,0
12.76,12.9225,12.93,0.1509,0.0117,13.07,0.31,12.8125,13.04,12.61,12.8385,12.837,0.2302,0.0179,13.07,0.46,12.658,13.0175,-0.1278,0.0752,-0.1884,0.27,0.07,0.1329,4,4,3,2.0,16.0,18.0,1.969,0,0,0.0,0.0,0.25,1.8667,1.1846,1.8667,0.0,168.0,52.0,0,0,18.424,2017,2019,2018.25,2,2010,2010,2000,18e78a10b9030d73,F,12.76,1
13.46,13.81,13.81,0.495,0.0358,14.16,0.7,13.635,13.985,13.448,13.792,13.792,0.4865,0.0353,14.136,0.688,13.62,13.964,,,,0.7,0.0,0.6746,2,2,2,1.0,15.0,16.0,1.9274,0,0,0.0,0.0,0.0,0.3,0.1414,0.3,0.0,165.0,50.0,0,0,18.3655,2015,2016,2015.5,1,2010,2010,1995,96f057992072ec0b,F,12.76,1
12.49,12.616,12.66,0.1014,0.008,12.73,0.24,12.53,12.67,12.43,12.6244,12.67,0.1434,0.0114,12.79,0.36,12.53,12.702,0.1365,0.0882,0.154,0.04,0.0,0.0334,5,5,2,1.0,16.0,17.0,4.1791,0,0,0.0,0.0,0.4,-0.2333,1.0786,1.0,-0.85,,,1,1,,2018,2019,2018.8,1,2010,2010,2000,a7712f6f6b70ff33,F,12.49,0
12.36,12.42,12.42,0.0849,0.0068,12.48,0.12,12.39,12.45,12.264,12.339,12.339,0.1061,0.0086,12.414,0.15,12.3015,12.3765,,,,0.0,0.12,0.0,2,2,1,0.0,16.0,16.0,42.9706,1,1,0.5,0.12,0.0,1.35,0.3536,1.35,0.0,,,1,1,,2014,2014,2014.0,0,2010,2010,1995,39a579b820eb6edf,F,12.14,0
12.33,12.5275,12.52,0.1819,0.0145,12.89,0.56,12.3875,12.5575,12.312,12.5448,12.52,0.2114,0.0168,12.962,0.65,12.3875,12.5935,-0.178,0.13,-0.1969,0.56,0.34,0.2599,8,7,3,2.0,16.0,18.0,3.7128,1,1,0.125,0.1686,0.5,-0.575,0.65,0.3,-0.8667,,,1,1,,2017,2019,2018.5,2,2010,2010,2000,d4fab485cd6aab59,F,12.22,0
13.1,13.2175,13.19,0.1269,0.0096,13.39,0.29,13.1375,13.27,13.13,13.2535,13.214,0.1413,0.0107,13.456,0.326,13.181,13.2865,0.0825,0.0831,0.0873,0.0,0.29,0.0,4,4,2,2.0,16.0,16.0,1.9249,0,0,0.0,0.0,0.25,-0.8,0.3,0.0,-0.8,,,1,1,,2017,2019,2018.5,2,2010,2010,2000,15e3990a5984f25e,F,12.97,0
12.41,12.7625,12.765,0.1693,0.0133,12.97,0.56,12.735,12.8575,12.254,12.7415,12.774,0.2318,0.0182,12.988,0.734,12.681,12.8725,-0.1419,0.1659,-0.1846,0.56,0.34,0.4099,8,6,2,1.0,17.0,17.0,5.8557,1,3,0.375,-0.0333,0.125,0.4,1.2275,1.4667,-0.8,,,1,1,,2019,2020,2019.625,1,2010,2020,2000,d818c6a8216977f4,F,12.33,0
12.44,12.485,12.485,0.0636,0.0051,12.53,0.09,12.4625,12.5075,12.506,12.53,12.53,0.0339,0.0027,12.554,0.048,12.518,12.542,,,,0.0,0.09,0.0,2,1,1,0.0,16.0,16.0,2.0,1,1,0.5,-0.09,0.0,-0.75,0.495,0.0,-0.75,,,1,1,,2015,2015,2015.0,0,2010,2010,1995,5011fd1326886067,F,12.06,0
12.15,12.18,12.18,0.0424,0.0035,12.21,0.06,12.165,12.195,12.186,12.189,12.189,0.0042,0.0003,12.192,0.006,12.1875,12.1905,,,,0.0,0.06,0.0,2,1,1,0.0,18.0,18.0,2.0,1,1,0.5,-0.06,0.0,-0.15,0.7778,0.4,-0.7,176.0,57.0,0,0,18.4013,2020,2020,2020.0,0,2020,2020,2000,155bc2d58600a67b,F,12.15,1
10.9,11.0625,11.02,0.1836,0.0166,11.31,0.41,10.9375,11.145,10.86,11.0475,11.01,0.1923,0.0174,11.31,0.45,10.9388,11.1188,-0.6348,0.1515,-0.4777,0.0,0.05,0.0,4,4,1,0.0,18.0,18.0,21.4853,0,0,0.0,0.0,0.25,0.4,0.6083,0.75,-0.3,,,1,1,,2019,2019,2019.0,0,2010,2010,2000,6665fd12ea3759be,M,10.78,0
12.43,12.5625,12.59,0.0918,0.0073,12.64,0.21,12.5425,12.61,12.472,12.567,12.578,0.0734,0.0058,12.64,0.168,12.5305,12.6145,-0.0261,0.0758,-0.0282,0.17,0.0,0.0789,4,4,2,2.0,16.0,18.0,1.8564,0,0,0.0,0.0,0.25,-0.1,0.6,0.5,-0.4,165.0,56.0,0,0,20.5693,2017,2019,2018.5,2,2010,2010,2000,49970f54379bbfc8,F,12.43,1
12.68,12.8067,12.83,0.1168,0.0091,12.91,0.23,12.755,12.87,12.656,12.7867,12.824,0.1166,0.0091,12.88,0.224,12.74,12.852,-0.1891,0.0339,-0.1954,0.15,0.0,0.1489,3,3,2,1.0,16.0,17.0,2.9776,0,0,0.0,0.0,0.0,0.3333,0.2082,0.3333,0.0,164.0,43.0,0,0,15.9875,2016,2017,2016.3333,1,2010,2010,2000,0f720320757dee89,F,12.23,1
10.96,11.015,11.015,0.0778,0.0071,11.07,0.11,10.9875,11.0425,10.94,10.9825,10.9825,0.0601,0.0055,11.025,0.085,10.9613,11.0038,,,,0.11,0.0,1.4349,2,2,1,0.0,18.0,18.0,26.0893,0,0,0.0,0.0,0.0,0.65,0.3536,0.65,0.0,,,1,1,,2015,2015,2015.0,0,2010,2010,1995,10ca33e3a2c4fc34,M,10.77,0
12.39,12.4167,12.4,0.0379,0.003,12.46,0.07,12.395,12.43,12.39,12.4187,12.406,0.0367,0.003,12.46,0.07,12.398,12.433,-0.0208,0.0295,-0.0257,0.01,0.0,0.0094,3,3,2,1.0,17.0,18.0,2.8096,0,0,0.0,0.0,0.3333,-0.05,0.0707,0.0,-0.1,,,1,1,,2017,2018,2017.3333,1,2010,2010,2000,c8524c084f6a5edb,F,11.96,0
11.83,12.0355,12.03,0.0863,0.0072,12.18,0.35,12.015,12.075,11.86,12.0573,12.046,0.101,0.0084,12.264,0.404,12.019,12.095,-0.0172,0.0818,-0.0136,0.2,0.24,0.1447,11,8,2,1.0,16.0,17.0,7.9559,1,3,0.2727,-0.0162,0.0,-0.3636,0.6185,0.25,-0.7143,165.0,55.0,0,0,20.202,2016,2017,2016.8182,1,2010,2010,2000,f368c1de1b9e119c,F,11.83,1
12.27,12.46,12.53,0.1364,0.0109,12.58,0.31,12.3,12.58,12.266,12.4807,12.53,0.1735,0.0139,12.742,0.476,12.288,12.58,0.0134,0.1284,-0.0316,0.31,0.0,0.232,9,8,2,1.0,16.0,18.0,6.7362,1,1,0.1111,-0.135,0.5556,-0.775,1.4245,0.3,-1.85,,,1,1,,2017,2018,2017.5556,1,2010,2010,2000,134bbb663b484986,F,11.9,0
11.3,11.4325,11.46,0.0946,0.0083,11.51,0.21,11.3975,11.495,11.265,11.4238,11.46,0.1112,0.0097,11.51,0.245,11.3888,11.495,-0.2434,0.0271,-0.288,0.21,0.0,0.254,4,4,2,1.0,17.0,18.0,4.8377,0,0,0.0,0.0,0.75,0.7,0.0,0.7,0.0,193.0,70.0,0,0,18.7925,2018,2019,2018.25,1,2010,2010,2000,09885f25906ad916,M,10.85,1
12.35,12.9644,12.6,1.1914,0.0919,16.12,3.77,12.55,12.64,12.35,12.9431,12.62,1.1432,0.0883,15.964,3.614,12.43,12.642,-0.0616,1.1283,-0.0438,0.29,0.05,0.2179,9,8,2,1.0,16.0,17.0,6.7639,1,1,0.1111,0.7329,0.3333,0.5333,1.5332,2.5,-0.45,,,1,1,,2018,2019,2018.8889,1,2010,2010,2000,8b97e56dedc9692e,F,12.35,0
12.04,12.34,12.31,0.2333,0.0189,12.67,0.63,12.195,12.4925,12.052,12.365,12.337,0.2442,0.0197,12.706,0.654,12.21,12.527,-0.1958,0.0976,-0.2052,0.63,0.14,0.2992,6,5,2,2.0,16.0,18.0,2.8498,1,1,0.1667,0.192,0.0,-0.4167,0.4491,0.1,-0.65,,,1,1,,2012,2014,2013.3333,2,2010,2010,1995,7c7600dec1f75f90,F,12.04,0
11.64,11.6967,11.7,0.0551,0.0047,11.75,0.11,11.67,11.725,11.642,11.6687,11.67,0.026,0.0022,11.694,0.052,11.656,11.682,-0.0801,0.0433,-0.0983,0.06,0.0,0.1686,3,3,1,0.0,17.0,17.0,8.4288,1,2,0.6667,0.005,0.0,0.4667,1.193,0.95,-0.5,,,1,1,,2019,2019,2019.0,0,2010,2010,2000,a10267ad2ef5b097,F,11.42,0
10.67,10.74,10.74,0.07,0.0065,10.81,0.14,10.705,10.775,10.515,10.6367,10.69,0.1056,0.0099,10.705,0.19,10.6025,10.6975,0.7236,0.0286,1.2577,0.0,0.14,0.0,3,2,1,0.0,18.0,18.0,20.6745,0,0,0.0,0.0,0.0,2.0667,1.0504,2.0667,0.0,,,1,1,,2017,2017,2017.0,0,2010,2010,1995,ebac919e00c346d2,M,10.35,0
11.04,11.115,11.115,0.1061,0.0095,11.19,0.15,11.0775,11.1525,11.005,11.1075,11.1075,0.145,0.0131,11.21,0.205,11.0562,11.1588,,,,0.15,0.0,1.9567,2,2,1,0.0,18.0,18.0,26.0893,0,0,0.0,0.0,0.0,0.15,0.7778,0.7,-0.4,181.0,65.0,0,0,19.8407,2020,2020,2020.0,0,2020,2020,2000,9f0d2c0ca2363009,M,10.93,1
12.33,12.415,12.415,0.1202,0.0097,12.5,0.17,12.3725,12.4575,12.33,12.415,12.415,0.1202,0.0097,12.5,0.17,12.3725,12.4575,,,,0.17,0.0,0.5645,2,2,1,0.0,16.0,17.0,6.6409,0,0,0.0,0.0,1.0,0.0,0.0,0.0,0.0,172.0,50.0,0,0,16.901,2018,2018,2018.0,0,2010,2010,2000,e926e29562429ddd,F,12.27,1
12.4,12.59,12.62,0.1366,0.0109,12.81,0.41,12.515,12.635,12.424,12.5849,12.566,0.1246,0.0099,12.798,0.374,12.514,12.639,0.1119,0.085,0.0991,0.0,0.41,0.0,7,6,3,2.0,15.0,15.0,3.3553,1,1,0.1429,0.2217,0.0,0.0857,1.331,0.925,-1.0333,165.0,50.0,0,0,18.3655,2015,2017,2015.8571,2,2010,2010,1995,b162eccad4163f21,F,12.4,1
12.57,12.6925,12.665,0.1318,0.0104,12.87,0.3,12.6075,12.75,12.564,12.6925,12.665,0.1363,0.0107,12.876,0.312,12.606,12.7515,1.3332,0.103,1.3845,0.14,0.3,1.3457,4,3,1,0.0,16.0,16.0,38.4474,0,0,0.0,0.0,0.5,0.0,0.1414,0.1,-0.1,,,1,1,,2019,2019,2019.0,0,2010,2010,2000,0a4c43f027d5ccb4,F,12.57,0
12.28,12.3371,12.32,0.0559,0.0045,12.43,0.15,12.295,12.37,12.232,12.3131,12.29,0.0712,0.0058,12.426,0.194,12.26,12.362,-0.0574,0.0442,0.0096,0.15,0.02,0.1292,7,6,2,1.0,16.0,17.0,6.0301,1,1,0.1429,0.0433,0.0,0.4,0.9037,0.9,-0.85,,,1,1,,2015,2016,2015.7143,1,2010,2010,1995,606fdf5760f0caee,F,12.11,0
12.16,12.4533,12.21,0.4654,0.0374,12.99,0.83,12.185,12.6,12.154,12.4513,12.204,0.4724,0.0379,12.996,0.842,12.179,12.6,-0.6378,0.0204,-0.6473,0.83,0.05,0.6576,3,2,2,1.0,17.0,18.0,2.3769,1,1,0.3333,0.44,0.0,0.0333,0.1155,0.1,-0.1,167.0,50.0,0,0,17.9282,2019,2020,2019.6667,1,2010,2020,2000,cf7e5fd2cb73e12f,F,12.12,1
12.92,13.1229,13.13,0.1482,0.0113,13.39,0.47,13.05,13.16,12.956,13.1271,13.096,0.1836,0.014,13.516,0.56,13.032,13.129,-0.1404,0.086,-0.187,0.47,0.08,0.2104,7,7,3,2.0,16.0,18.0,3.1333,0,0,0.0,0.0,0.0,-0.0714,1.092,0.7667,-0.9333,,,1,1,,2014,2016,2015.4286,2,2010,2010,1995,72e305be0d93f811,F,12.87,0
11.01,11.14,11.14,0.1838,0.0165,11.27,0.26,11.075,11.205,11.01,11.1275,11.1275,0.1662,0.0149,11.245,0.235,11.0688,11.1862,,,,0.26,0.0,2.7931,2,2,1,0.0,17.0,17.0,21.4853,0,0,0.0,0.0,0.0,0.25,0.3536,0.5,0.0,177.0,54.0,0,0,17.2364,2019,2019,2019.0,0,2010,2010,2000,a51489eef9f5e716,M,10.81,1
12.45,12.485,12.485,0.0495,0.004,12.52,0.07,12.4675,12.5025,12.45,12.485,12.485,0.0495,0.004,12.52,0.07,12.4675,12.5025,,,,0.07,0.0,0.9469,2,2,1,0.0,18.0,18.0,27.0556,0,0,0.0,0.0,1.0,0.0,0.0,0.0,0.0,170.0,55.0,0,0,19.0311,2018,2018,2018.0,0,2010,2010,2000,264006353eaae4aa,F,12.45,1
12.01,12.045,12.05,0.0265,0.0022,12.07,0.06,12.0325,12.0625,11.944,12.0225,12.007,0.0788,0.0066,12.132,0.188,11.989,12.0405,0.0328,0.0139,0.1059,0.0,0.05,0.0,4,3,2,1.0,16.0,16.0,3.1151,1,1,0.25,0.0,0.0,0.375,1.072,0.9,-1.2,,,1,1,,2011,2012,2011.5,1,2010,2010,1995,2254bf38a423624e,F,11.66,0
13.19,13.3467,13.37,0.1464,0.011,13.48,0.29,13.28,13.425,13.166,13.3767,13.442,0.1868,0.014,13.522,0.356,13.304,13.482,-0.9585,0.1069,-1.6166,0.18,0.0,1.3417,3,3,1,0.0,17.0,17.0,22.3622,0,0,0.0,0.0,0.0,-0.5,0.8185,0.4,-0.95,,,1,1,,2015,2015,2015.0,0,2010,2010,1995,b762079ed36ac502,F,12.45,0
12.02,12.07,12.09,0.0436,0.0036,12.1,0.08,12.055,12.095,11.93,12.026,12.072,0.0832,0.0069,12.076,0.146,12.001,12.074,-0.4834,0.0286,-0.8057,0.08,0.07,0.8594,3,2,1,0.0,17.0,17.0,32.2279,1,1,0.3333,-0.03,0.0,0.7333,0.6658,0.7333,0.0,,,1,1,,2019,2019,2019.0,0,2010,2010,2000,a3c42af0460f6671,F,11.81,0
12.89,13.2233,13.3,0.3024,0.0229,13.48,0.59,13.095,13.39,12.872,13.2633,13.354,0.3548,0.0268,13.564,0.692,13.113,13.459,7.5024,0.0738,8.7981,0.0,0.59,0.0,3,3,1,0.0,18.0,18.0,39.1339,0,0,0.0,0.0,0.0,-0.6667,0.8737,0.3,-1.15,169.0,59.0,0,0,20.6575,2019,2019,2019.0,0,2010,2010,2000,495d46a191087715,F,12.89,1
11.05,11.3244,11.36,0.1477,0.013,11.51,0.46,11.24,11.42,11.01,11.3167,11.365,0.1766,0.0156,11.525,0.515,11.235,11.42,0.0083,0.1389,-0.0415,0.0,0.46,0.0,9,7,2,1.0,17.0,17.0,6.75,1,2,0.2222,0.1086,0.3333,0.2333,1.0614,0.75,-0.8,,,1,1,,2019,2020,2019.2222,1,2010,2010,2000,18cc1ffaa664540b,M,10.93,0
12.47,12.62,12.68,0.119,0.0094,12.75,0.28,12.52,12.68,12.476,12.6128,12.662,0.1059,0.0084,12.722,0.246,12.526,12.678,-0.1734,0.0922,-0.1405,0.21,0.05,0.2056,5,5,2,1.0,16.0,16.0,4.8961,0,0,0.0,0.0,0.0,0.12,0.7014,0.75,-0.3,170.0,62.0,0,0,21.4533,2015,2016,2015.2,1,2010,2010,1995,99d67eababea062e,F,12.47,1
12.41,12.595,12.575,0.1669,0.0133,12.89,0.48,12.4425,12.705,12.332,12.5854,12.596,0.1791,0.0142,12.89,0.558,12.4255,12.708,-0.0993,0.1539,-0.1149,0.16,0.17,0.1375,10,7,2,1.0,16.0,17.0,8.5941,1,3,0.3,0.1233,0.4,0.2667,0.9288,1.0,-0.4667,,,1,1,,2018,2019,2018.8,1,2010,2010,2000,d0c4e0396df7da85,F,12.41,0
12.67,12.745,12.745,0.1061,0.0083,12.82,0.15,12.7075,12.7825,12.67,12.781,12.781,0.157,0.0123,12.892,0.222,12.7255,12.8365,,,,0.15,0.0,0.1405,2,2,2,1.0,17.0,18.0,1.8731,0,0,0.0,0.0,0.5,-1.2,0.0,0.0,-1.2,,,1,1,,2017,2018,2017.5,1,2010,2010,2000,e2ec187a4a5c2087,F,12.09,0
12.31,12.566,12.47,0.3242,0.0258,13.13,0.82,12.41,12.51,12.28,12.5732,12.476,0.3241,0.0258,13.13,0.85,12.47,12.51,0.2309,0.2395,0.2687,0.1,0.82,0.0915,5,4,2,1.0,16.0,16.0,4.5771,1,1,0.2,0.07,0.6,-0.3,1.1314,0.5,-1.1,,,1,1,,2017,2018,2017.6,1,2010,2010,2000,3df590272ebb8a86,F,12.31,0
11.35,11.385,11.385,0.0495,0.0043,11.42,0.07,11.3675,11.4025,11.35,11.395,11.395,0.0636,0.0056,11.44,0.09,11.3725,11.4175,,,,0.07,0.0,0.0656,2,2,2,1.0,17.0,18.0,1.8731,0,0,0.0,0.0,0.5,-0.4,0.0,0.0,-0.4,172.0,58.0,0,0,19.6052,2017,2018,2017.5,1,2010,2010,2000,e1d591694620d1f3,M,10.85,1
12.87,12.94,12.91,0.0889,0.0069,13.04,0.17,12.89,12.975,12.864,12.94,12.91,0.0946,0.0073,13.046,0.182,12.887,12.978,0.0467,0.0686,0.047,0.04,0.17,0.0363,3,3,2,1.0,16.0,17.0,2.719,0,0,0.0,0.0,0.3333,0.0,0.1414,0.1,-0.1,162.0,55.0,0,0,20.9572,2018,2019,2018.6667,1,2010,2010,2000,83234316004bb828,F,12.87,1
12.25,12.28,12.28,0.0424,0.0035,12.31,0.06,12.265,12.295,12.25,12.28,12.28,0.0424,0.0035,12.31,0.06,12.265,12.295,,,,0.0,0.06,0.0,2,1,1,0.0,18.0,18.0,2.0,1,1,0.5,0.06,1.0,0.0,0.0,0.0,0.0,,,1,1,,2018,2018,2018.0,0,2010,2010,2000,ec6424ad6c91bf80,F,12.13,0
12.77,13.02,13.05,0.2003,0.0154,13.21,0.44,12.905,13.165,12.8,13.0035,13.011,0.1993,0.0153,13.192,0.392,12.8495,13.165,-0.3276,0.1039,-0.2621,0.18,0.0,0.1787,4,4,2,1.0,16.0,17.0,3.9701,0,0,0.0,0.0,0.0,0.275,0.818,0.85,-0.3,,,1,1,,2016,2017,2016.25,1,2010,2010,2000,b8bf9993b4a5ccc6,F,12.32,0
12.12,12.1767,12.13,0.0896,0.0074,12.28,0.16,12.125,12.205,12.142,12.1647,12.172,0.02,0.0016,12.18,0.038,12.157,12.176,-0.1494,0.0028,0.0332,0.16,0.0,0.1468,3,3,2,1.0,17.0,18.0,2.7531,0,0,0.0,0.0,0.0,0.2,1.8248,2.3,-0.85,,,1,1,,2013,2014,2013.6667,1,2010,2010,1995,b4f1a7b3e86b40ad,F,11.92,0
10.38,10.395,10.395,0.0212,0.002,10.41,0.03,10.3875,10.4025,10.31,10.34,10.34,0.0424,0.0041,10.37,0.06,10.325,10.355,,,,0.0,0.03,0.0,2,1,1,0.0,17.0,17.0,2.0,1,1,0.5,-0.03,0.0,1.1,0.4243,1.1,0.0,,,1,1,,2017,2017,2017.0,0,2010,2010,2000,900bdc0aafc76db5,M,10.29,0
10.96,11.1,11.095,0.086,0.0077,11.2,0.24,11.075,11.16,10.96,11.0975,11.095,0.0827,0.0075,11.185,0.225,11.075,11.16,-0.0914,0.0658,-0.0794,0.24,0.22,0.1845,6,5,2,1.0,16.0,17.0,4.6137,1,1,0.1667,0.168,0.8333,0.3,0.0,0.3,0.0,,,1,1,,2017,2018,2017.8333,1,2010,2010,2000,cb5856798864c33b,M,10.72,0
10.35,10.38,10.38,0.0424,0.0041,10.41,0.06,10.365,10.395,10.345,10.3575,10.3575,0.0177,0.0017,10.37,0.025,10.3512,10.3638,,,,0.06,0.0,0.2922,2,2,1,0.0,17.0,17.0,9.74,1,1,0.5,0.06,0.0,0.45,1.2021,1.3,-0.4,,,1,1,,2013,2013,2013.0,0,2010,2010,1995,2993adc9e894e4ac,M,10.22,0
12.32,12.43,12.46,0.0985,0.0079,12.51,0.19,12.39,12.485,12.35,12.496,12.466,0.1631,0.0131,12.672,0.322,12.408,12.569,1.2823,0.0204,1.7019,0.0,0.19,0.0,3,2,1,0.0,17.0,17.0,23.3138,1,1,0.3333,-0.12,0.0,-1.1,1.4,0.0,-1.1,,,1,1,,2019,2019,2019.0,0,2010,2010,2000,a5711e43ae7c52a9,F,11.97,0
11.15,11.28,11.28,0.1838,0.0163,11.41,0.26,11.215,11.345,11.125,11.2875,11.2875,0.2298,0.0204,11.45,0.325,11.2062,11.3687,,,,0.26,0.0,2.7931,2,2,1,0.0,17.0,17.0,21.4853,0,0,0.0,0.0,0.0,-0.15,0.9192,0.5,-0.8,172.0,61.0,0,0,20.6193,2019,2019,2019.0,0,2010,2010,2000,f156dad31442e25c,M,10.56,1
12.75,12.795,12.795,0.0636,0.005,12.84,0.09,12.7725,12.8175,12.66,12.738,12.738,0.1103,0.0087,12.816,0.156,12.699,12.777,,,,0.09,0.0,0.9668,2,2,1,0.0,17.0,17.0,21.4853,0,0,0.0,0.0,0.0,0.95,0.7778,0.95,0.0,168.0,48.0,0,0,17.0068,2019,2019,2019.0,0,2010,2010,2000,fa9884b0867d819e,F,12.66,1
13.02,13.295,13.38,0.1838,0.0138,13.4,0.38,13.2825,13.3925,12.972,13.283,13.38,0.2077,0.0156,13.4,0.428,13.2705,13.3925,0.3484,0.0163,0.394,0.0,0.38,0.0,4,4,2,1.0,16.0,16.0,3.7081,0,0,0.0,0.0,0.75,0.8,0.0,0.8,0.0,,,1,1,,2017,2018,2017.75,1,2010,2010,2000,78896e3f4f2a16f0,F,12.91,0
12.65,12.795,12.795,0.2051,0.016,12.94,0.29,12.7225,12.8675,12.614,12.795,12.795,0.256,0.02,12.976,0.362,12.7045,12.8855,,,,0.29,0.0,0.2926,2,2,2,1.0,17.0,18.0,2.018,0,0,0.0,0.0,0.0,0.0,0.8485,0.6,-0.6,162.0,49.0,0,0,18.6709,2014,2015,2014.5,1,2010,2010,1995,f2c84bdd81710500,F,12.64,1
12.78,12.84,12.86,0.0529,0.0041,12.88,0.1,12.82,12.87,12.774,12.816,12.818,0.041,0.0032,12.856,0.082,12.796,12.837,-0.0469,0.0129,-0.0381,0.1,0.0,0.0464,3,3,3,2.0,16.0,18.0,1.3923,0,0,0.0,0.0,0.0,0.4,0.3,0.4,0.0,161.0,54.0,0,0,20.8325,2015,2017,2016.0,2,2010,2010,1995,7bc22268b206ca4e,F,12.78,1
11.64,11.91,11.94,0.2563,0.0215,12.15,0.51,11.79,12.045,11.665,11.9217,11.95,0.2437,0.0204,12.15,0.485,11.8075,12.05,-0.2371,0.1694,-0.2257,0.51,0.3,0.4103,3,3,2,1.0,16.0,17.0,2.4135,0,0,0.0,0.0,0.3333,-0.35,0.2121,0.0,-0.35,165.0,54.0,0,0,19.8347,2018,2019,2018.6667,1,2010,2010,2000,37b0ceba6261ed93,M,11.42,1
11.35,11.37,11.37,0.0283,0.0025,11.39,0.04,11.36,11.38,11.335,11.3725,11.3725,0.053,0.0047,11.41,0.075,11.3538,11.3912,,,,0.04,0.0,0.0439,2,2,2,1.0,16.0,17.0,2.1937,0,0,0.0,0.0,0.0,-0.05,0.495,0.3,-0.4,174.0,65.0,0,0,21.4692,2016,2017,2016.5,1,2010,2010,2000,e56bb0a00a3df989,M,11.03,1
11.26,11.3922,11.37,0.114,0.01,11.66,0.4,11.33,11.42,11.26,11.3994,11.39,0.1153,0.0101,11.675,0.415,11.335,11.415,0.0556,0.09,0.0426,0.07,0.11,0.0286,9,9,3,2.0,15.0,16.0,3.6729,1,1,0.1111,-0.3012,0.3333,-0.2167,0.9131,0.4,-0.8333,167.0,58.0,0,0,20.7967,2018,2020,2019.1111,2,2010,2010,2000,384b56c907010963,M,11.26,1
12.72,12.83,12.77,0.1551,0.0121,13.06,0.34,12.7575,12.8425,12.72,12.848,12.77,0.1908,0.0149,13.132,0.412,12.7575,12.8605,-0.2746,0.0229,-0.341,0.34,0.05,0.3112,4,4,2,1.0,17.0,18.0,3.6617,0,0,0.0,0.0,0.75,-1.2,0.0,0.0,-1.2,,,1,1,,2017,2018,2017.75,1,2010,2010,2000,96fea2ee19e4865e,F,12.43,0
12.23,12.452,12.47,0.1937,0.0156,12.65,0.42,12.28,12.63,12.196,12.4376,12.392,0.2408,0.0194,12.702,0.506,12.224,12.674,-0.1679,0.0579,-0.2158,0.4,0.05,0.1856,5,3,2,2.0,16.0,18.0,2.3205,1,2,0.4,-0.0217,0.0,0.24,1.1149,0.9333,-0.8,165.0,51.0,0,0,18.7328,2015,2017,2015.8,2,2010,2010,1995,436a43bfa91332ce,F,12.23,1
11.3,11.325,11.325,0.0354,0.0031,11.35,0.05,11.3125,11.3375,11.225,11.2825,11.2825,0.0813,0.0072,11.34,0.115,11.2538,11.3113,,,,0.05,0.0,0.6522,2,2,1,0.0,18.0,18.0,26.0893,0,0,0.0,0.0,0.0,0.85,0.9192,0.85,0.0,184.0,68.0,0,0,20.0851,2015,2015,2015.0,0,2010,2010,1995,c246e758315b6100,M,10.72,1
11.69,11.695,11.695,0.0071,0.0006,11.7,0.01,11.6925,11.6975,11.646,11.653,11.653,0.0099,0.0008,11.66,0.014,11.6495,11.6565,,,,0.0,0.01,0.0,2,1,1,0.0,17.0,17.0,2.0,1,1,0.5,0.01,0.0,0.7,0.2828,0.7,0.0,,,1,1,,2017,2017,2017.0,0,2010,2010,2000,13221256c721572b,F,11.49,0
12.17,12.265,12.265,0.1344,0.011,12.36,0.19,12.2175,12.3125,12.185,12.2725,12.2725,0.1237,0.0101,12.36,0.175,12.2288,12.3162,,,,0.19,0.0,0.1789,2,2,2,1.0,17.0,18.0,1.8827,0,0,0.0,0.0,0.5,-0.3,0.0,0.0,-0.3,174.0,62.0,0,0,20.4783,2018,2019,2018.5,1,2010,2010,2000,bf78b5491785b222,M,11.33,1
12.33,12.5467,12.62,0.1909,0.0152,12.69,0.36,12.475,12.655,12.426,12.5907,12.626,0.1502,0.0119,12.72,0.294,12.526,12.673,-0.2819,0.0701,-0.2048,0.29,0.0,0.2469,3,3,2,1.0,16.0,18.0,2.5542,1,2,0.6667,0.11,0.0,-0.7333,0.7767,0.0,-0.7333,168.0,56.0,0,0,19.8413,2019,2020,2019.3333,1,2010,2010,2000,2bc8f7c7cc42e62f,F,12.33,1
13.0,13.0,13.0,0.0,0.0,13.0,0.0,13.0,13.0,12.964,12.997,12.997,0.0467,0.0036,13.03,0.066,12.9805,13.0135,,,,0.0,0.0,0.0,2,2,1,0.0,17.0,18.0,26.0893,0,0,0.0,0.0,0.0,0.05,0.7778,0.6,-0.5,168.0,54.0,0,0,19.1327,2019,2019,2019.0,0,2010,2010,2000,5d7eba5c5aa82f2d,F,13.0,1
11.39,11.4767,11.42,0.125,0.0109,11.62,0.23,11.405,11.52,11.395,11.4817,11.44,0.1134,0.0099,11.61,0.215,11.4175,11.525,-0.1609,0.0122,-0.1441,0.23,0.03,0.1721,3,2,2,1.0,16.0,17.0,2.2454,1,1,0.3333,0.085,0.0,-0.1,0.3,0.2,-0.25,185.0,57.0,0,0,16.6545,2019,2020,2019.6667,1,2010,2020,2000,4e3d30bffe684d9b,M,11.26,1
12.9,12.935,12.935,0.0495,0.0038,12.97,0.07,12.9175,12.9525,12.894,12.956,12.956,0.0877,0.0068,13.018,0.124,12.925,12.987,,,,0.0,0.07,0.0,2,1,1,0.0,18.0,18.0,2.0,1,1,0.5,-0.07,0.0,-0.35,0.6364,0.1,-0.8,165.0,55.0,0,0,20.202,2020,2020,2020.0,0,2020,2020,2000,03e2fbf12a734f9f,F,12.21,1
12.93,13.0325,13.035,0.0826,0.0063,13.13,0.2,12.9975,13.07,12.93,13.0175,13.005,0.0928,0.0071,13.13,0.2,12.948,13.0745,0.0248,0.0715,-0.3939,0.0,0.09,0.0,4,4,1,0.0,16.0,16.0,18.037,0,0,0.0,0.0,0.25,0.3333,1.0214,1.5,-0.25,,,1,1,,2019,2019,2019.0,0,2010,2010,2000,393412fc88981a9c,F,12.93,0
10.96,10.98,10.98,0.0283,0.0026,11.0,0.04,10.97,10.99,10.87,10.935,10.935,0.0919,0.0084,11.0,0.13,10.9025,10.9675,,,,0.0,0.04,0.0,2,2,1,0.0,18.0,18.0,7.305,0,0,0.0,0.0,0.0,0.9,2.4042,2.6,-0.8,,,1,1,,2019,2019,2019.0,0,2010,2010,2000,c78897c8939245fd,M,10.51,0
12.29,12.4573,12.45,0.105,0.0084,12.64,0.35,12.415,12.485,12.272,12.4807,12.498,0.1194,0.0096,12.652,0.38,12.387,12.565,0.0985,0.0739,0.0661,0.16,0.33,0.0798,11,7,3,2.0,16.0,16.0,5.4887,1,5,0.4545,0.0903,0.0,-0.3909,0.9659,0.425,-0.8571,,,1,1,,2019,2021,2019.4545,2,2010,2010,2000,e33ddc9d07bdbecb,F,12.24,0
12.85,12.94,12.94,0.1273,0.0098,13.03,0.18,12.895,12.985,12.874,12.985,12.985,0.157,0.0121,13.096,0.222,12.9295,13.0405,,,,0.18,0.0,2.348,2,2,1,0.0,18.0,18.0,26.0893,0,0,0.0,0.0,0.0,-0.75,0.495,0.0,-0.75,167.0,51.0,0,0,18.2868,2019,2019,2019.0,0,2010,2010,2000,5448ccc98510b0b9,F,12.53,1
12.63,12.808,12.73,0.1924,0.015,13.11,0.48,12.69,12.88,12.576,12.7888,12.73,0.1968,0.0154,13.092,0.516,12.69,12.856,0.9313,0.1077,0.8875,0.06,0.48,0.1461,5,4,1,0.0,16.0,16.0,12.175,1,1,0.2,0.1475,0.4,0.5333,0.3215,0.5333,0.0,165.0,57.0,0,0,20.9366,2019,2019,2019.0,0,2010,2010,2000,af1ae5783c754976,F,12.46,1
11.98,12.322,12.33,0.2891,0.0235,12.73,0.75,12.13,12.44,11.968,12.3388,12.312,0.3243,0.0263,12.808,0.84,12.13,12.476,-0.475,0.1246,-0.5018,0.75,0.15,0.7505,5,3,2,1.0,16.0,17.0,5.0034,1,2,0.4,0.2783,0.0,-0.28,0.6686,0.25,-0.95,165.0,52.0,0,0,19.1001,2019,2020,2019.4,1,2010,2010,2000,3ac31c137e98b466,F,11.98,1
10.96,11.05,10.97,0.1405,0.0127,11.34,0.38,10.965,11.075,10.915,11.0586,10.99,0.1753,0.0159,11.435,0.52,10.9675,11.0675,-0.0689,0.1243,-0.0465,0.38,0.16,0.3803,7,4,2,1.0,17.0,18.0,7.0048,1,3,0.4286,0.0583,0.0,-0.1714,0.916,0.8,-0.7,183.0,64.0,0,0,19.1108,2019,2020,2019.5714,1,2010,2020,2000,b454be960ca1456f,M,10.78,1
12.88,12.93,12.93,0.0707,0.0055,12.98,0.1,12.905,12.955,12.772,12.855,12.855,0.1174,0.0091,12.938,0.166,12.8135,12.8965,,,,0.0,0.1,0.0,2,1,1,0.0,18.0,18.0,2.0,1,1,0.5,0.1,0.0,1.25,0.7778,1.25,0.0,164.0,50.0,0,0,18.5901,2019,2019,2019.0,0,2010,2010,2000,38f33b82ac313e81,F,12.22,1
12.48,12.71,12.63,0.1871,0.0147,13.05,0.57,12.61,12.795,12.384,12.6766,12.612,0.2527,0.0199,13.116,0.732,12.505,12.807,-0.0675,0.1759,0.2252,0.33,0.57,0.6118,7,6,1,1.0,16.0,16.0,12.9784,1,1,0.1429,0.0933,0.1429,0.65,1.3457,1.35,-0.75,,,1,1,,2019,2019,2019.0,0,2010,2010,2000,29644ced70cd4464,F,11.9,0
11.56,11.605,11.605,0.0636,0.0055,11.65,0.09,11.5825,11.6275,11.43,11.5375,11.5375,0.152,0.0132,11.645,0.215,11.4838,11.5912,,,,0.0,0.09,0.0,2,2,1,0.0,17.0,17.0,19.7432,0,0,0.0,0.0,0.0,1.35,1.7678,1.35,0.0,172.0,60.0,0,0,20.2812,2019,2019,2019.0,0,2010,2010,2000,8119fa9703dd3b6b,M,11.56,1
11.2,11.3687,11.3,0.1713,0.0151,11.67,0.47,11.25,11.475,11.145,11.3512,11.245,0.2094,0.0184,11.67,0.525,11.2075,11.4988,-0.1995,0.0989,-0.2173,0.47,0.02,0.2241,8,7,3,2.0,16.0,18.0,3.8146,1,1,0.125,0.1929,0.125,0.4,1.179,1.175,-1.9,175.0,65.0,0,0,21.2245,2018,2020,2019.375,2,2010,2020,2000,d83687aac1a002dd,M,10.86,1
12.58,12.8829,12.86,0.2014,0.0156,13.21,0.63,12.78,12.985,12.628,12.8991,12.926,0.1921,0.0149,13.216,0.588,12.777,12.985,0.2623,0.1834,0.5484,0.0,0.28,0.0,7,6,1,0.0,16.0,16.0,25.0662,0,0,0.0,0.0,0.4286,-0.475,0.5679,0.1,-0.6667,,,1,1,,2019,2019,2019.0,0,2010,2010,2000,364dfe3945009dfa,F,12.58,0
12.67,12.764,12.78,0.0733,0.0057,12.85,0.18,12.71,12.81,12.622,12.7256,12.754,0.0848,0.0067,12.81,0.188,12.65,12.792,0.0033,0.0656,-0.1003,0.04,0.18,0.0761,5,3,1,1.0,16.0,16.0,9.5117,1,1,0.2,0.11,0.2,0.8,0.7483,1.1333,-0.2,,,1,1,,2019,2019,2019.0,0,2010,2010,2000,9d0f4860e4526171,F,12.67,0
12.43,12.5383,12.535,0.0794,0.0063,12.63,0.2,12.4875,12.605,12.43,12.5433,12.529,0.0902,0.0072,12.66,0.23,12.4845,12.614,0.7412,0.0665,0.95,0.08,0.19,0.6217,6,5,1,0.0,15.0,16.0,46.6277,0,0,0.0,0.0,0.5,-0.1667,0.3512,0.2,-0.35,,,1,1,,2019,2019,2019.0,0,2010,2010,2000,466fe8023ef4bf0a,F,12.23,0
11.5,11.7088,11.75,0.1136,0.0097,11.81,0.31,11.64,11.8,11.452,11.711,11.785,0.1384,0.0118,11.854,0.402,11.6385,11.7895,-0.1967,0.1039,-0.3824,0.3,0.29,0.794,8,6,1,0.0,17.0,18.0,21.1739,1,5,0.625,-0.014,0.0,-0.0375,0.7405,0.42,-0.8,,,1,1,,2021,2021,2021.0,0,2020,2020,2000,166200646ae800fa,F,11.47,0
13.18,13.185,13.185,0.0071,0.0005,13.19,0.01,13.1825,13.1875,13.024,13.11,13.11,0.1216,0.0093,13.196,0.172,13.067,13.153,,,,0.01,0.0,0.0652,2,2,1,0.0,17.0,17.0,13.0446,0,0,0.0,0.0,0.0,1.25,1.9092,2.6,-0.1,170.0,55.0,0,0,19.0311,2019,2019,2019.0,0,2010,2010,2000,90a261cfd063653d,F,13.18,1
12.95,13.1571,13.15,0.1775,0.0135,13.38,0.43,13.01,13.3,12.92,13.1571,13.186,0.1891,0.0144,13.384,0.464,13.016,13.289,-0.2904,0.0781,-0.2673,0.43,0.2,0.3803,7,5,2,1.0,16.0,17.0,6.1907,1,2,0.2857,0.213,0.1429,0.0,0.7211,0.6333,-0.6333,171.0,48.0,0,0,16.4153,2019,2020,2019.5714,1,2010,2020,2000,a8112c95c085a4c9,F,12.95,1
12.57,12.62,12.6,0.0579,0.0046,12.7,0.13,12.57,12.66,12.57,12.626,12.606,0.0564,0.0045,12.69,0.12,12.582,12.682,-0.4763,0.0415,-0.5837,0.09,0.0,0.4834,5,5,1,0.0,18.0,18.0,26.8566,0,0,0.0,0.0,0.2,-0.125,0.3304,0.3,-0.2667,,,1,1,,2019,2019,2019.0,0,2010,2010,2000,69ee115ff72ecad1,F,12.36,0
11.49,11.7917,11.825,0.1601,0.0136,11.93,0.44,11.7775,11.895,11.495,11.8008,11.8325,0.1589,0.0135,11.93,0.435,11.8025,11.9,-0.2323,0.0877,-0.2539,0.44,0.0,0.3151,6,6,2,1.0,16.0,17.0,4.2971,0,0,0.0,0.0,0.1667,-0.22,0.3271,0.0,-0.275,175.0,65.0,0,0,21.2245,2019,2020,2019.3333,1,2010,2010,2000,f53b5a74bf11e9e8,M,11.46,1
12.68,12.76,12.78,0.0721,0.0057,12.82,0.14,12.73,12.8,12.59,12.748,12.78,0.1447,0.0113,12.874,0.284,12.685,12.827,-0.7477,0.0396,-1.4303,0.1,0.0,0.7024,3,3,1,0.0,16.0,16.0,21.0721,0,0,0.0,0.0,0.3333,0.3,1.6971,1.5,-0.9,161.0,51.0,0,0,19.6752,2019,2019,2019.0,0,2010,2010,2000,5b4110f7e6101edf,F,12.68,1
11.33,11.46,11.46,0.1838,0.016,11.59,0.26,11.395,11.525,11.335,11.45,11.45,0.1626,0.0142,11.565,0.23,11.3925,11.5075,,,,0.26,0.0,5.5862,2,2,1,0.0,17.0,17.0,42.9706,0,0,0.0,0.0,0.0,0.2,0.4243,0.5,-0.1,180.0,68.0,0,0,20.9877,2021,2021,2021.0,0,2020,2020,2000,3cb252a692ad1f03,M,11.33,1
12.74,13.4375,13.46,0.633,0.0471,14.09,1.35,12.995,13.9025,12.578,13.418,13.466,0.7173,0.0535,14.162,1.584,12.9635,13.9205,-0.9538,0.1492,-1.0542,1.1,0.34,0.9945,4,2,2,1.0,16.0,17.0,3.6163,1,2,0.5,0.295,0.0,0.325,1.6681,2.7,-0.7,,,1,1,,2019,2020,2019.5,1,2010,2010,2000,bde7a378146acf25,F,12.74,0
14.23,14.33,14.33,0.1414,0.0099,14.43,0.2,14.28,14.38,14.236,14.405,14.405,0.239,0.0166,14.574,0.338,14.3205,14.4895,,,,0.0,0.2,0.0,2,2,1,0.0,15.0,15.0,18.7308,1,1,0.5,0.2,0.0,-1.25,1.6263,0.0,-1.25,,,1,1,,2019,2019,2019.0,0,2010,2010,2000,77b4c1f5d8896617,F,13.73,0
11.34,11.52,11.36,0.2946,0.0256,11.86,0.52,11.35,11.61,11.295,11.4983,11.335,0.3182,0.0277,11.865,0.57,11.315,11.6,-0.4599,0.0082,-0.496,0.52,0.02,0.469,3,2,2,1.0,16.0,17.0,2.7056,1,1,0.3333,0.24,0.0,0.4333,0.5033,0.7,-0.1,178.0,86.0,0,0,27.143,2020,2021,2020.6667,1,2020,2020,2000,d917c395d860f0f7,M,11.34,1
11.13,11.33,11.295,0.2391,0.0211,11.78,0.65,11.1675,11.34,11.085,11.3342,11.3275,0.2471,0.0218,11.785,0.7,11.1825,11.3412,0.0083,0.2178,-0.0201,0.0,0.22,0.0,6,4,3,2.0,15.0,17.0,2.6923,1,2,0.3333,0.0225,0.0,-0.0833,0.76,0.7,-0.475,180.0,71.0,0,0,21.9136,2019,2021,2019.8333,2,2010,2010,2000,5323129554bce852,M,11.13,1
13.92,14.02,14.02,0.1414,0.0101,14.12,0.2,13.97,14.07,13.926,14.002,14.002,0.1075,0.0077,14.078,0.152,13.964,14.04,,,,0.0,0.2,0.0,2,2,2,1.0,16.0,16.0,1.8037,0,0,0.0,0.0,0.0,0.3,0.5657,0.7,-0.1,167.0,45.0,0,0,16.1354,2020,2021,2020.5,1,2020,2020,2000,3bfcda286f08c044,F,13.92,1
12.23,12.235,12.235,0.0071,0.0006,12.24,0.01,12.2325,12.2375,12.218,12.268,12.268,0.0707,0.0058,12.318,0.1,12.243,12.293,,,,0.0,0.01,0.0,2,1,1,0.0,17.0,17.0,2.0,1,1,0.5,0.01,0.0,-0.55,1.0607,0.2,-1.3,170.0,60.0,0,0,20.7612,2021,2021,2021.0,0,2020,2020,2000,efa406ed72338280,F,11.71,1
12.56,12.7875,12.73,0.2442,0.0191,13.13,0.57,12.6575,12.86,12.53,12.7905,12.751,0.2524,0.0197,13.13,0.6,12.659,12.8825,0.2855,0.1079,0.2865,0.0,0.57,0.0,4,3,3,2.0,15.0,15.0,2.5813,1,2,0.5,0.115,0.0,-0.05,0.4203,0.5,-0.35,158.0,47.0,0,0,18.8271,2019,2021,2019.75,2,2010,2010,2000,d880e0e10b4f7a01,F,12.56,1
11.29,11.56,11.67,0.2352,0.0203,11.72,0.43,11.48,11.695,11.31,11.5733,11.67,0.2307,0.0199,11.74,0.43,11.49,11.705,-0.4123,0.0821,-0.3953,0.38,0.0,0.3751,3,3,2,1.0,15.0,16.0,2.9615,0,0,0.0,0.0,0.3333,-0.4,0.0,0.0,-0.4,,,1,1,,2019,2020,2019.3333,1,2010,2010,2000,7e2a018e9b13afff,M,10.68,0
12.77,12.885,12.835,0.1533,0.0119,13.1,0.33,12.7775,12.9425,12.77,12.876,12.82,0.1508,0.0117,13.094,0.324,12.7775,12.9185,0.347,0.0037,0.34,0.0,0.33,0.0,4,3,2,1.0,15.0,15.0,4.2719,1,1,0.25,0.14,0.5,0.3,0.2828,0.3,0.0,,,1,1,,2019,2020,2019.25,1,2010,2010,2000,7123d0f3de075400,F,12.77,0
13.09,13.245,13.245,0.2192,0.0165,13.4,0.31,13.1675,13.3225,13.1416,13.2528,13.2528,0.1573,0.0119,13.364,0.2224,13.1972,13.3084,,,,0.31,0.0,0.1976,2,2,2,2.0,15.0,17.0,1.2749,1,1,0.5,0.31,0.0,-0.13,1.0324,0.6,-0.86,169.0,54.0,0,0,18.9069,2019,2021,2020.0,2,2010,2010,2000,7b1ed1fcbe1e1071,F,12.27,1
12.74,12.805,12.815,0.0507,0.004,12.85,0.11,12.7775,12.8425,12.734,12.802,12.814,0.0537,0.0042,12.846,0.112,12.7715,12.8445,-0.3398,0.018,-0.3652,0.1,0.05,0.4247,4,2,1,0.0,16.0,16.0,16.9884,1,2,0.5,0.03,0.0,0.05,0.1,0.1,-0.1,,,1,1,,2020,2020,2020.0,0,2020,2020,2000,75a50e61f52662d6,F,12.29,0
10.88,10.9667,10.98,0.0808,0.0074,11.04,0.16,10.93,11.01,10.875,10.9633,10.975,0.0831,0.0076,11.04,0.165,10.925,11.0075,,,,0.0,0.16,0.0,3,1,1,0.0,18.0,18.0,3.0,1,1,0.3333,-0.1,0.0,0.0667,0.0577,0.1,0.0,,,1,1,,2022,2022,2022.0,0,2020,2020,2000,ad4a89df5d74d926,M,10.82,0
12.23,12.4025,12.39,0.1595,0.0129,12.6,0.37,12.305,12.4875,12.122,12.401,12.417,0.2399,0.0193,12.648,0.526,12.2465,12.5715,2.8867,0.0637,4.6186,0.0,0.37,0.0,4,2,1,0.0,18.0,18.0,47.129,1,2,0.5,-0.025,0.0,0.025,1.5196,1.25,-1.2,173.0,59.0,0,0,19.7133,2019,2019,2019.0,0,2010,2010,2000,ebc8a3af0b09332e,F,12.23,1
13.18,13.21,13.21,0.0424,0.0032,13.24,0.06,13.195,13.225,13.174,13.204,13.204,0.0424,0.0032,13.234,0.06,13.189,13.219,,,,0.0,0.06,0.0,2,1,1,0.0,16.0,16.0,2.0,1,1,0.5,-0.06,0.0,0.1,0.0,0.1,0.0,,,1,1,,2020,2020,2020.0,0,2020,2020,2000,b400f734c4a4ab34,F,12.74,0
12.16,12.4533,12.44,0.2888,0.0232,12.93,0.77,12.2225,12.56,12.086,12.4433,12.434,0.3554,0.0286,13.032,0.946,12.1565,12.566,0.8735,0.1208,1.0667,0.0,0.77,0.0,6,3,2,1.0,17.0,17.0,9.487,1,3,0.5,0.16,0.0,0.1667,1.1165,0.9667,-0.6333,,,1,1,,2019,2020,2019.3333,1,2010,2010,2000,f5bfc66a5a7a8a4b,F,12.09,0
12.47,12.5657,12.56,0.0772,0.0061,12.71,0.24,12.525,12.585,12.45,12.5494,12.518,0.0851,0.0068,12.716,0.266,12.511,12.57,-0.0416,0.072,-0.0408,0.09,0.0,0.0845,7,6,2,1.0,16.0,17.0,6.5726,1,2,0.2857,0.022,0.0,0.2714,0.5219,0.52,-0.35,180.0,60.0,0,0,18.5185,2020,2021,2020.5714,1,2020,2020,2000,db842ae06b369387,F,12.3,1
13.12,13.335,13.335,0.3041,0.0228,13.55,0.43,13.2275,13.4425,13.084,13.323,13.323,0.338,0.0254,13.562,0.478,13.2035,13.4425,,,,0.43,0.0,0.1913,2,2,2,2.0,15.0,18.0,0.8898,0,0,0.0,0.0,0.0,0.2,0.5657,0.6,-0.2,170.0,48.0,0,0,16.609,2019,2021,2020.0,2,2010,2010,2000,4209119478609303,F,13.12,1
11.52,11.635,11.635,0.1626,0.014,11.75,0.23,11.5775,11.6925,11.455,11.6175,11.6175,0.2298,0.0198,11.78,0.325,11.5362,11.6988,,,,0.23,0.0,0.1022,2,2,2,2.0,15.0,18.0,0.8887,0,0,0.0,0.0,0.0,0.35,1.3435,1.3,-0.6,186.0,65.0,0,0,18.7883,2019,2021,2020.0,2,2010,2010,2000,b9f5b6a5e615b7d6,M,11.36,1
12.69,12.965,12.975,0.2469,0.019,13.22,0.53,12.795,13.145,12.666,12.9755,12.99,0.2678,0.0206,13.256,0.59,12.8025,13.163,-0.11,0.1698,-0.1121,0.43,0.14,0.141,4,4,3,3.0,15.0,18.0,1.3115,0,0,0.0,0.0,0.0,-0.175,0.4193,0.4,-0.3667,168.0,52.0,0,0,18.424,2019,2022,2021.0,3,2010,2020,2000,29a8313d7c176696,F,12.52,1
12.53,12.625,12.625,0.1344,0.0106,12.72,0.19,12.5775,12.6725,12.53,12.634,12.634,0.1471,0.0116,12.738,0.208,12.582,12.686,,,,0.0,0.19,0.0,2,1,1,0.0,17.0,17.0,2.0,0,0,0.0,0.0,0.5,-0.3,0.0,0.0,-0.3,169.0,50.0,0,0,17.5064,2019,2019,2019.0,0,2010,2010,2000,4a2524293848c0a6,F,12.32,1
12.32,12.365,12.365,0.0636,0.0051,12.41,0.09,12.3425,12.3875,12.284,12.344,12.344,0.0849,0.0069,12.404,0.12,12.314,12.374,,,,0.0,0.09,0.0,2,1,1,0.0,18.0,18.0,2.0,1,1,0.5,-0.09,0.0,0.35,0.3536,0.35,0.0,,,1,1,,2021,2021,2021.0,0,2020,2020,2000,698dcf2b6330b738,F,11.5,0
13.02,13.1767,13.19,0.1504,0.0114,13.32,0.3,13.105,13.255,12.96,13.1287,13.124,0.171,0.013,13.302,0.342,13.042,13.213,0.1848,0.0694,0.2234,0.0,0.3,0.0,3,2,2,1.0,16.0,16.0,2.5782,1,1,0.3333,0.235,0.0,0.8,0.4359,0.8,0.0,,,1,1,,2020,2021,2020.3333,1,2020,2020,2000,eff648db9d5f35b7,F,13.02,0
12.73,12.805,12.805,0.1061,0.0083,12.88,0.15,12.7675,12.8425,12.67,12.745,12.745,0.1061,0.0083,12.82,0.15,12.7075,12.7825,,,,0.0,0.15,0.0,2,1,1,0.0,17.0,17.0,2.0,1,1,0.5,0.15,0.0,1.0,0.0,1.0,0.0,,,1,1,,2020,2020,2020.0,0,2020,2020,2000,ff474758bcd9a748,F,12.73,0
11.56,11.695,11.695,0.1909,0.0163,11.83,0.27,11.6275,11.7625,11.565,11.6975,11.6975,0.1874,0.016,11.83,0.265,11.6313,11.7638,,,,0.27,0.0,0.3652,2,2,2,1.0,16.0,17.0,2.7056,0,0,0.0,0.0,0.0,-0.05,0.0707,0.0,-0.1,186.0,68.0,0,0,19.6555,2019,2020,2019.5,1,2010,2010,2000,aa50ed55ac09949c,M,11.56,1
12.31,12.5986,12.65,0.2388,0.019,12.91,0.6,12.39,12.77,12.286,12.6046,12.644,0.2608,0.0207,12.952,0.666,12.378,12.797,0.0595,0.2178,0.0449,0.6,0.54,0.3683,7,7,2,2.0,16.0,16.0,4.2971,1,4,0.5714,0.0083,0.1429,-0.1167,0.5565,0.3,-0.8,158.0,45.0,0,0,18.026,2021,2022,2021.4286,1,2020,2020,2000,9b88cc4f466897f2,F,12.18,1
13.41,13.425,13.425,0.0212,0.0016,13.44,0.03,13.4175,13.4325,13.272,13.305,13.305,0.0467,0.0035,13.338,0.066,13.2885,13.3215,,,,0.0,0.03,0.0,2,1,1,0.0,16.0,16.0,2.0,1,1,0.5,-0.03,0.0,2.0,0.4243,2.0,0.0,162.0,54.0,0,0,20.5761,2020,2020,2020.0,0,2020,2020,2000,367f109ab140f599,F,12.92,1
11.11,11.13,11.13,0.0283,0.0025,11.15,0.04,11.12,11.14,11.06,11.09,11.09,0.0424,0.0038,11.12,0.06,11.075,11.105,,,,0.0,0.04,0.0,2,1,1,0.0,17.0,17.0,2.0,1,1,0.5,0.04,0.0,0.8,1.4142,1.8,-0.2,172.0,75.0,0,0,25.3515,2020,2020,2020.0,0,2020,2020,2000,0dfff091f1d2e129,M,10.97,1
12.66,12.68,12.68,0.0283,0.0022,12.7,0.04,12.67,12.69,12.63,12.68,12.68,0.0707,0.0056,12.73,0.1,12.655,12.705,,,,0.0,0.04,0.0,2,1,1,0.0,16.0,16.0,2.0,1,1,0.5,-0.04,0.0,0.0,0.7071,0.5,-0.5,166.0,52.0,0,0,18.8707,2019,2019,2019.0,0,2010,2010,2000,9b8e02d07ee1d6f1,F,11.89,1
12.69,12.8275,12.83,0.113,0.0088,12.96,0.27,12.7725,12.885,12.69,12.817,12.761,0.1633,0.0127,13.056,0.366,12.732,12.846,0.096,0.0967,-0.2437,0.0,0.17,0.0,4,3,1,0.0,18.0,18.0,10.5108,1,3,0.75,-0.1833,0.25,0.2333,1.6073,1.15,-1.6,158.0,48.0,0,0,19.2277,2022,2022,2022.0,0,2020,2020,2000,92aaba9eb45354e9,F,12.59,1
11.08,11.335,11.37,0.2049,0.0181,11.52,0.44,11.215,11.49,11.08,11.3462,11.3775,0.2232,0.0197,11.55,0.47,11.2038,11.52,0.3708,0.0581,0.4087,0.0,0.44,0.0,4,4,2,1.0,15.0,15.0,3.8346,1,1,0.25,0.34,0.25,-0.3,0.5196,0.3,-0.6,174.0,58.0,0,0,19.1571,2019,2020,2019.5,1,2010,2010,2000,6823a7787a38f00e,M,10.81,1
11.54,11.8467,11.91,0.2804,0.0237,12.09,0.55,11.725,12.0,11.605,11.8633,11.875,0.2527,0.0213,12.11,0.505,11.74,11.9925,-0.2841,0.0653,-0.241,0.55,0.0,0.3288,3,3,2,2.0,16.0,17.0,1.7934,0,0,0.0,0.0,0.0,-0.3333,1.0017,0.7,-0.85,173.0,63.0,0,0,21.0498,2019,2021,2019.6667,2,2010,2010,2000,da1d171e995728ae,M,11.12,1
12.86,12.92,12.92,0.0849,0.0066,12.98,0.12,12.89,12.95,12.866,12.956,12.956,0.1273,0.0098,13.046,0.18,12.911,13.001,,,,0.12,0.0,43.83,2,2,1,0.0,15.0,15.0,730.5,1,1,0.5,0.12,0.0,-0.6,0.7071,0.0,-0.6,162.0,45.0,0,0,17.1468,2019,2019,2019.0,0,2010,2010,2000,f071966ea3fa4258,F,12.86,1
12.46,12.8583,12.655,0.437,0.034,13.57,1.11,12.595,13.09,12.478,12.8423,12.64,0.4367,0.034,13.558,1.08,12.5515,13.072,-0.5938,0.0506,-0.6058,1.11,0.0,0.655,6,6,3,2.0,16.0,18.0,3.5404,1,6,1.0,0.0,0.0,0.2667,0.383,0.38,-0.3,163.0,48.0,0,0,18.0662,2020,2022,2021.5,2,2020,2020,2000,5a597b7afcb3f352,F,12.35,1
12.01,12.48,12.69,0.4078,0.0327,12.74,0.73,12.35,12.715,11.998,12.488,12.696,0.426,0.0341,12.77,0.772,12.347,12.733,-0.4221,0.0204,-0.4401,0.68,0.0,0.4072,3,2,2,2.0,15.0,17.0,1.7963,1,2,0.6667,0.315,0.0,-0.1333,0.3512,0.2,-0.3,160.0,50.0,0,0,19.5312,2019,2021,2019.6667,2,2010,2010,2000,cc717f8cd10810c6,F,12.01,1
13.05,13.105,13.105,0.0778,0.0059,13.16,0.11,13.0775,13.1325,13.05,13.105,13.105,0.0778,0.0059,13.16,0.11,13.0775,13.1325,,,,0.11,0.0,0.6278,2,2,1,0.0,17.0,17.0,11.4141,1,2,1.0,0.0,0.5,0.0,0.0,0.0,0.0,,,1,1,,2022,2022,2022.0,0,2020,2020,2005,9ad6ca372a43f83f,F,12.81,0
12.49,12.708,12.73,0.2156,0.017,13.02,0.53,12.52,12.78,12.352,12.6912,12.736,0.2691,0.0212,13.062,0.71,12.526,12.78,-0.0956,0.1083,-0.1353,0.24,0.0,0.0778,5,4,2,3.0,15.0,18.0,1.6205,1,2,0.4,0.1217,0.0,0.28,1.1628,2.3,-0.3,172.0,58.0,0,0,19.6052,2019,2022,2020.2,3,2010,2010,2000,c30a625095cde66d,F,12.49,1
13.15,13.22,13.22,0.099,0.0075,13.29,0.14,13.185,13.255,13.15,13.217,13.217,0.0948,0.0072,13.284,0.134,13.1835,13.2505,,,,0.0,0.14,0.0,2,1,1,0.0,16.0,16.0,2.0,1,1,0.5,0.14,0.0,0.05,0.0707,0.1,0.0,175.0,52.0,0,0,16.9796,2019,2019,2019.0,0,2010,2010,2000,5b53054337f45e7d,F,13.15,1
11.18,11.478,11.5,0.2351,0.0205,11.81,0.63,11.35,11.55,11.2,11.473,11.465,0.2308,0.0201,11.785,0.585,11.315,11.6,-0.1719,0.15,-0.1488,0.32,0.17,0.1806,5,3,2,2.0,16.0,18.0,2.8226,1,2,0.4,-0.0283,0.0,0.1,0.7649,0.6333,-0.7,,,1,1,,2021,2023,2022.2,2,2020,2020,2005,0179039fea625d30,M,11.18,0
12.61,13.03,12.83,0.4763,0.0366,13.86,1.25,12.74,12.98,12.556,13.0273,12.834,0.4862,0.0373,13.884,1.328,12.776,12.904,-0.4306,0.0968,-0.4415,1.23,0.0,0.437,9,7,3,3.0,15.0,18.0,3.1977,1,5,0.5556,0.0585,0.0,0.0444,0.9342,0.85,-0.6,165.0,53.0,0,0,19.4674,2020,2023,2021.8889,3,2020,2020,2005,41f779b526f6e464,F,12.59,1
12.42,12.915,12.915,0.444,0.0344,13.41,0.99,12.6225,13.2075,12.336,12.888,12.843,0.5059,0.0393,13.53,1.194,12.6015,13.1295,-0.381,0.1347,-0.3969,0.72,0.0,0.3806,4,3,2,2.0,16.0,17.0,2.1143,1,2,0.5,0.0,0.0,0.45,1.907,1.9,-2.0,163.0,45.0,0,0,16.937,2020,2022,2021.0,2,2020,2020,2005,473bb9a1c19c3837,F,12.42,1
11.84,11.9267,11.9,0.1026,0.0086,12.04,0.2,11.87,11.97,11.8,11.93,11.89,0.1539,0.0129,12.1,0.3,11.845,11.995,0.1537,0.0245,0.2305,0.0,0.2,0.0,3,2,2,1.0,15.0,15.0,2.7123,1,1,0.3333,0.13,0.0,-0.0667,1.0263,0.5,-1.2,,,1,1,,2019,2020,2019.3333,1,2010,2010,2000,a73cdc1861a3a3b1,M,11.84,0
12.92,13.205,13.1,0.2674,0.0202,13.63,0.71,13.0675,13.26,12.782,13.1922,13.103,0.3039,0.023,13.668,0.886,13.037,13.2955,-0.2916,0.0962,-0.3085,0.7,0.0,0.3561,8,5,3,2.0,16.0,18.0,4.0696,1,4,0.5,0.075,0.0,0.2125,1.29,0.92,-1.45,166.0,50.0,0,0,18.1449,2020,2022,2021.25,2,2020,2020,2000,8130068745133117,F,12.92,1
12.32,12.4833,12.42,0.2026,0.0162,12.71,0.39,12.37,12.565,12.375,12.495,12.445,0.1513,0.0121,12.665,0.29,12.41,12.555,-0.4184,0.0301,-0.3135,0.39,0.0,0.4566,3,3,2,1.0,17.0,18.0,3.512,0,0,0.0,0.0,0.0,-0.2333,1.0263,0.9,-0.8,,,1,1,,2021,2022,2021.6667,1,2020,2020,2000,9d175c1cd1e161ab,M,12.3,0
11.41,11.8667,11.96,0.2747,0.0231,12.13,0.72,11.7325,12.0525,11.345,11.8542,12.015,0.3142,0.0265,12.135,0.79,11.6887,12.03,-0.1703,0.1595,-0.1874,0.62,0.48,0.2267,6,4,4,3.0,15.0,18.0,2.1937,1,1,0.1667,-0.335,0.0,0.25,1.4237,1.2667,-1.15,173.0,58.0,0,0,19.3792,2020,2023,2021.5,3,2020,2020,2005,7ef4e2b1ae91a414,M,11.41,1
13.49,13.54,13.54,0.0707,0.0052,13.59,0.1,13.515,13.565,13.484,13.561,13.561,0.1089,0.008,13.638,0.154,13.5225,13.5995,,,,0.0,0.1,0.0,2,1,1,0.0,17.0,17.0,2.0,1,1,0.5,-0.1,0.0,-0.35,0.6364,0.1,-0.8,169.0,58.0,0,0,20.3074,2020,2020,2020.0,0,2020,2020,2000,fa3a760a51052dad,F,12.93,1
12.73,12.89,12.89,0.1307,0.0101,13.06,0.33,12.795,12.9775,12.736,12.931,12.904,0.1864,0.0144,13.258,0.522,12.8125,12.9775,-0.0054,0.1193,0.0144,0.08,0.25,0.0599,6,3,2,1.0,16.0,16.0,4.4908,1,2,0.3333,-0.085,0.1667,-0.82,1.4307,0.1,-1.4,167.0,51.0,0,0,18.2868,2019,2020,2019.3333,1,2010,2010,2000,b028a8ca78fb0c08,F,12.21,1
11.65,11.76,11.76,0.1556,0.0132,11.87,0.22,11.705,11.815,11.645,11.735,11.735,0.1273,0.0108,11.825,0.18,11.69,11.78,,,,0.22,0.0,0.278,2,2,2,1.0,17.0,17.0,2.5277,0,0,0.0,0.0,0.0,0.5,0.5657,0.5,0.0,,,1,1,,2021,2022,2021.5,1,2020,2020,2005,cbc599f9040cb4b6,M,11.65,0
13.47,13.755,13.75,0.2492,0.0181,14.1,0.63,13.5525,13.9175,13.446,13.736,13.741,0.2596,0.0189,14.076,0.63,13.518,13.9115,-0.2102,0.0965,-0.2173,0.63,0.03,0.2256,6,4,4,3.0,15.0,17.0,2.1485,1,2,0.3333,0.225,0.0,0.3167,0.4875,0.6,-0.25,165.0,53.0,0,0,19.4674,2019,2022,2020.6667,3,2010,2020,2005,274b34e80d0f0810,F,13.47,1
12.69,12.72,12.72,0.0424,0.0033,12.75,0.06,12.705,12.735,12.636,12.663,12.663,0.0382,0.003,12.69,0.054,12.6495,12.6765,,,,0.0,0.06,0.0,2,1,1,0.0,17.0,17.0,2.0,1,1,0.5,0.06,0.0,0.95,0.0707,0.95,0.0,171.0,51.0,0,0,17.4413,2022,2022,2022.0,0,2020,2020,2005,63819ff7095b5f72,F,12.48,1
12.52,13.0275,12.875,0.5747,0.0441,13.84,1.32,12.7,13.2025,12.52,13.0095,12.857,0.553,0.0425,13.804,1.284,12.772,13.0945,-0.3573,0.2143,-0.3542,1.32,0.47,0.4185,4,4,2,3.0,15.0,18.0,1.2682,1,3,0.75,1.0833,0.0,0.3,1.5706,1.4,-1.6,168.0,54.0,0,0,19.1327,2019,2022,2021.25,3,2010,2020,2005,e7024d90deda2350,F,12.52,1
12.28,12.29,12.29,0.0141,0.0012,12.3,0.02,12.285,12.295,12.282,12.284,12.284,0.0028,0.0002,12.286,0.004,12.283,12.285,,,,0.0,0.02,0.0,2,1,1,0.0,17.0,17.0,2.0,1,1,0.5,-0.02,0.0,0.1,0.2828,0.3,-0.1,177.0,58.0,0,0,18.5132,2019,2019,2019.0,0,2010,2010,2000,93f335e5d97f1eab,F,12.28,1
12.08,12.5167,12.345,0.3969,0.0317,13.07,0.99,12.3125,12.805,12.032,12.5087,12.37,0.4088,0.0327,13.028,0.996,12.2755,12.8485,-0.0836,0.3555,-0.0564,0.99,0.87,0.3444,6,6,3,3.0,14.0,16.0,2.0871,0,0,0.0,0.0,0.0,0.1333,0.7992,0.8333,-0.5667,167.0,50.0,0,0,17.9282,2019,2022,2020.8333,3,2010,2020,2005,c330c0ec716f54ad,F,12.08,1
10.96,11.235,11.11,0.288,0.0256,11.82,0.86,11.0525,11.3675,10.96,11.2231,11.08,0.3045,0.0271,11.85,0.89,11.0325,11.3387,-0.1233,0.1336,-0.133,0.86,0.1,0.2372,8,6,3,4.0,14.0,18.0,2.2069,1,2,0.25,0.04,0.0,0.2375,0.5755,0.725,-0.5,172.0,63.0,0,0,21.2953,2019,2023,2021.25,4,2010,2010,2005,282ce41fcb56e119,M,10.91,1
12.57,12.7067,12.7,0.1401,0.011,12.85,0.28,12.635,12.775,12.558,12.6967,12.694,0.14,0.011,12.838,0.28,12.626,12.766,-0.8489,0.0547,-0.8595,0.28,0.0,1.0765,3,3,1,0.0,17.0,18.0,11.5342,1,2,0.6667,0.215,0.0,0.1667,0.0577,0.1667,0.0,164.0,46.0,0,0,17.1029,2023,2023,2023.0,0,2020,2020,2005,87f21df1a84bf435,F,12.57,1
12.02,12.27,12.25,0.2418,0.0197,12.55,0.53,12.05,12.48,11.972,12.2712,12.262,0.2495,0.0203,12.58,0.608,12.092,12.45,-0.1425,0.0972,-0.1247,0.46,0.23,0.1461,5,3,2,3.0,15.0,17.0,1.588,1,2,0.4,-0.2167,0.0,-0.02,0.6458,0.65,-0.4667,158.0,47.0,0,0,18.8271,2019,2022,2020.8,3,2010,2020,2005,b78a9289d8132ba6,F,11.83,1
12.5,12.79,12.785,0.2801,0.0219,13.09,0.59,12.5825,12.9925,12.524,12.7765,12.758,0.2554,0.02,13.066,0.542,12.584,12.9505,-0.3205,0.0539,-0.2894,0.46,0.0,0.3022,4,3,2,2.0,15.0,16.0,2.6277,1,2,0.5,0.01,0.0,0.225,0.5058,0.4333,-0.4,163.0,50.0,0,0,18.8189,2019,2021,2020.0,2,2010,2010,2005,3fd7411e1fed029e,F,12.5,1
12.16,12.8417,12.265,1.9064,0.1485,18.88,6.72,12.2175,12.3525,12.178,12.8597,12.31,1.9258,0.1498,18.964,6.786,12.2425,12.3365,-0.0234,1.8292,-0.0283,0.2,0.19,0.0551,12,8,4,4.0,14.0,15.0,3.3079,1,5,0.4167,-1.2497,0.0,-0.3,0.9742,0.825,-0.9857,160.0,48.0,0,0,18.75,2019,2023,2021.5,4,2010,2020,2005,c68191ae230c5370,F,12.16,1
12.29,12.495,12.495,0.2899,0.0232,12.7,0.41,12.3925,12.5975,12.24,12.485,12.485,0.3465,0.0278,12.73,0.49,12.3625,12.6075,,,,0.41,0.0,0.4457,2,2,2,1.0,17.0,18.0,2.1741,0,0,0.0,0.0,0.0,0.2,1.1314,1.0,-0.6,,,1,1,,2020,2021,2020.5,1,2020,2020,2000,0e45dafce8535745,M,11.84,0
12.34,12.6167,12.535,0.2828,0.0224,13.15,0.81,12.48,12.6425,12.31,12.6027,12.559,0.2933,0.0233,13.15,0.84,12.4385,12.6195,-0.1815,0.2436,-0.1866,0.33,0.13,0.3099,6,6,2,1.0,17.0,18.0,5.6337,1,5,0.8333,0.064,0.0,0.2333,0.7474,0.625,-1.1,,,1,1,,2022,2023,2022.8333,1,2020,2020,2005,d6cf600a070936df,F,12.34,0
12.92,13.0975,13.115,0.1621,0.0124,13.24,0.32,12.98,13.2325,12.89,13.096,13.139,0.1505,0.0115,13.216,0.326,13.031,13.204,-0.2474,0.0285,-0.2015,0.31,0.08,0.2789,4,2,2,1.0,16.0,17.0,3.5985,1,2,0.5,0.045,0.0,0.025,0.8846,0.4667,-1.3,,,1,1,,2020,2021,2020.5,1,2020,2020,2000,d3d0849f9589391a,F,12.31,0
11.16,11.185,11.185,0.0354,0.0032,11.21,0.05,11.1725,11.1975,11.075,11.15,11.15,0.1061,0.0095,11.225,0.15,11.1125,11.1875,,,,0.0,0.05,0.0,2,1,1,0.0,17.0,17.0,2.0,1,1,0.5,-0.05,0.0,0.7,1.4142,1.7,-0.3,,,1,1,,2020,2020,2020.0,0,2020,2020,2000,2e5cee7c2bd37629,M,11.16,0
13.45,13.55,13.55,0.1414,0.0104,13.65,0.2,13.5,13.6,13.39,13.529,13.529,0.1966,0.0145,13.668,0.278,13.4595,13.5985,,,,0.2,0.0,0.1817,2,2,2,1.0,17.0,18.0,1.8172,1,1,0.5,0.2,0.0,0.35,0.9192,1.0,-0.3,,,1,1,,2022,2023,2022.5,1,2020,2020,2005,54bd7501ce909c5e,F,13.45,0
12.25,12.345,12.325,0.0975,0.0079,12.48,0.23,12.295,12.375,12.262,12.357,12.374,0.0742,0.006,12.418,0.156,12.316,12.415,-0.6522,0.068,0.2478,0.06,0.09,0.3913,4,2,1,0.0,17.0,18.0,26.0893,1,2,0.5,0.13,0.0,-0.2,1.3342,0.95,-1.35,165.0,52.0,0,0,19.1001,2022,2022,2022.0,0,2020,2020,2005,5254a298fc24bd08,F,11.92,1
12.1,12.186,12.21,0.0532,0.0044,12.23,0.13,12.17,12.22,12.128,12.1752,12.16,0.0507,0.0042,12.23,0.102,12.13,12.228,-0.1417,0.0367,-0.2497,0.11,0.07,0.2543,5,4,1,0.0,17.0,17.0,11.5585,1,2,0.4,0.08,0.2,0.225,0.7365,0.85,-0.4,169.0,51.0,0,0,17.8565,2019,2019,2019.0,0,2010,2010,2000,a07fd163f58bdcaa,F,11.85,1
13.53,13.58,13.58,0.0707,0.0052,13.63,0.1,13.555,13.605,13.536,13.655,13.655,0.1683,0.0123,13.774,0.238,13.5955,13.7145,,,,0.1,0.0,36.525,2,2,1,0.0,14.0,14.0,730.5,1,1,0.5,0.1,0.0,-1.25,1.6263,0.0,-1.25,165.0,45.0,0,0,16.5289,2019,2019,2019.0,0,2010,2010,2005,cb76f9cdf392134c,F,12.92,1
11.85,11.945,11.945,0.1344,0.0112,12.04,0.19,11.8975,11.9925,11.815,11.93,11.93,0.1626,0.0136,12.045,0.23,11.8725,11.9875,,,,0.19,0.0,0.1614,2,2,2,1.0,16.0,17.0,1.6988,0,0,0.0,0.0,0.0,0.3,0.5657,0.7,-0.1,172.0,60.0,0,0,20.2812,2019,2020,2019.5,1,2010,2010,2000,43f0e81ae0faf3cf,M,11.85,1
12.41,12.415,12.415,0.0071,0.0006,12.42,0.01,12.4125,12.4175,12.392,12.397,12.397,0.0071,0.0006,12.402,0.01,12.3945,12.3995,,,,0.0,0.01,0.0,2,1,1,0.0,16.0,16.0,2.0,1,1,0.5,-0.01,0.0,0.3,0.0,0.3,0.0,164.0,65.0,0,0,24.1672,2019,2019,2019.0,0,2010,2010,2000,860192f46f65eff3,F,12.41,1
12.51,12.7067,12.66,0.2237,0.0176,12.95,0.44,12.585,12.805,12.468,12.6907,12.648,0.2468,0.0194,12.956,0.488,12.558,12.802,-4.7613,0.0612,-5.1918,0.44,0.15,5.7396,3,2,1,0.0,18.0,18.0,39.1339,0,0,0.0,0.0,0.0,0.2667,0.4041,0.45,-0.1,,,1,1,,2023,2023,2023.0,0,2020,2020,2005,a8b06a7ac254aaaa,F,12.51,0
11.48,11.7367,11.805,0.1616,0.0138,11.9,0.42,11.645,11.83,11.516,11.7667,11.784,0.1783,0.0152,12.02,0.504,11.6615,11.8525,-0.7585,0.0768,-0.6537,0.35,0.12,0.858,6,4,1,0.0,17.0,18.0,14.7081,1,2,0.3333,0.1225,0.0,-0.5,0.9592,1.0,-0.8,167.0,60.0,0,0,21.5139,2021,2021,2021.0,0,2020,2020,2000,e80cc10e9ec5716b,F,11.42,1
12.92,12.995,12.995,0.1061,0.0082,13.07,0.15,12.9575,13.0325,13.004,13.043,13.043,0.0552,0.0042,13.082,0.078,13.0235,13.0625,,,,0.0,0.15,0.0,2,1,1,0.0,17.0,17.0,2.0,1,1,0.5,0.15,0.0,-0.8,0.8485,0.0,-0.8,168.0,50.0,0,0,17.7154,2020,2020,2020.0,0,2020,2020,2000,7293abdde068e31c,F,12.81,1
11.91,12.132,12.05,0.197,0.0162,12.42,0.51,12.05,12.23,11.892,12.144,12.146,0.2042,0.0168,12.432,0.54,12.026,12.224,-0.5922,0.1633,-0.4486,0.32,0.14,1.0436,5,4,1,0.0,17.0,17.0,16.3058,1,3,0.6,0.3217,0.0,-0.2,0.8155,0.2667,-0.9,165.0,54.0,0,0,19.8347,2019,2019,2019.0,0,2010,2010,2000,0c2d2ec75ffaaaef,F,11.91,1
11.34,11.5333,11.52,0.2003,0.0174,11.74,0.4,11.43,11.63,11.27,11.5017,11.52,0.2231,0.0194,11.715,0.445,11.395,11.6175,-0.0925,0.0728,-0.0956,0.4,0.0,0.1188,3,3,2,3.0,15.0,18.0,0.8909,1,1,0.3333,-0.31,0.3333,0.95,0.6364,0.95,0.0,,,1,1,,2019,2022,2021.0,3,2010,2020,2005,f65eba03a51fa566,M,10.95,0
12.57,12.985,12.915,0.4044,0.0311,13.54,0.97,12.8175,13.0825,12.522,12.9565,12.912,0.3947,0.0305,13.48,0.958,12.801,13.0675,-0.2982,0.238,-0.2743,0.97,0.36,0.4035,4,4,3,2.0,15.0,16.0,1.664,1,2,0.5,0.14,0.25,0.6333,0.4726,0.6333,0.0,162.0,50.0,0,0,19.052,2019,2022,2020.75,3,2010,2020,2005,63bc5dbb81c838bc,F,12.57,1
12.37,12.4956,12.44,0.1181,0.0095,12.67,0.3,12.4,12.58,12.394,12.5076,12.486,0.1027,0.0082,12.67,0.276,12.412,12.61,0.639,0.0664,0.4993,0.0,0.3,0.0,9,6,1,0.0,17.0,17.0,23.4804,1,4,0.4444,-0.044,0.0,-0.2,0.745,0.8,-0.68,165.0,54.0,0,0,19.8347,2022,2022,2022.0,0,2020,2020,2005,e37b830cd4731972,F,12.29,1
12.57,12.6733,12.62,0.138,0.0109,12.83,0.26,12.595,12.725,12.57,12.6833,12.626,0.1504,0.0119,12.854,0.284,12.598,12.74,-0.7377,0.0196,-0.8037,0.26,0.0,0.8117,3,3,1,0.0,17.0,18.0,9.3654,1,1,0.3333,0.155,0.0,-0.1667,0.2082,0.0,-0.25,161.0,49.0,0,0,18.9036,2022,2022,2022.0,0,2020,2020,2005,0650dd3ba8748539,F,12.12,1
12.28,12.662,12.73,0.3065,0.0242,13.08,0.8,12.46,12.76,12.286,12.6644,12.73,0.2964,0.0234,13.05,0.764,12.466,12.79,-0.1617,0.1941,-0.1479,0.8,0.45,0.2581,5,4,2,3.0,15.0,17.0,1.6133,1,2,0.4,0.2617,0.0,-0.04,0.3578,0.5,-0.2333,165.0,50.0,0,0,18.3655,2019,2022,2021.4,3,2010,2020,2005,bdd8b7ab66d209fa,F,12.28,1
12.45,13.0267,12.93,0.6306,0.0484,13.7,1.25,12.69,13.315,12.444,13.0767,13.038,0.6529,0.0499,13.748,1.304,12.741,13.393,-0.4438,0.0005,-0.4579,1.25,0.0,0.4437,3,3,3,3.0,14.0,17.0,1.0649,0,0,0.0,0.0,0.0,-0.8333,0.9504,0.1,-1.3,170.0,53.0,0,0,18.3391,2019,2022,2020.6667,3,2010,2010,2005,dd2e3508c09a4d15,F,11.99,1
12.42,12.655,12.645,0.1616,0.0128,12.87,0.45,12.575,12.76,12.366,12.642,12.642,0.1684,0.0133,12.852,0.486,12.59,12.7435,0.0553,0.1449,0.0654,0.36,0.17,0.284,6,6,2,1.0,16.0,17.0,4.7333,1,4,0.6667,0.1125,0.0,0.2167,0.4119,0.425,-0.2,160.0,51.0,0,0,19.9219,2022,2023,2022.3333,1,2020,2020,2005,ab0ea9c03b30543e,F,12.42,1
11.12,11.394,11.42,0.1717,0.0151,11.56,0.44,11.36,11.51,11.165,11.386,11.395,0.1442,0.0127,11.53,0.365,11.345,11.495,-0.4007,0.0331,-0.3345,0.44,0.0,0.3958,5,5,2,1.0,17.0,18.0,4.4982,0,0,0.0,0.0,0.0,0.16,0.6066,0.425,-0.9,,,1,1,,2022,2023,2022.2,1,2020,2020,2005,dcb519030dc8a58d,M,11.12,0
10.86,11.426,11.06,1.1625,0.1017,14.71,3.85,10.97,11.225,10.85,11.448,11.0675,1.1886,0.1038,14.805,3.955,10.9988,11.2563,0.0717,1.0771,0.0786,0.25,3.85,0.1059,10,8,3,2.0,16.0,17.0,4.2372,1,3,0.3,0.4752,0.2,-0.55,0.6525,0.2,-0.6571,180.0,61.0,0,0,18.8272,2022,2024,2023.0,2,2020,2020,2005,949bd871cab882a9,M,10.86,1
11.06,11.07,11.07,0.0141,0.0013,11.08,0.02,11.065,11.075,11.01,11.0575,11.0575,0.0672,0.0061,11.105,0.095,11.0338,11.0812,,,,0.0,0.02,0.0,2,2,2,1.0,17.0,17.0,2.1612,0,0,0.0,0.0,0.0,0.25,1.0607,1.0,-0.5,171.0,64.0,0,0,21.8871,2022,2023,2022.5,1,2020,2020,2005,655d705e07c9f442,M,10.9,1
12.62,12.835,12.835,0.3041,0.0237,13.05,0.43,12.7275,12.9425,12.596,12.841,12.841,0.3465,0.027,13.086,0.49,12.7185,12.9635,,,,0.0,0.43,0.0,2,2,2,3.0,15.0,15.0,0.7788,1,2,1.0,0.0,0.0,-0.1,0.7071,0.4,-0.6,160.0,42.0,0,0,16.4062,2021,2023,2022.0,2,2020,2020,2005,33eb88cd45c62a81,F,12.62,1
11.28,11.3067,11.29,0.0379,0.0033,11.35,0.07,11.285,11.32,11.22,11.305,11.325,0.077,0.0068,11.37,0.15,11.2725,11.3475,-0.037,0.027,0.0989,0.07,0.01,0.0759,3,3,2,1.0,17.0,17.0,3.2515,0,0,0.0,0.0,0.0,0.0333,1.4572,0.85,-1.6,185.0,65.0,0,0,18.992,2023,2024,2023.3333,1,2020,2020,2005,2427865c38129a98,M,11.28,1
12.62,13.0033,12.965,0.2604,0.02,13.41,0.79,12.93,13.0975,12.506,13.0003,12.98,0.2957,0.0227,13.404,0.898,12.966,13.123,0.1232,0.2316,0.0671,0.31,0.79,0.2359,6,4,2,1.0,17.0,17.0,4.5656,1,2,0.3333,0.0883,0.0,0.05,0.969,0.7,-0.6,160.0,50.0,0,0,19.5312,2022,2023,2022.6667,1,2020,2020,2005,75a4a4a97983bd64,F,12.62,1
12.23,12.875,13.065,0.4324,0.0336,13.14,0.91,12.83,13.11,12.08,12.86,13.11,0.5202,0.0405,13.14,1.06,12.8465,13.1235,-0.9009,0.1883,-1.1442,0.8,0.0,0.8936,4,4,2,1.0,17.0,18.0,4.4679,1,1,0.25,-0.3533,0.0,0.25,1.5843,2.5,-0.75,160.0,55.0,0,0,21.4844,2023,2024,2023.25,1,2020,2020,2005,18c8029c15d928b2,F,12.23,1
12.1,12.115,12.115,0.0212,0.0018,12.13,0.03,12.1075,12.1225,12.035,12.12,12.12,0.1202,0.0099,12.205,0.17,12.0775,12.1625,,,,0.0,0.03,0.0,2,2,2,1.0,17.0,17.0,2.0405,0,0,0.0,0.0,0.0,-0.1,1.9799,1.3,-1.5,190.0,65.0,0,0,18.0055,2022,2023,2022.5,1,2020,2020,2005,9c71e5f42d23c574,M,12.1,1
12.63,12.9425,13.015,0.2162,0.0167,13.11,0.48,12.885,13.0725,12.492,12.887,12.97,0.275,0.0213,13.116,0.624,12.8145,13.0425,-0.3802,0.1364,-0.4857,0.34,0.0,0.36,4,4,2,1.0,16.0,17.0,4.2348,1,1,0.25,-0.1567,0.0,0.925,1.0012,1.2667,-0.1,162.0,45.0,0,0,17.1468,2022,2023,2022.25,1,2020,2020,2005,7ee4d52c4fc25a45,F,12.63,1
12.52,12.6233,12.57,0.138,0.0109,12.78,0.26,12.545,12.675,12.28,12.5133,12.456,0.2667,0.0213,12.804,0.524,12.368,12.63,0.7492,0.1061,0.8054,0.05,0.26,0.4683,3,2,1,0.0,17.0,17.0,28.0962,0,0,0.0,0.0,0.0,1.8333,2.2008,2.95,-0.4,166.0,50.0,0,0,18.1449,2023,2023,2023.0,0,2020,2020,2005,841dc4a64585c0de,F,12.52,1
11.08,11.22,11.22,0.198,0.0176,11.36,0.28,11.15,11.29,11.08,11.2025,11.2025,0.1732,0.0155,11.325,0.245,11.1412,11.2638,,,,0.28,0.0,20.454,2,2,1,0.0,18.0,18.0,146.1,0,0,0.0,0.0,0.0,0.35,0.495,0.7,0.0,,,1,1,,2023,2023,2023.0,0,2020,2020,2005,46b3141f7f1c7433,M,11.03,0
12.65,12.735,12.735,0.1202,0.0094,12.82,0.17,12.6925,12.7775,12.668,12.762,12.762,0.1329,0.0104,12.856,0.188,12.715,12.809,,,,0.0,0.17,0.0,2,1,1,0.0,18.0,18.0,2.0,1,1,0.5,0.17,0.0,-0.45,0.2121,0.0,-0.45,166.0,,0,1,,2023,2023,2023.0,0,2020,2020,2005,93a7734b93f74202,F,11.84,0
12.76,12.77,12.77,0.0141,0.0011,12.78,0.02,12.765,12.775,12.67,12.716,12.716,0.0651,0.0051,12.762,0.092,12.693,12.739,,,,0.0,0.02,0.0,2,1,1,0.0,18.0,18.0,2.0,0,0,0.0,0.0,0.0,0.9,0.8485,0.9,0.0,,,1,1,,2024,2024,2024.0,0,2020,2020,2005,9443d724846808d3,F,12.76,0
13.36,13.54,13.53,0.1852,0.0137,13.73,0.37,13.445,13.63,13.384,13.55,13.53,0.1769,0.0131,13.736,0.352,13.457,13.633,-0.0079,0.1511,-0.0158,0.0,0.17,0.0,3,2,2,2.0,15.0,15.0,1.5789,1,1,0.3333,0.27,0.0,-0.1667,0.2082,0.0,-0.25,166.0,62.0,0,0,22.4996,2020,2022,2020.6667,2,2020,2020,2005,ab1edbc204b6ab5d,F,13.36,1
11.32,11.5975,11.54,0.2816,0.0243,11.99,0.67,11.4775,11.66,11.31,11.6163,11.5875,0.2761,0.0238,11.98,0.67,11.5012,11.7025,-0.1474,0.237,-0.0737,0.0,0.23,0.0,4,2,2,1.0,16.0,16.0,5.1263,1,2,0.5,-0.345,0.0,-0.375,0.6946,0.2,-0.95,182.0,75.0,0,0,22.6422,2022,2023,2022.5,1,2020,2020,2005,5a1136040385b175,M,11.32,1
12.45,12.5,12.5,0.0707,0.0057,12.55,0.1,12.475,12.525,12.486,12.533,12.533,0.0665,0.0053,12.58,0.094,12.5095,12.5565,,,,0.0,0.1,0.0,2,1,1,0.0,17.0,17.0,2.0,1,1,0.5,0.1,0.0,-0.55,0.0707,0.0,-0.55,170.0,53.0,0,0,18.3391,2022,2022,2022.0,0,2020,2020,2005,d7eae5666e019d7d,F,12.45,1
12.88,12.905,12.905,0.0354,0.0027,12.93,0.05,12.8925,12.9175,12.906,12.911,12.911,0.0071,0.0005,12.916,0.01,12.9085,12.9135,,,,0.0,0.05,0.0,2,1,1,0.0,17.0,17.0,2.0,1,1,0.5,0.05,0.0,-0.1,0.7071,0.4,-0.6,166.0,60.0,0,0,21.7738,2022,2022,2022.0,0,2020,2020,2005,678c8d0625977aae,F,12.88,1
12.82,13.065,13.02,0.2716,0.0208,13.4,0.58,12.8575,13.2275,12.84,13.0635,13.007,0.2725,0.0209,13.4,0.56,12.843,13.2275,-0.5671,0.1109,-0.5875,0.58,0.05,0.6123,4,3,2,1.0,17.0,17.0,4.2225,1,2,0.5,-0.415,0.25,0.0333,0.4509,0.5,-0.4,166.0,57.0,0,0,20.6852,2022,2023,2022.75,1,2020,2020,2005,286cf2c5bc4035e2,F,12.55,1
12.51,12.605,12.605,0.1344,0.0107,12.7,0.19,12.5575,12.6525,12.51,12.63,12.63,0.1697,0.0134,12.75,0.24,12.57,12.69,,,,0.0,0.19,0.0,2,2,1,0.0,18.0,18.0,34.7857,0,0,0.0,0.0,0.5,-1.0,0.0,0.0,-1.0,,,1,1,,2023,2023,2023.0,0,2020,2020,2005,9aa689adba170814,M,12.51,0
13.2,13.5612,13.61,0.2036,0.015,13.82,0.62,13.43,13.6825,13.17,13.544,13.562,0.2235,0.0165,13.82,0.65,13.389,13.7035,-0.0925,0.1812,-0.0886,0.24,0.0,0.1128,8,8,3,2.0,16.0,18.0,3.7606,1,7,0.875,-0.1386,0.0,0.2875,0.6379,0.66,-0.5,,,1,1,,2022,2024,2023.125,2,2020,2020,2005,efccdb6f8d98f967,F,13.2,0
11.4,11.6167,11.7,0.1893,0.0163,11.75,0.35,11.55,11.725,11.36,11.62,11.74,0.2254,0.0194,11.76,0.4,11.55,11.75,-3.4252,0.0399,-4.1583,0.3,0.0,3.0437,3,3,1,0.0,17.0,17.0,30.4375,1,1,0.3333,-0.125,0.0,-0.0667,0.8083,0.8,-0.5,,,1,1,,2023,2023,2023.0,0,2020,2020,2005,cff09e0356c301b9,M,11.04,0
10.64,10.8012,10.785,0.1257,0.0116,10.95,0.31,10.7225,10.925,10.47,10.7862,10.845,0.168,0.0156,10.935,0.465,10.7175,10.9138,-0.1474,0.1152,-0.0682,0.28,0.11,0.2351,8,6,2,1.0,17.0,18.0,6.7172,1,4,0.5,0.0225,0.0,0.3,1.5529,0.9,-1.5,181.0,58.0,0,0,17.704,2023,2024,2023.5,1,2020,2020,2005,0ca6ab2fc972e42c,M,10.35,1
12.71,12.9633,13.02,0.2303,0.0178,13.16,0.45,12.865,13.09,12.722,12.9613,12.978,0.2315,0.0179,13.184,0.462,12.85,13.081,-0.2462,0.0089,-0.2463,0.45,0.0,0.2442,3,3,3,2.0,16.0,18.0,1.6282,0,0,0.0,0.0,0.0,0.0333,0.5859,0.7,-0.3,156.0,50.0,0,0,20.5457,2022,2024,2023.0,2,2020,2020,2005,a342de0bbf082afb,F,12.58,1
10.76,10.79,10.79,0.0424,0.0039,10.82,0.06,10.775,10.805,10.785,10.785,10.785,0.0,0.0,10.785,0.0,10.785,10.785,,,,0.0,0.06,0.0,2,1,1,0.0,18.0,18.0,2.0,1,1,0.5,-0.06,0.0,0.1,0.8485,0.7,-0.5,177.0,66.0,0,0,21.0667,2024,2024,2024.0,0,2020,2020,2005,824e45abdefad08c,M,10.76,1
11.52,11.565,11.565,0.0636,0.0055,11.61,0.09,11.5425,11.5875,11.495,11.565,11.565,0.099,0.0086,11.635,0.14,11.53,11.6,,,,0.09,0.0,0.0884,2,2,2,1.0,16.0,17.0,1.9637,0,0,0.0,0.0,0.0,0.0,0.7071,0.5,-0.5,185.0,67.0,0,0,19.5763,2021,2022,2021.5,1,2020,2020,2005,17fad06f7d357827,M,11.52,1
11.05,11.4122,11.38,0.2311,0.0203,11.75,0.7,11.26,11.61,10.995,11.395,11.34,0.2514,0.0221,11.77,0.775,11.255,11.61,0.1059,0.2121,0.0958,0.56,0.35,0.4399,9,7,2,1.0,16.0,17.0,7.0694,1,6,0.6667,0.0767,0.1111,0.3875,0.5592,0.72,-0.25,178.0,67.0,0,0,21.1463,2022,2023,2022.4444,1,2020,2020,2005,6806b9e13d1d51c3,M,11.05,1
12.89,14.895,14.895,2.8355,0.1904,16.9,4.01,13.8925,15.8975,12.83,14.862,14.862,2.8737,0.1934,16.894,4.064,13.846,15.878,,,,0.0,4.01,0.0,2,1,1,0.0,18.0,18.0,2.0,1,1,0.5,-4.01,0.0,0.55,0.6364,0.55,0.0,,,1,1,,2024,2024,2024.0,0,2020,2020,2005,b6ab0c6c69bbdb26,F,12.87,0
10.8,10.9525,10.94,0.1075,0.0098,11.16,0.36,10.89,10.985,10.785,10.9519,10.9475,0.1058,0.0097,11.135,0.35,10.89,11.0025,-0.0698,0.0973,-0.1263,0.36,0.17,0.7346,8,7,1,0.0,17.0,18.0,16.324,1,3,0.375,0.0573,0.125,0.0143,0.418,0.3,-0.55,181.0,70.0,0,0,21.3669,2022,2022,2022.0,0,2020,2020,2005,695bace017c0013e,M,10.75,1
12.72,12.835,12.835,0.1626,0.0127,12.95,0.23,12.7775,12.8925,12.732,12.856,12.856,0.1754,0.0136,12.98,0.248,12.794,12.918,,,,0.0,0.23,0.0,2,1,1,0.0,17.0,17.0,2.0,0,0,0.0,0.0,0.0,-0.35,0.2121,0.0,-0.35,,,1,1,,2023,2023,2023.0,0,2020,2020,2005,4e12a4beed83db6d,F,12.72,0
12.47,12.572,12.54,0.0887,0.0071,12.67,0.2,12.52,12.66,12.422,12.5852,12.57,0.152,0.0121,12.754,0.332,12.454,12.726,-0.0115,0.0791,0.018,0.0,0.07,0.0,5,3,2,1.0,16.0,16.0,3.5461,1,2,0.4,0.0033,0.0,-0.22,1.1212,0.95,-1.0,165.0,53.0,0,0,19.4674,2022,2023,2022.2,1,2020,2020,2005,6ebb96183f18261e,F,12.47,1
10.88,10.97,10.97,0.1273,0.0116,11.06,0.18,10.925,11.015,10.85,10.96,10.96,0.1556,0.0142,11.07,0.22,10.905,11.015,,,,0.0,0.18,0.0,2,1,1,0.0,18.0,18.0,2.0,1,1,0.5,0.18,0.0,0.2,0.5657,0.6,-0.2,,,1,1,,2024,2024,2024.0,0,2020,2020,2005,f12f97e11ffa87ee,M,10.88,0
12.7,12.785,12.78,0.0777,0.0061,12.88,0.18,12.7375,12.8275,12.682,12.8,12.812,0.1093,0.0085,12.894,0.212,12.7195,12.8925,1.8262,0.0304,2.8307,0.0,0.18,0.0,4,2,1,0.0,17.0,17.0,60.875,1,2,0.5,0.01,0.0,-0.25,0.8021,0.3,-0.8,170.0,51.0,0,0,17.6471,2020,2020,2020.0,0,2020,2020,2000,fd69355714f07320,F,12.52,1
11.5,11.7033,11.7,0.205,0.0175,11.91,0.41,11.6,11.805,11.49,11.6783,11.645,0.207,0.0177,11.9,0.41,11.5675,11.7725,-0.2645,0.1358,-0.3114,0.41,0.2,0.4538,3,3,2,1.0,16.0,17.0,3.3205,0,0,0.0,0.0,0.0,0.5,0.5196,0.5,0.0,,,1,1,,2020,2021,2020.6667,1,2020,2020,2000,0282aa561d55a8c1,M,11.44,0
12.02,12.0975,12.065,0.0995,0.0082,12.24,0.22,12.035,12.1275,12.038,12.1035,12.059,0.104,0.0086,12.258,0.22,12.044,12.1185,-1.4088,0.0535,-1.2836,0.07,0.02,0.7305,4,2,1,0.0,16.0,16.0,41.7429,1,2,0.5,0.085,0.0,-0.1,0.2828,0.3,-0.2333,163.0,52.0,0,0,19.5717,2019,2019,2019.0,0,2010,2010,2000,7428144355329b09,F,11.93,1
12.74,12.9183,12.89,0.1516,0.0117,13.16,0.42,12.825,12.9925,12.722,12.9053,12.884,0.1561,0.0121,13.16,0.438,12.8085,12.97,0.1535,0.089,0.1619,0.0,0.42,0.0,6,3,3,2.0,16.0,16.0,3.5519,1,3,0.5,-0.1033,0.3333,0.325,0.1258,0.325,0.0,,,1,1,,2020,2022,2021.0,2,2020,2020,2000,6abb9b86ed5bae1b,F,12.72,0
12.28,12.41,12.44,0.1179,0.0095,12.51,0.23,12.36,12.475,12.244,12.41,12.492,0.1438,0.0116,12.494,0.25,12.368,12.493,-0.2513,0.0653,-0.2061,0.23,0.16,0.3854,3,2,2,1.0,17.0,17.0,5.0264,1,1,0.3333,-0.045,0.0,-0.0,0.7937,0.45,-0.9,,,1,1,,2023,2024,2023.6667,1,2020,2020,2005,ecfc8b8d12c95d15,F,12.28,0
12.17,12.355,12.265,0.2138,0.0173,12.64,0.47,12.195,12.53,12.096,12.366,12.265,0.2492,0.0202,12.736,0.64,12.2295,12.5285,-1.3604,0.0467,-1.4624,0.47,0.07,1.4548,6,4,1,0.0,18.0,18.0,18.572,1,3,0.5,-0.05,0.0,-0.1833,1.0147,0.75,-0.8667,,,1,1,,2024,2024,2024.0,0,2020,2020,2005,279d54aab8a9576d,F,12.17,0
12.23,12.4543,12.4,0.1587,0.0127,12.64,0.41,12.355,12.6,12.224,12.4757,12.412,0.1814,0.0145,12.736,0.512,12.367,12.612,0.0125,0.1469,0.0891,0.39,0.11,0.8848,7,4,1,0.0,17.0,17.0,15.8804,1,4,0.5714,-0.0575,0.2857,-0.5,0.6481,0.1,-0.65,,,1,1,,2023,2023,2023.0,0,2020,2020,2005,c69dbe2c71c841a0,F,12.23,0
10.7,11.0257,11.01,0.259,0.0235,11.42,0.72,10.85,11.175,10.71,11.0307,11.03,0.259,0.0235,11.435,0.725,10.8525,11.1675,-0.295,0.0958,-0.2913,0.72,0.02,0.3259,7,6,3,2.0,16.0,18.0,3.1682,1,2,0.2857,0.4325,0.0,-0.1,0.3367,0.35,-0.28,178.0,60.0,0,0,18.937,2022,2024,2023.4286,2,2020,2020,2005,26d38ea0e522b883,M,10.7,1
12.24,12.37,12.33,0.1539,0.0124,12.54,0.3,12.285,12.435,12.24,12.368,12.354,0.1355,0.011,12.51,0.27,12.297,12.432,1.2759,0.0367,1.0657,0.0,0.3,0.0,3,2,1,0.0,18.0,18.0,15.0103,1,2,0.6667,-0.06,0.0,0.0333,0.4509,0.5,-0.4,166.0,55.0,0,0,19.9594,2022,2022,2022.0,0,2020,2020,2000,9f118d19eb4c7629,F,12.24,1
12.65,12.908,12.87,0.2684,0.0208,13.19,0.54,12.65,13.18,12.536,12.8552,12.738,0.3204,0.0249,13.21,0.674,12.608,13.184,-0.5814,0.0862,-0.6714,0.54,0.0,0.5717,5,5,2,1.0,16.0,17.0,5.2935,1,1,0.2,0.0475,0.0,0.88,1.1541,1.225,-0.5,161.0,46.0,0,0,17.7462,2022,2023,2022.4,1,2020,2020,2005,9aa6b7cfd1899154,F,12.48,1
10.58,10.8189,10.82,0.1573,0.0145,11.06,0.48,10.72,10.87,10.56,10.8117,10.825,0.1812,0.0168,11.095,0.535,10.675,10.875,0.5507,0.1335,0.6715,0.24,0.23,0.7492,9,4,1,0.0,17.0,18.0,28.0962,1,3,0.3333,0.0592,0.0,0.1444,0.5769,0.65,-0.325,,,1,1,,2023,2023,2023.0,0,2020,2020,2005,02175a85dd751627,M,10.58,0
13.38,13.644,13.55,0.3044,0.0223,14.14,0.76,13.44,13.71,13.296,13.6668,13.56,0.359,0.0263,14.182,0.886,13.424,13.872,2.3522,0.0569,2.6192,0.0,0.76,0.0,5,4,1,0.0,17.0,17.0,16.9097,1,3,0.6,0.2433,0.0,-0.38,2.0873,1.75,-1.8,,,1,1,,2023,2023,2023.0,0,2020,2020,2005,2c87e0c14d170905,F,13.38,0
12.88,13.1283,13.1,0.2106,0.016,13.47,0.59,12.995,13.22,12.946,13.1503,13.088,0.1825,0.0139,13.47,0.524,13.0715,13.205,-0.1549,0.1604,-0.0918,0.28,0.1,0.1533,6,5,3,2.0,16.0,18.0,3.2856,1,2,0.3333,-0.3283,0.1667,-0.44,1.0065,1.0,-1.0667,,,1,1,,2021,2023,2022.5,2,2020,2020,2005,aa75d135c4518503,F,12.52,0
12.99,13.055,13.055,0.0919,0.007,13.12,0.13,13.0225,13.0875,12.99,13.055,13.055,0.0919,0.007,13.12,0.13,13.0225,13.0875,,,,0.0,0.13,0.0,2,1,1,0.0,17.0,17.0,2.0,1,1,0.5,-0.13,1.0,0.0,0.0,0.0,0.0,,,1,1,,2022,2022,2022.0,0,2020,2020,2005,e595c413a6060ced,F,12.59,0
12.18,12.3814,12.36,0.1725,0.0139,12.6,0.42,12.235,12.53,12.156,12.3583,12.33,0.1825,0.0148,12.6,0.444,12.199,12.512,0.0344,0.1597,-0.0135,0.18,0.36,0.7225,7,3,1,0.0,17.0,17.0,28.0962,1,2,0.2857,0.19,0.0,0.3857,0.2268,0.45,0.0,,,1,1,,2023,2023,2023.0,0,2020,2020,2005,5a73c8a8bad36735,F,12.18,0
12.44,12.485,12.485,0.0636,0.0051,12.53,0.09,12.4625,12.5075,12.44,12.479,12.479,0.0552,0.0044,12.518,0.078,12.4595,12.4985,,,,0.0,0.09,0.0,2,1,1,0.0,17.0,17.0,2.0,0,0,0.0,0.0,0.5,0.2,0.0,0.2,0.0,164.0,45.0,0,0,16.7311,2019,2019,2019.0,0,2010,2010,2000,d1b75c59a66cafc1,F,12.09,1
12.5,12.7817,12.64,0.3391,0.0265,13.36,0.86,12.5525,12.93,12.476,12.8007,12.602,0.438,0.0342,13.6,1.124,12.5285,12.9155,0.3954,0.3055,0.443,0.86,0.52,0.8096,6,4,2,1.0,15.0,15.0,5.6482,1,2,0.3333,0.4,0.0,-0.3167,2.2781,1.2667,-2.85,165.0,48.0,0,0,17.6309,2022,2023,2022.1667,1,2020,2020,2005,16a3fb24b7523a09,F,12.5,1
10.94,11.286,11.23,0.2654,0.0235,11.62,0.68,11.17,11.47,10.855,11.3,11.295,0.289,0.0256,11.605,0.75,11.245,11.5,-0.2477,0.2507,-0.2129,0.53,0.68,0.4665,5,4,2,1.0,16.0,17.0,4.4006,1,1,0.2,0.1733,0.0,-0.28,1.3122,1.0,-1.1333,,,1,1,,2022,2023,2022.8,1,2020,2020,2005,6e2b9a99e8c44bc2,M,10.91,0
12.0,12.07,12.055,0.0566,0.0047,12.16,0.16,12.0425,12.0975,11.946,12.056,12.05,0.0798,0.0066,12.178,0.232,12.016,12.093,0.0241,0.0503,0.0139,0.04,0.06,0.0283,6,5,2,1.0,16.0,17.0,4.2471,1,2,0.3333,0.0117,0.1667,0.28,0.502,0.5667,-0.3,167.0,60.0,0,0,21.5139,2022,2023,2022.8333,1,2020,2020,2005,400570b8a8a719f3,F,11.68,1
11.79,11.996,12.06,0.1629,0.0136,12.17,0.38,11.86,12.1,11.77,11.9836,12.058,0.1867,0.0156,12.18,0.41,11.8,12.11,0.0608,0.1439,0.0755,0.27,0.38,0.2588,5,5,2,1.0,17.0,18.0,4.7933,1,2,0.4,-0.2317,0.0,0.248,0.5861,0.5467,-0.2,175.0,65.0,0,0,21.2245,2022,2023,2022.8,1,2020,2020,2005,d53c9bae41f6f7ba,M,11.76,1
13.82,14.04,14.04,0.3111,0.0222,14.26,0.44,13.93,14.15,13.82,14.019,14.019,0.2814,0.0201,14.218,0.398,13.9195,14.1185,,,,0.44,0.0,0.5561,2,2,2,1.0,17.0,18.0,2.5277,0,0,0.0,0.0,0.0,0.35,0.495,0.7,0.0,,,1,1,,2021,2022,2021.5,1,2020,2020,2005,ca1ae28f994257de,F,13.51,0
13.14,13.27,13.27,0.1838,0.0139,13.4,0.26,13.205,13.335,13.062,13.258,13.258,0.2772,0.0209,13.454,0.392,13.16,13.356,,,,0.0,0.26,0.0,2,2,1,0.0,18.0,18.0,29.22,0,0,0.0,0.0,0.0,0.2,1.5556,1.3,-0.9,165.0,,0,1,,2024,2024,2024.0,0,2020,2020,2005,848827f6492b5c57,F,13.14,0
10.87,11.22,11.06,0.5394,0.0481,12.17,1.3,10.91,11.09,10.74,11.175,11.075,0.5494,0.0492,12.12,1.38,10.845,11.095,3.3902,0.1016,3.4156,0.04,1.3,0.1107,5,3,1,0.0,17.0,17.0,13.8352,1,2,0.4,-0.52,0.0,0.9,1.4883,1.6333,-0.2,186.0,60.0,0,0,17.343,2023,2023,2023.0,0,2020,2020,2005,405712acedb328e8,M,10.83,1
11.93,12.21,12.23,0.2688,0.022,12.45,0.52,12.005,12.435,11.88,12.19,12.225,0.2782,0.0228,12.43,0.55,11.9925,12.4225,0.1505,0.22,0.1192,0.1,0.52,0.0779,4,4,2,1.0,16.0,18.0,3.1151,1,4,1.0,0.0,0.25,0.5333,0.5033,0.8,0.0,175.0,65.0,0,0,21.2245,2022,2023,2022.75,1,2020,2020,2005,7ea345206cccb8f0,M,11.93,1
12.22,12.3786,12.44,0.1401,0.0113,12.55,0.33,12.24,12.48,12.2,12.382,12.416,0.1481,0.012,12.568,0.368,12.25,12.495,-0.1808,0.1273,-0.1988,0.33,0.27,0.9063,7,4,1,0.0,17.0,17.0,19.2237,1,3,0.4286,0.0,0.0,-0.0571,0.3867,0.45,-0.325,,,1,1,,2023,2023,2023.0,0,2020,2020,2005,a77b28069d1aa3cf,F,12.22,0
11.4,11.615,11.61,0.1563,0.0135,11.82,0.42,11.52,11.7225,11.425,11.6175,11.6025,0.1468,0.0126,11.825,0.4,11.5288,11.71,-0.0895,0.1288,-0.095,0.42,0.27,0.2149,6,6,3,2.0,16.0,18.0,3.0693,1,3,0.5,-0.05,0.1667,-0.06,0.658,1.0,-0.4333,,,1,1,,2021,2023,2022.5,2,2020,2020,2005,16eae972d8b54f86,M,11.09,0
12.53,12.6433,12.6,0.1401,0.0111,12.8,0.27,12.565,12.7,12.488,12.6293,12.588,0.1659,0.0131,12.812,0.324,12.538,12.7,-3.0655,0.0286,-3.5742,0.27,0.07,3.5221,3,2,1,0.0,17.0,17.0,39.1339,0,0,0.0,0.0,0.0,0.2333,0.4509,0.45,-0.2,,,1,1,,2023,2023,2023.0,0,2020,2020,2005,783af60da5795c25,F,12.38,0
12.18,12.445,12.36,0.243,0.0195,12.86,0.68,12.3225,12.54,12.155,12.4408,12.3525,0.2566,0.0206,12.88,0.725,12.3188,12.5362,-0.1804,0.1303,-0.1868,0.68,0.14,0.2416,6,5,4,3.0,14.0,16.0,2.1318,1,1,0.1667,0.066,0.1667,0.1,0.3391,0.3,-0.4,165.0,50.0,0,0,18.3655,2020,2023,2021.6667,3,2020,2020,2005,00d6c0632a937004,M,12.18,1
12.97,12.985,12.985,0.0212,0.0016,13.0,0.03,12.9775,12.9925,12.88,12.922,12.922,0.0594,0.0046,12.964,0.084,12.901,12.943,,,,0.0,0.03,0.0,2,1,1,0.0,17.0,17.0,2.0,1,1,0.5,-0.03,0.0,1.05,1.3435,1.05,0.0,,,1,1,,2023,2023,2023.0,0,2020,2020,2005,9664b36d071433a2,F,12.85,0
11.34,11.47,11.43,0.1539,0.0134,11.64,0.3,11.385,11.535,11.37,11.4567,11.375,0.1458,0.0127,11.625,0.255,11.3725,11.5,0.2043,0.0416,0.2047,0.09,0.3,0.0715,3,3,2,1.0,16.0,17.0,2.3821,1,1,0.3333,-0.255,0.0,0.2667,0.8505,0.7,-0.6,176.0,60.0,0,0,19.3698,2019,2020,2019.3333,1,2010,2010,2000,3d00667928af2120,M,11.1,1
11.33,11.5775,11.6,0.2179,0.0188,11.78,0.45,11.4275,11.75,11.3,11.6138,11.6,0.2881,0.0248,11.955,0.655,11.4275,11.7863,-0.1696,0.1743,-0.0851,0.41,0.45,0.382,4,4,2,1.0,17.0,18.0,3.727,0,0,0.0,0.0,0.0,-0.725,1.8786,0.4,-1.85,178.0,58.0,0,0,18.3058,2022,2023,2022.75,1,2020,2020,2005,6f62e5734b55e83b,M,11.29,1
11.51,11.54,11.52,0.0436,0.0038,11.59,0.08,11.515,11.555,11.5,11.54,11.52,0.0529,0.0046,11.6,0.1,11.51,11.56,-0.1081,0.0352,-0.1945,0.01,0.0,0.0812,3,3,1,0.0,18.0,18.0,24.35,0,0,0.0,0.0,0.3333,0.0,0.2828,0.2,-0.2,,,1,1,,2023,2023,2023.0,0,2020,2020,2005,38c4a9eb810b39e6,M,11.51,0
12.32,12.5117,12.52,0.1505,0.012,12.68,0.36,12.4,12.6325,12.276,12.5227,12.529,0.1821,0.0145,12.742,0.466,12.4015,12.658,-0.0834,0.1279,-0.07,0.36,0.0,0.2159,6,6,3,2.0,16.0,18.0,3.5985,1,2,0.3333,0.1075,0.0,-0.1833,0.8796,1.4,-0.625,,,1,1,,2022,2024,2022.8333,2,2020,2020,2005,9cc757715716d5b1,F,12.32,0
13.08,13.2,13.2,0.1697,0.0129,13.32,0.24,13.14,13.26,13.08,13.263,13.263,0.2588,0.0195,13.446,0.366,13.1715,13.3545,,,,0.0,0.24,0.0,2,1,1,0.0,18.0,18.0,2.0,1,1,0.5,-0.24,0.0,-1.05,1.4849,0.0,-2.1,169.0,50.0,0,0,17.5064,2022,2022,2022.0,0,2020,2020,2000,7532a3b6ec9d9e0a,F,12.93,1
11.53,11.8333,11.875,0.1969,0.0166,12.02,0.49,11.72,11.9925,11.395,11.8192,11.8875,0.2859,0.0242,12.09,0.695,11.6337,12.0512,-0.2416,0.155,-0.3209,0.49,0.0,0.4474,6,6,2,1.0,16.0,17.0,5.4788,1,1,0.1667,-0.2,0.0,0.2833,1.9094,1.8,-1.2333,177.0,61.0,0,0,19.4708,2022,2023,2022.1667,1,2020,2020,2005,a1cece09765f4d98,M,11.53,1
11.82,11.9,11.9,0.1131,0.0095,11.98,0.16,11.86,11.94,11.805,11.8675,11.8675,0.0884,0.0074,11.93,0.125,11.8362,11.8988,,,,0.16,0.0,2.7829,2,2,1,0.0,18.0,18.0,34.7857,0,0,0.0,0.0,0.0,0.65,0.495,0.65,0.0,170.0,60.0,0,0,20.7612,2020,2020,2020.0,0,2020,2020,2000,3d6056ad2b15100c,M,10.86,1
11.92,12.1287,12.16,0.1095,0.009,12.25,0.33,12.06,12.215,11.95,12.1243,12.156,0.0979,0.0081,12.25,0.3,12.072,12.194,-0.0384,0.1045,-0.0346,0.3,0.21,0.1628,15,11,3,2.0,16.0,17.0,8.1408,1,4,0.2667,0.0011,0.0,0.0733,0.448,0.4571,-0.42,166.0,53.0,0,0,19.2336,2022,2024,2023.2667,2,2020,2020,2005,1752a77cbd67b6f1,F,11.92,1
10.79,10.9688,10.94,0.1079,0.0098,11.16,0.37,10.8975,11.035,10.79,10.9784,10.98,0.1094,0.01,11.17,0.38,10.9125,11.0088,-0.0397,0.103,-0.0343,0.37,0.32,0.1903,16,11,3,2.0,16.0,17.0,8.231,1,3,0.1875,0.0783,0.0,-0.1937,0.7335,0.54,-0.725,,,1,1,,2022,2024,2023.25,2,2020,2020,2005,5b9f1c65424afb90,M,10.78,0
12.69,12.784,12.8,0.0611,0.0048,12.84,0.15,12.76,12.83,12.598,12.7324,12.786,0.0935,0.0073,12.818,0.22,12.672,12.788,-0.0246,0.0534,0.0748,0.15,0.11,0.1481,5,4,2,1.0,17.0,18.0,4.9358,1,1,0.2,0.1175,0.0,0.86,1.0691,0.86,0.0,165.0,55.0,0,0,20.202,2023,2024,2023.6,1,2020,2020,2005,60e1525fc10d66d3,F,12.69,1
12.45,12.71,12.505,0.4474,0.0352,13.38,0.93,12.4875,12.7275,12.39,12.7025,12.484,0.5017,0.0395,13.452,1.062,12.453,12.7335,-0.8693,0.0218,-0.9724,0.93,0.0,0.9034,4,3,2,1.0,17.0,18.0,3.8856,1,1,0.25,0.495,0.0,0.125,0.957,0.5667,-1.2,161.0,50.0,0,0,19.2894,2022,2023,2022.75,1,2020,2020,2005,c434f04bd2064459,F,12.45,1
10.15,10.426,10.455,0.1523,0.0146,10.64,0.49,10.3925,10.5175,10.065,10.4215,10.4675,0.1776,0.017,10.65,0.585,10.3962,10.52,-0.0808,0.1396,-0.0772,0.28,0.37,0.247,10,8,2,1.0,17.0,18.0,8.8225,1,3,0.3,0.0092,0.0,0.09,0.9012,0.76,-0.58,,,1,1,,2023,2024,2023.7,1,2020,2020,2005,c65fe90ac2a68381,M,10.15,0
13.06,13.185,13.195,0.1127,0.0085,13.29,0.23,13.105,13.275,13.018,13.1565,13.186,0.103,0.0078,13.236,0.218,13.108,13.2345,0.1813,0.0679,0.1561,0.0,0.21,0.0,4,3,2,1.0,16.0,16.0,4.1743,1,1,0.25,0.1667,0.0,0.475,0.5315,0.7333,-0.3,163.0,55.0,0,0,20.7008,2022,2023,2022.25,1,2020,2020,2005,72bf77587d2222f3,F,13.06,1
13.67,13.8583,13.85,0.1587,0.0114,14.09,0.42,13.74,13.9525,13.634,13.8483,13.85,0.1826,0.0132,14.096,0.462,13.6995,13.9705,-0.0727,0.1183,-0.0857,0.3,0.05,0.1042,6,5,4,3.0,15.0,16.0,2.0832,1,2,0.3333,0.0575,0.0,0.1667,0.4844,0.75,-0.25,177.0,55.0,0,0,17.5556,2020,2023,2021.5,3,2020,2020,2005,dc7307b3d8400da5,F,13.67,1
10.81,10.93,10.935,0.101,0.0092,11.04,0.23,10.87,10.995,10.8,10.9338,10.935,0.113,0.0103,11.065,0.265,10.8713,10.9975,1.0376,0.0348,1.1201,0.0,0.23,0.0,4,3,1,0.0,16.0,16.0,25.6316,1,2,0.5,-0.07,0.0,-0.075,0.3096,0.15,-0.3,,,1,1,,2022,2022,2022.0,0,2020,2020,2005,170cadb78c276a97,M,10.81,0
12.18,12.21,12.21,0.0424,0.0035,12.24,0.06,12.195,12.225,12.18,12.21,12.21,0.0424,0.0035,12.24,0.06,12.195,12.225,,,,0.0,0.06,0.0,2,1,1,0.0,17.0,17.0,2.0,1,1,0.5,0.06,1.0,0.0,0.0,0.0,0.0,155.0,55.0,0,0,22.8928,2022,2022,2022.0,0,2020,2020,2005,cfc1fd532d3daa2b,F,12.18,1
12.65,12.76,12.76,0.11,0.0086,12.87,0.22,12.705,12.815,12.614,12.732,12.724,0.1222,0.0096,12.858,0.244,12.669,12.791,0.1973,0.0121,0.2171,0.0,0.22,0.0,3,3,2,1.0,17.0,17.0,2.7394,1,2,0.6667,-0.165,0.0,0.4667,0.2309,0.4667,0.0,157.0,45.0,0,0,18.2563,2022,2023,2022.6667,1,2020,2020,2005,fb55acbcf8a0bbfd,F,12.57,1
12.76,12.8433,12.85,0.0802,0.0062,12.92,0.16,12.805,12.885,12.76,12.8293,12.814,0.0781,0.0061,12.914,0.154,12.787,12.864,0.1449,0.0041,0.1348,0.0,0.16,0.0,3,3,2,1.0,17.0,17.0,2.7394,1,2,0.6667,-0.125,0.0,0.2333,0.3215,0.35,0.0,158.0,50.0,0,0,20.0288,2022,2023,2022.6667,1,2020,2020,2005,361abdf1bf609762,F,12.32,1
12.03,12.5387,12.5,0.441,0.0352,13.64,1.61,12.28,12.645,12.024,12.5123,12.472,0.4332,0.0346,13.58,1.556,12.232,12.608,-0.5442,0.1475,-0.5272,1.61,0.0,0.7341,15,12,3,2.0,16.0,18.0,6.8399,1,6,0.4,0.1889,0.0,0.44,0.8517,0.89,-0.575,,,1,1,,2022,2024,2023.0667,2,2020,2020,2005,2d6d98ff040f50ee,F,12.03,0
11.82,11.86,11.86,0.0566,0.0048,11.9,0.08,11.84,11.88,11.815,11.835,11.835,0.0283,0.0024,11.855,0.04,11.825,11.845,,,,0.08,0.0,0.1011,2,2,2,1.0,16.0,17.0,2.5277,0,0,0.0,0.0,0.0,0.5,0.5657,0.5,0.0,174.0,55.0,0,0,18.1662,2021,2022,2021.5,1,2020,2020,2005,dac7d8276bcc7231,M,11.7,1
11.3,11.54,11.55,0.2245,0.0195,11.76,0.46,11.375,11.715,11.205,11.54,11.57,0.2779,0.0241,11.815,0.61,11.37,11.74,-0.0417,0.1935,-0.0372,0.4,0.46,0.3149,4,4,2,1.0,16.0,17.0,3.1487,0,0,0.0,0.0,0.0,-0.0,1.3115,1.9,-0.6333,180.0,64.0,0,0,19.7531,2022,2023,2022.75,1,2020,2020,2005,26fd62233233a016,M,11.3,1
12.66,12.82,12.82,0.2263,0.0177,12.98,0.32,12.74,12.9,12.696,12.847,12.847,0.2135,0.0166,12.998,0.302,12.7715,12.9225,,,,0.0,0.32,0.0,2,1,1,0.0,18.0,18.0,2.0,1,1,0.5,-0.32,0.0,-0.45,0.2121,0.0,-0.45,,65.0,1,0,,2023,2023,2023.0,0,2020,2020,2005,cd578732d75e8231,F,12.49,0
12.77,13.014,12.99,0.2544,0.0195,13.41,0.64,12.82,13.08,12.77,13.038,13.044,0.2413,0.0185,13.41,0.64,12.892,13.074,-0.1193,0.2027,-0.0609,0.31,0.22,0.1595,5,5,3,2.0,16.0,17.0,2.5722,1,2,0.4,-0.1267,0.0,-0.4,0.8602,0.6,-1.3,,,1,1,,2022,2024,2023.2,2,2020,2020,2005,d0ca92a90d294bb4,F,12.43,0
11.04,11.085,11.085,0.0636,0.0057,11.13,0.09,11.0625,11.1075,10.915,11.04,11.04,0.1768,0.016,11.165,0.25,10.9775,11.1025,,,,0.09,0.0,32.8725,2,2,1,0.0,17.0,17.0,730.5,1,1,0.5,0.09,0.0,0.9,2.2627,2.5,-0.7,,,1,1,,2022,2022,2022.0,0,2020,2020,2005,1b7cd935a1554b64,M,11.04,0
10.87,11.5644,11.15,1.353,0.117,15.14,4.27,11.0,11.24,10.815,11.5383,11.14,1.3493,0.1169,15.1,4.285,10.91,11.235,-0.0936,1.2794,-0.0568,0.6,0.25,0.3546,9,7,3,2.0,16.0,17.0,5.3192,1,3,0.3333,-1.5783,0.0,0.5222,0.9795,0.9833,-0.6,174.0,60.0,0,0,19.8177,2022,2024,2022.8889,2,2020,2020,2005,dc122abc06b412b2,M,10.87,1
12.16,12.5617,12.475,0.4149,0.033,13.18,1.02,12.2175,12.83,12.1,12.5337,12.451,0.4552,0.0363,13.3,1.2,12.183,12.7175,-0.2023,0.1289,-0.2094,0.74,0.17,0.1905,6,3,3,4.0,14.0,18.0,1.5444,1,2,0.3333,-0.0633,0.0,0.4667,1.425,0.96,-2.0,173.0,55.0,0,0,18.3768,2020,2024,2022.5,4,2020,2020,2005,71339553072581dc,F,12.16,1
12.4,12.6086,12.57,0.1909,0.0151,12.91,0.51,12.48,12.71,12.268,12.5803,12.57,0.2328,0.0185,12.91,0.642,12.447,12.71,-0.4593,0.1103,-0.481,0.42,0.13,0.544,7,4,2,1.0,16.0,16.0,9.0665,1,4,0.5714,0.125,0.5714,1.1,1.4177,1.9,-0.5,170.0,55.0,0,0,19.0311,2022,2023,2022.5714,1,2020,2020,2005,a02425f1d4a4ea55,F,12.15,1
12.86,12.8867,12.87,0.0379,0.0029,12.93,0.07,12.865,12.9,12.854,12.8707,12.876,0.0147,0.0011,12.882,0.028,12.865,12.879,-0.3711,0.0163,-0.0511,0.07,0.01,0.4058,3,3,1,0.0,17.0,17.0,17.3929,0,0,0.0,0.0,0.0,0.2667,0.4726,0.45,-0.1,167.0,50.0,0,0,17.9282,2023,2023,2023.0,0,2020,2020,2005,f708112d678f42e5,F,12.37,1
12.96,13.015,13.015,0.0778,0.006,13.07,0.11,12.9875,13.0425,12.942,13.006,13.006,0.0905,0.007,13.07,0.128,12.974,13.038,,,,0.0,0.11,0.0,2,2,1,0.0,17.0,17.0,730.5,1,1,0.5,-0.11,0.0,0.15,0.2121,0.3,0.0,,,1,1,,2023,2023,2023.0,0,2020,2020,2005,1cc33f36e20513f3,F,12.41,0
12.1,12.2933,12.38,0.1677,0.0136,12.4,0.3,12.24,12.39,12.135,12.2933,12.36,0.1377,0.0112,12.385,0.25,12.2475,12.3725,-0.1637,0.0082,-0.1341,0.28,0.0,0.1581,3,2,2,2.0,15.0,17.0,1.6936,1,1,0.3333,-0.16,0.0,0.0,0.6083,0.35,-0.7,180.0,60.0,0,0,18.5185,2021,2023,2021.6667,2,2020,2020,2005,b1a1ea94afd0a13d,M,12.1,1
12.54,12.7275,12.74,0.1546,0.0121,12.89,0.35,12.6375,12.83,12.54,12.711,12.734,0.1384,0.0109,12.836,0.296,12.6285,12.8165,0.8437,0.0947,0.6833,0.0,0.35,0.0,4,3,1,0.0,17.0,17.0,15.2188,1,1,0.25,-0.03,0.0,0.275,0.4272,0.55,0.0,,,1,1,,2023,2023,2023.0,0,2020,2020,2005,d0e3b5cbdfe0543b,F,12.54,0
12.48,12.5775,12.525,0.1367,0.0109,12.78,0.3,12.51,12.5925,12.498,12.6375,12.537,0.2279,0.018,12.978,0.48,12.519,12.6555,-1.8915,0.0936,-2.9872,0.04,0.05,0.5218,4,2,1,0.0,17.0,17.0,52.1786,1,2,0.5,-0.105,0.0,-1.0,1.5362,0.0,-1.0,166.0,56.0,0,0,20.3223,2019,2019,2019.0,0,2010,2010,2000,f86db47c86a6a732,F,12.48,1
12.31,12.6933,12.47,0.5232,0.0412,13.67,1.36,12.3675,12.7975,12.25,12.6553,12.38,0.5812,0.0459,13.724,1.474,12.28,12.8085,-0.188,0.4843,-0.059,0.18,0.14,0.1573,6,3,2,1.0,16.0,17.0,5.2428,1,2,0.3333,-0.68,0.0,0.6333,1.758,1.7667,-0.5,170.0,60.0,0,0,20.7612,2023,2024,2023.6667,1,2020,2020,2005,4ada624c64587f27,F,12.31,1
11.03,11.14,11.1,0.1345,0.0121,11.29,0.26,11.065,11.195,10.93,11.1067,11.095,0.1828,0.0165,11.295,0.365,11.0125,11.195,-0.5371,0.0286,-0.6744,0.26,0.07,0.6207,3,2,1,0.0,17.0,18.0,7.1618,1,1,0.3333,0.06,0.0,0.6667,1.159,1.05,-0.1,180.0,70.0,0,0,21.6049,2024,2024,2024.0,0,2020,2020,2005,9ad1aa582208396e,M,10.98,1
12.9,13.0567,13.12,0.1365,0.0105,13.15,0.25,13.01,13.135,12.972,13.0827,13.126,0.0966,0.0074,13.15,0.178,13.049,13.138,0.2216,0.1018,0.1517,0.0,0.22,0.0,3,3,1,0.0,16.0,16.0,6.8915,1,1,0.3333,-0.14,0.0,-0.4333,0.6658,0.0,-0.65,,,1,1,,2023,2023,2023.0,0,2020,2020,2005,aa022228a0fb114d,F,12.9,0
13.02,13.6067,13.52,0.5256,0.0386,14.6,1.58,13.4475,13.5475,12.948,13.5987,13.556,0.5458,0.0401,14.576,1.628,13.342,13.653,-0.2378,0.3235,-0.2312,1.58,0.0,0.4013,6,5,4,4.0,14.0,18.0,1.524,1,2,0.3333,0.4825,0.0,0.1333,1.6967,1.125,-1.85,,,1,1,,2019,2023,2021.1667,4,2010,2020,2005,7d03d3089847b74e,F,13.02,0
12.75,13.445,13.17,0.7554,0.0562,14.59,1.84,12.885,13.9425,12.612,13.384,13.083,0.8043,0.0601,14.578,1.966,12.813,13.9395,-0.4939,0.3278,-0.522,1.4,0.0,0.467,6,4,3,3.0,15.0,18.0,2.0014,1,3,0.5,0.2767,0.0,1.0167,1.1788,1.22,0.0,,,1,1,,2019,2022,2020.3333,3,2010,2010,2000,e3b0e32ff0b03a17,F,12.75,0
13.42,13.79,13.8,0.3651,0.0265,14.15,0.73,13.61,13.975,13.444,13.768,13.722,0.3493,0.0254,14.138,0.694,13.583,13.93,-0.1855,0.1429,-0.1624,0.38,0.0,0.127,3,2,2,3.0,14.0,17.0,1.0025,1,1,0.3333,-0.015,0.0,0.3667,0.8622,0.75,-0.4,,,1,1,,2019,2022,2020.0,3,2010,2010,2005,5337985ff713b258,F,13.42,0
12.02,12.354,12.43,0.2501,0.0202,12.67,0.65,12.2,12.45,12.065,12.41,12.41,0.2249,0.0181,12.67,0.605,12.375,12.53,-0.2978,0.0788,-0.2438,0.65,0.0,0.3392,5,5,3,2.0,16.0,18.0,2.6089,0,0,0.0,0.0,0.2,-1.4,1.8129,0.8,-2.1333,,,1,1,,2023,2025,2023.8,2,2020,2020,2005,8d95e6641c191be3,M,12.02,0
13.23,13.335,13.305,0.1346,0.0101,13.6,0.37,13.2625,13.3175,13.104,13.299,13.235,0.2183,0.0164,13.72,0.616,13.1915,13.301,-0.0257,0.1202,-0.0128,0.07,0.02,0.0597,6,4,2,1.0,16.0,16.0,5.1203,1,3,0.5,0.15,0.0,0.6,1.5245,1.4,-2.0,,,1,1,,2023,2024,2023.3333,1,2020,2020,2005,531efae294bf200e,F,13.23,0
11.21,11.41,11.425,0.1534,0.0134,11.58,0.37,11.3525,11.4825,11.125,11.3925,11.4025,0.2106,0.0185,11.64,0.515,11.3312,11.4638,-0.1238,0.1094,-0.2047,0.19,0.24,0.1505,4,3,2,1.0,16.0,17.0,3.1692,1,1,0.25,-0.2267,0.0,0.35,1.2715,1.35,-0.65,,,1,1,,2023,2024,2023.5,1,2020,2020,2005,64bae3a196bd1c42,M,11.06,0
13.51,13.9338,13.95,0.3592,0.0258,14.6,1.09,13.6975,14.0525,13.492,14.047,13.977,0.4702,0.0335,14.882,1.39,13.822,14.15,-0.199,0.329,-0.0488,0.4,0.25,0.3504,8,6,2,1.0,16.0,17.0,7.0072,1,3,0.375,0.054,0.25,-2.5167,2.8583,0.3,-3.925,170.0,60.0,0,0,20.7612,2023,2024,2023.625,1,2020,2020,2005,a73a4cbdc35215df,F,13.51,1
11.41,11.7043,11.6,0.3227,0.0276,12.32,0.91,11.51,11.79,11.385,11.735,11.65,0.3449,0.0294,12.39,1.005,11.4975,11.8625,-0.2995,0.1832,-0.2712,0.55,0.0,0.2549,7,5,3,2.0,15.0,17.0,3.2446,1,2,0.2857,-0.288,0.0,-0.6143,1.6446,0.6333,-1.55,,,1,1,,2022,2024,2023.0,2,2020,2020,2005,179aeca2e3b7e078,M,11.41,0
13.8,13.8225,13.82,0.0222,0.0016,13.85,0.05,13.8075,13.835,13.716,13.8,13.817,0.0584,0.0042,13.85,0.134,13.7865,13.8305,0.0148,0.019,0.0179,0.01,0.03,0.0227,4,3,1,0.0,16.0,16.0,9.0745,1,2,0.5,0.035,0.5,0.75,0.9192,0.75,0.0,164.0,60.0,0,0,22.3081,2023,2023,2023.0,0,2020,2020,2005,5ca0b325c5da3909,F,13.8,1
10.92,11.148,11.05,0.2393,0.0215,11.41,0.49,10.96,11.4,10.905,11.152,11.025,0.2781,0.0249,11.46,0.555,10.925,11.445,-0.2209,0.0547,-0.2616,0.48,0.13,0.2233,5,4,2,2.0,16.0,18.0,2.3264,1,2,0.4,-0.0533,0.0,-0.08,0.8258,0.5,-0.95,,,1,1,,2023,2025,2024.2,2,2020,2020,2005,e93c6405d11cc13a,M,10.92,0
13.11,13.6521,13.53,0.6819,0.0499,15.89,2.78,13.3625,13.6775,13.086,13.6761,13.539,0.7066,0.0517,16.004,2.918,13.413,13.702,-0.3878,0.4729,-0.3549,2.78,0.12,1.0024,14,12,4,3.0,15.0,17.0,5.0479,1,7,0.5,0.4157,0.1429,-0.4667,1.1688,0.825,-1.2714,,,1,1,,2022,2025,2023.5714,3,2020,2020,2005,5a1dca4daa5f7aea,F,13.11,0
13.04,13.3417,13.29,0.2751,0.0206,13.84,0.8,13.2,13.3875,13.04,13.3417,13.339,0.2555,0.0191,13.798,0.758,13.2165,13.3535,-0.3536,0.126,-0.3206,0.8,0.36,0.469,6,6,3,2.0,16.0,18.0,3.5177,1,3,0.5,0.2633,0.1667,-0.0,1.0296,0.6,-0.9,169.0,58.0,0,0,20.3074,2021,2023,2022.5,2,2020,2020,2005,a4c23fb4639d4616,F,13.04,1
11.57,11.95,12.01,0.3064,0.0256,12.49,0.92,11.7,12.09,11.525,11.9617,12.01,0.323,0.027,12.49,0.965,11.665,12.15,0.2759,0.1778,0.2699,0.0,0.65,0.0,9,8,3,2.0,15.0,15.0,4.1401,1,1,0.1111,0.2812,0.1111,-0.2625,1.4101,1.0,-1.7,,,1,1,,2022,2024,2023.2222,2,2020,2020,2005,feee5aedc4f95ea2,M,11.57,0
12.8,13.09,13.055,0.2066,0.0158,13.4,0.6,12.945,13.2525,12.662,13.0412,12.989,0.3002,0.023,13.49,0.828,12.8295,13.2885,-0.0457,0.1921,-0.0896,0.19,0.0,0.1735,8,5,2,1.0,15.0,16.0,7.305,1,3,0.375,0.1227,0.0,0.8125,1.7092,1.88,-0.9667,,,1,1,,2022,2023,2022.375,1,2020,2020,2005,b1f91c669a768215,F,12.8,0
12.39,12.4775,12.435,0.1187,0.0095,12.65,0.26,12.405,12.5075,12.32,12.4505,12.419,0.1385,0.0111,12.644,0.324,12.377,12.4925,0.6333,0.093,1.0229,0.02,0.26,0.1432,4,3,1,0.0,16.0,16.0,28.6471,1,2,0.5,-0.155,0.0,0.45,0.7188,0.6333,-0.1,167.0,44.0,0,0,15.7768,2019,2019,2019.0,0,2010,2010,2000,a46eb256d79995cf,F,11.95,1
12.89,13.23,13.145,0.3634,0.0275,13.74,0.85,13.04,13.335,12.752,13.188,13.178,0.3674,0.0279,13.644,0.892,13.028,13.338,0.3268,0.303,0.0384,0.2,0.85,0.3845,4,2,2,1.0,16.0,16.0,7.6895,1,2,0.5,-0.37,0.0,0.7,1.472,1.95,-0.55,,,1,1,,2022,2023,2022.5,1,2020,2020,2005,c7b9654985091c6f,F,12.89,0
12.57,12.972,12.91,0.3308,0.0255,13.46,0.89,12.83,13.09,12.528,12.948,12.862,0.3276,0.0253,13.412,0.884,12.848,13.09,-0.278,0.066,-0.2829,0.89,0.0,0.2958,5,5,4,3.0,14.0,17.0,1.6617,1,1,0.2,0.0775,0.2,0.5,0.5354,0.7667,-0.3,,,1,1,,2021,2024,2022.6,3,2020,2020,2005,a3e3857b679764c7,F,12.57,0
11.07,11.2725,11.265,0.1729,0.0153,11.49,0.42,11.1975,11.34,10.9,11.2137,11.2325,0.2433,0.0217,11.49,0.59,11.125,11.3213,-0.1077,0.1314,-0.1554,0.42,0.22,0.2226,4,4,3,2.0,15.0,16.0,2.1205,0,0,0.0,0.0,0.25,1.5667,1.9604,2.6,-0.5,,,1,1,,2022,2024,2023.0,2,2020,2020,2005,cffb4bd4b8bdc9eb,M,11.07,0
10.7,10.8582,10.84,0.1168,0.0108,11.1,0.4,10.805,10.885,10.68,10.8364,10.855,0.114,0.0105,11.05,0.37,10.755,10.875,-0.0958,0.0843,-0.0654,0.4,0.01,0.1956,11,10,3,2.0,16.0,17.0,5.3785,0,0,0.0,0.0,0.0,0.4364,1.3887,1.64,-0.5667,185.0,60.0,0,0,17.531,2023,2025,2023.7273,2,2020,2020,2005,96c88f63197d78a8,M,10.7,1
12.41,12.614,12.73,0.1868,0.0148,12.77,0.36,12.41,12.75,12.37,12.654,12.77,0.2479,0.0196,12.92,0.55,12.41,12.8,0.1205,0.144,0.1448,0.0,0.32,0.0,5,5,2,2.0,16.0,16.0,2.6089,0,0,0.0,0.0,0.2,-1.0,1.8403,0.8,-2.4,,,1,1,,2023,2025,2023.4,2,2020,2020,2005,71445409d5a74899,M,12.41,0
10.78,10.9463,11.0,0.1274,0.0116,11.1,0.32,10.825,11.0325,10.68,10.9338,10.9975,0.1579,0.0144,11.115,0.435,10.7975,11.05,-0.1925,0.091,-0.2136,0.25,0.06,0.209,8,5,2,1.0,17.0,17.0,6.6865,1,3,0.375,-0.0242,0.0,0.25,0.8053,0.8,-0.3,,,1,1,,2023,2024,2023.25,1,2020,2020,2005,5bbbd96ff0705eab,M,10.78,0
12.39,12.5567,12.56,0.165,0.0131,12.72,0.33,12.475,12.64,12.228,12.5207,12.578,0.2686,0.0215,12.756,0.528,12.403,12.667,0.0107,0.1347,0.1837,0.0,0.17,0.0,3,2,1,0.0,17.0,17.0,6.4079,0,0,0.0,0.0,0.0,0.6,1.8248,2.7,-0.45,172.0,54.0,0,0,18.2531,2023,2023,2023.0,0,2020,2020,2005,94f2d8bad3d256d5,F,11.87,1
12.06,12.2627,12.31,0.1464,0.0119,12.51,0.45,12.135,12.36,11.94,12.2742,12.334,0.1927,0.0157,12.564,0.624,12.104,12.396,-0.0163,0.1394,0.0017,0.0,0.16,0.0,11,7,2,1.0,17.0,17.0,9.7518,1,4,0.3636,-0.0383,0.0,-0.1909,1.0005,0.825,-0.7714,174.0,62.0,0,0,20.4783,2023,2024,2023.3636,1,2020,2020,2005,799081ceec7b3535,F,12.05,1
12.43,12.6612,12.695,0.1643,0.013,12.85,0.42,12.5,12.8,12.338,12.56,12.549,0.1844,0.0147,12.854,0.516,12.4055,12.664,-0.3527,0.1148,-0.2438,0.36,0.0,0.3497,8,6,2,1.0,15.0,16.0,7.7713,1,2,0.25,-0.158,0.0,1.6875,1.6539,1.9857,-0.4,,,1,1,,2022,2023,2022.625,1,2020,2020,2005,df8adb57c4bdd0dd,F,12.43,0
12.1,12.3755,12.4,0.1992,0.0161,12.72,0.62,12.215,12.5,12.088,12.34,12.358,0.1738,0.0141,12.608,0.52,12.215,12.464,-0.0925,0.1726,0.0164,0.51,0.43,0.1965,11,8,3,3.0,15.0,17.0,4.2381,1,4,0.3636,0.1304,0.0,0.5909,1.7265,1.3429,-0.725,,,1,1,,2022,2025,2023.9091,3,2020,2020,2005,6e2e83882a033e54,F,12.1,0
11.19,11.3,11.27,0.1277,0.0113,11.44,0.25,11.23,11.355,11.025,11.225,11.275,0.1803,0.0161,11.375,0.35,11.15,11.325,0.1611,0.1021,-0.2686,0.08,0.25,0.2865,3,2,1,0.0,16.0,17.0,10.7426,1,1,0.3333,-0.21,0.0,1.5,1.7088,2.3,-0.1,,,1,1,,2022,2022,2022.0,0,2020,2020,2005,ba5cbb48b7b9d7de,M,11.15,0
10.87,11.0467,10.995,0.1613,0.0146,11.25,0.38,10.94,11.185,10.778,11.0355,10.985,0.232,0.021,11.32,0.542,10.8662,11.235,0.0497,0.1436,0.0062,0.0,0.06,0.0,6,4,3,2.0,16.0,16.0,3.1218,1,1,0.1667,0.17,0.0,0.2233,1.639,1.035,-1.4,,,1,1,,2023,2025,2023.8333,2,2020,2020,2005,29a89bebfb2c84c0,M,10.87,0
13.25,13.6367,13.605,0.3851,0.0282,14.31,1.06,13.3625,13.7275,13.268,13.6447,13.566,0.3829,0.0281,14.31,1.042,13.3775,13.774,-0.4308,0.1598,-0.3529,0.51,0.04,0.2866,6,3,3,2.0,15.0,17.0,3.3715,1,3,0.5,0.18,0.0,-0.1333,0.7659,0.65,-0.7,,,1,1,,2022,2024,2023.0,2,2020,2020,2005,83401667124bc09e,F,13.25,0
13.65,14.2117,14.095,0.5266,0.0371,14.97,1.32,13.815,14.5775,13.59,14.2497,14.053,0.619,0.0434,15.084,1.494,13.821,14.744,-0.1145,0.4761,-0.0521,1.32,1.05,0.6605,6,5,3,2.0,15.0,16.0,3.0021,1,2,0.3333,0.5125,0.1667,-0.76,2.1055,1.2,-2.0667,160.0,60.0,0,0,23.4375,2022,2024,2023.0,2,2020,2020,2005,09f22fba559ffcc7,F,13.65,1
11.69,11.835,11.835,0.2051,0.0173,11.98,0.29,11.7625,11.9075,11.64,11.865,11.865,0.3182,0.0268,12.09,0.45,11.7525,11.9775,,,,0.0,0.29,0.0,2,2,1,0.0,18.0,18.0,22.1364,1,2,1.0,0.0,0.0,-0.6,2.2627,1.0,-2.2,,,1,1,,2023,2023,2023.0,0,2020,2020,2005,77ec428acfde532a,M,11.69,0
11.59,11.62,11.62,0.0424,0.0037,11.65,0.06,11.605,11.635,11.545,11.5725,11.5725,0.0389,0.0034,11.6,0.055,11.5588,11.5862,,,,0.06,0.0,0.6641,2,2,1,0.0,17.0,17.0,22.1364,1,2,1.0,0.0,0.0,0.95,0.0707,0.95,0.0,,,1,1,,2023,2023,2023.0,0,2020,2020,2005,ac248ac36a60d260,M,11.59,0
12.79,13.005,12.98,0.155,0.0119,13.27,0.48,12.9725,13.025,12.79,13.006,12.974,0.1808,0.0139,13.336,0.546,12.9425,13.016,-0.4178,0.1124,-0.5582,0.19,0.19,0.3672,6,4,1,1.0,17.0,18.0,11.5952,1,4,0.6667,0.0375,0.0,-0.0167,0.6145,0.4333,-0.7,161.0,48.0,0,0,18.5178,2024,2024,2024.0,0,2020,2020,2005,ff63a83f6be6928e,F,12.79,1
12.85,12.9,12.9,0.0707,0.0055,12.95,0.1,12.875,12.925,12.844,12.942,12.942,0.1386,0.0107,13.04,0.196,12.893,12.991,,,,0.1,0.0,2.1485,2,2,1,0.0,17.0,17.0,42.9706,0,0,0.0,0.0,0.0,-0.7,1.1314,0.1,-1.5,171.0,53.0,0,0,18.1252,2024,2024,2024.0,0,2020,2020,2005,3eb9d1e42fe98b47,F,12.58,1
11.23,11.3575,11.37,0.1069,0.0094,11.46,0.23,11.29,11.4375,11.175,11.3175,11.33,0.1214,0.0107,11.435,0.26,11.2388,11.4088,0.1542,0.0907,0.0113,0.08,0.23,0.2837,4,3,1,0.0,17.0,17.0,14.1845,0,0,0.0,0.0,0.0,0.8,0.6055,1.1,-0.1,,,1,1,,2023,2023,2023.0,0,2020,2020,2005,fa7377e13bbfc518,M,11.13,0
11.79,12.4083,11.95,1.2152,0.0979,15.99,4.2,11.8725,12.1425,11.688,12.3728,11.941,1.2269,0.0992,15.966,4.278,11.799,12.15,0.2245,1.1212,0.2712,0.12,0.03,0.0835,12,9,2,1.0,16.0,17.0,8.3486,1,5,0.4167,0.8166,0.0,0.5917,0.7621,0.8333,-0.2,173.0,53.0,0,0,17.7086,2023,2024,2023.4167,1,2020,2020,2005,eca2b9ea9468076f,F,11.79,1
11.4,11.6467,11.63,0.2554,0.0219,11.91,0.51,11.515,11.77,11.4,11.6267,11.575,0.2564,0.0221,11.905,0.505,11.4875,11.74,-0.6644,0.1578,-0.7539,0.51,0.23,1.0235,3,3,1,0.0,17.0,17.0,6.0206,1,1,0.3333,0.37,0.3333,0.6,0.7071,0.6,0.0,178.0,66.0,0,0,20.8307,2023,2023,2023.0,0,2020,2020,2005,00365d1e072af8e6,M,11.16,1
11.13,11.25,11.25,0.1697,0.0151,11.37,0.24,11.19,11.31,11.19,11.2825,11.2825,0.1308,0.0116,11.375,0.185,11.2363,11.3288,,,,0.0,0.24,0.0,2,2,1,0.0,17.0,17.0,6.8271,0,0,0.0,0.0,0.0,-0.65,0.7778,0.0,-0.65,,,1,1,,2024,2024,2024.0,0,2020,2020,2005,f9c698c687c4f347,M,11.06,0
11.94,12.01,12.01,0.099,0.0082,12.08,0.14,11.975,12.045,11.93,11.9925,11.9925,0.0884,0.0074,12.055,0.125,11.9612,12.0238,,,,0.14,0.0,8.5225,2,2,1,0.0,18.0,18.0,121.75,0,0,0.0,0.0,0.0,0.35,0.2121,0.35,0.0,180.0,75.0,0,0,23.1481,2024,2024,2024.0,0,2020,2020,2005,d5dd8ef7dc984e05,M,11.77,1
12.36,12.5144,12.47,0.1355,0.0108,12.73,0.37,12.42,12.62,12.312,12.5371,12.494,0.1989,0.0159,12.86,0.548,12.394,12.638,-0.2579,0.0816,-0.3593,0.26,0.1,0.2698,9,5,2,1.0,17.0,18.0,9.3388,1,4,0.4444,0.1125,0.0,-0.3778,1.2367,0.7333,-0.9333,,,1,1,,2024,2025,2024.4444,1,2020,2020,2005,5862cfc4a1007ec5,F,12.36,0
11.06,11.2575,11.3,0.1379,0.0123,11.37,0.31,11.2175,11.34,11.02,11.255,11.31,0.1674,0.0149,11.38,0.36,11.1925,11.3725,-0.4223,0.0756,-0.2511,0.27,0.21,0.6164,4,2,2,0.0,16.0,17.0,9.1312,1,2,0.5,-0.125,0.0,0.05,1.6361,1.2,-2.2,183.0,65.0,0,0,19.4094,2023,2024,2023.5,1,2020,2020,2005,34a81f77a4d2ca69,M,10.77,1
12.17,12.6875,12.505,0.6464,0.051,14.65,2.48,12.4225,12.6625,12.05,12.6495,12.484,0.6523,0.0516,14.608,2.558,12.418,12.6135,-0.1395,0.6209,-0.1177,0.5,0.33,0.2478,12,9,3,2.0,15.0,16.0,5.9471,1,4,0.3333,0.1361,0.0,0.6333,0.7726,1.0375,-0.2333,,,1,1,,2022,2024,2022.6667,2,2020,2020,2005,2fc7b724ce725a22,F,12.17,0
10.89,11.1533,11.1,0.1985,0.0178,11.47,0.58,11.0825,11.2375,10.925,11.1542,11.1,0.2048,0.0184,11.47,0.545,11.0262,11.2712,-0.2162,0.1393,-0.216,0.22,0.19,0.1913,6,4,2,1.0,16.0,18.0,5.2179,1,2,0.3333,0.1025,0.0,-0.0167,1.087,2.1,-0.55,,,1,1,,2022,2023,2022.5,1,2020,2020,2005,4af336570895b9cb,M,10.74,0
10.8,11.1317,11.06,0.2795,0.0251,11.81,1.01,10.9425,11.29,10.83,11.1254,11.07,0.265,0.0238,11.735,0.905,10.9375,11.2612,-0.2478,0.171,-0.2373,0.52,0.06,0.266,12,8,3,2.0,16.0,18.0,6.1387,1,4,0.3333,-0.0237,0.0,0.125,0.817,1.125,-0.5,,,1,1,,2023,2025,2024.0833,2,2020,2020,2005,8de1b7dd00f9f797,M,10.8,0
13.14,13.46,13.54,0.2884,0.0214,13.7,0.56,13.34,13.62,13.14,13.482,13.576,0.306,0.0227,13.73,0.59,13.358,13.653,-0.2549,0.1516,-0.2764,0.4,0.0,0.2323,3,3,3,2.0,15.0,17.0,1.7421,0,0,0.0,0.0,0.0,-0.3667,0.3215,0.0,-0.55,163.0,51.0,0,0,19.1953,2022,2024,2023.0,2,2020,2020,2005,b0a670916535b161,F,13.14,1
11.46,11.475,11.475,0.0212,0.0018,11.49,0.03,11.4675,11.4825,11.425,11.4425,11.4425,0.0247,0.0022,11.46,0.035,11.4338,11.4513,,,,0.03,0.0,0.5218,2,2,1,0.0,17.0,17.0,34.7857,1,2,1.0,0.0,0.0,0.65,0.9192,1.3,0.0,,,1,1,,2023,2023,2023.0,0,2020,2020,2005,b6316d9227822394,M,11.46,0
13.58,13.655,13.655,0.1061,0.0078,13.73,0.15,13.6175,13.6925,13.58,13.667,13.667,0.123,0.009,13.754,0.174,13.6235,13.7105,,,,0.15,0.0,0.1442,2,2,2,1.0,16.0,17.0,1.9224,0,0,0.0,0.0,0.0,-0.2,0.2828,0.0,-0.4,162.0,60.0,0,0,22.8624,2023,2024,2023.5,1,2020,2020,2005,d9c286510198933a,F,13.35,1
11.3,11.405,11.405,0.1485,0.013,11.51,0.21,11.3525,11.4575,11.355,11.4675,11.4675,0.1591,0.0139,11.58,0.225,11.4113,11.5238,,,,0.21,0.0,0.2119,2,2,2,1.0,17.0,18.0,2.018,0,0,0.0,0.0,0.0,-1.25,0.2121,0.0,-1.25,,,1,1,,2024,2025,2024.5,1,2020,2020,2005,09e5626d26c31445,M,11.3,0
12.91,13.34,13.255,0.5026,0.0377,13.94,1.03,12.9325,13.6625,12.796,13.2725,13.225,0.5376,0.0405,13.844,1.048,12.823,13.6745,-3.4207,0.1834,-3.7815,0.66,0.03,2.4598,4,4,1,0.0,18.0,18.0,14.9082,1,2,0.5,-0.17,0.0,1.125,1.2894,1.7667,-0.8,,,1,1,,2025,2025,2025.0,0,2020,2020,2005,755c41d5ba5fbb4e,F,12.91,0
11.04,11.472,11.33,0.4315,0.0376,12.07,1.03,11.16,11.76,11.01,11.447,11.33,0.4216,0.0368,12.04,1.03,11.15,11.705,-0.6067,0.3701,-0.5555,0.72,0.12,0.7245,5,4,2,1.0,17.0,18.0,5.031,1,1,0.2,-0.7475,0.0,0.5,0.4243,0.625,0.0,,,1,1,,2023,2024,2023.8,1,2020,2020,2005,5fb821b98b73008a,M,11.04,0
12.12,12.25,12.28,0.1179,0.0096,12.35,0.23,12.2,12.315,12.095,12.2783,12.335,0.1626,0.0132,12.405,0.31,12.215,12.37,0.0645,0.0935,0.259,0.0,0.16,0.0,3,3,2,1.0,16.0,16.0,3.9845,1,1,0.3333,0.195,0.0,-0.5667,1.6773,0.4,-2.5,,,1,1,,2023,2024,2023.3333,1,2020,2020,2005,0b5e98d4c2a9e3c5,M,12.12,0
11.74,12.9833,11.75,2.1449,0.1652,15.46,3.72,11.745,13.605,11.775,13.0183,11.825,2.1104,0.1621,15.455,3.68,11.8,13.64,-3.7775,0.1187,-3.7128,3.72,0.0,3.6525,3,3,2,1.0,16.0,17.0,2.9456,0,0,0.0,0.0,0.0,-0.7,0.9165,0.1,-1.1,,,1,1,,2023,2024,2023.6667,1,2020,2020,2005,aaf173f373cc7bbd,M,11.74,0
12.29,12.495,12.41,0.1983,0.0159,12.79,0.5,12.3475,12.6475,12.274,12.4995,12.424,0.2168,0.0173,12.826,0.552,12.332,12.655,-0.1018,0.153,-0.1211,0.47,0.08,0.1731,8,6,4,3.0,15.0,16.0,2.9456,1,3,0.375,-0.0975,0.0,-0.075,0.7421,1.6,-0.55,,,1,1,,2022,2025,2023.5,3,2020,2020,2005,b6c36a3d0ae1e1f5,F,12.29,0
13.33,13.505,13.505,0.2475,0.0183,13.68,0.35,13.4175,13.5925,13.33,13.475,13.475,0.2051,0.0152,13.62,0.29,13.4025,13.5475,,,,0.0,0.35,0.0,2,2,1,0.0,17.0,17.0,7.8548,0,0,0.0,0.0,0.0,0.5,0.7071,1.0,0.0,,,1,1,,2024,2024,2024.0,0,2020,2020,2005,d86b0a571cca65c0,F,13.21,0
11.78,11.905,11.835,0.1786,0.015,12.17,0.39,11.8175,11.9225,11.755,11.88,11.7925,0.2009,0.0169,12.18,0.425,11.7775,11.895,-0.252,0.0785,-0.2912,0.39,0.06,0.2907,4,4,2,1.0,16.0,17.0,2.9816,0,0,0.0,0.0,0.0,0.5,0.4967,0.7333,-0.2,,,1,1,,2023,2024,2023.75,1,2020,2020,2005,3211e9f084970717,M,11.67,0
12.03,12.224,12.2,0.102,0.0083,12.37,0.34,12.155,12.325,11.988,12.2056,12.158,0.133,0.0109,12.418,0.43,12.115,12.327,-0.0757,0.0921,-0.1057,0.29,0.31,0.2702,15,6,2,1.0,16.0,17.0,13.9764,1,5,0.3333,0.056,0.0,0.3067,0.7363,0.7667,-0.3833,168.0,52.0,0,0,18.424,2023,2024,2023.5333,1,2020,2020,2005,5333cd4266225482,F,12.03,1
11.55,11.6175,11.59,0.09,0.0077,11.74,0.19,11.55,11.6575,11.535,11.625,11.6075,0.0919,0.0079,11.75,0.215,11.5725,11.66,0.027,0.0734,0.0165,0.0,0.0,0.0,4,3,2,2.0,16.0,16.0,2.0434,1,1,0.25,0.09,0.0,-0.15,0.4203,0.3,-0.45,,,1,1,,2022,2024,2023.0,2,2020,2020,2005,510f143a30032f99,M,11.55,0
12.51,12.635,12.635,0.1768,0.014,12.76,0.25,12.5725,12.6975,12.51,12.635,12.635,0.1768,0.014,12.76,0.25,12.5725,12.6975,,,,0.0,0.25,0.0,2,1,1,0.0,17.0,17.0,2.0,1,1,0.5,0.25,1.0,0.0,0.0,0.0,0.0,,,1,1,,2022,2022,2022.0,0,2020,2020,2005,b32baa0f7036ce77,F,12.4,0
13.27,13.385,13.385,0.1626,0.0122,13.5,0.23,13.3275,13.4425,13.282,13.391,13.391,0.1541,0.0115,13.5,0.218,13.3365,13.4455,,,,0.23,0.0,0.1248,2,2,2,2.0,16.0,17.0,1.0854,0,0,0.0,0.0,0.0,-0.1,0.1414,0.0,-0.2,,,1,1,,2022,2024,2023.0,2,2020,2020,2005,115767bf383cb036,F,12.74,0
10.78,11.0495,11.03,0.1657,0.015,11.44,0.66,10.94,11.125,10.745,11.0395,11.04,0.1796,0.0163,11.4,0.655,10.9725,11.1425,-0.1257,0.1384,-0.1218,0.08,0.25,0.0407,19,9,3,2.0,15.0,17.0,9.6654,1,6,0.3158,0.0322,0.0,0.2,0.9357,0.7818,-0.6,,,1,1,,2022,2024,2023.0526,2,2020,2020,2005,b21f76f68beb5296,M,10.78,0
12.34,12.65,12.73,0.2787,0.022,12.88,0.54,12.535,12.805,12.34,12.654,12.712,0.2894,0.0229,12.91,0.57,12.526,12.811,-0.4541,0.0612,-0.46,0.39,0.0,0.3809,3,2,2,1.0,15.0,16.0,2.9298,1,1,0.3333,-0.345,0.0,-0.0667,0.4041,0.3,-0.5,,,1,1,,2022,2023,2022.3333,1,2020,2020,2005,75fa3c9462004244,F,12.34,0
12.14,12.49,12.29,0.4822,0.0386,13.04,0.9,12.215,12.665,12.134,12.478,12.272,0.4813,0.0386,13.028,0.894,12.203,12.65,-0.367,0.0612,-0.367,0.9,0.15,0.4004,3,2,2,2.0,15.0,17.0,1.3347,1,1,0.3333,0.525,0.0,0.2,0.1,0.2,0.0,,,1,1,,2019,2021,2020.3333,2,2010,2020,2000,cfdf0bb5176031b1,F,12.14,0
11.55,11.7886,11.81,0.1667,0.0141,11.96,0.41,11.68,11.92,11.455,11.7829,11.81,0.2004,0.017,11.98,0.525,11.6775,11.94,0.2384,0.1373,0.2857,0.03,0.26,0.0341,7,7,2,1.0,17.0,17.0,7.965,1,1,0.1429,-0.1183,0.0,0.1143,0.8255,1.0,-0.4,176.0,60.0,0,0,19.3698,2023,2024,2023.1429,1,2020,2020,2005,79e68fec3a8e07ff,M,11.37,1
13.11,13.2867,13.32,0.1626,0.0122,13.43,0.32,13.215,13.375,13.146,13.3127,13.32,0.1631,0.0123,13.472,0.326,13.233,13.396,-0.1341,0.0449,-0.1265,0.21,0.0,0.1062,3,2,2,2.0,15.0,17.0,1.5177,1,1,0.3333,-0.05,0.0,-0.4333,0.3786,0.0,-0.65,170.0,55.0,0,0,19.0311,2019,2021,2019.6667,2,2010,2010,2005,24957d4edf1c8112,F,13.11,1
12.23,12.4025,12.405,0.1632,0.0132,12.57,0.34,12.2825,12.525,12.224,12.404,12.411,0.1707,0.0138,12.57,0.346,12.2765,12.5385,-0.1125,0.0326,-0.1186,0.28,0.07,0.1145,4,2,2,2.0,15.0,18.0,1.6361,1,1,0.25,0.07,0.25,-0.0333,0.2309,0.1,-0.3,170.0,51.0,0,0,17.6471,2019,2021,2020.0,2,2010,2010,2000,ac7847bd6d411d05,F,12.23,1
12.52,12.722,12.725,0.1075,0.0084,12.88,0.36,12.665,12.77,12.468,12.704,12.74,0.1406,0.0111,12.896,0.428,12.6525,12.776,0.0489,0.0935,0.0584,0.0,0.14,0.0,10,8,4,3.0,15.0,15.0,3.4786,1,3,0.3,-0.01,0.0,0.3,0.9345,0.9,-0.375,,,1,1,,2022,2025,2023.4,3,2020,2020,2005,f44df111f50a4df5,F,12.52,0
12.41,12.445,12.445,0.0495,0.004,12.48,0.07,12.4275,12.4625,12.41,12.457,12.457,0.0665,0.0053,12.504,0.094,12.4335,12.4805,,,,0.0,0.07,0.0,2,1,1,0.0,17.0,17.0,2.0,1,1,0.5,0.07,0.0,-0.2,0.2828,0.0,-0.4,,,1,1,,2022,2022,2022.0,0,2020,2020,2005,f197b68c481d1fb8,F,11.78,0
12.95,12.955,12.955,0.0071,0.0005,12.96,0.01,12.9525,12.9575,12.956,12.973,12.973,0.024,0.0019,12.99,0.034,12.9645,12.9815,,,,0.0,0.01,0.0,2,1,1,0.0,17.0,17.0,2.0,1,1,0.5,-0.01,0.0,-0.3,0.2828,0.0,-0.3,167.0,50.0,0,0,17.9282,2021,2021,2021.0,0,2020,2020,2000,07e87fbb955d31c6,F,12.13,1
12.54,12.7045,12.67,0.1302,0.0102,13.01,0.47,12.625,12.765,12.462,12.7215,12.72,0.2002,0.0157,13.202,0.74,12.61,12.783,-0.0543,0.1136,-0.0787,0.22,0.18,0.0807,11,8,3,3.0,15.0,17.0,4.0339,1,4,0.3636,-0.0714,0.0,-0.2818,1.2221,0.9667,-1.0,,,1,1,,2022,2025,2023.9091,3,2020,2020,2005,5c3eccd072df058c,F,12.54,0
12.82,12.84,12.84,0.0283,0.0022,12.86,0.04,12.83,12.85,12.802,12.819,12.819,0.024,0.0019,12.836,0.034,12.8105,12.8275,,,,0.0,0.04,0.0,2,1,1,0.0,18.0,18.0,2.0,1,1,0.5,-0.04,0.0,0.35,0.0707,0.35,0.0,,,1,1,,2024,2024,2024.0,0,2020,2020,2005,359d44d0f1a66f02,F,12.82,0
12.81,12.992,13.02,0.158,0.0122,13.22,0.41,12.88,13.03,12.792,12.9848,13.018,0.1715,0.0132,13.232,0.44,12.856,13.026,-0.2669,0.077,-0.2856,0.22,0.07,0.2715,5,4,2,1.0,17.0,18.0,6.1698,1,3,0.6,-0.1283,0.0,0.12,0.2588,0.3,-0.15,,,1,1,,2023,2024,2023.4,1,2020,2020,2005,4defa3dfa0f27766,F,12.81,0
12.44,12.59,12.63,0.1345,0.0107,12.7,0.26,12.535,12.665,12.434,12.594,12.66,0.1393,0.0111,12.688,0.254,12.547,12.674,-0.0734,0.0776,-0.0627,0.26,0.19,0.1157,3,2,2,2.0,15.0,17.0,1.3347,1,1,0.3333,0.225,0.0,-0.0667,0.3786,0.15,-0.5,165.0,53.0,0,0,19.4674,2019,2021,2020.3333,2,2010,2020,2000,54b235d4698cfd9b,F,11.95,1
12.35,12.555,12.605,0.1439,0.0115,12.66,0.31,12.5075,12.6525,12.392,12.567,12.608,0.124,0.0099,12.66,0.268,12.5225,12.6525,-0.0262,0.1245,-0.0136,0.21,0.31,0.4408,4,3,1,0.0,17.0,17.0,8.3966,1,1,0.25,-0.1267,0.0,-0.2,0.3367,0.0,-0.4,,,1,1,,2023,2023,2023.0,0,2020,2020,2005,115aa71bbf53f4cb,F,12.35,0
11.35,11.395,11.395,0.0636,0.0056,11.44,0.09,11.3725,11.4175,11.37,11.42,11.42,0.0707,0.0062,11.47,0.1,11.395,11.445,,,,0.0,0.09,0.0,2,1,1,0.0,15.0,15.0,2.0,1,1,0.5,0.09,0.0,-0.5,0.1414,0.0,-0.5,187.0,70.0,0,0,20.0177,2019,2019,2019.0,0,2010,2010,2005,156fb76c9c5a65b8,M,10.43,1
11.19,11.6525,11.505,0.5524,0.0474,12.41,1.22,11.2725,11.885,11.26,11.7,11.5175,0.566,0.0484,12.505,1.245,11.3312,11.8862,-0.6425,0.0532,-0.6514,1.22,0.11,0.6803,4,3,3,2.0,16.0,18.0,2.2305,1,1,0.25,0.47,0.0,-0.95,1.0847,0.6,-1.4667,189.0,75.0,0,0,20.9961,2023,2025,2024.25,2,2020,2020,2005,0d78810312347e02,M,11.09,1
12.22,12.23,12.23,0.0141,0.0012,12.24,0.02,12.225,12.235,12.19,12.1925,12.1925,0.0035,0.0003,12.195,0.005,12.1912,12.1938,,,,0.02,0.0,0.2435,2,2,1,0.0,17.0,17.0,24.35,1,2,1.0,0.0,0.0,0.75,0.3536,0.75,0.0,,,1,1,,2023,2023,2023.0,0,2020,2020,2005,3257f8830333b450,M,12.22,0
12.19,12.5985,12.61,0.1892,0.015,12.96,0.77,12.52,12.74,12.04,12.5962,12.634,0.2314,0.0184,12.978,0.938,12.46,12.744,0.0976,0.157,0.1076,0.33,0.42,0.1118,13,11,4,3.0,15.0,16.0,4.4047,1,4,0.3077,0.1928,0.0,0.0385,0.9188,0.7,-0.6167,,,1,1,,2022,2025,2023.5385,3,2020,2020,2005,e030113c02c77ca4,F,12.19,0
12.89,12.935,12.935,0.0636,0.0049,12.98,0.09,12.9125,12.9575,12.83,12.914,12.914,0.1188,0.0092,12.998,0.168,12.872,12.956,,,,0.0,0.09,0.0,2,1,1,0.0,18.0,18.0,2.0,1,1,0.5,0.09,0.0,0.35,0.9192,1.0,-0.3,,,1,1,,2023,2023,2023.0,0,2020,2020,2005,75294829a0dc3f6f,F,12.86,0
11.69,11.7675,11.77,0.066,0.0056,11.84,0.15,11.7275,11.81,11.675,11.7838,11.8025,0.0859,0.0073,11.855,0.18,11.735,11.8512,0.0378,0.0542,0.065,0.0,0.11,0.0,4,4,2,2.0,16.0,16.0,2.5497,1,2,0.5,0.005,0.0,-0.325,0.5795,0.3,-0.5333,,,1,1,,2023,2025,2023.5,2,2020,2020,2005,98a9476ea726dbe2,M,11.69,0
10.97,11.285,11.29,0.2533,0.0224,11.59,0.62,11.2025,11.3725,10.865,11.2787,11.275,0.3418,0.0303,11.7,0.835,11.15,11.4038,0.0249,0.2193,-0.0221,0.0,0.31,0.0,4,3,1,0.0,18.0,18.0,10.1458,1,1,0.25,-0.175,0.0,0.125,1.797,1.4,-1.15,,,1,1,,2023,2023,2023.0,0,2020,2020,2005,74e193643f21115b,M,10.97,0
11.31,11.588,11.53,0.3734,0.0322,12.22,0.91,11.31,11.57,11.14,11.539,11.46,0.4354,0.0377,12.26,1.12,11.27,11.565,-0.1972,0.2694,-0.2242,0.91,0.22,0.3344,5,5,4,3.0,14.0,17.0,1.8373,1,1,0.2,0.0225,0.0,0.98,1.5818,1.425,-0.8,,,1,1,,2022,2025,2023.4,3,2020,2020,2005,37fa9958c9cd9cad,M,11.31,0
11.86,11.865,11.865,0.0071,0.0006,11.87,0.01,11.8625,11.8675,11.81,11.85,11.85,0.0566,0.0048,11.89,0.08,11.83,11.87,,,,0.01,0.0,0.7305,2,2,1,0.0,18.0,18.0,146.1,1,1,0.5,-0.01,0.0,0.3,0.9899,1.0,-0.4,,,1,1,,2023,2023,2023.0,0,2020,2020,2005,30e1045ee2481049,M,11.86,0
11.63,11.7875,11.76,0.1597,0.0135,12.0,0.37,11.69,11.8575,11.575,11.775,11.765,0.1757,0.0149,11.995,0.42,11.6838,11.8562,0.5196,0.1082,0.5136,0.18,0.37,0.3913,4,4,1,0.0,17.0,17.0,8.6964,0,0,0.0,0.0,0.0,0.25,0.5802,0.6,-0.2,,,1,1,,2024,2024,2024.0,0,2020,2020,2005,9334b44998b2e620,M,11.47,0
12.48,12.515,12.51,0.0342,0.0027,12.56,0.08,12.495,12.53,12.408,12.4715,12.459,0.0669,0.0054,12.56,0.152,12.4275,12.503,0.4566,0.0255,0.7762,0.0,0.08,0.0,4,2,1,0.0,16.0,16.0,60.875,1,1,0.25,0.06,0.0,0.725,0.55,0.9667,0.0,,,1,1,,2024,2024,2024.0,0,2020,2020,2005,807ab3f1a1f997b4,F,12.48,0
13.35,13.44,13.44,0.1273,0.0095,13.53,0.18,13.395,13.485,13.362,13.506,13.506,0.2036,0.0151,13.65,0.288,13.434,13.578,,,,0.0,0.18,0.0,2,1,1,0.0,15.0,15.0,2.0,1,1,0.5,-0.18,0.0,-1.1,1.2728,0.0,-1.1,164.0,52.0,0,0,19.3337,2020,2020,2020.0,0,2020,2020,2005,373ec5879d3667a8,F,13.35,1
13.1,13.2175,13.21,0.1103,0.0083,13.35,0.25,13.145,13.2825,13.016,13.234,13.225,0.1866,0.0141,13.47,0.454,13.1555,13.3035,-0.0281,0.0878,-0.0068,0.06,0.16,0.0225,4,3,2,3.0,15.0,18.0,1.5015,1,2,0.5,-0.175,0.0,-0.275,2.032,1.3,-1.85,163.0,52.0,0,0,19.5717,2020,2023,2021.5,3,2020,2020,2005,b14b1064e8c7311e,F,13.1,1
11.74,11.75,11.75,0.0141,0.0012,11.76,0.02,11.745,11.755,11.725,11.74,11.74,0.0212,0.0018,11.755,0.03,11.7325,11.7475,,,,0.0,0.02,0.0,2,2,1,0.0,16.0,16.0,365.25,1,1,0.5,0.02,0.0,0.2,0.1414,0.2,0.0,,,1,1,,2023,2023,2023.0,0,2020,2020,2005,adf9ccb5d062adde,M,11.74,0
12.86,13.3625,13.425,0.3904,0.0292,13.74,0.88,13.16,13.6275,12.752,13.3235,13.413,0.4139,0.0311,13.716,0.964,13.178,13.5585,-0.725,0.1506,-0.6893,0.73,0.0,0.8713,4,4,2,1.0,16.0,17.0,4.7745,1,2,0.5,0.125,0.0,0.65,1.2477,1.2,-1.0,,,1,1,,2024,2025,2024.5,1,2020,2020,2005,cc29ec68666195ac,F,12.86,0
11.45,11.52,11.55,0.0608,0.0053,11.56,0.11,11.5,11.555,11.465,11.4967,11.505,0.0284,0.0025,11.52,0.055,11.485,11.5125,-0.0586,0.0041,0.0195,0.1,0.0,0.0558,3,2,2,2.0,16.0,17.0,1.6729,1,1,0.3333,-0.045,0.0,0.4667,1.6921,1.4,-1.4,173.0,55.0,0,0,18.3768,2023,2025,2023.6667,2,2020,2020,2005,0e951105e6f8627b,M,11.45,1
12.99,13.5929,13.575,0.4142,0.0305,14.32,1.33,13.2725,13.94,12.894,13.6087,13.614,0.4402,0.0323,14.314,1.42,13.28,13.973,-0.3052,0.2424,-0.3111,1.01,0.13,0.3129,14,11,4,3.0,14.0,16.0,4.3372,1,5,0.3571,0.2409,0.1429,-0.3083,1.3453,0.7,-1.2,,,1,1,,2022,2025,2023.7143,3,2020,2020,2005,50289b5176703b1b,F,12.99,0
14.15,14.565,14.605,0.311,0.0214,14.9,0.75,14.465,14.705,14.132,14.7135,14.716,0.4745,0.0323,15.29,1.158,14.5325,14.897,0.5181,0.1546,0.6628,0.0,0.49,0.0,4,3,2,1.0,15.0,15.0,3.9274,1,1,0.25,-0.4467,0.0,-2.475,2.8756,0.3,-3.4,,,1,1,,2023,2024,2023.75,1,2020,2020,2005,06d968a32ab2eb74,F,14.15,0
12.35,12.48,12.435,0.1534,0.0123,12.7,0.35,12.395,12.52,12.155,12.4612,12.4225,0.2852,0.0229,12.845,0.69,12.3538,12.53,0.2445,0.0835,0.4412,0.0,0.35,0.0,4,4,2,1.0,15.0,15.0,4.3353,0,0,0.0,0.0,0.0,0.375,2.804,2.3,-1.55,,,1,1,,2023,2024,2023.5,1,2020,2020,2005,089dc7dced48f7a4,M,12.35,0
13.88,14.96,14.3,1.6182,0.1082,17.36,3.48,14.0675,15.1925,13.922,14.981,14.264,1.6756,0.1118,17.474,3.552,14.051,15.194,-0.677,1.1229,-0.6762,3.48,0.0,1.1359,4,4,3,3.0,14.0,17.0,1.3056,0,0,0.0,0.0,0.0,-0.35,1.2014,0.6,-1.3,,,1,1,,2022,2025,2023.0,3,2020,2020,2005,91fcdaac60cf1b0c,F,13.88,0
13.26,13.8911,13.81,0.6152,0.0443,14.95,1.69,13.39,14.4,13.218,13.9404,13.774,0.7391,0.053,15.34,2.122,13.32,14.496,-0.3492,0.53,-0.3354,1.3,0.0,0.4687,9,8,4,3.0,15.0,17.0,3.2451,1,3,0.3333,-0.3333,0.1111,-0.925,2.5628,0.875,-2.725,,,1,1,,2022,2025,2023.6667,3,2020,2020,2005,f701af2695675d27,F,13.26,0
13.7,14.38,14.24,0.7597,0.0528,15.2,1.5,13.97,14.72,13.652,14.438,14.294,0.867,0.0601,15.368,1.716,13.973,14.831,0.4868,0.4765,0.5448,0.54,1.5,0.2702,3,3,3,2.0,14.0,15.0,1.501,0,0,0.0,0.0,0.0,-0.9667,1.8009,0.8,-1.85,,,1,1,,2022,2024,2023.0,2,2020,2020,2005,5137e82c9c3e52d6,F,13.7,0
13.73,14.035,13.97,0.225,0.016,14.4,0.67,13.93,14.1575,13.652,14.0703,14.03,0.2981,0.0212,14.514,0.862,13.9015,14.1995,0.1167,0.2064,0.2114,0.67,0.57,0.3352,8,7,3,2.0,14.0,14.0,4.0027,1,2,0.25,0.2533,0.25,-0.7833,1.663,0.6667,-2.2333,,,1,1,,2022,2024,2022.875,2,2020,2020,2005,591266c3e4400293,F,13.73,0
14.42,14.9183,14.895,0.4763,0.0319,15.74,1.32,14.5775,15.04,14.54,14.9793,14.946,0.4447,0.0297,15.782,1.242,14.684,15.0355,-0.622,0.1039,-0.5751,1.32,0.08,0.6605,6,6,3,2.0,15.0,17.0,3.0021,0,0,0.0,0.0,0.1667,-1.22,1.0035,0.3,-1.6,,,1,1,,2022,2024,2023.1667,2,2020,2020,2005,56a918b44d2cd076,F,14.42,0
13.24,13.611,13.575,0.2832,0.0208,14.07,0.83,13.4275,13.7075,13.204,13.605,13.573,0.3013,0.0221,14.076,0.872,13.3955,13.7175,-0.1455,0.2245,-0.1574,0.81,0.28,0.2228,10,7,5,4.0,14.0,15.0,2.7504,1,5,0.5,0.022,0.0,0.1,0.4761,0.5,-0.375,170.0,50.0,0,0,17.301,2020,2024,2022.1,4,2020,2020,2005,902a9107fca7e553,F,13.24,1
12.72,13.095,13.06,0.3324,0.0254,13.63,0.91,12.7675,13.405,12.7,13.0935,13.051,0.3436,0.0262,13.624,0.924,12.8035,13.4145,-0.3781,0.0909,-0.3767,0.66,0.01,0.3063,12,7,3,2.0,14.0,17.0,5.5693,1,6,0.5,0.0333,0.1667,0.03,0.9604,0.76,-0.875,,,1,1,,2022,2024,2023.0,2,2020,2020,2005,137f73e2f89d1957,F,12.72,0
12.85,13.1444,13.15,0.1485,0.0113,13.36,0.51,13.09,13.21,12.778,13.1611,13.132,0.1866,0.0142,13.432,0.654,13.126,13.242,-0.1496,0.0776,-0.1747,0.45,0.28,0.2224,9,7,3,2.0,15.0,17.0,4.4482,1,2,0.2222,-0.1036,0.0,-0.2778,0.9972,0.9,-1.04,,,1,1,,2022,2024,2023.1111,2,2020,2020,2005,2ebb26996142c904,F,12.85,0
12.83,13.216,13.13,0.346,0.0262,14.19,1.36,13.015,13.33,12.746,13.2368,13.166,0.387,0.0292,14.304,1.558,13.011,13.381,-0.297,0.265,-0.319,1.36,0.29,0.6722,15,12,3,2.0,15.0,17.0,7.4137,1,6,0.4,0.1739,0.1333,-0.4,1.43,0.7833,-1.65,,,1,1,,2022,2024,2023.2667,2,2020,2020,2005,a575032eb8539c89,F,12.83,0
14.21,14.326,14.3,0.1226,0.0086,14.53,0.32,14.26,14.33,14.21,14.3464,14.294,0.1774,0.0124,14.656,0.446,14.26,14.312,0.1922,0.0647,0.317,0.0,0.32,0.0,5,4,2,1.0,15.0,15.0,4.3795,1,1,0.2,0.0825,0.4,-0.5667,1.3317,0.2,-2.1,172.0,57.0,0,0,19.2672,2023,2024,2023.4,1,2020,2020,2005,f9e1ad1423013add,F,14.21,1
12.66,13.075,12.895,0.5353,0.0409,13.85,1.19,12.7575,13.2125,12.585,13.085,12.9625,0.5394,0.0412,13.83,1.245,12.765,13.2825,-0.3986,0.2798,-0.3592,1.19,0.34,0.4669,4,4,3,3.0,14.0,16.0,1.5693,0,0,0.0,0.0,0.0,-0.2,1.4989,0.95,-1.35,,,1,1,,2021,2024,2022.75,3,2020,2020,2005,f9f1e6cafaa0796a,M,12.66,0
13.21,13.7225,13.575,0.5894,0.043,14.53,1.32,13.33,13.9675,13.114,13.7105,13.572,0.6426,0.0469,14.584,1.47,13.306,13.9765,-0.5551,0.097,-0.6009,1.32,0.16,0.6118,4,3,3,2.0,14.0,16.0,1.8541,1,1,0.25,0.47,0.0,0.2,1.036,0.85,-0.9,155.0,45.0,0,0,18.7305,2022,2024,2023.25,2,2020,2020,2005,f40643259d4c42e8,F,13.21,1
13.43,14.13,14.05,0.7301,0.0517,15.17,1.74,13.49,14.51,13.334,14.184,14.26,0.7786,0.0549,15.134,1.8,13.472,14.72,-0.1708,0.6324,-0.0548,1.74,0.62,0.6274,5,4,4,3.0,14.0,15.0,1.8028,1,1,0.2,0.8,0.0,-0.9,2.4218,0.8333,-3.5,170.0,60.0,0,0,20.7612,2022,2025,2023.4,3,2020,2020,2005,555800e342bdf6e7,F,13.43,1
14.1,15.11,14.225,1.8202,0.1205,18.73,4.63,14.1825,14.965,14.1,15.125,14.222,1.8381,0.1215,18.772,4.672,14.1825,15.004,1.0073,1.3802,1.0046,1.1,4.63,0.379,6,4,4,3.0,14.0,16.0,2.0675,1,2,0.3333,1.3875,0.3333,-0.375,0.4992,0.1,-0.8,,,1,1,,2022,2025,2023.5,3,2020,2020,2005,98ea05818d95fe52,F,14.1,0
11.42,11.88,11.845,0.4231,0.0356,12.41,0.99,11.63,12.095,11.525,11.9088,11.84,0.3925,0.033,12.43,0.905,11.6638,12.085,-0.0809,0.3564,-0.0979,0.99,0.57,0.3411,4,4,3,3.0,14.0,16.0,1.3783,1,2,0.5,0.64,0.0,-0.575,1.072,0.4,-0.9,,,1,1,,2022,2025,2023.25,3,2020,2020,2005,cb69656cec2e4693,M,11.42,0
13.05,13.075,13.075,0.0354,0.0027,13.1,0.05,13.0625,13.0875,13.076,13.081,13.081,0.0071,0.0005,13.086,0.01,13.0785,13.0835,,,,0.0,0.05,0.0,2,1,1,0.0,17.0,17.0,2.0,1,1,0.5,0.05,0.0,-0.1,0.7071,0.4,-0.6,,,1,1,,2022,2022,2022.0,0,2020,2020,2005,bf0339fa7ada9b1b,F,12.87,0
12.02,12.602,12.495,0.4157,0.033,13.3,1.28,12.2775,12.93,11.894,12.605,12.522,0.4408,0.035,13.288,1.394,12.2765,13.066,-0.3263,0.1425,-0.3314,1.2,0.22,0.3578,20,15,4,3.0,14.0,17.0,5.9633,1,6,0.3,-0.0075,0.0,-0.05,1.3109,1.0,-1.2857,,,1,1,,2022,2025,2023.85,3,2020,2020,2005,df8bcfdccf783936,F,12.02,0
11.31,11.7292,11.44,0.7507,0.064,13.96,2.65,11.3725,11.6475,11.17,11.7137,11.4525,0.744,0.0635,13.895,2.725,11.3538,11.6175,-0.2413,0.7278,-0.2242,0.96,0.04,0.3343,12,10,4,3.0,14.0,16.0,4.1783,1,1,0.0833,0.073,0.0,0.3083,1.7059,1.4286,-1.575,,,1,1,,2022,2025,2024.1667,3,2020,2020,2005,bc76b46ed58b1d4a,M,11.31,0
11.88,12.08,12.09,0.1952,0.0162,12.27,0.39,11.985,12.18,11.83,12.0767,12.145,0.2206,0.0183,12.255,0.425,11.9875,12.2,1.5978,0.0647,1.9399,0.0,0.39,0.0,3,3,1,0.0,18.0,18.0,15.0103,1,1,0.3333,-0.015,0.0,0.0667,1.0693,0.65,-1.1,,,1,1,,2023,2023,2023.0,0,2020,2020,2005,1a12cc24603d2558,M,11.76,0
12.27,12.5238,12.52,0.1612,0.0129,12.8,0.53,12.4425,12.5975,12.066,12.5035,12.494,0.275,0.022,12.95,0.884,12.399,12.668,-0.072,0.1513,-0.0128,0.38,0.53,0.3243,8,5,2,1.0,17.0,18.0,6.8271,1,3,0.375,0.0487,0.0,0.3375,2.0241,1.9,-1.225,153.0,41.0,0,0,17.5146,2024,2025,2024.875,1,2020,2020,2005,2c6cc9c12a87de88,F,12.27,1
11.93,12.264,12.23,0.2911,0.0237,12.73,0.8,12.015,12.5125,11.906,12.2562,12.224,0.2943,0.024,12.688,0.782,11.9985,12.5245,-0.4068,0.0907,-0.4061,0.8,0.1,0.4127,10,8,3,2.0,15.0,17.0,5.1589,1,3,0.3,-0.0017,0.0,0.13,0.462,0.45,-0.35,,,1,1,,2023,2025,2024.3,2,2020,2020,2005,6e16450615381ba0,F,11.93,0
12.14,12.3725,12.34,0.1487,0.012,12.62,0.48,12.2975,12.4575,12.122,12.3807,12.385,0.1554,0.0126,12.62,0.498,12.3,12.4575,0.0103,0.1396,0.0522,0.16,0.37,0.0825,8,7,3,2.0,15.0,17.0,4.1271,1,2,0.25,0.2033,0.0,-0.1375,0.5153,0.3667,-0.55,,,1,1,,2023,2025,2024.625,2,2020,2020,2005,025a9d8324f70e87,F,12.14,0
11.1,11.477,11.42,0.1788,0.0156,11.76,0.66,11.345,11.6225,11.058,11.4467,11.363,0.2209,0.0193,11.814,0.756,11.2855,11.614,-0.126,0.1543,-0.1439,0.53,0.0,0.2616,20,16,3,2.0,15.0,17.0,9.8716,1,8,0.4,0.2063,0.0,0.505,0.9811,1.0077,-0.5,,,1,1,,2023,2025,2024.3,2,2020,2020,2005,49c7a6469db9ce50,F,11.1,0
12.31,12.57,12.57,0.3677,0.0293,12.83,0.52,12.44,12.7,12.305,12.5575,12.5575,0.3571,0.0284,12.81,0.505,12.4312,12.6838,,,,0.52,0.0,0.5119,2,2,2,1.0,17.0,18.0,1.969,0,0,0.0,0.0,0.0,0.25,0.2121,0.25,0.0,,,1,1,,2023,2024,2023.5,1,2020,2020,2005,3b3f2678f795b380,M,12.2,0
12.31,12.7911,12.69,0.3562,0.0278,13.67,1.36,12.56,12.915,12.286,12.8068,12.7,0.3745,0.0292,13.67,1.384,12.548,12.971,-0.2989,0.2086,-0.3035,1.36,0.42,0.4293,19,14,4,3.0,14.0,16.0,5.9981,1,8,0.4211,0.0644,0.0,-0.2632,0.9827,0.4125,-1.0375,,,1,1,,2022,2025,2024.0,3,2020,2020,2005,714273ea7c7c1162,F,12.31,0
13.19,13.589,13.595,0.2203,0.0162,13.91,0.72,13.475,13.7625,13.136,13.604,13.583,0.264,0.0194,14.0,0.864,13.454,13.8195,-0.0872,0.174,-0.1124,0.6,0.6,0.1759,10,9,2,3.0,14.0,17.0,2.9314,1,2,0.2,0.0613,0.1,-0.2778,1.1278,1.1667,-1.0,,,1,1,,2022,2025,2023.5,3,2020,2020,2005,c1d3396cfc5804b2,F,13.19,0
12.23,12.3922,12.39,0.1308,0.0106,12.6,0.37,12.28,12.44,12.248,12.4009,12.456,0.1272,0.0103,12.588,0.34,12.262,12.488,-0.1384,0.1093,-0.1004,0.33,0.01,0.3099,9,6,2,1.0,16.0,16.0,8.4505,1,2,0.2222,0.027,0.0,-0.1444,0.7055,0.5,-0.66,170.0,47.0,0,0,16.263,2024,2025,2024.4444,1,2020,2020,2005,c0f0b6dd0016506a,F,12.23,1
12.53,12.884,12.97,0.2851,0.0221,13.17,0.64,12.64,13.11,12.568,12.8415,12.862,0.267,0.0208,13.122,0.554,12.572,13.0836,-0.3402,0.1322,-0.3313,0.58,0.11,0.3305,5,4,3,2.0,16.0,17.0,2.8491,1,1,0.2,-0.3575,0.0,0.708,0.9351,1.06,-0.7,,,1,1,,2022,2024,2022.6,2,2020,2020,2005,cde53f1d7464f2c4,F,12.38,0
12.43,12.6889,12.6,0.2657,0.0209,13.19,0.76,12.56,12.63,12.322,12.7216,12.636,0.3232,0.0254,13.412,1.09,12.614,12.672,-0.239,0.1972,-0.175,0.2,0.17,0.1033,9,7,3,2.0,15.0,16.0,4.6496,1,2,0.2222,0.1207,0.0,-0.5444,1.5485,1.0333,-1.3333,,,1,1,,2022,2024,2023.4444,2,2020,2020,2005,5da6b686777827d6,F,12.43,0
12.83,12.9875,12.93,0.1893,0.0146,13.26,0.43,12.8825,13.035,12.872,12.992,12.936,0.1603,0.0123,13.224,0.352,12.893,13.035,-0.2004,0.1207,-0.1567,0.43,0.13,0.3537,4,4,2,1.0,15.0,16.0,3.2905,1,2,0.5,-0.245,0.0,-0.075,0.5377,0.6,-0.45,,,1,1,,2023,2024,2023.5,1,2020,2020,2005,e45a1f4a9e4620f3,F,12.83,0
11.82,12.3172,12.34,0.2008,0.0163,12.69,0.87,12.245,12.4275,11.67,12.3309,12.369,0.2545,0.0206,12.744,1.074,12.233,12.473,0.114,0.1741,0.1109,0.44,0.61,0.2181,18,15,3,2.0,15.0,15.0,8.9206,1,6,0.3333,0.3233,0.0,-0.2278,1.1881,0.8571,-1.01,,,1,1,,2023,2025,2024.0,2,2020,2020,2005,b0ea169a7562e42e,F,11.82,0
10.9,11.17,11.225,0.2022,0.0181,11.33,0.43,11.0725,11.3225,10.89,11.1725,11.2325,0.2101,0.0188,11.335,0.445,11.0738,11.3312,-0.3182,0.0817,-0.3284,0.42,0.23,0.4309,4,3,2,1.0,15.0,16.0,4.1039,1,2,0.5,-0.12,0.0,-0.05,0.1732,0.2,-0.1333,,,1,1,,2023,2024,2023.5,1,2020,2020,2005,d66eb626ab6d01ea,M,10.9,0
11.06,11.3356,11.23,0.2157,0.019,11.72,0.66,11.18,11.49,11.06,11.3506,11.25,0.2214,0.0195,11.735,0.675,11.2,11.52,0.1565,0.1653,0.1287,0.12,0.47,0.0613,9,8,3,2.0,15.0,16.0,4.5976,1,2,0.2222,0.1871,0.0,-0.3,0.8703,0.5,-0.6167,,,1,1,,2023,2025,2024.0,2,2020,2020,2005,1336e2538431a127,M,11.06,0
12.63,13.01,13.04,0.3021,0.0232,13.45,0.82,12.86,13.07,12.648,13.0352,13.058,0.3164,0.0243,13.51,0.862,12.884,13.076,-0.0886,0.2611,-0.08,0.23,0.0,0.1177,5,4,3,2.0,15.0,17.0,2.5578,1,1,0.2,-0.075,0.0,-0.42,0.4382,0.2,-0.575,,,1,1,,2023,2025,2024.0,2,2020,2020,2005,af97ad19b4901dee,F,12.63,0
12.03,12.7013,12.28,1.2991,0.1023,17.23,5.2,12.085,12.57,11.934,12.6869,12.268,1.3062,0.103,17.218,5.284,12.058,12.606,-0.4599,1.2967,-0.4783,0.97,5.2,0.4801,15,12,3,2.0,15.0,17.0,7.4238,1,4,0.2667,0.1944,0.0,0.24,0.8659,0.64,-0.56,,,1,1,,2023,2025,2024.4667,2,2020,2020,2005,c10f22dbb826e4d0,F,12.03,0
11.54,11.76,11.76,0.3111,0.0265,11.98,0.44,11.65,11.87,11.53,11.7475,11.7475,0.3076,0.0262,11.965,0.435,11.6388,11.8562,,,,0.44,0.0,0.4527,2,2,2,1.0,17.0,17.0,2.0577,0,0,0.0,0.0,0.0,0.25,0.0707,0.25,0.0,,,1,1,,2023,2024,2023.5,1,2020,2020,2005,8134f8aff598f66b,M,11.54,0
13.19,13.3,13.3,0.1556,0.0117,13.41,0.22,13.245,13.355,13.202,13.291,13.291,0.1259,0.0095,13.38,0.178,13.2465,13.3355,,,,0.22,0.0,0.2257,2,2,2,1.0,17.0,18.0,2.052,1,1,0.5,0.22,0.0,0.15,0.495,0.5,-0.2,,,1,1,,2023,2024,2023.5,1,2020,2020,2005,91d8fab2dff492ef,F,13.17,0
11.28,11.44,11.43,0.1652,0.0144,11.61,0.33,11.355,11.52,11.275,11.4283,11.395,0.1724,0.0151,11.615,0.34,11.335,11.505,-0.2469,0.0735,-0.2366,0.15,0.0,0.1543,3,2,2,1.0,15.0,16.0,3.0866,1,1,0.3333,-0.255,0.0,0.2333,0.4163,0.4,-0.1,,,1,1,,2023,2024,2023.3333,1,2020,2020,2005,3a07c6b12a21c503,M,11.28,0
10.91,11.263,11.25,0.2601,0.0231,11.86,0.95,11.1275,11.3475,10.895,11.282,11.2375,0.2969,0.0263,11.98,1.085,11.1362,11.3738,-0.223,0.222,-0.2501,0.36,0.1,0.263,10,8,2,1.0,15.0,16.0,7.305,1,5,0.5,0.03,0.0,-0.38,0.9807,0.4,-0.7143,,,1,1,,2023,2024,2023.2,1,2020,2020,2005,4e5577e00e50dee5,M,10.91,0
12.62,12.799,12.78,0.1456,0.0114,13.06,0.44,12.69,12.895,12.506,12.7576,12.756,0.1662,0.013,13.078,0.572,12.6405,12.8425,-0.0162,0.1357,-0.0028,0.29,0.03,0.0875,10,8,3,3.0,14.0,15.0,3.0186,1,4,0.4,-0.01,0.0,0.69,0.8034,0.95,-0.35,,,1,1,,2022,2025,2023.6,3,2020,2020,2005,2d1aec09fa0d41be,F,12.62,0
11.34,11.565,11.565,0.3182,0.0275,11.79,0.45,11.4525,11.6775,11.355,11.605,11.605,0.3536,0.0305,11.855,0.5,11.48,11.73,,,,0.45,0.0,0.2029,2,2,2,2.0,16.0,18.0,0.9019,0,0,0.0,0.0,0.0,-0.8,0.7071,0.0,-0.8,,,1,1,,2022,2024,2023.0,2,2020,2020,2005,36b8eea7a944254a,M,11.16,0
11.75,11.9995,11.985,0.1483,0.0124,12.28,0.53,11.9,12.08,11.498,11.9833,11.992,0.1925,0.0161,12.262,0.764,11.873,12.1305,-0.1872,0.1321,-0.2027,0.49,0.53,0.3308,20,16,2,1.0,16.0,17.0,13.5028,1,6,0.3,0.0727,0.0,0.27,1.1398,0.8818,-0.5375,,,1,1,,2024,2025,2024.8,1,2020,2020,2005,0d1ea575694a0c04,F,11.75,0
12.08,12.3258,12.29,0.1924,0.0156,12.85,0.77,12.205,12.375,12.062,12.3211,12.294,0.1994,0.0162,12.904,0.842,12.187,12.379,-0.1112,0.1526,-0.079,0.28,0.31,0.0943,19,15,3,3.0,15.0,17.0,6.3961,1,5,0.2632,-0.1123,0.0,0.0789,0.7192,0.6222,-0.5125,,,1,1,,2022,2025,2024.5263,3,2020,2020,2005,d93c2628a1305e49,F,12.08,0
11.93,12.38,12.44,0.4232,0.0342,12.77,0.84,12.185,12.605,11.88,12.3483,12.395,0.4468,0.0362,12.77,0.89,12.1375,12.5825,-1.1621,0.2554,-1.2701,0.84,0.51,1.8154,3,3,1,0.0,17.0,18.0,6.4837,1,3,1.0,0.0,0.0,0.6333,0.5508,0.95,0.0,175.0,55.0,0,0,17.9592,2023,2023,2023.0,0,2020,2020,2005,c2829162b574430a,M,11.4,1
12.81,13.1133,13.145,0.2715,0.0207,13.53,0.72,12.895,13.215,12.768,13.1483,13.175,0.337,0.0256,13.716,0.948,12.9175,13.212,-0.3596,0.1928,-0.3924,0.31,0.01,0.3011,6,5,2,1.0,15.0,16.0,5.8285,1,3,0.5,0.12,0.0,-0.5833,1.3333,0.5,-1.125,170.0,51.0,0,0,17.6471,2024,2025,2024.3333,1,2020,2020,2005,390ca5ae00205062,F,12.81,1
11.28,11.85,11.655,0.607,0.0512,12.71,1.43,11.3925,12.285,11.21,11.82,11.635,0.6165,0.0522,12.71,1.5,11.3675,12.2475,-0.9504,0.1912,-1.0075,1.43,0.39,0.9836,6,6,2,1.0,16.0,17.0,4.1271,1,4,0.6667,-0.5625,0.0,0.6,0.839,1.2667,-0.2,174.0,55.0,0,0,18.1662,2023,2024,2023.6667,1,2020,2020,2005,170e33879f222045,M,11.28,1
11.53,11.7775,11.695,0.2923,0.0248,12.19,0.66,11.5975,11.875,11.54,11.8125,11.7,0.3449,0.0292,12.31,0.77,11.6075,11.905,-0.2957,0.203,-0.2867,0.24,0.0,0.2325,4,4,2,1.0,16.0,17.0,3.8753,0,0,0.0,0.0,0.25,-0.9333,1.2702,0.0,-0.9333,175.0,55.0,0,0,17.9592,2024,2025,2024.5,1,2020,2020,2005,a8cabbfebf0ba1ab,M,11.53,1
12.13,12.19,12.2,0.0557,0.0046,12.24,0.11,12.165,12.22,12.125,12.1883,12.2,0.0584,0.0048,12.24,0.115,12.1625,12.22,-0.2135,0.0204,-0.2218,0.11,0.0,0.248,3,3,1,0.0,17.0,17.0,6.7639,1,3,1.0,0.0,0.0,0.0333,0.0577,0.1,0.0,,,1,1,,2023,2023,2023.0,0,2020,2020,2005,d7e97e4e99b53167,M,11.76,0
11.27,11.3867,11.35,0.0869,0.0076,11.52,0.25,11.32,11.46,11.26,11.4161,11.375,0.1342,0.0118,11.67,0.41,11.31,11.49,0.0651,0.0773,0.1695,0.04,0.25,0.0283,9,7,2,1.0,15.0,17.0,6.3706,1,2,0.2222,-0.0783,0.1111,-0.6625,1.2648,0.7,-1.1167,175.0,65.0,0,0,21.2245,2024,2025,2024.6667,1,2020,2020,2005,3185be4406f0023e,M,11.27,1
12.77,13.046,13.08,0.2575,0.0197,13.41,0.64,12.83,13.14,12.83,13.0748,13.116,0.2178,0.0167,13.38,0.55,12.902,13.146,-0.3271,0.0994,-0.218,0.37,0.0,0.2108,5,4,3,2.0,16.0,17.0,2.8491,1,3,0.6,0.5167,0.0,-0.48,1.152,0.45,-1.65,,,1,1,,2023,2025,2024.0,2,2020,2020,2005,553c10d15f79b0aa,F,12.77,0
11.09,11.2367,11.22,0.1793,0.016,11.67,0.58,11.12,11.28,11.075,11.2356,11.24,0.1839,0.0164,11.67,0.595,11.105,11.28,-0.1132,0.1456,-0.1327,0.58,0.0,0.4656,9,7,2,1.0,17.0,18.0,7.2247,1,3,0.3333,-0.1342,0.0,0.0222,0.8333,1.0,-0.7,,,1,1,,2023,2024,2023.4444,1,2020,2020,2005,d97a818856fde8f6,M,11.09,0
13.02,13.1983,13.15,0.215,0.0163,13.6,0.58,13.05,13.2275,13.02,13.2073,13.147,0.2381,0.018,13.66,0.64,13.0485,13.2275,0.0849,0.1936,0.0786,0.0,0.09,0.0,6,4,2,1.0,16.0,16.0,6.2794,1,1,0.1667,0.2125,0.3333,-0.225,0.5188,0.1,-1.0,,,1,1,,2024,2025,2024.1667,1,2020,2020,2005,9120022f9234fe72,F,13.02,0
12.49,12.7138,12.615,0.2657,0.0209,13.32,0.83,12.5875,12.7,12.478,12.7078,12.615,0.2666,0.021,13.32,0.842,12.5765,12.706,0.0715,0.2587,0.0886,0.83,0.36,0.5709,8,6,2,1.0,16.0,16.0,5.5028,1,5,0.625,-0.268,0.0,0.1,0.2619,0.3,-0.2,,,1,1,,2023,2024,2023.5,1,2020,2020,2005,cd4dba7f1db098cb,F,12.17,0
12.3,12.5818,12.4,0.285,0.0227,13.07,0.77,12.385,12.77,12.3,12.5802,12.428,0.2916,0.0232,13.136,0.836,12.362,12.722,-0.5244,0.1544,-0.4973,0.3,0.09,0.2468,11,8,2,1.0,16.0,17.0,9.049,1,4,0.3636,0.1757,0.1818,0.0333,0.7228,0.675,-0.8,165.0,50.0,0,0,18.3655,2024,2025,2024.5455,1,2020,2020,2005,ef2c6a485b7fbbc0,F,12.3,1
11.1,11.3871,11.36,0.2436,0.0214,11.73,0.63,11.2,11.56,11.08,11.3871,11.365,0.2544,0.0223,11.76,0.68,11.2025,11.55,-0.4952,0.1408,-0.4398,0.26,0.02,0.2602,7,7,2,1.0,16.0,17.0,7.0048,1,4,0.5714,-0.3392,0.0,0.0,0.9399,0.575,-1.15,,,1,1,,2024,2025,2024.4286,1,2020,2020,2005,b20fe5e9044ef6ff,M,11.1,0
12.96,13.5425,13.59,0.5078,0.0375,14.03,1.07,13.2,13.9325,12.9,13.526,13.587,0.5321,0.0393,14.03,1.13,13.1805,13.9325,-0.7191,0.2462,-0.7434,1.07,0.32,0.8333,4,4,2,1.0,16.0,17.0,3.1151,1,4,1.0,0.0,0.25,0.3667,0.5508,0.55,0.0,,,1,1,,2022,2023,2022.75,1,2020,2020,2005,e23484f67077dc64,F,12.96,0
11.79,11.92,11.92,0.1838,0.0154,12.05,0.26,11.855,11.985,11.74,11.895,11.895,0.2192,0.0184,12.05,0.31,11.8175,11.9725,,,,0.26,0.0,0.7362,2,2,1,0.0,18.0,18.0,5.6628,1,2,1.0,0.0,0.0,0.5,0.7071,1.0,0.0,,,1,1,,2023,2023,2023.0,0,2020,2020,2005,a449073a04e51f63,M,11.55,0
12.66,12.82,12.78,0.1818,0.0142,13.06,0.4,12.69,12.91,12.664,12.805,12.763,0.1759,0.0137,13.03,0.366,12.6655,12.9025,-0.2538,0.0721,-0.2538,0.2,0.04,0.1813,4,2,2,1.0,16.0,17.0,3.6253,1,1,0.25,0.22,0.0,0.25,0.3512,0.55,-0.1,169.0,55.0,0,0,19.257,2023,2024,2023.5,1,2020,2020,2005,c8b5be0a4f9350d7,F,12.34,1
11.33,11.48,11.48,0.2121,0.0185,11.63,0.3,11.405,11.555,11.305,11.475,11.475,0.2404,0.021,11.645,0.34,11.39,11.56,,,,0.3,0.0,21.915,2,2,1,0.0,18.0,18.0,146.1,1,1,0.5,-0.3,0.0,0.1,0.5657,0.5,-0.3,,,1,1,,2023,2023,2023.0,0,2020,2020,2005,14cae2ed4d7a14e2,M,10.94,0
11.82,11.8733,11.86,0.0611,0.0051,11.94,0.12,11.84,11.9,11.835,11.8783,11.86,0.0548,0.0046,11.94,0.105,11.8475,11.9,-0.0924,0.0095,-0.0842,0.12,0.0,0.0996,3,3,2,1.0,17.0,18.0,2.4903,0,0,0.0,0.0,0.0,-0.1,0.1732,0.0,-0.3,,,1,1,,2023,2024,2023.6667,1,2020,2020,2005,81c87211c0068029,M,11.64,0
12.64,13.204,13.4,0.3517,0.0266,13.48,0.84,13.08,13.42,12.646,13.2196,13.376,0.3446,0.0261,13.498,0.852,13.158,13.42,-0.1944,0.2173,-0.2648,0.76,0.0,0.4125,5,4,3,2.0,15.0,17.0,2.7136,1,1,0.2,-0.27,0.0,-0.26,0.6348,0.4,-0.5667,,,1,1,,2022,2024,2023.0,2,2020,2020,2005,626cb5b17aab1071,F,12.64,0
12.67,13.1669,13.135,0.2882,0.0219,13.6,0.93,12.9475,13.39,12.556,13.1744,13.18,0.316,0.024,13.69,1.134,12.922,13.423,-0.27,0.1338,-0.291,0.93,0.28,0.2677,16,12,4,3.0,14.0,17.0,4.6052,1,7,0.4375,-0.0868,0.0,-0.125,0.8021,0.5125,-0.7625,,,1,1,,2022,2025,2023.8125,3,2020,2020,2005,fc8d1ddbeca38834,F,12.67,0
11.69,11.8625,11.86,0.1295,0.0109,12.05,0.36,11.775,11.925,11.7,11.8625,11.83,0.1226,0.0103,12.05,0.35,11.785,11.955,-0.1553,0.1056,-0.0579,0.19,0.2,0.1633,8,8,2,1.0,17.0,18.0,6.8753,0,0,0.0,0.0,0.0,0.0,0.8281,1.15,-0.46,,,1,1,,2023,2024,2023.75,1,2020,2020,2005,c471df2b6e6b5d8d,M,11.69,0
13.07,13.3217,13.335,0.1859,0.014,13.53,0.46,13.19,13.4725,13.082,13.3497,13.383,0.1849,0.0138,13.56,0.478,13.2275,13.4815,-0.332,0.0459,-0.3179,0.42,0.0,0.3278,6,5,2,1.0,16.0,18.0,4.6827,1,2,0.3333,0.3025,0.0,-0.4667,0.3445,0.0,-0.56,,,1,1,,2024,2025,2024.5,1,2020,2020,2005,aa0a286b51ddd6c5,F,13.07,0
12.92,13.1267,13.01,0.3105,0.0237,13.75,0.83,12.9825,13.075,12.92,13.1337,13.028,0.2976,0.0227,13.726,0.806,12.9895,13.0995,-0.3533,0.0889,-0.3311,0.83,0.07,0.3579,6,5,2,2.0,15.0,17.0,2.5874,1,2,0.3333,0.1825,0.0,-0.1167,0.4491,0.3,-0.65,,,1,1,,2022,2024,2023.6667,2,2020,2020,2005,9a75b57c728f7e0f,F,12.89,0
13.15,13.175,13.175,0.0354,0.0027,13.2,0.05,13.1625,13.1875,13.108,13.154,13.154,0.0651,0.0049,13.2,0.092,13.131,13.177,,,,0.0,0.05,0.0,2,1,1,0.0,17.0,17.0,2.0,1,1,0.5,0.05,0.0,0.35,0.495,0.7,0.0,,,1,1,,2022,2022,2022.0,0,2020,2020,2005,32ee28bfd216726d,F,13.15,0
12.33,12.9863,12.99,0.3008,0.0232,13.58,1.25,12.83,13.16,12.306,13.0086,12.984,0.3041,0.0234,13.574,1.268,12.877,13.152,-0.211,0.2333,-0.1872,0.93,0.31,0.3036,19,16,4,3.0,14.0,17.0,6.2017,1,7,0.3684,0.0046,0.0,-0.3716,1.205,0.7057,-1.0909,,,1,1,,2022,2025,2024.0526,3,2020,2020,2005,78121accb01fccc7,F,12.33,0
13.21,13.6134,13.48,0.4424,0.0325,14.56,1.35,13.407,13.615,13.222,13.6083,13.482,0.3929,0.0289,14.434,1.212,13.418,13.642,-0.0635,0.4093,-0.0945,0.33,0.17,0.2435,7,5,2,1.0,16.0,18.0,5.1652,1,3,0.4286,-0.3615,0.0,0.0857,1.0961,1.55,-0.625,,,1,1,,2022,2023,2022.8571,1,2020,2020,2005,4b0802a2cdd6f8f8,F,13.21,0
11.24,11.5,11.415,0.3104,0.027,11.93,0.69,11.2925,11.6225,11.24,11.5063,11.425,0.312,0.0271,11.935,0.695,11.2962,11.635,-0.6014,0.0734,-0.6072,0.69,0.07,0.6867,4,3,2,1.0,17.0,18.0,3.9809,1,1,0.25,0.3467,0.0,-0.125,0.1258,0.0,-0.1667,,,1,1,,2023,2024,2023.5,1,2020,2020,2005,3f174a4201e89fe3,M,11.06,0
11.95,12.2333,12.17,0.3197,0.0261,12.58,0.63,12.06,12.375,11.895,12.2217,12.21,0.3327,0.0272,12.56,0.665,12.0525,12.385,-0.4938,0.1322,-0.4658,0.63,0.22,0.5992,3,3,2,1.0,16.0,17.0,2.8535,0,0,0.0,0.0,0.0,0.2333,0.9609,0.75,-0.8,,,1,1,,2022,2023,2022.6667,1,2020,2020,2005,aeb5f1def4afd40d,M,11.86,0
13.0,13.18,13.19,0.1691,0.0128,13.43,0.43,13.05,13.23,13.0,13.1956,13.19,0.181,0.0137,13.466,0.466,13.068,13.254,0.0206,0.1508,0.0299,0.19,0.43,0.1402,5,3,2,1.0,15.0,16.0,3.6894,1,2,0.4,0.1417,0.0,-0.26,0.2608,0.0,-0.4333,,,1,1,,2022,2023,2022.6,1,2020,2020,2005,500389e30b6f9c4e,F,13.0,0
12.59,12.6933,12.7,0.1002,0.0079,12.79,0.2,12.645,12.745,12.59,12.7083,12.71,0.1175,0.0092,12.825,0.235,12.65,12.7675,0.9677,0.0325,1.1118,0.0,0.2,0.0,3,3,1,0.0,17.0,17.0,17.6734,0,0,0.0,0.0,0.0,-0.3,0.3606,0.0,-0.45,,,1,1,,2024,2024,2024.0,0,2020,2020,2005,c5c18a881381b30d,M,12.15,0
10.89,11.1518,11.15,0.2069,0.0186,11.47,0.58,10.965,11.29,10.905,11.1586,11.15,0.1958,0.0175,11.507,0.602,10.9825,11.2715,-0.3109,0.1141,-0.2885,0.54,0.0,0.383,11,8,2,1.0,17.0,18.0,7.8015,1,4,0.3636,0.0539,0.0,-0.1364,0.564,0.485,-0.4914,,,1,1,,2022,2023,2022.6364,1,2020,2020,2005,77225242ced32cdc,M,10.89,0
13.36,13.5827,13.54,0.2301,0.0169,14.04,0.68,13.43,13.61,13.354,13.5685,13.498,0.2503,0.0184,14.076,0.722,13.427,13.562,-0.3744,0.1654,-0.3925,0.27,0.23,0.2231,11,10,2,1.0,16.0,17.0,9.0899,1,2,0.1818,0.1867,0.0,0.2364,0.9352,0.9,-0.7,,,1,1,,2023,2024,2023.7273,1,2020,2020,2005,220be28e4b74e410,F,13.36,0
11.51,11.77,11.765,0.2249,0.0191,12.04,0.53,11.645,11.89,11.51,11.7838,11.79,0.2223,0.0189,12.045,0.535,11.6825,11.8912,-0.2722,0.1258,-0.2473,0.33,0.18,0.2575,4,4,2,1.0,17.0,18.0,3.1218,0,0,0.0,0.0,0.0,-0.275,0.4856,0.0,-0.55,,,1,1,,2024,2025,2024.5,1,2020,2020,2005,159fca3b6bd696c3,M,11.51,0
11.81,12.01,11.885,0.3519,0.0293,12.72,0.91,11.8275,11.935,11.815,12.0217,11.91,0.3412,0.0284,12.71,0.895,11.8488,11.945,-0.7607,0.1131,-0.7559,0.91,0.07,0.6811,6,6,2,1.0,16.0,18.0,4.4908,0,0,0.0,0.0,0.0,-0.2333,0.4412,0.2,-0.5333,,,1,1,,2023,2024,2023.8333,1,2020,2020,2005,e3b0ff51e3912ef3,M,11.81,0
13.15,13.38,13.41,0.1978,0.0148,13.55,0.4,13.2475,13.5425,13.15,13.3935,13.419,0.2034,0.0152,13.586,0.436,13.2655,13.547,-0.3499,0.093,-0.3381,0.39,0.13,0.369,4,4,2,1.0,16.0,17.0,3.785,1,2,0.5,0.33,0.0,-0.225,0.3304,0.1,-0.5,,,1,1,,2023,2024,2023.5,1,2020,2020,2005,567e3d34b7bdaa5c,F,12.54,0
12.79,13.1985,13.21,0.4793,0.0363,14.542,1.752,12.83,13.31,12.802,13.2265,13.207,0.4803,0.0363,14.584,1.782,12.878,13.3395,-0.2739,0.3496,-0.2629,0.5,0.04,0.2255,12,9,3,2.0,16.0,18.0,5.4111,1,3,0.25,0.3603,0.0,-0.4667,0.3701,0.1,-0.6333,,,1,1,,2023,2025,2024.1667,2,2020,2020,2005,576af8197d5ef20a,F,12.73,0
12.77,13.4,13.51,0.4934,0.0368,13.96,1.19,12.99,13.7525,12.782,13.422,13.534,0.5065,0.0377,13.996,1.214,12.996,13.7855,-0.3914,0.2658,-0.4095,0.84,0.0,0.2701,6,6,4,3.0,15.0,18.0,1.9291,1,2,0.3333,0.885,0.1667,-0.44,0.1673,0.0,-0.44,,,1,1,,2022,2025,2023.6667,3,2020,2020,2005,c876bf3532d7fab2,F,12.77,0
11.78,12.4517,12.395,0.5548,0.0446,13.2,1.42,12.06,12.8425,11.755,12.467,12.4525,0.5914,0.0474,13.232,1.477,12.035,12.8738,-0.3579,0.1353,-0.3806,1.42,0.26,0.4258,6,6,3,3.0,14.0,17.0,1.7993,0,0,0.0,0.0,0.0,-0.3067,1.4523,0.475,-1.87,,,1,1,,2022,2025,2023.6667,3,2020,2020,2005,c1bfa3afc57f1489,M,11.78,0
11.39,11.63,11.68,0.1657,0.0143,11.77,0.38,11.6,11.71,11.43,11.6412,11.68,0.1492,0.0128,11.775,0.345,11.5987,11.7225,-0.193,0.0909,-0.1631,0.38,0.0,0.2844,4,4,2,1.0,15.0,17.0,2.9939,0,0,0.0,0.0,0.0,-0.225,0.4573,0.3,-0.4,,,1,1,,2023,2024,2023.5,1,2020,2020,2005,760c7cec8025a170,M,11.39,0
12.65,13.0434,13.07,0.2247,0.0172,13.37,0.72,12.9025,13.205,12.608,13.0637,13.13,0.2357,0.018,13.37,0.762,12.9325,13.2242,-0.1632,0.1825,-0.1781,0.26,0.1,0.1121,16,10,3,2.0,15.0,17.0,6.8996,1,6,0.375,0.0272,0.0,-0.3375,0.55,0.4333,-0.67,,,1,1,,2022,2024,2022.9375,2,2020,2020,2005,bca8cc8c36e816e4,F,12.65,0
11.99,12.03,12.02,0.0458,0.0038,12.08,0.09,12.005,12.05,11.985,12.0283,12.02,0.048,0.004,12.08,0.095,12.0025,12.05,-0.0221,0.0355,-0.0204,0.09,0.03,0.0745,3,3,2,1.0,16.0,16.0,2.4847,0,0,0.0,0.0,0.3333,0.05,0.0707,0.1,0.0,,,1,1,,2024,2025,2024.3333,1,2020,2020,2005,70d4450a072402f8,M,11.99,0
12.81,13.624,13.55,0.6542,0.048,14.64,1.83,13.52,13.6,12.828,13.6485,13.586,0.6613,0.0485,14.6784,1.8504,13.556,13.594,-0.5406,0.3604,-0.5543,0.79,0.0,0.3407,5,5,3,2.0,15.0,18.0,2.1561,1,2,0.4,-0.1683,0.0,-0.408,0.3152,0.1,-0.535,,,1,1,,2022,2024,2022.8,2,2020,2020,2005,a2e8c03974432491,F,12.81,0
11.9,12.11,11.97,0.3051,0.0252,12.46,0.56,11.935,12.215,11.94,12.1683,12.03,0.3207,0.0264,12.535,0.595,11.985,12.2825,-0.4695,0.0933,-0.4882,0.56,0.07,0.4801,3,3,2,1.0,15.0,16.0,2.5722,0,0,0.0,0.0,0.0,-1.1667,0.3512,0.0,-1.1667,,,1,1,,2023,2024,2023.6667,1,2020,2020,2005,35a9982168875975,M,11.9,0
12.77,13.013,13.035,0.1255,0.0096,13.21,0.44,12.9375,13.0925,12.77,13.0256,13.047,0.1363,0.0105,13.246,0.476,12.945,13.1045,-0.0346,0.1156,-0.0387,0.16,0.14,0.0798,10,6,3,2.0,15.0,17.0,4.9898,1,5,0.5,0.006,0.0,-0.21,0.2923,0.2,-0.46,,,1,1,,2022,2024,2023.2,2,2020,2020,2005,684454dc226a182d,F,12.77,0
12.93,13.3509,13.32,0.296,0.0222,13.8,0.87,13.165,13.56,12.882,13.3509,13.35,0.3089,0.0231,13.842,0.96,13.147,13.539,-0.3067,0.1753,-0.3234,0.73,0.53,0.2936,11,8,3,2.0,15.0,17.0,4.4248,1,4,0.3636,-0.1125,0.1818,-0.0,0.5745,0.44,-0.55,,,1,1,,2023,2025,2024.1818,2,2020,2020,2005,12aa802944968f7d,F,12.93,0
11.77,12.1325,12.18,0.3139,0.0259,12.4,0.63,11.92,12.3925,11.765,12.1275,12.1725,0.3185,0.0263,12.4,0.635,11.9075,12.3925,-0.8519,0.0414,-0.8664,0.62,0.0,0.9168,4,3,2,1.0,16.0,16.0,5.915,1,1,0.25,-0.3433,0.5,0.2,0.1414,0.2,0.0,,,1,1,,2022,2023,2022.5,1,2020,2020,2005,36db50aa1a3796b6,M,11.77,0
11.5,11.74,11.685,0.1971,0.0168,12.03,0.53,11.5975,11.8975,11.455,11.7325,11.715,0.195,0.0166,12.045,0.59,11.6075,11.855,-0.2853,0.0979,-0.2655,0.37,0.0,0.2108,8,8,3,2.0,16.0,18.0,4.5585,0,0,0.0,0.0,0.0,0.15,0.7964,0.75,-0.6,,,1,1,,2023,2025,2023.75,2,2020,2020,2005,432cedd30bdeb29e,M,11.5,0
11.92,11.97,11.96,0.0557,0.0047,12.03,0.11,11.94,11.995,11.9,11.9817,12.0,0.0742,0.0062,12.045,0.145,11.95,12.0225,-0.1786,0.0372,-0.3449,0.04,0.0,0.115,3,3,1,0.0,18.0,18.0,8.628,0,0,0.0,0.0,0.0,-0.2333,0.6028,0.4,-0.55,,,1,1,,2023,2023,2023.0,0,2020,2020,2005,963a0257a76168af,M,11.82,0
12.17,12.5225,12.53,0.1532,0.0122,12.8,0.63,12.445,12.63,12.146,12.533,12.52,0.1829,0.0146,12.794,0.648,12.412,12.69,-0.0644,0.1414,-0.0753,0.55,0.46,0.2369,20,15,3,2.0,15.0,16.0,8.6144,1,10,0.5,0.015,0.0,-0.175,1.031,0.52,-0.87,,,1,1,,2023,2025,2024.3,2,2020,2020,2005,49949fdd876d2e37,F,12.17,0
11.09,11.604,11.505,0.4166,0.0359,12.64,1.55,11.38,11.7125,11.07,11.617,11.51,0.4277,0.0368,12.655,1.585,11.3912,11.745,-0.3229,0.2197,-0.3523,1.55,0.45,0.4465,10,9,4,3.0,14.0,17.0,2.8805,1,1,0.1,-0.14,0.0,-0.26,0.5854,0.4,-0.6333,,,1,1,,2022,2025,2023.8,3,2020,2020,2005,f51a010eb82b0b6c,M,11.09,0
11.4,11.5229,11.52,0.1089,0.0094,11.71,0.31,11.44,11.575,11.385,11.5221,11.545,0.1094,0.0095,11.685,0.3,11.4375,11.5825,0.0377,0.1034,0.0332,0.31,0.18,0.2112,7,7,2,1.0,17.0,17.0,4.7701,0,0,0.0,0.0,0.0,0.0143,0.4981,0.35,-0.65,,,1,1,,2022,2023,2022.5714,1,2020,2020,2005,8019b18c8d88775f,M,11.28,0
12.77,13.0975,12.995,0.3039,0.0232,13.67,0.9,12.9175,13.215,12.746,13.1072,13.026,0.3396,0.0259,13.778,1.032,12.9205,13.155,-0.2922,0.1109,-0.3221,0.64,0.17,0.2757,8,5,2,2.0,15.0,17.0,3.4458,1,3,0.375,-0.004,0.25,-0.2167,1.1957,0.7333,-1.1667,,,1,1,,2023,2025,2024.5,2,2020,2020,2005,06db950f6d8d0486,F,12.77,0
13.19,13.4138,13.305,0.2732,0.0204,13.99,0.8,13.2525,13.4475,13.22,13.4168,13.314,0.255,0.019,13.954,0.734,13.263,13.434,-0.014,0.2596,-0.0147,0.46,0.8,0.1324,8,7,4,3.0,13.0,15.0,2.3026,1,2,0.25,0.1983,0.0,-0.05,0.4928,0.35,-0.6,,,1,1,,2022,2025,2023.625,3,2020,2020,2005,d4067d9821358737,F,13.19,0
10.83,11.3473,11.31,0.4116,0.0363,12.45,1.62,11.265,11.35,10.805,11.3477,11.305,0.4118,0.0363,12.43,1.625,11.225,11.3725,-0.5158,0.2007,-0.5183,1.62,0.1,0.6994,11,7,3,2.0,16.0,18.0,4.7491,1,4,0.3636,0.2079,0.0,-0.0091,0.7595,0.66,-0.68,,,1,1,,2022,2024,2023.2727,2,2020,2020,2005,d185e073c4ff281f,M,10.83,0
11.79,11.8667,11.88,0.0709,0.006,11.93,0.14,11.835,11.905,11.778,11.8777,11.9,0.0906,0.0076,11.955,0.177,11.839,11.9275,0.1799,0.048,0.2118,0.09,0.14,0.2094,3,3,1,0.0,17.0,17.0,6.9793,0,0,0.0,0.0,0.0,-0.22,0.4015,0.24,-0.45,,,1,1,,2022,2022,2022.0,0,2020,2020,2005,0753de0d84f7ab3c,M,11.64,0
11.28,11.344,11.35,0.0586,0.0052,11.43,0.15,11.3,11.36,11.28,11.345,11.315,0.0671,0.0059,11.45,0.17,11.31,11.37,0.0681,0.0477,0.0645,0.02,0.15,0.015,5,5,2,1.0,17.0,18.0,3.7423,0,0,0.0,0.0,0.0,-0.02,0.4817,0.8,-0.3,,,1,1,,2023,2024,2023.4,1,2020,2020,2005,5ef2a0118c962b4a,M,10.99,0
11.96,12.259,12.215,0.247,0.0202,12.85,0.89,12.0575,12.3975,11.93,12.2581,12.194,0.2517,0.0205,12.808,0.878,12.0525,12.441,-0.3244,0.1387,-0.3088,0.89,0.46,0.3931,20,15,3,2.0,15.0,17.0,8.8331,1,9,0.45,0.0622,0.05,0.0158,1.0879,0.5917,-1.1333,,,1,1,,2023,2025,2024.55,2,2020,2020,2005,31a449e2120f5e41,F,11.96,0
11.0,11.3059,11.31,0.2163,0.0191,11.78,0.78,11.13,11.45,11.0,11.3047,11.29,0.2138,0.0189,11.795,0.795,11.14,11.455,-0.1566,0.1212,-0.1594,0.78,0.0,0.2439,17,11,4,3.0,15.0,18.0,5.3161,1,4,0.2353,-0.0564,0.0,0.0235,0.633,0.7,-0.4222,,,1,1,,2022,2025,2023.4706,3,2020,2020,2005,e051e8cf0440e82d,M,11.0,0
11.24,11.345,11.345,0.1485,0.0131,11.45,0.21,11.2925,11.3975,11.305,11.405,11.405,0.1414,0.0124,11.505,0.2,11.355,11.455,,,,0.21,0.0,0.2167,2,2,2,1.0,16.0,17.0,2.0636,0,0,0.0,0.0,0.0,-1.2,0.1414,0.0,-1.2,,,1,1,,2024,2025,2024.5,1,2020,2020,2005,c6d5a321e1ab6dd0,M,11.24,0
13.11,13.9033,13.44,1.1007,0.0792,15.16,2.05,13.275,14.3,13.044,13.9013,13.5,1.1136,0.0801,15.16,2.116,13.272,14.33,-0.8529,0.7309,-0.9287,0.33,0.0,0.2465,3,3,2,1.0,16.0,17.0,2.2408,0,0,0.0,0.0,0.0,0.0333,1.0504,1.1,-1.0,,,1,1,,2024,2025,2024.3333,1,2020,2020,2005,c48dc06e5e9be010,F,13.11,0
11.25,11.616,11.56,0.3692,0.0318,12.23,0.98,11.44,11.6,11.184,11.6718,11.695,0.4031,0.0345,12.28,1.096,11.475,11.725,0.1985,0.2896,0.3125,0.19,0.98,0.1302,5,5,2,1.0,16.0,17.0,3.4264,0,0,0.0,0.0,0.0,-1.116,1.6237,1.32,-1.725,,,1,1,,2024,2025,2024.6,1,2020,2020,2005,f6394d0ca240393b,M,11.25,0
10.97,11.3818,11.34,0.3402,0.0299,11.9,0.93,11.095,11.7,10.94,11.3995,11.36,0.3606,0.0316,11.93,0.99,11.125,11.7275,-0.305,0.1741,-0.3105,0.93,0.39,0.3598,11,8,3,3.0,15.0,17.0,4.2561,1,3,0.2727,0.0829,0.0,-0.3545,1.0044,1.4,-0.7444,,,1,1,,2023,2025,2024.3636,2,2020,2020,2005,6b33207878263673,M,10.97,0
11.2,11.2475,11.255,0.034,0.003,11.28,0.08,11.2375,11.265,11.21,11.2712,11.2625,0.0581,0.0052,11.35,0.14,11.2475,11.2863,-0.0035,0.0296,0.0842,0.08,0.05,0.0655,4,4,2,1.0,15.0,15.0,3.2758,1,1,0.25,-0.0167,0.0,-0.475,1.05,0.4,-0.7667,,,1,1,,2023,2024,2023.25,1,2020,2020,2005,3cd64fe99ec1bfba,M,11.2,0
13.1,13.64,13.71,0.5086,0.0373,14.11,1.01,13.405,13.91,13.01,13.602,13.686,0.5548,0.0408,14.11,1.1,13.348,13.898,-0.8965,0.1307,-0.9817,1.01,0.0,1.0362,3,3,2,1.0,16.0,17.0,3.0779,0,0,0.0,0.0,0.0,0.6333,0.7767,0.95,0.0,168.0,60.0,0,0,21.2585,2024,2025,2024.3333,1,2020,2020,2005,b05bfb31cdddc5fc,F,13.1,1
12.53,12.7133,12.665,0.2106,0.0166,13.31,0.78,12.6025,12.755,12.404,12.7133,12.644,0.2918,0.023,13.568,1.164,12.5875,12.771,0.0436,0.2006,0.053,0.02,0.24,0.0148,12,9,2,1.0,16.0,17.0,8.8545,1,4,0.3333,0.14,0.0833,0.0,1.6118,0.7714,-1.8,,,1,1,,2024,2025,2024.8333,1,2020,2020,2005,96b194571fed27d8,F,12.53,0
12.98,13.0375,13.045,0.0465,0.0036,13.08,0.1,13.01,13.0725,12.986,13.0345,13.036,0.0406,0.0031,13.08,0.094,13.0115,13.059,-1.0958,0.0146,-0.0438,0.09,0.04,1.3149,4,2,1,0.0,17.0,17.0,58.44,1,2,0.5,0.025,0.0,0.05,0.8347,0.65,-0.55,163.0,50.0,0,0,18.8189,2024,2024,2024.0,0,2020,2020,2005,7ff851761c3bffa4,F,12.98,1
13.08,13.366,13.37,0.1804,0.0135,13.53,0.45,13.34,13.51,13.086,13.3792,13.37,0.1899,0.0142,13.566,0.48,13.346,13.528,0.0674,0.1589,0.0514,0.0,0.29,0.0,5,4,2,1.0,15.0,15.0,4.9093,1,2,0.4,0.1017,0.0,-0.22,0.2387,0.0,-0.275,,,1,1,,2023,2024,2023.4,1,2020,2020,2005,b94ec6fc6a76c976,F,13.08,0
12.71,12.91,12.86,0.1896,0.0147,13.2,0.49,12.795,13.005,12.674,12.9083,12.842,0.2348,0.0182,13.26,0.586,12.744,13.047,-0.4063,0.0452,-0.5027,0.44,0.15,0.4452,7,4,2,1.0,15.0,16.0,7.0824,0,0,0.0,0.0,0.0,0.0286,1.408,3.1,-0.58,,,1,1,,2023,2024,2023.7143,1,2020,2020,2005,def2e8dfb8c42b84,F,12.71,0
10.65,10.9993,10.97,0.1635,0.0149,11.22,0.57,10.925,11.13,10.47,10.9846,10.985,0.2109,0.0192,11.23,0.76,10.9325,11.1225,-0.1182,0.1433,-0.146,0.45,0.51,0.2221,15,8,3,2.0,15.0,16.0,7.4037,1,6,0.4,0.0307,0.0,0.294,1.4161,1.435,-0.6,183.0,56.0,0,0,16.7219,2023,2025,2023.9333,2,2020,2020,2005,2ec399c6ea9ea653,M,10.65,1
12.24,12.86,12.35,1.1808,0.0918,14.97,2.73,12.35,12.39,12.24,12.8696,12.368,1.1792,0.0916,14.976,2.736,12.35,12.414,-1.6353,1.03,-1.8998,0.11,0.11,1.3854,5,2,1,0.0,16.0,16.0,62.9741,1,2,0.4,-1.235,0.0,-0.16,0.1817,0.0,-0.2667,,,1,1,,2024,2024,2024.0,0,2020,2020,2005,0bdc2454851aad51,F,12.24,0
12.02,12.237,12.24,0.1579,0.0129,12.6,0.58,12.18,12.2775,11.984,12.234,12.216,0.1701,0.0139,12.594,0.61,12.1475,12.31,0.0644,0.1414,0.0974,0.04,0.28,0.0317,10,6,2,1.0,16.0,17.0,7.923,1,3,0.3,0.065,0.0,0.05,0.8086,0.62,-0.8667,,,1,1,,2024,2025,2024.5,1,2020,2020,2005,cdd7d52e1bef8e8d,F,12.02,0
12.01,12.4192,12.49,0.1909,0.0154,12.68,0.67,12.33,12.53,11.824,12.4077,12.5,0.2595,0.0209,12.66,0.836,12.36,12.574,-0.1402,0.1284,-0.1921,0.51,0.38,0.2323,13,6,3,2.0,15.0,17.0,5.9205,1,5,0.3846,0.014,0.0,0.1923,1.439,1.6,-0.9167,,,1,1,,2023,2025,2024.1538,2,2020,2020,2005,4e7ca383308279fc,F,12.01,0
13.06,13.22,13.18,0.1833,0.0139,13.42,0.36,13.12,13.3,12.934,13.258,13.27,0.3182,0.024,13.57,0.636,13.102,13.42,-0.2445,0.1005,-0.4988,0.12,0.0,0.1231,3,3,2,1.0,16.0,17.0,3.0779,0,0,0.0,0.0,0.0,-0.6333,2.4194,2.1,-2.0,,,1,1,,2024,2025,2024.3333,1,2020,2020,2005,1e8874a6b5bd0f7f,F,13.06,0
12.45,12.9512,12.65,0.6277,0.0485,14.06,1.61,12.605,13.025,12.426,12.97,12.642,0.665,0.0513,14.15,1.724,12.6085,13.0715,-0.6721,0.1677,-0.7002,1.4,0.0,0.4965,8,7,3,3.0,14.0,17.0,2.8369,1,3,0.375,0.4607,0.0,-0.3125,0.7376,0.325,-0.95,,,1,1,,2022,2025,2023.625,3,2020,2020,2005,55fb45300dac7f8c,F,12.45,0
13.17,13.3633,13.38,0.1856,0.0139,13.54,0.37,13.275,13.46,13.254,13.3893,13.404,0.1286,0.0096,13.51,0.256,13.329,13.457,0.0885,0.0869,0.0605,0.21,0.37,0.0702,3,3,2,3.0,15.0,15.0,1.0034,1,1,0.3333,-0.265,0.0,-0.4333,0.9504,0.5,-0.9,,,1,1,,2022,2025,2023.0,3,2020,2020,2005,50a091e00e16acf9,F,13.17,0
11.04,11.55,11.55,0.5553,0.0481,12.06,1.02,11.085,12.015,11.04,11.565,11.5725,0.5481,0.0474,12.075,1.035,11.1187,12.0188,-0.5259,0.026,-0.5178,1.02,0.06,0.5536,4,3,2,2.0,14.0,16.0,2.1709,1,1,0.25,0.68,0.0,-0.3,0.4243,0.0,-0.6,,,1,1,,2022,2024,2023.0,2,2020,2020,2005,40f0422a972a62fb,M,11.04,0
12.69,12.7767,12.735,0.0999,0.0078,12.95,0.26,12.7125,12.8175,12.6,12.7767,12.763,0.119,0.0093,12.944,0.344,12.7295,12.8445,0.0844,0.0656,0.0801,0.02,0.26,0.0084,6,6,3,2.0,15.0,16.0,2.5103,1,3,0.5,0.14,0.0,0.0,0.7797,0.8,-0.4,,,1,1,,2023,2025,2024.3333,2,2020,2020,2005,12a061916e7e612a,F,12.69,0
13.32,13.4133,13.44,0.0833,0.0062,13.48,0.16,13.38,13.46,13.272,13.3673,13.39,0.0863,0.0065,13.44,0.168,13.331,13.415,-0.0567,0.0674,-0.2737,0.12,0.16,0.3295,3,3,1,0.0,17.0,18.0,8.2387,1,2,0.6667,0.04,0.0,0.7667,0.7506,1.15,0.0,,,1,1,,2023,2023,2023.0,0,2020,2020,2005,1af1b97df07a41ef,F,12.96,0
11.85,11.885,11.885,0.0495,0.0042,11.92,0.07,11.8675,11.9025,11.785,11.86,11.86,0.1061,0.0089,11.935,0.15,11.8225,11.8975,,,,0.0,0.07,0.0,2,2,1,0.0,17.0,17.0,34.7857,1,2,1.0,0.0,0.0,0.5,1.1314,1.3,-0.3,180.0,71.0,0,0,21.9136,2023,2023,2023.0,0,2020,2020,2005,cc532e80630df371,M,11.85,1
11.03,11.2929,11.17,0.2894,0.0256,11.8,0.77,11.11,11.415,11.055,11.305,11.17,0.2848,0.0252,11.785,0.73,11.1075,11.455,-0.2555,0.1624,-0.2457,0.77,0.21,0.3468,7,6,3,2.0,15.0,16.0,3.1526,1,4,0.5714,-0.3142,0.0,-0.2429,0.5127,0.25,-0.55,,,1,1,,2023,2025,2024.1429,2,2020,2020,2005,30e556207ac2ca6a,M,11.03,0
11.54,11.6933,11.74,0.1361,0.0116,11.8,0.26,11.64,11.77,11.5,11.6833,11.75,0.1607,0.0138,11.8,0.3,11.625,11.775,0.1366,0.1075,0.2011,0.26,0.2,0.5755,3,3,2,0.0,17.0,17.0,6.6409,0,0,0.0,0.0,0.3333,0.3,0.7071,0.8,-0.2,,,1,1,,2022,2023,2022.3333,1,2020,2020,2005,592f505312c3e34d,M,11.05,0
12.37,12.7586,12.62,0.4167,0.0327,13.44,1.07,12.49,12.95,12.298,12.7569,12.614,0.4506,0.0353,13.506,1.208,12.496,12.944,-0.8927,0.1653,-0.9702,0.88,0.28,0.8806,7,6,2,1.0,16.0,17.0,7.0048,1,5,0.7143,-0.369,0.0,0.0286,0.8077,0.6,-0.7333,,,1,1,,2023,2024,2023.7143,1,2020,2020,2005,4c42963de2e0589e,F,12.37,0
13.01,13.474,13.51,0.3103,0.023,13.77,0.76,13.35,13.73,13.046,13.4752,13.552,0.3086,0.0229,13.77,0.724,13.278,13.73,-0.2304,0.2663,-0.1793,0.72,0.5,0.7346,5,5,2,1.0,16.0,16.0,5.1013,1,4,0.8,0.32,0.0,-0.02,0.7563,1.2,-0.65,,,1,1,,2023,2024,2023.2,1,2020,2020,2005,e9e14582450752a3,F,13.01,0
13.2,13.4767,13.53,0.2542,0.0189,13.7,0.5,13.365,13.615,13.134,13.4407,13.53,0.2732,0.0203,13.658,0.524,13.332,13.594,-0.4466,0.1087,-0.508,0.33,0.0,0.3577,3,3,2,1.0,17.0,18.0,3.2515,1,2,0.6667,0.08,0.0,0.6,0.5568,0.9,0.0,,,1,1,,2023,2024,2023.3333,1,2020,2020,2005,9db9655d84dd072e,F,13.11,0
11.85,11.965,11.93,0.1353,0.0113,12.15,0.3,11.8725,12.0225,11.865,11.975,11.9325,0.1447,0.0121,12.17,0.305,11.865,12.0425,-0.2771,0.0798,-0.322,0.3,0.03,0.3546,4,4,2,1.0,17.0,17.0,4.7282,1,3,0.75,-0.1533,0.0,-0.2,0.3367,0.3,-0.3667,,,1,1,,2023,2024,2023.25,1,2020,2020,2005,5b989b0123720d45,M,11.64,0
10.73,11.346,10.965,1.0897,0.096,14.39,3.66,10.905,11.1475,10.77,11.328,10.9225,1.0866,0.0959,14.355,3.585,10.8675,11.1138,-0.1255,1.076,-0.0868,0.46,3.66,0.2143,10,6,3,2.0,15.0,17.0,4.6588,1,4,0.4,0.0365,0.0,0.36,0.7662,0.9,-0.9,,,1,1,,2023,2025,2023.8,2,2020,2020,2005,f76b672ad2d433ff,M,10.73,0
12.54,12.79,12.795,0.1678,0.0131,13.0,0.46,12.7,12.905,12.528,12.797,12.801,0.1831,0.0143,13.012,0.484,12.694,12.9365,-0.054,0.147,-0.051,0.14,0.22,0.0715,6,5,3,2.0,15.0,17.0,3.065,1,3,0.5,-0.0467,0.0,-0.1167,0.3371,0.2,-0.3667,,,1,1,,2023,2025,2024.0,2,2020,2020,2005,fd8cbf9e08b4c53a,F,12.54,0
11.38,11.992,12.13,0.4973,0.0415,12.67,1.29,11.65,12.13,11.38,11.992,12.04,0.4919,0.041,12.67,1.29,11.685,12.185,-0.7345,0.181,-0.7003,1.29,0.27,0.9367,5,5,2,1.0,16.0,17.0,3.6307,0,0,0.0,0.0,0.0,0.0,1.1113,1.8,-0.9,,,1,1,,2023,2024,2023.4,1,2020,2020,2005,6ddef74e67d2de46,M,11.38,0
12.74,13.0657,13.04,0.2444,0.0187,13.8,1.06,12.9425,13.1125,12.698,13.0657,13.033,0.2954,0.0226,13.98,1.282,12.9275,13.1195,-0.0373,0.2351,-0.0508,0.27,0.15,0.0868,14,9,4,3.0,14.0,14.0,4.5013,1,5,0.3571,0.1333,0.0,0.0,1.0806,0.5778,-1.3,,,1,1,,2022,2025,2022.8571,3,2020,2020,2005,82c5c25f7634567d,F,12.74,0
12.71,13.1675,12.94,0.8749,0.0664,15.93,3.22,12.88,13.005,12.74,13.165,12.979,0.8747,0.0664,15.924,3.184,12.825,13.0085,-0.0367,0.8495,-0.027,0.18,3.22,0.0916,12,8,3,2.0,15.0,17.0,6.1045,1,4,0.3333,-0.7912,0.0,0.0417,0.8586,0.65,-0.68,,,1,1,,2022,2024,2022.75,2,2020,2020,2005,8001b7b5ce881656,F,12.71,0
12.53,12.749,12.715,0.1734,0.0136,13.07,0.54,12.6475,12.7825,12.416,12.74,12.733,0.1915,0.015,13.07,0.654,12.6265,12.8185,-0.3003,0.112,-0.2249,0.49,0.17,0.4231,10,5,2,1.0,16.0,17.0,8.6348,1,4,0.4,-0.052,0.0,0.15,1.1626,0.8667,-1.2333,,,1,1,,2022,2023,2022.6,1,2020,2020,2005,f60ee0154cda1158,F,12.53,0
13.14,13.323,13.35,0.1431,0.0107,13.57,0.43,13.205,13.395,13.096,13.3026,13.311,0.1689,0.0127,13.542,0.446,13.163,13.4105,0.0105,0.1355,-0.0123,0.33,0.24,0.1588,10,7,3,2.0,14.0,14.0,4.8123,1,4,0.4,0.0967,0.0,0.34,0.7199,0.6625,-0.95,,,1,1,,2022,2024,2022.6,2,2020,2020,2005,bb70591970260907,F,13.14,0
12.87,13.0471,13.11,0.1278,0.0098,13.18,0.31,12.945,13.14,12.876,13.0634,13.072,0.1432,0.011,13.232,0.356,12.951,13.181,-0.1974,0.0907,-0.1622,0.25,0.13,0.2631,7,7,2,1.0,16.0,17.0,7.3682,1,2,0.2857,-0.046,0.0,-0.2714,0.6264,0.8,-0.54,163.0,51.0,0,0,19.1953,2024,2025,2024.7143,1,2020,2020,2005,80aa700053901222,F,12.87,1
12.03,12.346,12.36,0.2585,0.0209,12.69,0.66,12.17,12.48,12.03,12.3508,12.39,0.2598,0.021,12.696,0.666,12.17,12.468,-0.4317,0.1626,-0.458,0.33,0.14,0.4031,5,3,2,1.0,16.0,17.0,6.1079,1,3,0.6,0.14,0.0,-0.08,0.2588,0.2,-0.3,167.0,48.0,0,0,17.2111,2021,2022,2021.6,1,2020,2020,2005,2a14d8f4c79ca007,F,12.03,1
13.55,13.7867,13.805,0.1314,0.0095,13.92,0.37,13.7625,13.87,13.526,13.7857,13.826,0.16,0.0116,13.956,0.43,13.7055,13.8925,-0.03,0.1173,-0.0334,0.21,0.29,0.178,6,5,2,1.0,15.0,16.0,5.0847,1,2,0.3333,-0.0875,0.0,0.0167,0.7305,0.85,-0.4,,,1,1,,2023,2024,2023.3333,1,2020,2020,2005,a3904f97bff40aaf,F,13.55,0
12.78,13.1938,13.18,0.3294,0.025,13.77,0.99,12.945,13.38,12.756,13.2132,13.183,0.3959,0.03,13.992,1.236,12.9555,13.3365,-0.0025,0.308,-0.0078,0.48,0.58,0.1961,8,8,3,2.0,15.0,16.0,3.2685,1,1,0.125,-0.0757,0.0,-0.325,1.5434,0.75,-1.4,,,1,1,,2023,2025,2024.0,2,2020,2020,2005,e51f7d0199eb6f22,F,12.78,0
10.87,11.1529,11.23,0.1666,0.0149,11.38,0.51,11.055,11.2575,10.87,11.1582,11.2075,0.1596,0.0143,11.415,0.545,11.0662,11.255,-0.2312,0.1103,-0.1876,0.37,0.18,0.2475,14,8,2,1.0,15.0,17.0,9.3654,1,5,0.3571,0.184,0.3571,-0.1667,0.7348,0.525,-0.72,,,1,1,,2024,2025,2024.4286,1,2020,2020,2005,46c830f2e41d9ce6,M,10.87,0
12.4,12.8967,12.83,0.4461,0.0346,13.55,1.15,12.5725,13.17,12.358,12.8707,12.752,0.4698,0.0365,13.622,1.264,12.568,13.113,-0.8085,0.113,-0.7698,0.88,0.09,0.7406,6,5,2,1.0,15.0,16.0,5.0495,0,0,0.0,0.0,0.0,0.4333,1.0893,1.075,-0.85,165.0,52.0,0,0,19.1001,2024,2025,2024.6667,1,2020,2020,2005,b0d1392e6242ac77,F,12.4,1
10.87,11.1207,11.14,0.1669,0.015,11.38,0.51,10.985,11.27,10.89,11.1313,11.07,0.1688,0.0152,11.39,0.5,10.9925,11.28,-0.2042,0.0788,-0.1851,0.34,0.02,0.1722,15,10,3,2.0,16.0,18.0,7.5988,1,5,0.3333,-0.0643,0.0,-0.2133,1.0783,0.6,-0.9714,,,1,1,,2023,2025,2023.8667,2,2020,2020,2005,6759ed998e74ee24,M,10.87,0
11.5,11.7,11.64,0.2358,0.0202,11.96,0.46,11.57,11.8,11.475,11.67,11.555,0.2714,0.0233,11.98,0.505,11.515,11.7675,-0.3786,0.1397,-0.501,0.46,0.14,0.5368,3,3,2,1.0,15.0,16.0,3.5008,0,0,0.0,0.0,0.0,0.6,1.0536,1.1,-0.4,,,1,1,,2023,2024,2023.6667,1,2020,2020,2005,cb4c747517d28b63,M,11.5,0
13.0,13.25,13.29,0.1807,0.0136,13.47,0.47,13.15,13.34,13.09,13.2752,13.232,0.2135,0.0161,13.632,0.542,13.138,13.284,-0.0533,0.1563,-0.0177,0.15,0.0,0.0688,5,4,3,2.0,15.0,17.0,2.2943,1,4,0.8,0.1125,0.0,-0.42,1.7283,0.7,-2.1,,,1,1,,2023,2025,2023.8,2,2020,2020,2005,6c791dadf3cf6158,F,13.0,0
12.32,12.7986,12.61,0.525,0.041,13.77,1.45,12.455,12.99,12.344,12.8037,12.598,0.5145,0.0402,13.746,1.402,12.464,13.005,-0.358,0.4429,-0.3574,0.92,0.42,0.47,7,7,2,2.0,14.0,16.0,3.5759,1,2,0.2857,-0.53,0.0,-0.0857,0.5113,0.4,-0.45,,,1,1,,2023,2025,2024.7143,2,2020,2020,2005,141176634ecf8c19,F,12.32,0
12.87,13.1675,13.22,0.1962,0.0149,13.48,0.61,13.0125,13.265,12.846,13.1878,13.163,0.2103,0.0159,13.468,0.622,13.08,13.3425,-0.1853,0.1435,-0.1568,0.31,0.0,0.1573,8,7,3,2.0,15.0,17.0,4.0583,1,2,0.25,-0.27,0.0,-0.3375,1.2558,0.625,-1.3,,,1,1,,2023,2025,2024.0,2,2020,2020,2005,7d8659a8ec26cc6f,F,12.87,0
12.64,12.7429,12.71,0.089,0.007,12.85,0.21,12.675,12.825,12.568,12.6854,12.754,0.1041,0.0082,12.786,0.218,12.578,12.767,0.1449,0.0209,0.1641,0.0,0.21,0.0,7,5,2,1.0,16.0,16.0,5.4054,1,2,0.2857,0.035,0.0,0.9571,0.9727,1.2667,-0.9,,,1,1,,2024,2025,2024.4286,1,2020,2020,2005,e11e3990df1eb7a6,F,12.64,0
11.56,11.66,11.595,0.1556,0.0133,11.89,0.33,11.5675,11.6875,11.525,11.6513,11.57,0.1937,0.0166,11.94,0.415,11.555,11.6662,0.2449,0.0767,0.3235,0.06,0.33,0.0533,4,4,2,1.0,16.0,16.0,3.5547,1,1,0.25,0.12,0.0,0.175,0.9142,0.9,-0.55,,,1,1,,2024,2025,2024.5,1,2020,2020,2005,5c5fa7b00ce09739,M,11.56,0
12.8,12.96,13.0,0.1442,0.0111,13.08,0.28,12.9,13.04,12.734,12.916,12.928,0.1763,0.0137,13.086,0.352,12.831,13.007,-0.1889,0.0327,-0.2149,0.2,0.0,0.1574,3,2,2,1.0,15.0,17.0,2.3615,1,1,0.3333,-0.06,0.0,0.7333,0.7234,1.15,-0.1,,,1,1,,2024,2025,2024.3333,1,2020,2020,2005,6b0b6dee93aeb02d,F,12.8,0
11.37,11.4767,11.43,0.1361,0.0119,11.63,0.26,11.4,11.53,11.355,11.4467,11.39,0.1296,0.0113,11.595,0.24,11.3725,11.4925,-0.0776,0.0818,-0.0667,0.06,0.0,0.0291,3,3,2,2.0,15.0,17.0,1.4571,1,1,0.3333,0.07,0.0,0.6,0.2646,0.6,0.0,,,1,1,,2023,2025,2023.6667,2,2020,2020,2005,e4b155558f3c65ad,M,11.37,0
12.46,12.6912,12.625,0.1991,0.0157,13.04,0.58,12.58,12.825,12.436,12.6702,12.652,0.2018,0.0159,13.04,0.604,12.517,12.7815,-0.1859,0.1026,-0.1697,0.41,0.03,0.1813,8,7,3,2.0,14.0,16.0,3.5375,1,6,0.75,-0.1883,0.0,0.35,0.9769,0.7333,-1.6,,,1,1,,2023,2025,2024.5,2,2020,2020,2005,d65ecc5da65e1109,F,12.46,0
13.62,13.9967,14.13,0.3308,0.0236,14.24,0.62,13.875,14.185,13.596,13.9867,14.124,0.3433,0.0245,14.24,0.644,13.86,14.182,-0.3066,0.0449,-0.318,0.51,0.0,0.2768,3,2,2,2.0,15.0,17.0,1.6282,1,1,0.3333,-0.365,0.0,0.1667,0.2082,0.25,0.0,,,1,1,,2023,2025,2023.6667,2,2020,2020,2005,0032e7d558115ef2,F,13.62,0
10.82,11.3164,11.18,0.3572,0.0316,11.93,1.11,11.075,11.51,10.76,11.2923,11.2,0.3636,0.0322,11.9,1.14,11.06,11.535,-0.2859,0.2204,-0.2901,1.02,0.31,0.4954,11,9,3,2.0,14.0,16.0,5.3428,1,6,0.5455,-0.3307,0.0,0.4818,1.0824,0.9875,-0.8667,,,1,1,,2023,2025,2024.1818,2,2020,2020,2005,a54c6817867807df,M,10.82,0
10.86,11.2155,11.17,0.3652,0.0326,11.98,1.12,10.91,11.305,10.79,11.2191,11.19,0.393,0.035,12.085,1.295,10.9075,11.2975,-0.4509,0.1906,-0.4937,1.12,0.02,0.577,11,8,3,2.0,14.0,16.0,5.6668,1,4,0.3636,-0.4308,0.1818,-0.0889,1.041,0.58,-0.925,,,1,1,,2023,2025,2024.4545,2,2020,2020,2005,ea064f357c8d258c,M,10.86,0
11.86,12.2567,12.27,0.3902,0.0318,12.64,0.78,12.065,12.455,11.865,12.2717,12.32,0.3848,0.0314,12.63,0.765,12.0925,12.475,-0.3927,0.0142,-0.3847,0.78,0.0,0.393,3,3,3,2.0,14.0,16.0,1.5114,0,0,0.0,0.0,0.0,-0.3,0.6245,0.2,-0.55,171.0,54.0,0,0,18.4672,2023,2025,2024.0,2,2020,2020,2005,859fc290281a80f9,M,11.86,1
11.37,11.5644,11.545,0.152,0.0131,11.92,0.55,11.465,11.64,11.32,11.5738,11.5325,0.1832,0.0158,11.915,0.595,11.4525,11.6775,-0.1298,0.1199,-0.113,0.19,0.18,0.098,16,11,3,2.0,14.0,15.0,8.2542,1,8,0.5,0.0012,0.0,-0.1875,1.5444,1.2333,-1.1556,,,1,1,,2023,2025,2023.8125,2,2020,2020,2005,bb8e479ad3dfc27f,M,11.37,0
11.6,11.9,11.83,0.3212,0.027,12.68,1.08,11.72,11.97,11.655,11.9111,11.825,0.3113,0.0261,12.68,1.025,11.735,11.945,-0.165,0.2588,-0.1217,1.08,0.0,0.5077,9,7,3,2.0,14.0,16.0,4.2307,1,4,0.4444,0.207,0.1111,-0.25,1.3115,1.1,-1.325,162.0,,0,1,,2023,2025,2023.4444,2,2020,2020,2005,bef267f414ab5907,M,11.6,0
13.59,14.0412,14.005,0.3598,0.0256,14.59,1.0,13.8125,14.2475,13.566,14.0592,14.041,0.3942,0.028,14.638,1.072,13.8185,14.2685,-0.2292,0.2921,-0.2653,0.86,0.05,0.2664,8,6,4,3.0,13.0,15.0,2.4784,1,2,0.25,0.2083,0.0,-0.3,0.9636,0.5333,-1.3333,,,1,1,,2022,2025,2023.5,3,2020,2020,2005,4334be71e8254ab2,F,13.59,0
13.73,14.2733,14.46,0.4782,0.0335,14.63,0.9,14.095,14.545,13.79,14.2933,14.46,0.4441,0.0311,14.63,0.84,14.125,14.545,-0.4423,0.0694,-0.4098,0.73,0.0,0.3962,3,2,2,2.0,15.0,16.0,1.6282,1,1,0.3333,-0.535,0.0,-0.3333,0.5774,0.0,-1.0,160.0,50.0,0,0,19.5312,2023,2025,2023.6667,2,2020,2020,2005,553be80e5134a870,F,13.73,1
12.05,12.3633,12.24,0.3899,0.0315,12.8,0.75,12.145,12.52,12.03,12.34,12.19,0.4063,0.0329,12.8,0.77,12.11,12.495,-1.5869,0.0194,-1.6566,0.75,0.0,1.6209,3,3,1,0.0,17.0,17.0,6.4837,1,3,1.0,0.0,0.0,0.4667,0.5033,0.7,0.0,,,1,1,,2023,2023,2023.0,0,2020,2020,2005,c2e6889d32dc5a6c,M,12.05,0
13.14,13.3825,13.305,0.3571,0.0267,14.24,1.1,13.195,13.3425,13.002,13.3675,13.261,0.4488,0.0336,14.42,1.418,13.1635,13.3635,-0.2062,0.244,-0.3483,1.1,0.24,0.5364,8,5,3,2.0,15.0,16.0,3.9012,1,3,0.375,0.244,0.0,0.25,1.7263,1.55,-1.4,,,1,1,,2023,2025,2024.375,2,2020,2020,2005,45dae65fb8f199d7,F,13.14,0
12.02,12.5233,12.49,0.2691,0.0215,12.99,0.97,12.42,12.665,11.852,12.5148,12.516,0.3282,0.0262,12.966,1.114,12.342,12.7345,-0.1509,0.1855,-0.1584,0.72,0.46,0.2437,12,8,3,3.0,15.0,18.0,4.0621,1,4,0.3333,0.1325,0.0,0.1417,1.506,1.1571,-1.28,,,1,1,,2022,2025,2024.3333,3,2020,2020,2005,12f09abdc8a4ab68,F,12.02,0
12.88,13.103,13.085,0.1436,0.011,13.35,0.47,13.0075,13.19,12.844,13.0838,13.04,0.1791,0.0137,13.434,0.59,13.003,13.1925,-0.1126,0.1395,-0.0817,0.39,0.47,0.1902,10,7,3,2.0,15.0,16.0,4.8765,1,4,0.4,0.1342,0.0,0.32,1.002,0.9333,-0.8,,,1,1,,2023,2025,2024.4,2,2020,2020,2005,ba2e06a02a1102ed,F,12.88,0
12.46,12.9375,12.925,0.3501,0.0271,13.48,1.02,12.64,13.155,12.46,12.9345,12.931,0.3809,0.0295,13.564,1.104,12.6255,13.1775,-0.202,0.2251,-0.2173,0.97,0.3,0.3277,12,9,3,3.0,13.0,16.0,4.0546,1,5,0.4167,0.0026,0.0833,0.0545,0.9699,0.86,-0.74,,,1,1,,2022,2025,2023.9167,3,2020,2020,2005,8888d3f9132fc980,F,12.46,0
12.07,12.36,12.31,0.2421,0.0196,12.78,0.71,12.245,12.4275,12.02,12.3942,12.405,0.2594,0.0209,12.78,0.76,12.2638,12.505,-0.1908,0.1839,-0.1186,0.71,0.29,0.3705,6,5,3,2.0,14.0,15.0,3.1307,1,1,0.1667,0.144,0.1667,-0.82,1.946,0.5667,-2.9,,,1,1,,2023,2025,2023.8333,2,2020,2020,2005,22c23901976551ad,M,12.07,0
12.29,12.4675,12.485,0.1424,0.0114,12.61,0.32,12.3875,12.565,12.308,12.469,12.488,0.1326,0.0106,12.592,0.284,12.3875,12.5695,-1.6523,0.0919,-1.1414,0.32,0.26,2.7829,4,2,1,0.0,17.0,17.0,34.7857,1,2,0.5,-0.03,0.0,-0.025,0.6397,0.45,-0.5,163.0,55.0,0,0,20.7008,2024,2024,2024.0,0,2020,2020,2005,97186be53d473ad8,F,12.29,1
12.27,12.3667,12.36,0.1002,0.0081,12.47,0.2,12.315,12.415,12.138,12.3247,12.36,0.1717,0.0139,12.476,0.338,12.249,12.418,0.3484,0.0449,0.6728,0.0,0.2,0.0,3,2,2,0.0,17.0,17.0,7.2089,1,2,0.6667,0.155,0.0,0.7,1.3,2.2,-0.1,,,1,1,,2022,2023,2022.6667,1,2020,2020,2005,7d2c3fb7fba10542,F,12.24,0
10.93,11.0775,11.095,0.1081,0.0098,11.19,0.26,11.05,11.1225,10.835,11.07,11.095,0.1741,0.0157,11.255,0.42,11.0225,11.1425,-0.4109,0.0649,-0.6087,0.17,0.16,0.5174,4,2,1,0.0,17.0,17.0,12.175,1,2,0.5,-0.035,0.0,0.15,1.3404,1.1,-0.8,,,1,1,,2024,2024,2024.0,0,2020,2020,2005,017b66f6e0e920ae,M,10.93,0
12.97,13.4933,13.28,0.6565,0.0487,14.23,1.26,13.125,13.755,13.006,13.5053,13.244,0.6694,0.0496,14.266,1.26,13.125,13.755,-0.5259,0.1768,-0.5465,1.26,0.31,0.587,3,3,2,2.0,14.0,16.0,1.3976,1,3,1.0,0.0,0.0,-0.2,0.6928,0.6,-0.6,,,1,1,,2023,2025,2024.3333,2,2020,2020,2005,35a1a5c46021870f,F,12.97,0
11.62,11.7067,11.7,0.0902,0.0077,11.8,0.18,11.66,11.75,11.625,11.68,11.7,0.0482,0.0041,11.715,0.09,11.6625,11.7075,-0.1847,0.0716,-0.26,0.08,0.0,0.3563,3,3,1,0.0,17.0,17.0,13.3628,1,1,0.3333,0.01,0.3333,0.8,1.2728,1.7,-0.1,,,1,1,,2024,2024,2024.0,0,2020,2020,2005,41ed0bad24fdbafe,M,11.62,0
12.69,12.9425,12.93,0.2207,0.017,13.22,0.53,12.8325,13.04,12.744,13.049,12.987,0.3246,0.0249,13.478,0.734,12.8325,13.2035,0.8859,0.1328,1.3877,0.0,0.29,0.0,4,3,1,0.0,16.0,16.0,11.5039,1,1,0.25,0.0833,0.0,-1.775,1.9687,0.3,-2.4667,,,1,1,,2025,2025,2025.0,0,2020,2020,2005,e2ad6387b053ffe4,F,12.69,0
12.61,12.625,12.625,0.0212,0.0017,12.64,0.03,12.6175,12.6325,12.61,12.64,12.64,0.0424,0.0034,12.67,0.06,12.625,12.655,,,,0.0,0.03,0.0,2,2,1,0.0,18.0,18.0,730.5,1,1,0.5,-0.03,0.0,-0.25,0.3536,0.0,-0.5,177.0,60.0,0,0,19.1516,2023,2023,2023.0,0,2020,2020,2005,8643ea38e075e847,F,12.54,1
12.5,12.9378,12.9,0.3623,0.028,13.73,1.23,12.73,13.05,12.416,12.9238,12.954,0.4142,0.032,13.778,1.362,12.59,13.098,-0.2152,0.2115,-0.2434,0.64,0.23,0.2137,9,7,4,3.0,14.0,17.0,3.0048,1,3,0.3333,0.0217,0.0,0.2333,1.4967,1.525,-0.8,,,1,1,,2022,2025,2023.8889,3,2020,2020,2005,6f8325254ef3c8ba,F,12.5,0
12.83,12.96,12.9,0.1682,0.013,13.15,0.32,12.865,13.025,12.896,12.996,12.9,0.1698,0.0131,13.192,0.296,12.898,13.046,-1.0206,0.0286,-1.0528,0.32,0.07,1.1459,3,2,1,0.0,17.0,17.0,10.7426,1,1,0.3333,0.195,0.0,-0.6,0.5568,0.0,-0.9,,,1,1,,2024,2024,2024.0,0,2020,2020,2005,20f4694e766d25df,F,12.83,0
11.06,11.16,11.1,0.14,0.0125,11.32,0.26,11.08,11.21,11.085,11.1983,11.14,0.1512,0.0135,11.37,0.285,11.1125,11.255,0.8646,0.0154,0.9251,0.0,0.26,0.0,3,3,1,0.0,17.0,17.0,10.7426,1,1,0.3333,0.09,0.0,-0.7667,0.9713,0.3,-1.3,,,1,1,,2024,2024,2024.0,0,2020,2020,2005,87a3e926484d494c,M,11.06,0
12.23,12.715,12.455,0.527,0.0414,13.55,1.32,12.4125,13.015,12.296,12.766,12.449,0.6001,0.047,13.784,1.488,12.406,13.032,-1.2274,0.1549,-1.3413,0.96,0.19,1.0723,6,5,2,1.0,17.0,18.0,6.7018,1,4,0.6667,-0.39,0.0,-0.85,1.6742,0.6,-1.575,,,1,1,,2023,2024,2023.6667,1,2020,2020,2005,db1ecefff979650e,F,12.14,0
12.13,12.4333,12.49,0.2513,0.0202,12.78,0.65,12.23,12.5475,12.058,12.4093,12.499,0.2774,0.0224,12.744,0.686,12.182,12.5595,-0.1793,0.1467,-0.2051,0.65,0.34,0.3036,6,4,2,2.0,14.0,16.0,2.8024,1,3,0.5,-0.1267,0.0,0.4,0.6542,0.9667,-0.1667,,,1,1,,2023,2025,2024.0,2,2020,2020,2005,525a1d85ca5f42ee,F,12.13,0
12.76,12.9525,12.87,0.2445,0.0189,13.31,0.55,12.8275,12.995,12.784,12.9645,12.897,0.2183,0.0168,13.28,0.496,12.847,13.0145,0.0277,0.2099,0.0449,0.09,0.13,0.0916,4,4,2,1.0,15.0,16.0,4.0696,0,0,0.0,0.0,0.0,-0.2,0.483,0.5,-0.4333,164.0,52.0,0,0,19.3337,2024,2025,2024.75,1,2020,2020,2005,3552a00a4902e6f3,F,12.76,1
11.31,11.42,11.375,0.1398,0.0122,11.62,0.31,11.3325,11.4625,11.27,11.425,11.375,0.18,0.0158,11.68,0.41,11.3188,11.4813,-0.1245,0.092,-0.1536,0.1,0.03,0.0651,4,3,2,2.0,16.0,17.0,2.6043,1,1,0.25,-0.2667,0.0,-0.1,0.8287,0.45,-0.65,,,1,1,,2023,2024,2023.25,1,2020,2020,2005,d4f7adae6ad0aacb,M,10.89,0
12.19,12.48,12.39,0.3638,0.0291,13.46,1.27,12.235,12.575,12.198,12.5138,12.372,0.389,0.0311,13.52,1.322,12.247,12.641,-0.4034,0.1769,-0.4385,1.27,0.0,0.6488,11,9,3,2.0,14.0,16.0,5.6192,1,4,0.3636,0.0583,0.0,-0.5636,0.9223,0.2,-0.9714,,,1,1,,2023,2025,2024.4545,2,2020,2020,2005,131f1d7ca55a9a9e,F,12.19,0
12.87,12.9133,12.89,0.0586,0.0045,12.98,0.11,12.88,12.935,12.858,12.9253,12.95,0.059,0.0046,12.968,0.11,12.904,12.959,0.0512,0.0082,0.0327,0.0,0.11,0.0,3,2,2,2.0,15.0,15.0,1.5347,1,1,0.3333,0.065,0.0,-0.2,0.6928,0.2,-1.0,,,1,1,,2023,2025,2023.6667,2,2020,2020,2005,3ba0fa25f03d0d72,F,12.87,0
12.4,12.57,12.51,0.1704,0.0136,12.82,0.42,12.4525,12.6875,12.412,12.575,12.51,0.1622,0.0129,12.82,0.408,12.472,12.6815,-0.1376,0.1101,-0.1346,0.34,0.13,0.1737,6,5,3,2.0,14.0,15.0,3.065,1,3,0.5,0.0267,0.0,-0.0833,0.2714,0.2,-0.3,,,1,1,,2023,2025,2024.0,2,2020,2020,2005,8931597902f3b147,F,12.4,0
10.8,11.3371,11.0,0.9833,0.0867,13.54,2.74,10.86,11.15,10.79,11.3479,11.075,0.9768,0.0861,13.53,2.74,10.85,11.17,0.1924,0.8567,0.2627,0.44,2.74,0.2312,7,6,3,2.0,14.0,15.0,3.6788,1,2,0.2857,0.675,0.0,-0.2143,0.6466,0.2,-0.7667,,,1,1,,2023,2025,2024.1429,2,2020,2020,2005,3d38ff9a575a9f54,M,10.8,0
12.05,12.38,12.33,0.2274,0.0184,12.84,0.79,12.19,12.54,12.046,12.3936,12.456,0.2342,0.0189,12.876,0.83,12.18,12.551,-0.2183,0.1531,-0.2045,0.52,0.14,0.2549,19,12,3,2.0,15.0,16.0,9.3151,1,6,0.3158,0.1456,0.1579,-0.2688,0.7947,0.45,-0.875,,,1,1,,2023,2025,2024.1579,2,2020,2020,2005,44a96f97dafb0273,F,12.05,0
12.45,12.83,12.65,0.4134,0.0322,13.51,1.06,12.5525,13.1875,12.344,12.8054,12.663,0.4619,0.0361,13.6,1.256,12.448,13.142,-0.3261,0.0932,-0.3563,1.06,0.17,0.3497,10,8,3,3.0,13.0,16.0,3.2995,1,2,0.2,0.4,0.0,0.41,1.2827,1.2,-1.0333,,,1,1,,2022,2025,2024.2,3,2020,2020,2005,79777416f8205751,F,12.45,0
11.37,11.405,11.395,0.0404,0.0035,11.46,0.09,11.3775,11.4225,11.38,11.44,11.4525,0.0418,0.0037,11.475,0.095,11.4288,11.4638,-0.0711,0.0312,-0.0861,0.09,0.01,0.0921,4,4,2,1.0,16.0,17.0,4.0924,1,2,0.5,-0.03,0.5,-1.4,0.9899,0.0,-1.4,,,1,1,,2024,2025,2024.25,1,2020,2020,2005,b44322774e05068d,M,11.37,0
13.09,13.31,13.15,0.3173,0.0238,13.85,0.76,13.12,13.34,13.0,13.2812,13.246,0.3546,0.0267,13.88,0.88,13.03,13.25,-0.1602,0.1764,-0.1512,0.25,0.0,0.077,5,5,3,3.0,14.0,17.0,1.5398,1,2,0.4,-0.2917,0.0,0.48,1.4923,1.5,-1.05,,,1,1,,2022,2025,2023.6,3,2020,2020,2005,b191469550d307ae,F,13.09,0
11.21,11.4325,11.235,0.412,0.036,12.05,0.84,11.2175,11.45,11.15,11.4338,11.2525,0.437,0.0382,12.08,0.93,11.1762,11.51,-0.3259,0.1682,-0.3562,0.84,0.01,0.3364,4,4,3,2.0,14.0,16.0,1.602,1,1,0.25,0.2433,0.0,-0.025,1.7173,1.35,-1.4,,,1,1,,2023,2025,2024.25,2,2020,2020,2005,434e176eb4f4d490,M,11.21,0
12.05,12.4514,12.435,0.2764,0.0222,13.01,0.96,12.24,12.6,11.894,12.4394,12.474,0.2701,0.0217,12.932,1.038,12.234,12.6095,-0.2537,0.2264,-0.2311,0.43,0.35,0.2903,14,11,2,1.0,15.0,16.0,9.4519,1,4,0.2857,-0.103,0.0,0.2,1.2241,1.0375,-1.1,,,1,1,,2024,2025,2024.6429,1,2020,2020,2005,5f9fb82346100d7b,F,12.05,0
11.56,11.645,11.645,0.1202,0.0103,11.73,0.17,11.6025,11.6875,11.585,11.66,11.66,0.1061,0.0091,11.735,0.15,11.6225,11.6975,,,,0.0,0.17,0.0,2,2,1,0.0,18.0,18.0,29.22,1,2,1.0,0.0,0.0,-0.3,0.2828,0.0,-0.3,,,1,1,,2023,2023,2023.0,0,2020,2020,2005,29c686c96edee8d5,M,11.13,0
13.97,14.12,14.08,0.1735,0.0123,14.31,0.34,14.025,14.195,13.88,14.04,13.906,0.2549,0.0182,14.334,0.454,13.893,14.12,0.1227,0.0479,0.1563,0.0,0.34,0.0,3,3,3,3.0,14.0,14.0,1.139,1,1,0.3333,0.06,0.0,1.3333,1.6563,2.2,-0.4,,,1,1,,2022,2025,2023.6667,3,2020,2020,2005,545aad1684bf6174,F,13.97,0
12.41,12.6938,12.58,0.3375,0.0266,13.24,0.83,12.47,12.775,12.43,12.6428,12.509,0.3012,0.0238,13.15,0.72,12.434,12.709,-0.2539,0.0975,-0.227,0.8,0.17,0.2688,8,5,3,3.0,14.0,16.0,2.6881,1,4,0.5,-0.1125,0.0,0.85,0.9885,1.52,-0.4,,,1,1,,2022,2025,2024.125,3,2020,2020,2005,9e5197ee7553b956,F,12.41,0
10.75,10.875,10.875,0.1768,0.0163,11.0,0.25,10.8125,10.9375,10.735,10.8175,10.8175,0.1167,0.0108,10.9,0.165,10.7762,10.8588,,,,0.0,0.25,0.0,2,2,1,0.0,17.0,17.0,730.5,1,1,0.5,-0.25,0.0,1.15,1.2021,1.15,0.0,180.0,72.0,0,0,22.2222,2024,2024,2024.0,0,2020,2020,2005,5a78cc39df46596c,M,10.75,1
11.1,11.528,11.44,0.4034,0.035,12.02,0.92,11.21,11.87,11.115,11.509,11.5,0.3706,0.0322,11.97,0.855,11.18,11.78,-0.8494,0.0954,-0.7617,0.92,0.0,0.8913,5,5,2,1.0,17.0,18.0,4.8442,1,2,0.4,-0.695,0.0,0.38,1.1628,1.1333,-0.75,176.0,60.0,0,0,19.3698,2023,2024,2023.6,1,2020,2020,2005,e94ece73afdab411,M,10.87,1
11.79,11.8933,11.9,0.1002,0.0084,11.99,0.2,11.845,11.945,11.845,11.9,11.85,0.091,0.0076,12.005,0.16,11.8475,11.9275,-0.1924,0.0434,-0.0911,0.11,0.0,0.1371,3,3,2,1.0,17.0,18.0,3.7398,1,3,1.0,0.0,0.0,-0.1333,1.0599,1.0,-0.7,,,1,1,,2023,2024,2023.3333,1,2020,2020,2005,2d8af15f4da65470,M,11.34,0
11.99,12.09,12.09,0.1414,0.0117,12.19,0.2,12.04,12.14,11.94,12.065,12.065,0.1768,0.0147,12.19,0.25,12.0025,12.1275,,,,0.2,0.0,2.0292,2,2,1,0.0,17.0,17.0,20.2917,1,2,1.0,0.0,0.0,0.5,0.7071,1.0,0.0,,,1,1,,2023,2023,2023.0,0,2020,2020,2005,380f581e39888df9,M,11.72,0
11.91,12.11,11.95,0.3124,0.0258,12.47,0.56,11.93,12.21,11.82,12.05,11.86,0.3643,0.0302,12.47,0.65,11.84,12.165,-1.2344,0.0629,-1.4727,0.56,0.04,1.2103,3,3,1,0.0,17.0,17.0,6.4837,1,3,1.0,0.0,0.0,1.2,1.3115,1.8,0.0,,,1,1,,2023,2023,2023.0,0,2020,2020,2005,7dc0926dad944c83,M,11.91,0
11.1,11.297,11.275,0.1945,0.0172,11.79,0.69,11.1875,11.3175,11.095,11.3085,11.3,0.2177,0.0193,11.84,0.745,11.1475,11.3412,-0.2425,0.1449,-0.3066,0.69,0.18,0.578,10,8,2,1.0,16.0,16.0,8.3773,1,2,0.2,-0.0271,0.0,-0.23,0.6482,0.425,-0.6667,176.0,66.0,0,0,21.3068,2024,2025,2024.9,1,2020,2020,2005,9cca402cd8b2e7c6,M,11.1,1
11.98,12.205,12.205,0.3182,0.0261,12.43,0.45,12.0925,12.3175,11.93,12.1675,12.1675,0.3359,0.0276,12.405,0.475,12.0488,12.2862,,,,0.0,0.45,0.0,2,2,1,0.0,18.0,18.0,24.35,1,2,1.0,0.0,0.0,0.75,0.3536,0.75,0.0,,,1,1,,2023,2023,2023.0,0,2020,2020,2005,04074f6e87cf063f,M,11.51,0
11.54,11.75,11.76,0.1466,0.0125,11.95,0.41,11.72,11.78,11.55,11.789,11.82,0.1503,0.0127,11.965,0.415,11.785,11.825,-0.1372,0.1272,-0.0983,0.41,0.18,0.4769,5,5,2,1.0,16.0,16.0,5.8161,1,2,0.4,0.15,0.0,-0.78,0.5263,0.0,-0.78,,,1,1,,2024,2025,2024.4,1,2020,2020,2005,9c11742038256335,M,11.54,0
11.37,11.76,11.755,0.3409,0.029,12.16,0.79,11.5575,11.9575,11.365,11.7587,11.78,0.3205,0.0273,12.11,0.745,11.5862,11.9525,-0.5904,0.0931,-0.5534,0.79,0.0,0.7361,4,4,2,1.0,17.0,18.0,3.727,1,4,1.0,0.0,0.0,0.025,0.75,0.55,-0.5,,,1,1,,2023,2024,2023.5,1,2020,2020,2005,467998702dd5e05d,M,11.12,0
13.13,13.438,13.48,0.2749,0.0205,13.73,0.6,13.18,13.67,13.184,13.4488,13.48,0.2307,0.0172,13.682,0.498,13.24,13.658,0.4357,0.0909,0.3968,0.0,0.54,0.0,5,4,2,1.0,15.0,15.0,4.2669,1,1,0.2,-0.2233,0.0,-0.18,0.8843,1.2,-0.7,,,1,1,,2023,2024,2023.6,1,2020,2020,2005,82a0db059e356ab3,F,13.13,0
11.74,12.015,12.015,0.3889,0.0324,12.29,0.55,11.8775,12.1525,11.705,11.9725,11.9725,0.3783,0.0316,12.24,0.535,11.8387,12.1062,,,,0.55,0.0,5.5802,2,2,1,0.0,18.0,18.0,20.2917,1,2,1.0,0.0,0.0,0.85,0.2121,0.85,0.0,,,1,1,,2023,2023,2023.0,0,2020,2020,2005,4a4efda54470cb0f,M,11.16,0
12.6,12.735,12.75,0.0766,0.006,12.82,0.22,12.715,12.7775,12.612,12.718,12.705,0.0856,0.0067,12.832,0.22,12.6625,12.7805,-0.3169,0.0586,-0.3699,0.11,0.0,0.3376,6,4,1,0.0,17.0,18.0,18.416,1,2,0.3333,0.08,0.0,0.2833,0.6338,0.8333,-0.2667,160.0,50.0,0,0,19.5312,2023,2023,2023.0,0,2020,2020,2005,0d2183fb070f8940,F,12.6,1
11.33,11.63,11.61,0.2968,0.0255,11.97,0.64,11.4125,11.8275,11.315,11.6262,11.61,0.2982,0.0256,11.97,0.655,11.4162,11.82,-0.5089,0.1017,-0.5029,0.64,0.11,0.5873,4,4,2,1.0,17.0,17.0,3.6709,1,4,1.0,0.0,0.0,0.075,0.2217,0.25,-0.2,,,1,1,,2023,2024,2023.5,1,2020,2020,2005,cced6b9e6db2695a,M,11.11,0
11.52,12.2375,11.755,1.1272,0.0921,13.92,2.4,11.685,12.3075,11.47,12.21,11.76,1.1019,0.0902,13.85,2.38,11.68,12.29,2.1779,0.8759,2.1,0.25,2.4,0.5017,4,4,1,0.0,17.0,18.0,8.0275,1,3,0.75,2.2433,0.0,0.55,0.7724,1.2,-0.2,,,1,1,,2023,2023,2023.0,0,2020,2020,2005,fbb84253c9c0b5c2,M,11.52,0
13.07,13.2475,13.25,0.1416,0.0107,13.55,0.48,13.195,13.26,13.034,13.2295,13.232,0.189,0.0143,13.646,0.612,13.101,13.251,-0.0204,0.131,-0.0837,0.18,0.19,0.0929,8,8,3,2.0,16.0,17.0,4.1271,1,4,0.5,0.05,0.0,0.3,1.2683,0.8,-1.6,160.0,54.0,0,0,21.0937,2023,2025,2023.875,2,2020,2020,2005,a40b27488fef4724,F,13.07,1
11.46,11.8367,11.705,0.4722,0.0399,12.74,1.28,11.545,11.865,11.52,11.8475,11.7075,0.4617,0.039,12.74,1.22,11.5488,11.8625,-0.6511,0.233,-0.6335,1.28,0.13,0.8922,6,6,2,1.0,16.0,18.0,4.1823,1,5,0.8333,-0.368,0.0,-0.2167,0.608,0.2,-0.85,,,1,1,,2023,2024,2023.5,1,2020,2020,2005,b31eae09bac18e82,M,11.14,0
13.12,13.25,13.26,0.0927,0.007,13.37,0.25,13.19,13.3075,13.0,13.219,13.248,0.1288,0.0097,13.37,0.37,13.174,13.286,-0.0765,0.0517,-0.1034,0.25,0.13,0.1224,6,5,3,2.0,15.0,17.0,2.9377,1,3,0.5,0.04,0.0,0.5167,0.7627,0.8,-0.1,167.0,52.0,0,0,18.6453,2023,2025,2023.8333,2,2020,2020,2005,18ac7a3c12ec2b87,F,13.12,1
11.46,11.7117,11.655,0.2878,0.0246,12.25,0.79,11.5225,11.7425,11.43,11.7192,11.6675,0.3026,0.0258,12.25,0.82,11.51,11.7988,-0.3296,0.1899,-0.304,0.79,0.26,0.5434,6,6,2,1.0,16.0,18.0,4.1271,1,5,0.8333,-0.254,0.0,-0.15,0.9586,0.8,-1.25,,,1,1,,2023,2024,2023.5,1,2020,2020,2005,913b047987f83cad,M,11.46,0
12.88,13.168,13.14,0.2402,0.0182,13.44,0.56,13.0,13.38,12.82,13.1668,13.14,0.2816,0.0214,13.464,0.644,12.976,13.434,0.4405,0.1615,0.4875,0.26,0.56,0.2721,5,4,2,1.0,15.0,15.0,5.2328,1,1,0.2,0.21,0.2,0.025,0.8421,0.7,-0.65,168.0,55.0,0,0,19.487,2024,2025,2024.2,1,2020,2020,2005,60ca349a3a8fff88,F,12.88,1
11.43,13.685,13.685,3.1891,0.233,15.94,4.51,12.5575,14.8125,11.38,13.6625,13.6625,3.2279,0.2363,15.945,4.565,12.5212,14.8038,,,,0.0,4.51,0.0,2,2,1,0.0,18.0,18.0,24.35,1,2,1.0,0.0,0.0,0.45,0.7778,1.0,-0.1,,,1,1,,2023,2023,2023.0,0,2020,2020,2005,3b4d914ba2f30c46,M,11.43,0
11.83,12.3575,12.105,0.7149,0.0578,13.39,1.56,11.905,12.5575,11.84,12.3663,12.1275,0.7015,0.0567,13.37,1.53,11.9075,12.5862,-0.7973,0.0635,-0.7835,1.56,0.0,0.7947,4,4,3,2.0,14.0,16.0,2.0377,1,3,0.75,1.3767,0.0,-0.175,0.5439,0.4,-0.55,,,1,1,,2023,2025,2024.25,2,2020,2020,2005,d98c3f1875040c6c,M,11.83,0
11.41,11.475,11.475,0.0919,0.008,11.54,0.13,11.4425,11.5075,11.315,11.395,11.395,0.1131,0.0099,11.475,0.16,11.355,11.435,,,,0.0,0.13,0.0,2,2,1,0.0,17.0,17.0,4.7745,0,0,0.0,0.0,0.0,1.6,0.4243,1.6,0.0,182.0,63.0,0,0,19.0194,2024,2024,2024.0,0,2020,2020,2005,14436456ef1865ee,M,10.96,1
13.23,13.5,13.5,0.3818,0.0283,13.77,0.54,13.365,13.635,13.272,13.521,13.521,0.3521,0.026,13.77,0.498,13.3965,13.6455,,,,0.54,0.0,0.6596,2,2,2,1.0,17.0,18.0,2.4431,1,2,1.0,0.0,0.0,-0.35,0.495,0.0,-0.7,,,1,1,,2023,2024,2023.5,1,2020,2020,2005,6443be0cf7a2ee58,F,13.08,0
11.49,11.775,11.795,0.2261,0.0192,12.02,0.53,11.6625,11.9075,11.47,11.7762,11.8325,0.2234,0.019,11.97,0.5,11.6838,11.925,-0.4419,0.1297,-0.3196,0.53,0.23,0.6607,4,4,2,1.0,17.0,18.0,4.9863,1,3,0.75,-0.38,0.0,-0.025,0.8732,0.7,-0.75,,,1,1,,2023,2024,2023.5,1,2020,2020,2005,2c223f134bb48e3e,M,11.18,0
12.44,12.8277,12.74,0.3079,0.024,13.25,0.81,12.57,13.14,12.446,12.8078,12.738,0.3102,0.0242,13.31,0.864,12.552,13.08,-0.4663,0.1713,-0.4292,0.7,0.3,0.3711,13,11,3,2.0,16.0,18.0,6.8915,1,7,0.5385,-0.0337,0.0,0.3308,0.8489,0.7,-0.5,,,1,1,,2023,2025,2024.5385,2,2020,2020,2005,b9759e70054f1657,F,12.44,0
12.23,12.455,12.455,0.3182,0.0255,12.68,0.45,12.3425,12.5675,12.22,12.47,12.47,0.3536,0.0284,12.72,0.5,12.345,12.595,,,,0.0,0.45,0.0,2,2,2,1.0,17.0,17.0,3.0565,1,2,1.0,0.0,0.0,-0.3,0.7071,0.2,-0.8,180.0,70.0,0,0,21.6049,2024,2025,2024.5,1,2020,2020,2005,d22959d474341f0e,M,12.23,1
12.92,12.955,12.955,0.0495,0.0038,12.99,0.07,12.9375,12.9725,12.93,12.931,12.931,0.0014,0.0001,12.932,0.002,12.9305,12.9315,,,,0.07,0.0,0.8523,2,2,1,0.0,17.0,18.0,24.35,1,2,1.0,0.0,0.0,0.4,0.8485,1.0,-0.2,175.0,55.0,0,0,17.9592,2023,2023,2023.0,0,2020,2020,2005,728848ad3d971d6e,F,12.27,1
11.06,11.2375,11.195,0.2085,0.0186,11.5,0.44,11.075,11.3575,11.04,11.24,11.2275,0.2117,0.0188,11.465,0.425,11.07,11.3975,-0.3067,0.0967,-0.2645,0.44,0.02,0.3449,4,4,2,1.0,16.0,17.0,3.1352,0,0,0.0,0.0,0.0,-0.05,0.8813,0.55,-1.3,173.0,63.0,0,0,21.0498,2023,2024,2023.75,1,2020,2020,2005,a8ce144c8c9fec77,M,10.83,1
12.12,12.345,12.345,0.3182,0.0258,12.57,0.45,12.2325,12.4575,12.13,12.3375,12.3375,0.2934,0.0238,12.545,0.415,12.2337,12.4412,,,,0.45,0.0,0.7371,2,2,2,1.0,15.0,16.0,3.2758,0,0,0.0,0.0,0.0,0.15,0.495,0.5,-0.2,176.0,54.0,0,0,17.4329,2024,2025,2024.5,1,2020,2020,2005,e756c474f89912b2,M,12.12,1
11.69,11.735,11.735,0.0636,0.0054,11.78,0.09,11.7125,11.7575,11.64,11.7075,11.7075,0.0955,0.0082,11.775,0.135,11.6737,11.7412,,,,0.0,0.09,0.0,2,2,1,0.0,18.0,18.0,22.1364,1,2,1.0,0.0,0.0,0.55,0.6364,0.55,0.0,178.0,65.0,0,0,20.5151,2023,2023,2023.0,0,2020,2020,2005,adbcace683a5710a,M,11.26,1
11.71,11.8,11.83,0.0794,0.0067,11.86,0.15,11.77,11.845,11.66,11.7833,11.83,0.1079,0.0092,11.86,0.2,11.745,11.845,-0.1559,0.0292,-0.2061,0.15,0.0,0.1665,3,3,2,1.0,17.0,18.0,3.3305,1,2,0.6667,0.09,0.3333,0.5,0.7071,1.0,0.0,,,1,1,,2022,2023,2022.6667,1,2020,2020,2005,e538467d989d8080,M,11.47,0
11.61,11.84,11.84,0.3253,0.0275,12.07,0.46,11.725,11.955,11.61,11.815,11.815,0.2899,0.0245,12.02,0.41,11.7125,11.9175,,,,0.46,0.0,5.6005,2,2,1,0.0,17.0,17.0,24.35,1,2,1.0,0.0,0.0,0.5,0.7071,1.0,0.0,,,1,1,,2023,2023,2023.0,0,2020,2020,2005,201a6225f93e1f8e,M,11.27,0
11.09,11.3542,11.4,0.1792,0.0158,11.65,0.56,11.215,11.44,10.97,11.3317,11.4025,0.1995,0.0176,11.605,0.635,11.225,11.4675,-0.1555,0.1235,-0.1521,0.33,0.19,0.143,12,10,3,2.0,15.0,17.0,5.1993,1,5,0.4167,-0.11,0.0,0.45,0.953,0.925,-0.5,,,1,1,,2023,2025,2023.9167,2,2020,2020,2005,a87ee5a6ac1ee886,M,11.09,0
11.12,11.414,11.45,0.2695,0.0236,11.73,0.61,11.16,11.61,11.105,11.403,11.455,0.2616,0.0229,11.71,0.605,11.165,11.58,-0.4917,0.145,-0.4637,0.33,0.0,0.3067,5,5,2,1.0,17.0,18.0,4.6469,1,3,0.6,-0.215,0.0,0.22,0.7596,0.7,-0.5,,,1,1,,2024,2025,2024.4,1,2020,2020,2005,d3f7e2d347fd8551,M,11.12,0
11.38,11.61,11.61,0.3253,0.028,11.84,0.46,11.495,11.725,11.38,11.585,11.585,0.2899,0.025,11.79,0.41,11.4825,11.6875,,,,0.46,0.0,0.5979,2,2,2,1.0,17.0,18.0,2.5996,1,1,0.5,0.46,0.5,1.0,0.0,1.0,0.0,,,1,1,,2021,2022,2021.5,1,2020,2020,2000,88ce340633886c7a,M,11.38,0
12.38,12.665,12.65,0.2266,0.0179,12.97,0.59,12.51,12.82,12.356,12.674,12.662,0.2627,0.0207,13.03,0.674,12.483,12.8485,-0.1588,0.1372,-0.1858,0.16,0.12,0.0687,6,3,2,2.0,14.0,16.0,2.5752,1,3,0.5,0.0433,0.0,-0.15,0.6348,0.4,-0.7,,,1,1,,2023,2025,2023.6667,2,2020,2020,2005,5d5dfcbd51a9f6a3,F,12.38,0
11.57,11.765,11.765,0.2758,0.0234,11.96,0.39,11.6675,11.8625,11.53,11.745,11.745,0.3041,0.0259,11.96,0.43,11.6375,11.8525,,,,0.39,0.0,0.3509,2,2,2,1.0,17.0,18.0,1.7993,1,1,0.5,-0.39,0.0,0.4,0.5657,0.8,0.0,,,1,1,,2023,2024,2023.5,1,2020,2020,2005,3fc9619922e0ca93,M,11.57,0
12.47,12.8118,12.74,0.2827,0.0221,13.45,0.98,12.685,12.88,12.47,12.8195,12.76,0.301,0.0235,13.522,1.052,12.652,12.91,-0.4434,0.174,-0.444,0.5,0.32,0.4208,11,7,2,1.0,16.0,17.0,9.2575,1,4,0.3636,0.0942,0.0,-0.1273,0.7044,0.42,-0.875,165.0,45.0,0,0,16.5289,2024,2025,2024.7273,1,2020,2020,2005,c41d1410e51602c3,F,12.47,1
11.5,11.9525,11.995,0.3386,0.0283,12.32,0.82,11.86,12.0875,11.485,11.96,12.0175,0.3546,0.0296,12.32,0.835,11.8188,12.1588,-0.7041,0.0373,-0.7007,0.82,0.0,0.7047,4,4,2,1.0,17.0,18.0,3.4376,1,4,1.0,0.0,0.0,-0.15,1.2396,0.65,-1.9,,,1,1,,2023,2024,2023.25,1,2020,2020,2005,7696dd2072130642,M,11.5,0
11.76,11.934,11.92,0.1931,0.0162,12.24,0.48,11.78,11.97,11.705,11.91,11.905,0.2162,0.0182,12.24,0.535,11.73,11.97,-0.1568,0.1556,-0.1981,0.21,0.0,0.165,5,5,2,1.0,16.0,18.0,3.9274,1,4,0.8,-0.0175,0.2,0.6,0.5354,0.8,0.0,,,1,1,,2022,2023,2022.8,1,2020,2020,2005,970832cc1f3c877e,M,11.05,0
12.02,12.045,12.045,0.0354,0.0029,12.07,0.05,12.0325,12.0575,11.97,12.0075,12.0075,0.053,0.0044,12.045,0.075,11.9888,12.0262,,,,0.0,0.05,0.0,2,2,1,0.0,18.0,18.0,22.1364,1,2,1.0,0.0,0.0,0.75,0.3536,0.75,0.0,,,1,1,,2023,2023,2023.0,0,2020,2020,2005,fbc5c75d23d4c277,M,11.94,0
11.54,11.7583,11.71,0.237,0.0202,12.11,0.57,11.555,11.91,11.5,11.7458,11.7225,0.232,0.0198,12.1,0.6,11.5612,11.8725,-0.292,0.068,-0.2748,0.4,0.0,0.2395,6,6,3,2.0,16.0,17.0,3.5926,1,4,0.6667,-0.2825,0.0,0.25,0.5577,0.6667,-0.5,,,1,1,,2023,2025,2024.1667,2,2020,2020,2005,354dcc4a0ae2d278,M,11.54,0
11.57,11.69,11.69,0.1697,0.0145,11.81,0.24,11.63,11.75,11.65,11.73,11.73,0.1131,0.0096,11.81,0.16,11.69,11.77,,,,0.24,0.0,0.1897,2,2,2,1.0,17.0,18.0,1.5812,1,2,1.0,0.0,0.0,-0.8,1.1314,0.0,-1.6,,,1,1,,2023,2024,2023.5,1,2020,2020,2005,886eaf5eb4831e5f,M,11.57,0
11.24,11.55,11.535,0.3019,0.0261,11.89,0.65,11.33,11.755,11.265,11.5488,11.52,0.2904,0.0251,11.89,0.625,11.3325,11.7362,-0.3145,0.0574,-0.3002,0.65,0.0,0.3704,4,4,2,2.0,16.0,18.0,2.2793,1,3,0.75,-0.4133,0.0,0.025,0.4113,0.3,-0.5,,,1,1,,2023,2025,2024.0,2,2020,2020,2005,59668ab26d5c707a,M,11.24,0
12.7,13.0375,12.955,0.277,0.0212,13.54,0.84,12.8875,13.105,12.664,13.0428,12.95,0.2811,0.0216,13.54,0.876,12.9045,13.147,-0.4598,0.1547,-0.4773,0.84,0.32,0.6198,8,6,2,1.0,16.0,18.0,5.903,1,6,0.75,-0.2433,0.0,-0.0875,0.5489,0.4,-0.6333,163.0,48.0,0,0,18.0662,2023,2024,2023.625,1,2020,2020,2005,f658e8d5e77840b3,F,12.63,1
12.31,12.5367,12.45,0.2144,0.0171,12.98,0.67,12.37,12.64,12.31,12.5287,12.438,0.2184,0.0174,12.98,0.67,12.34,12.626,-0.0943,0.2001,-0.1199,0.67,0.31,1.4228,9,7,1,0.0,17.0,18.0,19.1119,1,3,0.3333,-0.1767,0.0,0.1333,0.2062,0.325,-0.1,,,1,1,,2023,2023,2023.0,0,2020,2020,2005,05497d9daf5d66de,F,12.05,0
13.33,13.4267,13.46,0.085,0.0063,13.49,0.16,13.395,13.475,13.384,13.4367,13.442,0.0502,0.0037,13.484,0.1,13.413,13.463,0.0784,0.0653,0.0125,0.0,0.13,0.0,3,2,2,1.0,16.0,16.0,4.7028,1,1,0.3333,0.145,0.0,-0.1667,0.6429,0.2,-0.9,,,1,1,,2024,2025,2024.3333,1,2020,2020,2005,517774badc5946a2,F,13.33,0
11.9,11.95,11.95,0.0707,0.0059,12.0,0.1,11.925,11.975,11.9,11.9675,11.9675,0.0955,0.008,12.035,0.135,11.9338,12.0012,,,,0.0,0.1,0.0,2,2,1,1.0,17.0,17.0,3.8447,0,0,0.0,0.0,0.0,-0.35,0.495,0.0,-0.7,173.0,68.0,0,0,22.7204,2023,2023,2023.0,0,2020,2020,2005,c032d5e5856e8e69,M,11.44,1
12.16,12.5071,12.455,0.2496,0.02,13.06,0.9,12.355,12.5175,12.136,12.5234,12.444,0.2686,0.0214,13.042,0.906,12.373,12.524,-0.1446,0.2191,-0.1715,0.73,0.36,0.335,14,10,3,2.0,14.0,16.0,6.424,1,6,0.4286,-0.04,0.0,-0.2714,1.2676,0.5857,-1.1286,,,1,1,,2023,2025,2024.2857,2,2020,2020,2005,acbbf79c31ea36a9,F,12.16,0
11.72,12.7111,12.01,2.0274,0.1595,18.08,6.36,11.93,12.38,11.69,12.7071,12.006,2.0267,0.1595,18.074,6.384,11.894,12.368,-0.471,1.9271,-0.4481,0.66,0.07,0.6245,9,6,2,1.0,15.0,16.0,8.5162,1,3,0.3333,0.0683,0.0,0.0667,0.4796,0.3167,-0.4333,154.0,48.0,0,0,20.2395,2024,2025,2024.7778,1,2020,2020,2005,37915bf0ffa3808d,F,11.72,1
12.07,12.125,12.125,0.0778,0.0064,12.18,0.11,12.0975,12.1525,12.11,12.16,12.16,0.0707,0.0058,12.21,0.1,12.135,12.185,,,,0.0,0.11,0.0,2,2,1,0.0,15.0,15.0,11.5952,1,2,1.0,0.0,0.0,-0.7,0.1414,0.0,-0.7,,,1,1,,2023,2023,2023.0,0,2020,2020,2005,93c7a077f816225b,M,12.07,0
11.98,12.478,12.6,0.35,0.0281,12.9,0.92,12.3,12.61,11.83,12.472,12.552,0.4227,0.0339,12.966,1.136,12.348,12.664,1.8776,0.1385,2.1875,0.0,0.92,0.0,5,3,1,0.0,17.0,17.0,15.093,1,2,0.4,-0.01,0.0,0.1,1.5411,1.65,-0.9333,,,1,1,,2024,2024,2024.0,0,2020,2020,2005,d596bac99fb433e2,F,11.98,0
12.94,13.2883,13.145,0.4819,0.0363,14.25,1.31,13.05,13.21,12.91,13.2923,13.175,0.4502,0.0339,14.154,1.244,13.0395,13.303,0.5395,0.2024,0.5373,0.09,1.31,0.0452,6,5,3,2.0,14.0,14.0,3.0103,1,2,0.3333,0.3317,0.0,-0.0667,1.3967,1.0333,-1.1667,,,1,1,,2023,2025,2023.6667,2,2020,2020,2005,e141932a783efca6,F,12.94,0
12.69,12.9783,13.015,0.1607,0.0124,13.16,0.47,12.945,13.055,12.54,12.9573,13.044,0.2474,0.0191,13.238,0.698,12.8585,13.072,-0.1931,0.1007,-0.3353,0.35,0.24,0.2614,6,5,2,1.0,15.0,17.0,4.4816,1,2,0.3333,-0.07,0.0,0.35,1.6538,1.6333,-0.9333,,,1,1,,2024,2025,2024.3333,1,2020,2020,2005,31e6aa441b5a311a,F,12.69,0
13.31,13.4043,13.39,0.0692,0.0052,13.53,0.22,13.375,13.425,13.198,13.4274,13.43,0.1216,0.0091,13.534,0.336,13.385,13.53,-0.0009,0.0641,-0.0241,0.06,0.07,0.0274,7,6,3,2.0,14.0,15.0,3.1919,1,1,0.1429,-0.054,0.1429,-0.45,2.0007,1.75,-1.55,,,1,1,,2023,2025,2024.1429,2,2020,2020,2005,f5077f1d84ba04a7,F,13.31,0
12.44,12.819,12.9,0.2146,0.0167,13.08,0.64,12.735,12.96,12.416,12.8214,12.917,0.2393,0.0187,13.08,0.664,12.6775,12.977,-0.1874,0.1182,-0.2187,0.44,0.05,0.1969,10,6,3,2.0,14.0,17.0,4.4761,1,5,0.5,-0.0745,0.0,-0.04,0.907,0.775,-0.7,,,1,1,,2023,2025,2024.1,2,2020,2020,2005,5162bcdd6e687531,F,12.44,0
12.79,13.11,13.02,0.2955,0.0225,13.53,0.74,12.9125,13.3225,12.826,13.103,13.011,0.2895,0.0221,13.524,0.698,12.884,13.306,-0.2088,0.1951,-0.2048,0.27,0.1,0.1236,6,6,3,2.0,14.0,16.0,2.7462,1,4,0.6667,0.06,0.0,0.1167,0.3971,0.26,-0.6,,,1,1,,2023,2025,2024.1667,2,2020,2020,2005,300c6fd54118a349,F,12.79,0
11.82,11.915,11.915,0.1344,0.0113,12.01,0.19,11.8675,11.9625,11.82,11.92,11.92,0.1414,0.0119,12.02,0.2,11.87,11.97,,,,0.19,0.0,0.5881,2,2,1,0.0,17.0,17.0,6.1907,1,2,1.0,0.0,0.0,-0.1,0.1414,0.0,-0.2,175.0,65.0,0,0,21.2245,2025,2025,2025.0,0,2020,2020,2005,1ddfe4608b3cea27,M,11.82,1
11.59,11.76,11.75,0.1752,0.0149,11.94,0.35,11.67,11.845,11.615,11.76,11.73,0.1621,0.0138,11.935,0.32,11.6725,11.8325,-0.3674,0.0318,-0.3464,0.35,0.0,0.3909,3,3,2,1.0,17.0,18.0,3.3509,1,2,0.6667,0.27,0.0,0.0,0.4583,0.25,-0.5,,,1,1,,2024,2025,2024.6667,1,2020,2020,2005,eb8ee973dfbc2c33,M,11.59,0
11.85,11.895,11.895,0.0636,0.0054,11.94,0.09,11.8725,11.9175,11.895,11.92,11.92,0.0354,0.003,11.945,0.05,11.9075,11.9325,,,,0.09,0.0,0.2786,2,2,1,0.0,17.0,18.0,6.1907,1,2,1.0,0.0,0.0,-0.5,0.5657,0.0,-0.5,180.0,70.0,0,0,21.6049,2025,2025,2025.0,0,2020,2020,2005,031b876b9dae3182,M,11.85,1
12.4,14.052,12.79,3.1379,0.2233,19.65,7.25,12.46,12.96,12.4,14.058,12.825,3.1351,0.223,19.65,7.25,12.455,12.96,2.7188,1.6904,2.7166,0.56,7.25,0.2324,5,5,4,2.0,15.0,17.0,2.0753,1,4,0.8,-1.365,0.2,-0.15,0.3697,0.1,-0.7,,,1,1,,2022,2025,2023.4,3,2020,2020,2005,4d37d9dfce4f1414,M,12.4,0
11.02,11.2417,11.115,0.2633,0.0234,11.65,0.63,11.0625,11.4075,10.985,11.2375,11.1225,0.2687,0.0239,11.62,0.635,11.0538,11.4388,-0.4466,0.054,-0.4603,0.63,0.0,0.463,6,6,2,1.0,16.0,17.0,4.4095,1,3,0.5,0.07,0.0,0.0833,0.5492,0.4,-0.55,,,1,1,,2023,2024,2023.6667,1,2020,2020,2005,813244d2273ad129,M,11.02,0
11.97,11.975,11.975,0.0071,0.0006,11.98,0.01,11.9725,11.9775,11.89,11.9275,11.9275,0.053,0.0044,11.965,0.075,11.9088,11.9462,,,,0.01,0.0,0.0247,2,2,1,0.0,17.0,17.0,4.9358,1,1,0.5,-0.01,0.0,0.95,0.9192,0.95,0.0,,,1,1,,2024,2024,2024.0,0,2020,2020,2005,f0617279449b62e8,M,11.64,0
11.15,11.2533,11.16,0.1704,0.0151,11.45,0.3,11.155,11.305,11.175,11.2633,11.175,0.153,0.0136,11.44,0.265,11.175,11.3075,0.3727,0.0405,0.3375,0.01,0.3,0.0118,3,3,2,1.0,17.0,17.0,3.5461,1,3,1.0,0.0,0.0,-0.2,0.3606,0.2,-0.4,,,1,1,,2023,2024,2023.3333,1,2020,2020,2005,0b69ae6b0bfa8f6e,M,11.15,0
10.57,11.0192,11.0,0.299,0.0271,11.65,1.08,10.84,11.18,10.545,11.0154,11.0,0.302,0.0274,11.675,1.13,10.88,11.175,-0.3559,0.1557,-0.3329,0.8,0.27,0.383,13,10,3,2.0,15.0,17.0,6.2231,1,7,0.5385,-0.125,0.0,0.0769,0.6287,0.6333,-0.4667,,,1,1,,2023,2025,2024.4615,2,2020,2020,2005,6b4f57d5b9ffeb1c,M,10.57,0
11.01,11.4983,11.605,0.3392,0.0295,11.87,0.86,11.2575,11.72,10.955,11.4825,11.58,0.3554,0.0309,11.87,0.915,11.2488,11.7238,-0.421,0.1036,-0.4384,0.72,0.0,0.4598,6,4,2,2.0,15.0,17.0,3.8313,1,3,0.5,0.05,0.3333,0.475,0.8421,1.2,-0.25,,,1,1,,2022,2024,2022.6667,2,2020,2020,2005,e916806347c4df44,M,10.96,0
11.02,11.4962,11.405,0.366,0.0318,12.12,1.1,11.32,11.625,10.975,11.4956,11.4,0.3692,0.0321,12.105,1.13,11.3262,11.655,-0.4495,0.1737,-0.4502,0.92,0.0,0.5084,8,8,3,2.0,16.0,17.0,4.4206,1,4,0.5,0.1475,0.125,0.0143,0.5757,0.5333,-0.5,,,1,1,,2022,2024,2023.25,2,2020,2020,2005,4e4b2069895e5002,M,11.02,0
11.45,11.475,11.475,0.0354,0.0031,11.5,0.05,11.4625,11.4875,11.45,11.5175,11.5175,0.0955,0.0083,11.585,0.135,11.4838,11.5512,,,,0.0,0.05,0.0,2,2,1,0.0,17.0,17.0,6.1907,1,2,1.0,0.0,0.0,-0.85,1.2021,0.0,-1.7,171.0,58.0,0,0,19.8352,2025,2025,2025.0,0,2020,2020,2005,bfa9544fd6efb83b,M,11.45,1
11.68,11.7842,11.755,0.0926,0.0079,11.96,0.28,11.71,11.8575,11.67,11.7946,11.7625,0.0968,0.0082,11.96,0.29,11.7225,11.875,-0.0475,0.0815,-0.0637,0.11,0.06,0.0482,12,12,3,2.0,14.0,15.0,5.2617,1,9,0.75,-0.01,0.0,-0.2083,0.6788,0.42,-0.7667,,,1,1,,2023,2025,2023.75,2,2020,2020,2005,28fe071aff1f4ec4,M,11.68,0
12.83,13.088,13.1,0.1666,0.0127,13.28,0.45,13.06,13.17,12.788,13.0556,13.1,0.1743,0.0134,13.25,0.462,13.0,13.14,-0.1587,0.1332,-0.1653,0.23,0.34,0.2585,5,3,2,1.0,16.0,17.0,5.6192,1,2,0.4,0.28,0.0,0.54,0.3647,0.675,0.0,,,1,1,,2024,2025,2024.4,1,2020,2020,2005,346dd148f0bd5c2f,F,12.83,0
12.91,13.104,13.0,0.2261,0.0173,13.4,0.49,12.92,13.29,12.838,13.0848,12.958,0.2549,0.0195,13.466,0.628,12.944,13.218,-0.5849,0.0507,-0.561,0.38,0.0,0.4705,5,5,2,1.0,16.0,17.0,6.1907,1,4,0.8,-0.2425,0.0,0.32,1.0281,1.0333,-0.75,,,1,1,,2023,2024,2023.6,1,2020,2020,2005,fc34521be5ee90ae,F,12.91,0
11.07,11.465,11.57,0.2661,0.0232,11.65,0.58,11.4375,11.5975,11.07,11.4588,11.5825,0.2593,0.0226,11.6,0.53,11.4525,11.5888,-0.3241,0.0849,-0.3204,0.58,0.0,0.3513,4,4,3,2.0,16.0,17.0,2.4229,1,4,1.0,0.0,0.25,0.1667,0.7371,1.0,-0.25,,,1,1,,2023,2025,2023.75,2,2020,2020,2005,be16e40987cf18f7,M,11.07,0
11.36,11.37,11.37,0.0141,0.0012,11.38,0.02,11.365,11.375,11.32,11.3625,11.3625,0.0601,0.0053,11.405,0.085,11.3412,11.3837,,,,0.02,0.0,0.3479,2,2,1,0.0,17.0,18.0,34.7857,1,2,1.0,0.0,0.0,0.15,1.4849,1.2,-0.9,,,1,1,,2023,2023,2023.0,0,2020,2020,2005,095d0658bf9a0f89,M,11.06,0
11.71,12.1078,12.08,0.3138,0.0259,12.61,0.9,11.89,12.38,11.765,12.0961,12.02,0.3101,0.0256,12.63,0.865,11.875,12.37,-0.3332,0.2679,-0.3694,0.75,0.67,0.3831,9,9,3,2.0,15.0,17.0,4.5976,1,4,0.4444,-0.2605,0.0,0.2333,0.7246,0.65,-0.6,,,1,1,,2023,2025,2023.8889,2,2020,2020,2005,6a74a5a7be3eeb38,M,11.71,0
11.45,11.64,11.67,0.121,0.0104,11.78,0.33,11.62,11.68,11.425,11.67,11.68,0.1637,0.014,11.82,0.395,11.61,11.815,-0.1247,0.0947,-0.0773,0.17,0.23,0.1848,5,4,2,1.0,16.0,17.0,5.4353,1,1,0.2,-0.0867,0.0,-0.6,1.3096,0.35,-1.2333,,,1,1,,2024,2025,2024.6,1,2020,2020,2005,0831754dfe2fd8e1,M,11.45,0
11.51,11.555,11.545,0.048,0.0042,11.62,0.11,11.525,11.575,11.5,11.5675,11.565,0.064,0.0055,11.64,0.14,11.5225,11.61,-0.0098,0.0404,-0.0008,0.11,0.05,0.0512,4,4,2,2.0,16.0,16.0,1.8635,1,4,1.0,0.0,0.0,-0.25,0.4435,0.2,-0.6,,,1,1,,2023,2025,2024.0,2,2020,2020,2005,a42ff60f010b3f7e,M,11.51,0
11.12,11.3217,11.335,0.1463,0.0129,11.55,0.43,11.2425,11.3675,11.08,11.3333,11.355,0.1682,0.0148,11.585,0.505,11.2638,11.3825,-0.1682,0.0779,-0.1793,0.24,0.0,0.1535,6,6,3,2.0,16.0,18.0,3.838,1,1,0.1667,0.014,0.1667,-0.28,0.638,0.8,-0.55,,,1,1,,2022,2024,2023.1667,2,2020,2020,2005,d3dd203720344069,M,11.12,0
12.11,12.546,12.54,0.4346,0.0346,13.04,0.93,12.12,12.92,12.085,12.544,12.585,0.4353,0.0347,13.04,0.955,12.12,12.89,-0.8033,0.1948,-0.7822,0.93,0.43,0.8688,5,5,2,1.0,17.0,18.0,4.6707,1,4,0.8,0.4675,0.2,0.05,0.6856,0.55,-0.9,,,1,1,,2024,2025,2024.6,1,2020,2020,2005,6bfa7f8dcadcd619,M,12.11,0
10.89,11.27,11.41,0.3329,0.0295,11.51,0.62,11.15,11.46,10.905,11.275,11.39,0.328,0.0291,11.53,0.625,11.1475,11.46,-0.359,0.0408,-0.3495,0.52,0.0,0.3275,3,2,2,2.0,15.0,16.0,1.8892,1,2,0.6667,0.36,0.0,-0.1,0.4359,0.4,-0.35,,,1,1,,2023,2025,2023.6667,2,2020,2020,2005,96276b37aee84004,M,10.89,0
11.77,11.968,11.85,0.2992,0.025,12.49,0.72,11.79,11.94,11.755,11.967,11.835,0.2971,0.0248,12.485,0.73,11.82,11.94,-0.7275,0.0838,-0.7248,0.72,0.0,0.6831,5,5,2,1.0,17.0,18.0,4.7435,1,3,0.6,-0.3133,0.0,0.02,0.3701,0.2333,-0.6,,,1,1,,2023,2024,2023.8,1,2020,2020,2005,1d24bd1699e3be69,M,11.7,0
11.35,11.5,11.5,0.2121,0.0184,11.65,0.3,11.425,11.575,11.35,11.5625,11.5625,0.3005,0.026,11.775,0.425,11.4562,11.6688,,,,0.0,0.3,0.0,2,2,1,0.0,17.0,17.0,73.05,0,0,0.0,0.0,0.0,-1.25,1.7678,0.0,-2.5,,,1,1,,2025,2025,2025.0,0,2020,2020,2005,3aaf167f354bc368,M,11.35,0
11.46,11.735,11.77,0.2304,0.0196,11.94,0.48,11.5875,11.9175,11.415,11.725,11.7675,0.2469,0.0211,11.95,0.535,11.5838,11.9088,-0.4063,0.0763,-0.421,0.45,0.0,0.4038,4,4,2,1.0,16.0,18.0,3.5897,1,2,0.5,-0.1,0.0,0.2,0.5228,0.6,-0.2,,,1,1,,2023,2024,2023.5,1,2020,2020,2005,d290b38d69594d8a,M,11.46,0
12.01,12.34,12.3,0.3427,0.0278,12.75,0.74,12.085,12.555,12.03,12.3388,12.2875,0.3385,0.0274,12.75,0.72,12.0788,12.5475,-0.3061,0.2001,-0.3094,0.48,0.1,0.2632,4,4,3,2.0,15.0,16.0,2.1937,1,4,1.0,0.0,0.0,0.025,0.3096,0.25,-0.4,,,1,1,,2023,2025,2023.75,2,2020,2020,2005,e19750095b809afb,M,12.01,0
11.88,11.89,11.89,0.0141,0.0012,11.9,0.02,11.885,11.895,11.9,11.905,11.905,0.0071,0.0006,11.91,0.01,11.9025,11.9075,,,,0.0,0.02,0.0,2,2,1,0.0,17.0,17.0,34.7857,1,2,1.0,0.0,0.0,-0.3,0.1414,0.0,-0.3,,,1,1,,2023,2023,2023.0,0,2020,2020,2005,5b816ece0f1df1e8,M,11.43,0
10.98,11.3183,11.26,0.2369,0.0209,11.63,0.65,11.2325,11.4825,10.975,11.3333,11.2975,0.2336,0.0206,11.63,0.655,11.2612,11.4875,-0.1616,0.0813,-0.1508,0.57,0.25,0.2135,6,3,2,3.0,14.0,17.0,2.2477,1,1,0.1667,-0.36,0.3333,-0.45,0.6028,0.1,-0.6333,,,1,1,,2022,2025,2024.0,3,2020,2020,2005,69e80227dd28837f,M,10.98,0
11.87,12.113,12.16,0.134,0.0111,12.34,0.47,12.0,12.2075,11.768,12.1055,12.093,0.1688,0.0139,12.43,0.662,11.9985,12.2265,-0.0699,0.1128,-0.0809,0.47,0.36,0.1519,20,15,4,3.0,14.0,16.0,6.4646,1,9,0.45,-0.0178,0.0,0.125,1.014,0.87,-0.775,,,1,1,,2022,2025,2024.5,3,2020,2020,2005,e0728676d65bd404,F,11.87,0
11.06,11.264,11.21,0.1823,0.0162,11.46,0.4,11.14,11.45,11.055,11.265,11.21,0.1837,0.0163,11.49,0.435,11.15,11.42,-0.3783,0.0573,-0.3759,0.4,0.15,0.4387,5,4,2,1.0,17.0,18.0,5.4842,1,3,0.6,-0.14,0.0,-0.02,0.5762,0.45,-0.5,,,1,1,,2023,2024,2023.6,1,2020,2020,2005,869a261b170f6498,M,11.06,0
11.71,11.725,11.725,0.0212,0.0018,11.74,0.03,11.7175,11.7325,11.72,11.7375,11.7375,0.0247,0.0021,11.755,0.035,11.7288,11.7462,,,,0.0,0.03,0.0,2,2,1,0.0,17.0,17.0,29.22,1,2,1.0,0.0,0.0,-0.25,0.0707,0.0,-0.25,,,1,1,,2023,2023,2023.0,0,2020,2020,2005,16ab9ad40ddf1846,M,11.28,0
12.11,12.5133,12.215,0.6454,0.0516,14.38,2.27,12.1575,12.535,12.116,12.5458,12.247,0.6485,0.0517,14.374,2.258,12.1635,12.703,-0.2104,0.6337,-0.2284,0.74,2.27,0.2624,12,9,4,3.0,14.0,16.0,4.2553,1,7,0.5833,-0.0194,0.0,-0.5417,1.074,0.18,-1.0571,,,1,1,,2022,2025,2024.0833,3,2020,2020,2005,3536621a5fae2061,F,12.11,0
11.19,11.3575,11.375,0.1464,0.0129,11.49,0.3,11.2575,11.475,11.22,11.35,11.345,0.1304,0.0115,11.49,0.27,11.25,11.445,-0.1669,0.0247,-0.1488,0.3,0.0,0.1919,4,4,2,2.0,16.0,18.0,2.5587,1,1,0.25,0.1033,0.25,0.2,0.7211,0.6,-0.6,,,1,1,,2022,2024,2023.0,2,2020,2020,2005,1e0200cddadb9509,M,11.03,0
11.94,12.115,12.115,0.2475,0.0204,12.29,0.35,12.0275,12.2025,11.94,12.1275,12.1275,0.2652,0.0219,12.315,0.375,12.0338,12.2212,,,,0.35,0.0,0.6764,2,2,2,1.0,17.0,18.0,3.8651,1,1,0.5,0.35,0.0,-0.25,0.3536,0.0,-0.5,,,1,1,,2023,2024,2023.5,1,2020,2020,2005,2d05af3b9c75918e,M,11.68,0
11.55,11.9453,11.92,0.2253,0.0189,12.43,0.88,11.765,12.1,11.52,11.9386,11.908,0.2478,0.0208,12.466,0.946,11.736,12.088,-0.3629,0.1434,-0.3924,0.66,0.45,0.5865,19,13,2,1.0,16.0,17.0,16.885,1,9,0.4737,0.0737,0.0,0.1105,0.5141,0.3571,-0.58,,,1,1,,2024,2025,2024.6316,1,2020,2020,2005,9d13cee45e7881b5,F,11.55,0
11.29,11.552,11.59,0.1912,0.0166,11.78,0.49,11.44,11.66,11.285,11.557,11.625,0.2328,0.0201,11.855,0.57,11.36,11.66,-0.317,0.1277,-0.3489,0.37,0.0,0.3474,5,5,2,1.0,15.0,16.0,4.6947,1,3,0.6,0.28,0.0,-0.1,1.1467,0.85,-1.1,,,1,1,,2024,2025,2024.2,1,2020,2020,2005,eec5d048a86e9ec6,M,11.29,0
13.07,13.1567,13.15,0.0902,0.0069,13.25,0.18,13.11,13.2,12.98,13.1287,13.156,0.1371,0.0104,13.25,0.27,13.068,13.203,-0.0776,0.0666,-0.0557,0.18,0.08,0.1836,3,3,2,1.0,17.0,17.0,3.0608,1,2,0.6667,0.14,0.0,0.4667,0.8963,1.5,-0.1,,,1,1,,2023,2024,2023.3333,1,2020,2020,2005,42c1d80fe384e975,F,12.99,0
12.24,12.31,12.31,0.099,0.008,12.38,0.14,12.275,12.345,12.295,12.35,12.35,0.0778,0.0063,12.405,0.11,12.3225,12.3775,,,,0.0,0.14,0.0,2,2,1,0.0,18.0,18.0,8.6964,1,2,1.0,0.0,0.0,-0.8,0.4243,0.0,-0.8,170.0,56.0,0,0,19.3772,2025,2025,2025.0,0,2020,2020,2005,e2bd0fd302f31df6,M,12.24,1
12.41,12.7573,12.78,0.2778,0.0218,13.14,0.73,12.475,12.99,12.38,12.7676,12.78,0.2997,0.0235,13.23,0.85,12.472,12.984,-0.1696,0.2063,-0.1891,0.73,0.37,0.2469,11,9,3,3.0,15.0,17.0,3.7201,1,4,0.3636,0.2225,0.0909,-0.19,0.5971,0.3333,-0.58,,,1,1,,2022,2025,2024.0909,3,2020,2020,2005,b3061f803bd7edef,F,12.41,0
10.9,11.298,11.28,0.3311,0.0293,11.72,0.82,11.0125,11.6325,10.925,11.2845,11.26,0.3278,0.029,11.7,0.775,10.9625,11.6125,-0.3273,0.1323,-0.307,0.79,0.11,0.3747,10,6,3,2.0,15.0,17.0,4.7435,1,1,0.1,-0.4517,0.0,0.27,0.7818,0.86,-0.4,,,1,1,,2023,2025,2023.8,2,2020,2020,2005,8f08f7df100284ee,M,10.9,0
11.57,11.605,11.605,0.0495,0.0043,11.64,0.07,11.5875,11.6225,11.545,11.5725,11.5725,0.0389,0.0034,11.6,0.055,11.5588,11.5863,,,,0.0,0.07,0.0,2,2,1,0.0,18.0,18.0,42.9706,0,0,0.0,0.0,0.0,0.65,0.2121,0.65,0.0,,,1,1,,2024,2024,2024.0,0,2020,2020,2005,fe2adecbad0dabab,M,11.3,0
11.6,11.72,11.72,0.1697,0.0145,11.84,0.24,11.66,11.78,11.585,11.755,11.755,0.2404,0.0205,11.925,0.34,11.67,11.84,,,,0.0,0.24,0.0,2,2,1,0.0,18.0,18.0,34.7857,1,2,1.0,0.0,0.0,-0.7,1.4142,0.3,-1.7,,,1,1,,2023,2023,2023.0,0,2020,2020,2005,04a52d188e277c5e,M,11.4,0
12.67,12.9046,12.91,0.1224,0.0095,13.1,0.43,12.84,13.0,12.592,12.8886,12.9018,0.1281,0.0099,13.094,0.502,12.84,12.978,0.0044,0.1176,-0.0284,0.33,0.22,0.1018,13,7,4,3.0,14.0,17.0,4.0103,1,5,0.3846,0.0749,0.0,0.2669,0.8334,0.945,-0.7333,,,1,1,,2022,2025,2023.4615,3,2020,2020,2005,3ae7c129d3a33c1b,F,12.67,0
12.13,12.4253,12.32,0.3582,0.0288,13.5,1.37,12.195,12.5,12.004,12.4229,12.334,0.3564,0.0287,13.428,1.424,12.191,12.519,-0.3406,0.2031,-0.3509,1.37,0.07,0.6208,15,13,3,2.0,14.0,16.0,6.7975,1,3,0.2,-0.2476,0.0,0.04,0.8798,0.8667,-0.5111,,,1,1,,2023,2025,2024.5333,2,2020,2020,2005,cd8efe7396ec7fce,F,12.13,0
11.47,11.625,11.625,0.2192,0.0189,11.78,0.31,11.5475,11.7025,11.45,11.59,11.59,0.198,0.0171,11.73,0.28,11.52,11.66,,,,0.31,0.0,3.7742,2,2,1,0.0,17.0,17.0,24.35,1,2,1.0,0.0,0.0,0.7,0.4243,0.7,0.0,180.0,68.0,0,0,20.9877,2023,2023,2023.0,0,2020,2020,2005,6255450c2b3b456c,M,11.16,1
12.8,12.912,12.89,0.1105,0.0086,13.09,0.29,12.85,12.93,12.806,12.918,12.89,0.1061,0.0082,13.09,0.284,12.874,12.93,-0.1017,0.0756,-0.095,0.09,0.05,0.0856,5,3,2,1.0,16.0,17.0,4.7559,1,1,0.2,0.0133,0.0,-0.1,0.1732,0.0,-0.25,,,1,1,,2023,2024,2023.4,1,2020,2020,2005,bd3b20b1065e1a48,F,12.8,0
11.06,11.43,11.425,0.3797,0.0332,11.81,0.75,11.1275,11.7275,11.07,11.4463,11.4525,0.3613,0.0316,11.81,0.74,11.175,11.7237,-0.3802,0.0962,-0.3541,0.75,0.09,0.4064,4,4,2,2.0,16.0,17.0,2.1677,1,1,0.25,0.4933,0.25,-0.4333,0.6807,0.1,-0.7,,,1,1,,2022,2024,2023.0,2,2020,2020,2005,b8cb842a20456db2,M,10.59,0
10.92,11.015,11.015,0.1344,0.0122,11.11,0.19,10.9675,11.0625,10.92,11.0225,11.0225,0.145,0.0132,11.125,0.205,10.9712,11.0738,,,,0.19,0.0,2.4785,2,2,1,0.0,18.0,18.0,26.0893,0,0,0.0,0.0,0.0,-0.15,0.2121,0.0,-0.3,175.0,60.0,0,0,19.5918,2025,2025,2025.0,0,2020,2020,2005,0047704ef5f83f60,M,10.92,1
12.59,12.7214,12.73,0.1098,0.0086,12.93,0.34,12.66,12.74,12.578,12.7454,12.706,0.1775,0.0139,13.122,0.544,12.654,12.752,-0.0995,0.0862,-0.0986,0.15,0.0,0.124,7,6,2,1.0,16.0,17.0,5.7845,1,2,0.2857,-0.159,0.0,-0.4,1.3796,0.85,-1.125,,,1,1,,2024,2025,2024.2857,1,2020,2020,2005,2d5010fe2c03c7f0,F,12.59,0
10.81,11.097,11.05,0.2174,0.0196,11.47,0.66,10.9275,11.205,10.775,11.088,11.075,0.2238,0.0202,11.475,0.7,10.9188,11.2138,-0.2247,0.1225,-0.2293,0.62,0.0,0.287,20,17,3,2.0,15.0,17.0,9.2586,1,7,0.35,0.0195,0.05,0.1895,0.5322,0.5167,-0.4333,,,1,1,,2023,2025,2024.1,2,2020,2020,2005,4d993077e09f250b,M,10.81,0
12.48,12.7437,12.665,0.3041,0.0239,13.47,0.99,12.6225,12.705,12.45,12.7385,12.672,0.3074,0.0241,13.434,0.984,12.5835,12.7485,-0.4298,0.0855,-0.4135,0.99,0.21,0.4981,8,5,2,2.0,16.0,18.0,4.0248,1,3,0.375,0.2475,0.0,0.0875,0.9687,0.8,-0.8333,,,1,1,,2021,2023,2022.75,2,2020,2020,2005,2b7564dc6ed89a60,F,12.42,0
12.19,12.4992,12.49,0.304,0.0243,13.33,1.14,12.3175,12.5525,12.124,12.4972,12.469,0.3252,0.026,13.348,1.224,12.3175,12.6015,-0.1679,0.2515,-0.1706,0.32,0.14,0.1672,12,9,3,2.0,14.0,15.0,6.2704,1,6,0.5,0.195,0.0,0.0333,0.7475,0.64,-0.7,,,1,1,,2023,2025,2023.8333,2,2020,2020,2005,c21148b2813a2cbc,F,12.19,0
11.33,11.445,11.445,0.1626,0.0142,11.56,0.23,11.3875,11.5025,11.31,11.4625,11.4625,0.2157,0.0188,11.615,0.305,11.3862,11.5388,,,,0.0,0.23,0.0,2,2,1,0.0,18.0,18.0,146.1,1,1,0.5,0.23,0.0,-0.35,1.0607,0.4,-1.1,,,1,1,,2023,2023,2023.0,0,2020,2020,2005,d3f6dd0350d9a62e,M,10.88,0
11.64,11.68,11.66,0.0529,0.0045,11.74,0.1,11.65,11.7,11.55,11.6533,11.665,0.098,0.0084,11.745,0.195,11.6075,11.705,1.2891,0.0327,3.3302,0.0,0.1,0.0,3,2,1,0.0,15.0,15.0,64.4559,1,1,0.3333,-0.09,0.0,0.5333,1.097,1.8,-0.1,,,1,1,,2024,2024,2024.0,0,2020,2020,2005,c3ead1782a5f5924,M,11.64,0
14.45,14.8933,14.66,0.5953,0.04,15.57,1.12,14.555,15.115,14.522,14.8653,14.624,0.5089,0.0342,15.45,0.928,14.573,15.037,-0.467,0.3069,-0.423,1.12,0.21,0.5666,3,3,3,2.0,14.0,15.0,1.5177,0,0,0.0,0.0,0.0,0.4667,1.6042,1.3,-1.2,,,1,1,,2023,2025,2024.0,2,2020,2020,2005,a86566e271ae4f94,F,14.45,0
11.26,11.888,12.11,0.5504,0.0463,12.56,1.3,11.38,12.13,11.265,11.929,12.14,0.5906,0.0495,12.59,1.325,11.35,12.3,-0.6522,0.203,-0.6957,1.3,0.0,0.7328,5,5,3,2.0,16.0,17.0,2.8183,1,1,0.2,-0.84,0.0,-0.82,1.721,0.6,-1.175,,,1,1,,2023,2025,2023.6,2,2020,2020,2005,b663149a30ca2152,M,11.26,0
12.77,12.98,13.05,0.156,0.012,13.16,0.39,12.845,13.095,12.746,12.9843,13.02,0.1701,0.0131,13.172,0.426,12.848,13.128,-0.1591,0.0471,-0.169,0.34,0.1,0.1592,7,5,3,2.0,15.0,17.0,3.2779,1,4,0.5714,-0.005,0.0,-0.0714,0.4821,0.4,-0.425,,,1,1,,2023,2025,2024.1429,2,2020,2020,2005,37b3a6afc7963b79,F,12.77,0
12.84,13.0588,13.045,0.1347,0.0103,13.3,0.46,13.0225,13.0875,12.9,13.0925,13.056,0.1651,0.0126,13.438,0.538,13.003,13.1235,-0.2703,0.0876,-0.2184,0.22,0.0,0.216,8,6,2,1.0,15.0,16.0,7.8548,1,5,0.625,-0.0673,0.0,-0.5625,0.9273,0.55,-0.9333,,,1,1,,2024,2025,2024.125,1,2020,2020,2005,3cf4419c7c48e0b2,F,12.84,0
12.53,12.68,12.65,0.1214,0.0096,12.86,0.33,12.64,12.72,12.548,12.6896,12.698,0.1055,0.0083,12.842,0.294,12.658,12.702,-0.1361,0.0842,-0.14,0.33,0.19,0.2961,5,3,2,1.0,15.0,16.0,4.4871,1,3,0.6,0.04,0.0,-0.16,0.4669,0.3,-0.4667,,,1,1,,2023,2024,2023.6,1,2020,2020,2005,946e79aebad8e660,F,12.53,0
10.85,11.1867,11.02,0.3657,0.0327,11.96,1.11,10.945,11.2575,10.815,11.2046,11.015,0.404,0.0361,12.095,1.28,10.9425,11.3288,-0.5046,0.1658,-0.5197,0.76,0.13,0.4729,12,10,3,2.0,16.0,17.0,7.4668,1,5,0.4167,-0.1953,0.1667,-0.43,1.1982,0.9,-1.1667,,,1,1,,2023,2025,2024.25,2,2020,2020,2005,0eb3cadf17a8119a,M,10.85,0
12.25,12.5667,12.56,0.2659,0.0212,13.03,0.78,12.42,12.61,12.178,12.5577,12.554,0.3105,0.0247,13.06,0.882,12.3615,12.6655,-0.3125,0.1113,-0.3538,0.78,0.13,0.4024,6,5,3,2.0,16.0,18.0,3.0953,1,3,0.5,0.1067,0.1667,0.18,1.1122,0.9,-0.9,,,1,1,,2022,2024,2023.5,2,2020,2020,2005,0cfd53417b9cdbb2,F,12.25,0
11.54,11.61,11.56,0.1044,0.009,11.73,0.19,11.55,11.645,11.54,11.6367,11.64,0.095,0.0082,11.73,0.19,11.59,11.685,-0.1415,0.0603,-0.1725,0.19,0.0,0.1944,3,3,2,1.0,15.0,16.0,3.0693,1,2,0.6667,-0.075,0.6667,-1.6,0.0,0.0,-1.6,,,1,1,,2024,2025,2024.3333,1,2020,2020,2005,71c5d9b4e0f7b8f5,M,11.54,0
12.23,12.3156,12.3,0.0775,0.0063,12.46,0.23,12.27,12.34,12.184,12.3176,12.278,0.1081,0.0088,12.496,0.312,12.248,12.36,0.019,0.0742,-0.1081,0.0,0.11,0.0,9,6,1,1.0,16.0,16.0,11.9536,1,3,0.3333,0.0725,0.0,-0.0333,0.9247,0.675,-0.6,,,1,1,,2025,2025,2025.0,0,2020,2020,2005,c2a0168fe306441e,F,12.23,0
10.63,11.1193,10.95,0.4514,0.0406,12.41,1.78,10.85,11.27,10.5,11.1029,10.965,0.4823,0.0434,12.42,1.92,10.7962,11.3212,-0.0575,0.4382,-0.0916,0.64,1.78,0.3121,14,11,3,2.0,15.0,16.0,6.8271,1,2,0.1429,-0.94,0.0,0.3286,1.1691,1.2571,-0.84,,,1,1,,2023,2025,2024.7143,2,2020,2020,2005,c5e1c7529f6fa795,M,10.63,0
13.11,13.1875,13.185,0.0665,0.005,13.27,0.16,13.155,13.2175,13.146,13.189,13.164,0.0633,0.0048,13.282,0.136,13.1505,13.2025,-0.0019,0.0576,-0.0301,0.0,0.09,0.0,4,2,2,3.0,14.0,14.0,1.5046,1,2,0.5,0.065,0.0,-0.025,0.8461,0.6,-0.65,,,1,1,,2022,2025,2023.5,3,2020,2020,2005,0a5fb9482c4ebe46,F,13.11,0
11.69,11.755,11.755,0.0919,0.0078,11.82,0.13,11.7225,11.7875,11.655,11.7475,11.7475,0.1308,0.0111,11.84,0.185,11.7012,11.7938,,,,0.13,0.0,0.1301,2,2,2,1.0,16.0,17.0,2.0014,0,0,0.0,0.0,0.0,0.15,0.7778,0.7,-0.4,,,1,1,,2024,2025,2024.5,1,2020,2020,2005,3c1f06f9997dbf1b,M,11.69,0
12.24,12.6711,12.69,0.311,0.0245,13.16,0.92,12.51,12.9,12.246,12.6951,12.726,0.3234,0.0255,13.184,0.938,12.498,12.93,-0.2783,0.1349,-0.2856,0.66,0.05,0.2478,9,7,4,3.0,15.0,18.0,3.3785,1,4,0.4444,0.1145,0.0,-0.4,0.5339,0.3,-0.6,,,1,1,,2022,2025,2023.6667,3,2020,2020,2005,4fdde170ceb979fc,F,12.24,0
11.42,11.72,11.735,0.2091,0.0178,12.02,0.6,11.605,11.82,11.42,11.74,11.775,0.2102,0.0179,12.02,0.6,11.6313,11.8438,-0.4628,0.0615,-0.4836,0.6,0.0,0.5619,6,6,2,1.0,16.0,17.0,5.6192,1,2,0.3333,-0.0825,0.5,-0.8,0.8544,0.0,-1.2,,,1,1,,2024,2025,2024.1667,1,2020,2020,2005,f65765b88c0aa3bf,M,11.42,0
12.33,12.6978,12.62,0.3202,0.0252,13.12,0.79,12.43,13.03,12.204,12.6878,12.602,0.3487,0.0275,13.12,0.916,12.352,13.036,-0.5314,0.1032,-0.5412,0.7,0.02,0.5197,9,7,2,1.0,14.0,15.0,6.6814,1,3,0.3333,0.2217,0.0,0.1667,1.07,0.84,-0.9,160.0,50.0,0,0,19.5312,2024,2025,2024.6667,1,2020,2020,2010,fbd6480e4870aadb,F,12.33,1
12.22,12.5129,12.4,0.3982,0.0318,13.37,1.15,12.285,12.515,12.052,12.4631,12.386,0.3935,0.0316,13.28,1.228,12.286,12.476,-0.3302,0.1986,-0.3073,1.15,0.21,0.3864,7,5,3,3.0,14.0,15.0,2.3521,1,4,0.5714,0.3217,0.0,0.8286,1.3622,1.48,-1.6,,,1,1,,2022,2025,2024.2857,3,2020,2020,2005,b9dbfec854986027,F,12.22,0
12.55,13.6771,13.23,1.3796,0.1009,16.27,3.72,12.775,14.07,12.382,13.618,13.166,1.4085,0.1034,16.18,3.798,12.718,14.081,0.833,0.7119,0.8881,0.0,2.31,0.0,7,6,3,3.0,14.0,14.0,2.4098,1,4,0.5714,-0.4092,0.0,0.9857,1.6355,1.82,-1.1,,,1,1,,2022,2025,2022.7143,3,2020,2020,2005,3316ceb243a56473,F,12.55,0
12.16,12.6956,12.61,0.4638,0.0365,13.57,1.41,12.38,13.05,12.1,12.6982,12.65,0.4662,0.0367,13.558,1.458,12.38,13.008,-0.4765,0.1775,-0.4738,1.41,0.01,0.5171,9,6,4,3.0,15.0,18.0,3.3005,1,6,0.6667,-0.1383,0.2222,-0.0571,1.5043,0.68,-1.9,,,1,1,,2022,2025,2023.8889,3,2020,2020,2005,11cbfe4705d6a9d1,F,12.16,0
10.93,11.1429,11.09,0.2116,0.019,11.55,0.62,11.01,11.205,10.92,11.1471,11.135,0.209,0.0187,11.535,0.615,11.015,11.205,-0.2009,0.1284,-0.1639,0.62,0.12,0.2396,7,5,3,3.0,15.0,18.0,2.7056,1,3,0.4286,-0.0033,0.1429,-0.1,0.8025,0.275,-1.7,,,1,1,,2020,2023,2022.1429,3,2020,2020,2005,51fc485cc950e353,M,10.67,0
12.76,12.9882,12.92,0.206,0.0159,13.46,0.7,12.86,13.075,12.688,12.986,13.014,0.2131,0.0164,13.442,0.754,12.841,13.083,0.0501,0.1925,0.1088,0.0,0.14,0.0,11,8,3,2.0,15.0,15.0,4.8997,1,2,0.1818,0.0843,0.0,0.0364,0.9973,0.7167,-0.975,,,1,1,,2023,2025,2024.0,2,2020,2020,2005,454fce2a8acb372a,F,12.76,0
12.72,13.227,13.18,0.366,0.0277,13.8,1.08,12.92,13.5,12.696,13.2204,13.196,0.3736,0.0283,13.794,1.098,12.9315,13.5,-0.3848,0.0837,-0.3872,0.92,0.13,0.3701,10,6,3,2.0,14.0,17.0,4.0226,1,4,0.4,-0.0383,0.0,0.11,0.8837,0.5667,-1.15,,,1,1,,2023,2025,2024.2,2,2020,2020,2005,bd8d2c7530fa3bee,F,12.72,0
13.43,13.43,13.43,0.0,0.0,13.43,0.0,13.43,13.43,13.436,13.478,13.478,0.0594,0.0044,13.52,0.084,13.457,13.499,,,,0.0,0.0,0.0,2,2,1,0.0,14.0,14.0,19.2237,1,1,0.5,0.0,0.0,-0.8,0.9899,0.0,-0.8,168.0,45.0,0,0,15.9439,2025,2025,2025.0,0,2020,2020,2010,c6174d8081b5b78a,F,13.43,1
11.38,11.46,11.46,0.1131,0.0099,11.54,0.16,11.42,11.5,11.395,11.4875,11.4875,0.1308,0.0114,11.58,0.185,11.4412,11.5338,,,,0.16,0.0,2.435,2,2,1,0.0,17.0,17.0,30.4375,0,0,0.0,0.0,0.0,-0.55,0.3536,0.0,-0.55,176.0,70.0,0,0,22.5981,2020,2020,2020.0,0,2020,2020,2000,7754f630746ee39a,M,10.75,1
12.28,12.468,12.48,0.1475,0.0118,12.72,0.44,12.33,12.5675,12.204,12.4584,12.495,0.1761,0.0141,12.732,0.528,12.3025,12.578,-0.2891,0.081,-0.3409,0.33,0.11,0.3075,10,5,2,1.0,16.0,17.0,9.3176,1,2,0.2,0.02,0.0,0.16,1.0606,1.65,-0.34,,,1,1,,2023,2024,2023.8,1,2020,2020,2005,87282a604c24a28b,F,12.28,0
12.75,13.2043,13.43,0.3488,0.0264,13.54,0.79,12.88,13.475,12.6,13.1846,13.45,0.3895,0.0295,13.54,0.94,12.871,13.48,-0.3669,0.1784,-0.4071,0.68,0.1,0.2939,7,6,3,2.0,15.0,16.0,3.0257,1,2,0.2857,-0.0475,0.0,0.3286,1.128,1.2667,-0.75,,,1,1,,2023,2025,2024.2857,2,2020,2020,2005,409a510a8ad15580,F,12.75,0
12.43,12.57,12.59,0.12,0.0095,12.67,0.24,12.49,12.67,12.388,12.5565,12.584,0.1338,0.0107,12.67,0.282,12.4795,12.661,-2.0871,0.102,-3.496,0.08,0.24,4.1743,4,2,1,0.0,18.0,18.0,208.7143,1,2,0.5,-0.04,0.5,0.45,0.3536,0.45,0.0,,,1,1,,2022,2022,2022.0,0,2020,2020,2005,4dd36800764ff38e,F,12.43,0
11.68,11.69,11.69,0.0141,0.0012,11.7,0.02,11.685,11.695,11.68,11.69,11.69,0.0141,0.0012,11.7,0.02,11.685,11.695,,,,0.02,0.0,0.087,2,2,1,0.0,18.0,18.0,8.6964,1,2,1.0,0.0,0.0,0.0,0.5657,0.4,-0.4,181.0,70.0,0,0,21.3669,2025,2025,2025.0,0,2020,2020,2005,8950572862f636a6,M,11.68,1
12.83,13.0229,12.92,0.2318,0.0178,13.39,0.56,12.855,13.155,12.812,13.0066,12.902,0.2343,0.018,13.378,0.566,12.867,13.11,-0.0487,0.2093,-0.0466,0.09,0.01,0.0341,7,5,3,3.0,14.0,17.0,2.6522,1,3,0.4286,0.2558,0.0,0.2714,0.6075,0.48,-0.5,175.0,63.0,0,0,20.5714,2020,2023,2022.0,3,2020,2020,2005,11e0c7a10482ce01,F,12.4,1
12.65,13.012,13.02,0.2988,0.023,13.32,0.67,12.78,13.29,12.668,13.0072,13.08,0.2741,0.0211,13.278,0.61,12.774,13.236,-0.3211,0.0863,-0.2888,0.64,0.0,0.3138,5,3,3,2.0,15.0,18.0,2.4513,1,2,0.4,-0.0383,0.0,0.08,0.7694,0.5667,-0.65,,,1,1,,2023,2025,2023.8,2,2020,2020,2005,edc40f8852a5700a,F,12.65,0
12.25,12.6225,12.565,0.2946,0.0233,13.33,1.08,12.4175,12.7325,12.172,12.6322,12.594,0.3222,0.0255,13.33,1.158,12.4215,12.809,-0.2549,0.155,-0.3106,0.7,0.23,0.2935,12,6,3,2.0,15.0,17.0,5.0321,1,5,0.4167,0.177,0.0,-0.1608,1.0247,0.8925,-0.9167,,,1,1,,2022,2024,2023.1667,2,2020,2020,2005,a9695526dcad6ba6,F,12.25,0
12.48,12.9782,12.81,0.3485,0.0269,13.59,1.11,12.765,13.2,12.444,12.974,12.804,0.3692,0.0285,13.59,1.146,12.769,13.245,-0.2902,0.092,-0.3041,1.01,0.0,0.3323,11,7,4,3.0,14.0,17.0,3.6196,1,5,0.4545,-0.0473,0.0,0.07,0.7082,0.4783,-1.05,,,1,1,,2022,2025,2023.7273,3,2020,2020,2005,a5f747e79f359e48,F,12.48,0
12.22,12.6945,12.66,0.3801,0.0299,13.46,1.24,12.4,12.925,12.142,12.6662,12.648,0.3737,0.0295,13.424,1.282,12.402,12.881,-0.4724,0.1017,-0.4417,1.24,0.14,0.5913,11,9,3,2.0,16.0,18.0,5.2451,1,8,0.7273,-0.085,0.0909,0.52,0.5673,0.7,-0.4,,,1,1,,2022,2024,2023.1818,2,2020,2020,2005,1c8d1d6d8b378cb1,F,12.22,0
12.51,12.8455,12.82,0.2162,0.0168,13.25,0.74,12.7,13.005,12.396,12.8782,12.824,0.2718,0.0211,13.43,1.034,12.7035,13.071,-0.1852,0.1485,-0.2043,0.53,0.13,0.2283,20,13,3,2.0,15.0,17.0,8.6144,1,7,0.35,-0.0453,0.0,-0.545,1.3133,0.8667,-1.3417,,,1,1,,2023,2025,2024.15,2,2020,2020,2005,8a8bf120787bd46d,F,12.51,0
13.26,13.45,13.51,0.1682,0.0125,13.58,0.32,13.385,13.545,13.344,13.484,13.504,0.1311,0.0097,13.604,0.26,13.424,13.554,0.0337,0.1356,-0.0035,0.32,0.25,0.2156,3,3,2,1.0,15.0,16.0,2.0217,0,0,0.0,0.0,0.0,-0.5667,0.7638,0.1,-0.9,,,1,1,,2024,2025,2024.3333,1,2020,2020,2005,50bf6d78a287cdba,F,13.26,0
12.48,12.73,12.735,0.1854,0.0146,13.02,0.54,12.565,12.8675,12.432,12.7465,12.78,0.2154,0.0169,13.062,0.63,12.577,12.8815,-0.1328,0.1487,-0.1396,0.54,0.41,0.2199,12,9,3,2.0,14.0,16.0,4.8863,1,4,0.3333,-0.105,0.0,-0.275,1.3295,0.975,-1.2,,,1,1,,2023,2025,2024.1667,2,2020,2020,2005,b4537ee46a5d50cb,F,12.48,0
13.11,13.406,13.21,0.356,0.0266,13.86,0.75,13.13,13.72,13.158,13.4252,13.186,0.3457,0.0257,13.848,0.69,13.178,13.756,-0.0114,0.3183,0.0094,0.75,0.61,0.4095,5,4,3,2.0,15.0,15.0,2.7298,1,1,0.2,-0.5133,0.0,-0.32,0.5762,0.3,-0.7333,,,1,1,,2023,2025,2024.0,2,2020,2020,2005,36dbac04d72733c2,F,13.11,0
12.47,12.6867,12.73,0.1367,0.0108,12.86,0.39,12.56,12.77,12.418,12.6473,12.678,0.1488,0.0118,12.86,0.442,12.518,12.738,-0.0021,0.1288,0.0632,0.28,0.39,0.234,9,7,2,1.0,16.0,17.0,7.5223,1,4,0.4444,-0.123,0.2222,0.8429,0.6451,1.18,0.0,,,1,1,,2024,2025,2024.5556,1,2020,2020,2005,33bde3fb8b5bbc0b,F,12.47,0
10.81,11.0529,11.0,0.2118,0.0192,11.38,0.57,10.915,11.175,10.805,11.0893,11.065,0.2054,0.0185,11.39,0.585,10.985,11.1975,-0.5826,0.068,-0.5446,0.49,0.08,0.6556,7,5,1,1.0,16.0,17.0,9.3654,1,1,0.1429,0.2025,0.0,-0.7286,0.761,0.1,-0.8667,,,1,1,,2025,2025,2025.0,0,2020,2020,2005,739d86c4e4ca1858,M,10.81,0
13.12,13.2425,13.18,0.1723,0.013,13.49,0.37,13.1275,13.295,12.982,13.2035,13.138,0.2496,0.0189,13.556,0.574,13.0615,13.28,-0.0621,0.1461,-0.0996,0.37,0.11,0.303,4,4,2,1.0,16.0,16.0,3.2758,1,2,0.5,0.235,0.0,0.65,1.3892,1.2333,-1.1,168.0,52.0,0,0,18.424,2024,2025,2024.25,1,2020,2020,2005,62d844dde91d6627,F,13.12,1
13.31,13.542,13.61,0.1502,0.0111,13.69,0.38,13.48,13.62,13.238,13.5204,13.568,0.1749,0.0129,13.678,0.44,13.48,13.638,0.0676,0.1246,0.0476,0.31,0.3,0.1584,5,4,3,2.0,14.0,15.0,2.5542,1,1,0.2,0.29,0.0,0.36,0.5941,0.7,-0.3,,,1,1,,2023,2025,2024.2,2,2020,2020,2005,9cadead01393ac37,F,13.31,0
12.28,12.3614,12.32,0.0921,0.0074,12.55,0.27,12.31,12.38,12.262,12.3829,12.33,0.1224,0.0099,12.634,0.372,12.323,12.404,0.1696,0.0822,0.1759,0.02,0.08,0.0683,7,4,1,0.0,17.0,17.0,23.8949,1,3,0.4286,0.0433,0.1429,-0.4167,0.5672,0.3,-0.56,164.0,54.0,0,0,20.0773,2019,2019,2019.0,0,2010,2010,2000,07a4abe7254dab21,F,12.28,1
12.83,12.9433,12.88,0.155,0.012,13.12,0.29,12.855,13.0,12.806,12.9413,12.862,0.188,0.0145,13.156,0.35,12.834,13.009,-1.7766,0.0833,-2.1309,0.29,0.0,2.3538,3,3,1,0.0,17.0,18.0,24.35,0,0,0.0,0.0,0.0,0.0333,0.5508,0.35,-0.6,169.0,62.0,0,0,21.7079,2016,2016,2016.0,0,2010,2010,1995,07863bdd11e6f6be,F,12.83,1
11.1,11.215,11.215,0.1626,0.0145,11.33,0.23,11.1575,11.2725,10.99,11.1575,11.1575,0.2369,0.0212,11.325,0.335,11.0738,11.2412,,,,0.0,0.23,0.0,2,1,1,0.0,18.0,18.0,2.0,1,1,0.5,0.23,0.0,1.15,1.4849,1.15,0.0,182.0,69.0,0,0,20.8308,2019,2019,2019.0,0,2010,2010,2000,9b7cd0a7b4bf70ce,M,11.1,1
12.62,12.805,12.845,0.1225,0.0096,13.0,0.38,12.705,12.8625,12.59,12.805,12.838,0.1301,0.0102,13.012,0.422,12.722,12.8655,0.2627,0.1062,0.3489,0.09,0.38,0.1922,8,5,1,0.0,17.0,18.0,17.0877,1,2,0.25,-0.055,0.0,-0.0,0.4629,0.5,-0.3,164.0,51.0,0,0,18.9619,2023,2023,2023.0,0,2020,2020,2005,99a35acec00965d6,F,12.62,1
12.48,12.7867,12.905,0.2369,0.0185,12.99,0.51,12.585,12.9475,12.45,12.7707,12.89,0.2385,0.0187,12.962,0.512,12.576,12.943,-0.2512,0.1582,-0.2383,0.39,0.01,0.2804,6,3,2,1.0,16.0,17.0,4.314,1,3,0.5,0.04,0.0,0.2667,0.3141,0.36,-0.2,162.0,47.0,0,0,17.9089,2023,2024,2023.6667,1,2020,2020,2005,2bf28c948e18d4a1,F,12.48,1
13.25,13.44,13.44,0.2687,0.02,13.63,0.38,13.345,13.535,13.208,13.425,13.425,0.3069,0.0229,13.642,0.434,13.3165,13.5335,,,,0.0,0.38,0.0,2,2,1,0.0,16.0,16.0,7.3788,0,0,0.0,0.0,0.0,0.25,0.6364,0.7,-0.2,170.0,51.0,0,0,17.6471,2023,2023,2023.0,0,2020,2020,2005,2bf3e0863b982d72,F,13.24,1
11.23,11.3725,11.3,0.196,0.0172,11.66,0.43,11.26,11.4125,11.11,11.3588,11.295,0.2658,0.0234,11.735,0.625,11.2375,11.4162,-1.53,0.0488,-2.1531,0.43,0.0,1.4542,4,3,1,0.0,17.0,18.0,13.5278,0,0,0.0,0.0,0.0,0.275,1.6235,1.4,-0.85,182.0,72.0,0,0,21.7365,2023,2023,2023.0,0,2020,2020,2005,b4d42f1bc5aa65ab,M,11.23,1
11.05,11.208,11.23,0.095,0.0085,11.29,0.24,11.2,11.27,11.05,11.213,11.26,0.1012,0.009,11.29,0.24,11.18,11.285,0.0532,0.0838,0.0931,0.0,0.22,0.0,5,2,1,0.0,17.0,17.0,26.8566,1,1,0.2,0.05,0.0,-0.1,0.4,0.25,-0.5,185.0,70.0,0,0,20.4529,2023,2023,2023.0,0,2020,2020,2005,40ea960410b37fb0,M,11.05,1
12.69,12.9356,12.93,0.1538,0.0119,13.24,0.55,12.89,13.0,12.654,12.9636,12.96,0.183,0.0141,13.312,0.658,12.93,13.036,0.017,0.1424,0.0312,0.24,0.26,0.1173,9,7,3,2.0,16.0,17.0,4.4006,1,5,0.5556,-0.0595,0.0,-0.4667,0.5958,0.35,-0.8167,162.0,44.0,0,0,16.7657,2023,2025,2024.1111,2,2020,2020,2005,f1ef8e2f3a37deb8,F,12.69,1
12.86,13.1012,13.09,0.1627,0.0124,13.41,0.55,13.015,13.145,12.86,13.1042,13.084,0.1789,0.0137,13.41,0.55,13.0,13.19,0.0237,0.151,0.0445,0.22,0.26,0.1141,8,5,3,2.0,15.0,16.0,4.1506,1,4,0.5,0.0275,0.375,-0.08,0.9884,1.0,-0.8,160.0,50.0,0,0,19.5312,2023,2025,2023.875,2,2020,2020,2005,a589afd30b41ff6c,F,12.86,1
12.62,13.4075,12.725,1.4368,0.1072,15.56,2.94,12.65,13.4825,12.584,13.4075,12.74,1.4424,0.1076,15.566,2.982,12.641,13.5065,-8.8302,1.0401,-8.638,0.0,0.04,0.0,4,3,1,0.0,17.0,17.0,25.6316,1,2,0.5,-1.405,0.0,-0.0,0.4546,0.6,-0.3,172.0,63.0,0,0,21.2953,2022,2022,2022.0,0,2020,2020,2005,691d2243b539b963,F,12.34,1
11.04,11.085,11.085,0.0636,0.0057,11.13,0.09,11.0625,11.1075,11.015,11.0725,11.0725,0.0813,0.0073,11.13,0.115,11.0438,11.1012,,,,0.0,0.09,0.0,2,1,1,0.0,18.0,18.0,2.0,0,0,0.0,0.0,0.0,0.25,0.3536,0.5,0.0,183.0,65.0,0,0,19.4094,2022,2022,2022.0,0,2020,2020,2005,4aedfca49a4b68a2,M,10.88,1
13.3,13.59,13.58,0.3089,0.0227,13.9,0.6,13.3375,13.8325,13.264,13.566,13.583,0.2704,0.0199,13.834,0.57,13.378,13.771,-0.2837,0.0947,-0.2565,0.6,0.0,0.2842,4,4,3,2.0,15.0,18.0,1.8949,1,3,0.75,0.4133,0.0,0.4,1.0231,0.9,-1.1,172.0,50.0,0,0,16.901,2022,2024,2023.25,2,2020,2020,2005,a943b1d10a4d0b74,F,13.17,1
11.23,11.52,11.6,0.1963,0.017,11.65,0.42,11.485,11.635,11.14,11.4863,11.5725,0.2349,0.0205,11.66,0.52,11.4512,11.6075,-0.3466,0.0077,-0.4148,0.42,0.0,0.3424,4,4,2,1.0,16.0,17.0,3.2612,1,1,0.25,0.3867,0.0,0.675,0.8539,0.9667,-0.2,176.0,68.0,0,0,21.9525,2023,2024,2023.25,1,2020,2020,2005,f89944e689be1aa0,M,11.23,1
10.97,11.02,11.02,0.0707,0.0064,11.07,0.1,10.995,11.045,10.915,10.99,10.99,0.1061,0.0097,11.065,0.15,10.9525,11.0275,,,,0.0,0.1,0.0,2,1,1,0.0,18.0,18.0,2.0,0,0,0.0,0.0,0.0,0.6,0.7071,0.6,0.0,178.0,68.0,0,0,21.4619,2022,2022,2022.0,0,2020,2020,2000,d17e017dd8fae8b9,M,10.78,1
13.5,13.71,13.73,0.1621,0.0118,13.88,0.38,13.635,13.805,13.482,13.683,13.699,0.1653,0.0121,13.852,0.37,13.5855,13.7965,0.1498,0.0691,0.1448,0.18,0.38,0.0934,4,4,3,2.0,14.0,15.0,2.0753,1,1,0.25,0.28,0.0,0.45,1.2396,1.0,-1.2,168.0,50.0,0,0,17.7154,2023,2025,2023.75,2,2020,2020,2005,f969e518cd47385c,F,13.5,1
13.4,13.6533,13.7,0.2335,0.0171,13.86,0.46,13.55,13.78,13.4,13.6673,13.64,0.282,0.0206,13.962,0.562,13.52,13.801,-0.1114,0.1683,-0.0656,0.3,0.0,0.1556,3,3,3,2.0,15.0,17.0,1.5565,0,0,0.0,0.0,0.0,-0.2333,1.365,1.0,-1.7,166.0,55.0,0,0,19.9594,2023,2025,2024.0,2,2020,2020,2005,d253053d687dc406,F,13.4,1
12.84,12.98,12.975,0.106,0.0082,13.14,0.3,12.9175,13.0325,12.84,12.993,12.984,0.1386,0.0107,13.2,0.36,12.8875,13.067,-0.0624,0.0981,-0.1387,0.17,0.3,0.1291,6,3,2,1.0,15.0,16.0,4.5561,1,3,0.5,0.1,0.3333,-0.325,0.9069,1.0,-0.7667,166.0,50.0,0,0,18.1449,2023,2024,2023.6667,1,2020,2020,2005,c97e2d7ddf89f54f,F,12.84,1
11.86,12.124,12.28,0.2189,0.0181,12.29,0.43,11.91,12.28,11.87,12.154,12.29,0.2443,0.0201,12.39,0.52,11.91,12.31,0.2495,0.1183,0.2531,0.0,0.42,0.0,5,5,3,2.0,14.0,14.0,2.5941,0,0,0.0,0.0,0.2,-0.75,0.8544,0.0,-0.75,170.0,50.0,0,0,17.301,2023,2025,2024.0,2,2020,2020,2005,2227ef7f8c0a58ac,M,11.86,1
11.49,11.6167,11.595,0.0995,0.0086,11.77,0.28,11.565,11.67,11.49,11.6383,11.63,0.1032,0.0089,11.8,0.31,11.6,11.675,-0.1464,0.0298,-0.1558,0.28,0.0,0.1453,6,6,3,2.0,15.0,17.0,3.1129,1,2,0.3333,0.0325,0.1667,-0.52,0.3633,0.0,-0.65,174.0,55.0,0,0,18.1662,2023,2025,2024.0,2,2020,2020,2005,99161ef59aa3c771,M,11.49,1
12.28,12.6042,12.475,0.3067,0.0243,13.21,0.93,12.3775,12.7925,12.172,12.6037,12.469,0.3339,0.0265,13.282,1.11,12.382,12.836,-0.241,0.2189,-0.2553,0.49,0.11,0.224,12,9,3,2.0,15.0,17.0,5.4856,1,4,0.3333,0.0982,0.0833,0.0091,0.8871,0.95,-0.6167,163.0,52.0,0,0,19.5717,2023,2025,2024.4167,2,2020,2020,2005,b6dced32fc1a2bf4,F,12.28,1
14.41,14.83,14.74,0.4715,0.0318,15.34,0.93,14.575,15.04,14.41,14.858,14.77,0.4979,0.0335,15.394,0.984,14.59,15.082,-0.082,0.3789,-0.0926,0.33,0.0,0.1647,3,3,3,2.0,15.0,17.0,1.4969,0,0,0.0,0.0,0.0,-0.4667,0.4509,0.0,-0.7,165.0,53.0,0,0,19.4674,2023,2025,2024.0,2,2020,2020,2005,c5543eeb6d62b4c5,F,14.41,1
13.62,14.082,14.03,0.5622,0.0399,15.01,1.39,13.65,14.1,13.512,14.094,14.06,0.6701,0.0475,15.196,1.684,13.602,14.1,-0.2148,0.4828,-0.2697,0.41,0.03,0.2046,5,5,3,2.0,14.0,16.0,2.4949,0,0,0.0,0.0,0.2,-0.25,2.1205,1.3,-1.8,168.0,50.0,0,0,17.7154,2023,2025,2024.2,2,2020,2020,2005,64a6c7eb80bb3fbe,F,13.62,1
12.78,12.9757,13.04,0.1743,0.0134,13.25,0.47,12.82,13.06,12.72,13.004,13.034,0.2435,0.0187,13.436,0.716,12.82,13.099,-0.0337,0.1607,-0.0648,0.27,0.26,0.1401,7,4,3,2.0,15.0,17.0,3.6317,1,3,0.4286,0.1792,0.2857,-0.66,1.5274,0.55,-1.4667,168.0,56.0,0,0,19.8413,2023,2025,2023.8571,2,2020,2020,2005,3608650365cab3f3,F,12.78,1
13.2,13.5133,13.47,0.2551,0.0189,13.94,0.74,13.38,13.605,13.104,13.5323,13.467,0.3139,0.0232,13.97,0.866,13.386,13.737,-0.3014,0.1268,-0.3279,0.74,0.21,0.3839,6,6,3,2.0,15.0,17.0,3.1129,1,1,0.1667,0.376,0.1667,-0.38,1.7398,1.05,-1.3333,170.0,55.0,0,0,19.0311,2023,2025,2024.1667,2,2020,2020,2005,9692ffc64da5464b,F,13.2,1
11.4,11.936,11.64,0.763,0.0639,13.28,1.88,11.59,11.77,11.43,11.959,11.62,0.8001,0.0669,13.37,1.94,11.57,11.805,-0.3384,0.7396,-0.0769,0.37,1.88,0.4628,5,5,2,1.0,17.0,18.0,6.2543,1,4,0.8,1.68,0.0,-0.46,0.9154,0.4,-1.0333,175.0,61.0,0,0,19.9184,2024,2025,2024.4,1,2020,2020,2005,4408f55fd5f91302,M,11.4,1
11.57,11.575,11.575,0.0071,0.0006,11.58,0.01,11.5725,11.5775,11.49,11.525,11.525,0.0495,0.0043,11.56,0.07,11.5075,11.5425,,,,0.01,0.0,0.2149,2,2,1,0.0,18.0,18.0,42.9706,1,2,1.0,0.0,0.0,1.0,1.1314,1.0,0.0,178.0,63.0,0,0,19.8839,2024,2024,2024.0,0,2020,2020,2005,7019d2eeac9bae50,M,11.57,1
11.74,11.9167,12.0,0.1531,0.0128,12.01,0.27,11.87,12.005,11.62,11.8767,11.975,0.2243,0.0189,12.035,0.415,11.7975,12.005,1.486,0.0447,2.0815,0.0,0.26,0.0,3,3,1,0.0,17.0,17.0,15.8804,1,3,1.0,0.0,0.0,0.8,1.4731,1.45,-0.5,177.0,60.0,0,0,19.1516,2024,2024,2024.0,0,2020,2020,2005,c45848a4f67a3b61,M,11.74,1
11.1,11.3843,11.42,0.1427,0.0125,11.56,0.46,11.36,11.445,11.045,11.4214,11.44,0.1969,0.0172,11.635,0.59,11.38,11.535,-0.0679,0.1243,-0.0298,0.36,0.32,0.2896,7,7,2,1.0,17.0,18.0,5.6316,1,4,0.5714,-0.17,0.0,-0.7429,1.5361,0.8,-1.36,181.0,71.0,0,0,21.6721,2024,2025,2024.5714,1,2020,2020,2005,d7f594227638750f,M,11.1,1
11.56,11.635,11.635,0.1061,0.0091,11.71,0.15,11.5975,11.6725,11.57,11.635,11.635,0.0919,0.0079,11.7,0.13,11.6025,11.6675,,,,0.15,0.0,0.7827,2,2,1,0.0,17.0,17.0,10.4357,1,1,0.5,-0.15,0.0,0.0,0.2828,0.2,-0.2,175.0,56.0,0,0,18.2857,2024,2024,2024.0,0,2020,2020,2005,7028bf197694c0e4,M,11.56,1
12.11,12.2575,12.29,0.104,0.0085,12.34,0.23,12.2225,12.325,12.11,12.2413,12.2325,0.1156,0.0094,12.39,0.28,12.1887,12.285,-0.1005,0.0666,-0.115,0.21,0.15,0.1546,4,4,2,1.0,16.0,17.0,2.9456,1,4,1.0,0.0,0.0,0.325,1.0563,1.15,-1.0,170.0,60.0,0,0,20.7612,2024,2025,2024.5,1,2020,2020,2005,31b94b5a683599dd,M,12.11,1
11.75,11.82,11.82,0.099,0.0084,11.89,0.14,11.785,11.855,11.705,11.82,11.82,0.1626,0.0138,11.935,0.23,11.7625,11.8775,,,,0.0,0.14,0.0,2,2,2,1.0,16.0,16.0,2.7156,1,2,1.0,0.0,0.0,0.0,1.2728,0.9,-0.9,173.0,66.0,0,0,22.0522,2024,2025,2024.5,1,2020,2020,2005,61cfd8ebdc3b1137,M,11.75,1
11.5,11.595,11.595,0.1344,0.0116,11.69,0.19,11.5475,11.6425,11.465,11.5825,11.5825,0.1662,0.0143,11.7,0.235,11.5238,11.6412,,,,0.19,0.0,1.4163,2,2,1,0.0,17.0,17.0,14.9082,1,1,0.5,-0.19,0.0,0.25,0.6364,0.7,-0.2,170.0,64.0,0,0,22.1453,2024,2024,2024.0,0,2020,2020,2005,035c4705d492c3b9,M,11.5,1
11.57,11.685,11.685,0.1626,0.0139,11.8,0.23,11.6275,11.7425,11.58,11.67,11.67,0.1273,0.0109,11.76,0.18,11.625,11.715,,,,0.23,0.0,1.2001,2,2,1,0.0,17.0,17.0,10.4357,1,1,0.5,-0.23,0.0,0.3,0.7071,0.8,-0.2,173.0,60.0,0,0,20.0474,2024,2024,2024.0,0,2020,2020,2005,06d51aacf0b253c7,M,11.37,1
11.77,11.82,11.82,0.0707,0.006,11.87,0.1,11.795,11.845,11.74,11.8075,11.8075,0.0955,0.0081,11.875,0.135,11.7738,11.8412,,,,0.0,0.1,0.0,2,2,1,0.0,17.0,17.0,10.4357,1,1,0.5,0.1,0.0,0.25,0.495,0.6,-0.1,175.0,65.0,0,0,21.2245,2024,2024,2024.0,0,2020,2020,2005,a95bd04bc493a025,M,11.26,1
11.39,11.5567,11.6,0.1498,0.013,11.68,0.29,11.495,11.64,11.27,11.5117,11.6,0.2118,0.0184,11.665,0.395,11.435,11.6325,1.5045,0.0076,2.1285,0.0,0.29,0.0,3,3,1,0.0,17.0,17.0,15.8804,1,2,0.6667,0.065,0.0,0.9,1.3077,1.35,0.0,180.0,65.0,0,0,20.0617,2024,2024,2024.0,0,2020,2020,2005,1b650de324d01cbd,M,11.39,1
11.6,11.7267,11.67,0.1626,0.0139,11.91,0.31,11.635,11.79,11.575,11.715,11.675,0.1637,0.014,11.895,0.32,11.625,11.785,-0.9379,0.1093,-0.8124,0.31,0.07,1.6175,3,3,1,0.0,17.0,18.0,15.6536,1,2,0.6667,-0.085,0.0,0.2333,0.3055,0.4,-0.1,175.0,53.0,0,0,17.3061,2024,2024,2024.0,0,2020,2020,2005,9f21342800c5dcc5,M,11.5,1
11.21,11.295,11.295,0.1202,0.0106,11.38,0.17,11.2525,11.3375,11.22,11.29,11.29,0.099,0.0088,11.36,0.14,11.255,11.325,,,,0.0,0.17,0.0,2,2,1,0.0,18.0,18.0,7.3788,1,2,1.0,0.0,0.0,0.1,0.4243,0.4,-0.2,180.0,70.0,0,0,21.6049,2024,2024,2024.0,0,2020,2020,2005,bba7ed325482926c,M,10.97,1
11.65,11.82,11.805,0.1787,0.0151,12.02,0.37,11.68,11.945,11.55,11.7838,11.775,0.2194,0.0186,12.035,0.485,11.6325,11.9262,-0.4282,0.0042,-0.4997,0.37,0.0,0.4304,4,4,2,1.0,16.0,17.0,4.6529,1,3,0.75,-0.2267,0.0,0.725,1.4408,1.7,-0.25,178.0,63.0,0,0,19.8839,2024,2025,2024.5,1,2020,2020,2005,fd3fc8d725155153,M,11.65,1
14.17,14.25,14.25,0.1131,0.0079,14.33,0.16,14.21,14.29,14.17,14.244,14.244,0.1047,0.0073,14.318,0.148,14.207,14.281,,,,0.16,0.0,0.3125,2,2,2,1.0,17.0,18.0,3.9064,1,2,1.0,0.0,0.0,0.1,0.1414,0.2,0.0,168.0,55.0,0,0,19.487,2024,2025,2024.5,1,2020,2020,2005,f4d5d4eda0982a82,F,13.83,1
11.56,11.72,11.79,0.1389,0.0119,11.81,0.25,11.675,11.8,11.625,11.7167,11.755,0.0797,0.0068,11.77,0.145,11.69,11.7625,-0.1851,0.0228,-0.1084,0.23,0.0,0.1694,3,3,2,1.0,15.0,17.0,2.2092,1,2,0.6667,0.135,0.0,0.0667,1.2342,0.75,-1.3,179.0,72.0,0,0,22.4712,2024,2025,2024.3333,1,2020,2020,2005,4b96b0f4e6da9b6d,M,11.56,1
12.19,12.28,12.23,0.1229,0.01,12.42,0.23,12.21,12.325,12.23,12.3417,12.305,0.1338,0.0108,12.49,0.26,12.2675,12.3975,-0.0443,0.0992,-0.0092,0.0,0.04,0.0,3,3,2,1.0,16.0,16.0,3.8313,1,1,0.3333,0.135,0.0,-1.2333,0.3786,0.0,-1.2333,182.0,73.0,0,0,22.0384,2024,2025,2024.3333,1,2020,2020,2005,499b346594a2cf20,M,12.19,1
12.79,13.03,12.93,0.2501,0.0192,13.45,0.66,12.88,13.145,12.73,13.039,12.939,0.2816,0.0216,13.48,0.75,12.88,13.199,0.5933,0.1286,0.6225,0.08,0.66,0.0837,6,4,2,1.0,15.0,16.0,6.2794,1,3,0.5,0.2933,0.3333,-0.225,0.8846,1.0,-0.6333,170.0,52.0,0,0,17.9931,2024,2025,2024.1667,1,2020,2020,2005,01f43197c37d025c,F,12.79,1
11.88,12.015,12.015,0.1909,0.0159,12.15,0.27,11.9475,12.0825,11.91,12.0375,12.0375,0.1803,0.015,12.165,0.255,11.9738,12.1012,,,,0.0,0.27,0.0,2,2,1,0.0,17.0,17.0,8.9085,1,2,1.0,0.0,0.0,-0.45,0.2121,0.0,-0.45,176.0,60.0,0,0,19.3698,2024,2024,2024.0,0,2020,2020,2005,341cbfb1e2898763,M,11.88,1
11.38,11.53,11.45,0.2099,0.0182,11.84,0.46,11.4175,11.5625,11.22,11.475,11.445,0.2356,0.0205,11.79,0.57,11.3775,11.5425,-0.4042,0.0496,-0.4918,0.46,0.0,0.3972,4,4,2,1.0,15.0,16.0,3.4539,1,2,0.5,-0.21,0.0,1.1,1.4652,1.4667,0.0,181.0,62.0,0,0,18.9249,2024,2025,2024.75,1,2020,2020,2005,6a120b183ecb7258,M,11.38,1
11.3,11.38,11.38,0.1131,0.0099,11.46,0.16,11.34,11.42,11.275,11.385,11.385,0.1556,0.0137,11.495,0.22,11.33,11.44,,,,0.16,0.0,2.5409,2,2,1,0.0,18.0,18.0,31.7609,1,2,1.0,0.0,0.0,-0.1,0.8485,0.5,-0.7,181.0,71.0,0,0,21.6721,2024,2024,2024.0,0,2020,2020,2005,8eb72539588370f4,M,11.16,1
12.14,12.18,12.18,0.0566,0.0046,12.22,0.08,12.16,12.2,12.1,12.1725,12.1725,0.1025,0.0084,12.245,0.145,12.1362,12.2088,,,,0.0,0.08,0.0,2,2,1,0.0,18.0,18.0,9.6118,1,2,1.0,0.0,0.0,0.15,0.9192,0.8,-0.5,183.0,68.0,0,0,20.3052,2024,2024,2024.0,0,2020,2020,2005,00cc9258bb6cb19f,M,12.14,1
11.61,11.645,11.645,0.0495,0.0043,11.68,0.07,11.6275,11.6625,11.52,11.6,11.6,0.1131,0.0098,11.68,0.16,11.56,11.64,,,,0.0,0.07,0.0,2,2,1,0.0,17.0,17.0,7.3788,1,2,1.0,0.0,0.0,0.9,1.2728,1.8,0.0,181.0,62.0,0,0,18.9249,2024,2024,2024.0,0,2020,2020,2005,54b4819c54091851,M,11.12,1
11.66,11.73,11.73,0.099,0.0084,11.8,0.14,11.695,11.765,11.65,11.7475,11.7475,0.1379,0.0117,11.845,0.195,11.6988,11.7962,,,,0.14,0.0,0.8816,2,2,1,0.0,18.0,18.0,12.5948,1,1,0.5,-0.14,0.0,-0.35,0.7778,0.2,-0.9,180.0,60.0,0,0,18.5185,2024,2024,2024.0,0,2020,2020,2005,d134603ac0f469b8,M,11.66,1
12.31,12.4925,12.525,0.1287,0.0103,12.61,0.3,12.46,12.5575,12.34,12.506,12.504,0.1373,0.011,12.676,0.336,12.4585,12.5515,-0.2496,0.0237,-0.2383,0.3,0.0,0.2753,4,4,2,1.0,15.0,17.0,3.6709,1,2,0.5,-0.165,0.0,-0.225,0.7182,0.35,-0.8,165.0,50.0,0,0,18.3655,2024,2025,2024.25,1,2020,2020,2005,d7cc8eda8fec783f,F,12.31,1
12.26,12.6067,12.53,0.3907,0.031,13.03,0.77,12.395,12.78,12.21,12.6017,12.54,0.4259,0.0338,13.055,0.845,12.375,12.7975,0.4485,0.2218,0.5097,0.0,0.27,0.0,3,3,2,1.0,17.0,17.0,2.6596,1,3,1.0,0.0,0.0,0.1,0.7937,1.0,-0.35,164.0,65.0,0,0,24.1672,2024,2025,2024.6667,1,2020,2020,2005,d299ad2738ba212a,M,12.26,1
11.15,11.3575,11.375,0.1914,0.0169,11.53,0.38,11.2175,11.515,11.15,11.3625,11.385,0.1853,0.0163,11.53,0.38,11.2362,11.5112,-0.9089,0.0629,-0.897,0.36,0.0,0.8218,4,4,1,0.0,17.0,18.0,9.1312,1,2,0.5,-0.325,0.0,-0.1,0.2708,0.1,-0.5,172.0,61.0,0,0,20.6193,2024,2024,2024.0,0,2020,2020,2005,c0db39104fc9eafd,M,10.87,1
12.16,12.175,12.175,0.0212,0.0017,12.19,0.03,12.1675,12.1825,12.15,12.18,12.18,0.0424,0.0035,12.21,0.06,12.165,12.195,,,,0.03,0.0,0.1442,2,2,1,0.0,17.0,18.0,9.6118,1,2,1.0,0.0,0.0,-0.1,0.4243,0.2,-0.4,178.0,69.0,0,0,21.7776,2024,2024,2024.0,0,2020,2020,2005,d0cd6a51852c1db6,M,11.98,1
11.6,11.78,11.78,0.2546,0.0216,11.96,0.36,11.69,11.87,11.6,11.77,11.77,0.2404,0.0204,11.94,0.34,11.685,11.855,,,,0.36,0.0,6.2614,2,2,1,0.0,18.0,18.0,34.7857,1,2,1.0,0.0,0.0,0.2,0.2828,0.4,0.0,181.0,64.0,0,0,19.5354,2024,2024,2024.0,0,2020,2020,2005,c426e1fbb7ecbb7b,M,11.6,1
11.71,11.846,11.83,0.1579,0.0133,12.11,0.4,11.74,11.84,11.735,11.845,11.83,0.1351,0.0114,12.065,0.33,11.735,11.86,-0.0444,0.1336,-0.0578,0.4,0.13,0.2946,5,5,2,1.0,16.0,16.0,3.682,1,4,0.8,-0.17,0.0,0.02,0.5541,0.5,-0.45,170.0,60.0,0,0,20.7612,2024,2025,2024.4,1,2020,2020,2005,c5847196b0333327,M,11.71,1
11.28,11.46,11.49,0.1296,0.0113,11.58,0.3,11.415,11.535,11.285,11.4338,11.425,0.13,0.0114,11.6,0.315,11.375,11.4838,-0.1767,0.0459,-0.1182,0.24,0.0,0.1767,4,4,2,1.0,15.0,17.0,2.9456,1,3,0.75,0.0,0.0,0.525,0.9179,1.3,-0.25,175.0,65.0,0,0,21.2245,2024,2025,2024.25,1,2020,2020,2005,9651c40be82c5afe,M,11.28,1
11.05,11.155,11.155,0.1485,0.0133,11.26,0.21,11.1025,11.2075,11.04,11.1425,11.1425,0.145,0.013,11.245,0.205,11.0912,11.1938,,,,0.21,0.0,1.5654,2,2,1,0.0,18.0,18.0,14.9082,1,1,0.5,-0.21,0.0,0.25,0.0707,0.25,0.0,173.0,60.0,0,0,20.0474,2024,2024,2024.0,0,2020,2020,2005,dde7e139a0450255,M,11.04,1
12.67,12.8267,12.87,0.1401,0.0109,12.94,0.27,12.77,12.905,12.598,12.7867,12.84,0.1685,0.0132,12.922,0.324,12.719,12.881,-1.2317,0.083,-1.4704,0.27,0.2,1.9723,3,3,1,0.0,17.0,17.0,21.915,1,2,0.6667,-0.235,0.0,0.6667,0.4726,0.6667,0.0,163.0,55.0,0,0,20.7008,2024,2024,2024.0,0,2020,2020,2005,849a97d2f391f350,F,12.67,1
11.34,11.49,11.49,0.2121,0.0185,11.64,0.3,11.415,11.565,11.365,11.4975,11.4975,0.1874,0.0163,11.63,0.265,11.4312,11.5638,,,,0.0,0.3,0.0,2,2,1,0.0,18.0,18.0,42.9706,1,2,1.0,0.0,0.0,-0.15,0.495,0.2,-0.5,177.0,68.0,0,0,21.7051,2024,2024,2024.0,0,2020,2020,2005,193ba89df2a9c29c,M,11.34,1
11.88,12.0,12.01,0.1153,0.0096,12.11,0.23,11.945,12.06,11.965,12.06,12.02,0.1201,0.01,12.195,0.23,11.9925,12.1075,0.0792,0.0903,-0.0237,0.0,0.13,0.0,3,3,2,1.0,16.0,16.0,3.8313,1,1,0.3333,0.18,0.0,-1.2,0.866,0.0,-1.2,170.0,65.0,0,0,22.4913,2024,2025,2024.3333,1,2020,2020,2005,7b218c036d0e1ea2,M,11.88,1
12.95,13.17,13.03,0.3403,0.0258,13.67,0.72,12.9575,13.2425,12.974,13.2015,13.048,0.3588,0.0272,13.736,0.762,13.0085,13.241,-0.3025,0.2435,-0.3668,0.15,0.01,0.1745,4,4,2,1.0,16.0,16.0,4.6529,1,1,0.25,0.0933,0.0,-0.525,0.6898,0.4,-0.8333,168.0,60.0,0,0,21.2585,2024,2025,2024.5,1,2020,2020,2005,5b60d5488e492335,F,12.95,1
11.62,11.645,11.645,0.0354,0.003,11.67,0.05,11.6325,11.6575,11.615,11.635,11.635,0.0283,0.0024,11.655,0.04,11.625,11.645,,,,0.05,0.0,0.2609,2,2,1,0.0,17.0,17.0,10.4357,1,1,0.5,-0.05,0.0,0.2,1.2728,1.1,-0.7,175.0,65.0,0,0,21.2245,2024,2024,2024.0,0,2020,2020,2005,0a514bb3e20c91eb,M,11.48,1
11.48,11.485,11.485,0.0071,0.0006,11.49,0.01,11.4825,11.4875,11.455,11.46,11.46,0.0071,0.0006,11.465,0.01,11.4575,11.4625,,,,0.0,0.01,0.0,2,2,1,0.0,18.0,18.0,31.7609,1,2,1.0,0.0,0.0,0.5,0.2828,0.5,0.0,178.0,60.0,0,0,18.937,2024,2024,2024.0,0,2020,2020,2005,8a7086363b500717,M,11.48,1
11.81,11.84,11.84,0.0424,0.0036,11.87,0.06,11.825,11.855,11.765,11.8325,11.8325,0.0955,0.0081,11.9,0.135,11.7988,11.8662,,,,0.0,0.06,0.0,2,2,1,0.0,17.0,17.0,14.0481,1,2,1.0,0.0,0.0,0.15,1.0607,0.9,-0.6,179.0,65.0,0,0,20.2865,2024,2024,2024.0,0,2020,2020,2005,96320cd40e67d9f9,M,11.81,1
12.49,12.7011,12.65,0.1736,0.0137,13.01,0.52,12.58,12.85,12.418,12.7204,12.62,0.2541,0.02,13.238,0.82,12.574,12.868,-0.0182,0.1636,-0.0166,0.36,0.23,0.2553,9,8,2,1.0,16.0,16.0,6.383,1,3,0.3333,0.0087,0.0,-0.3222,1.4721,0.56,-1.425,160.0,50.0,0,0,19.5312,2024,2025,2024.5556,1,2020,2020,2005,72229c20be56aa50,F,12.49,1
11.75,11.835,11.835,0.1202,0.0102,11.92,0.17,11.7925,11.8775,11.74,11.8525,11.8525,0.1591,0.0134,11.965,0.225,11.7962,11.9088,,,,0.17,0.0,0.1977,2,2,2,1.0,17.0,17.0,2.3264,1,1,0.5,-0.17,0.0,-0.35,0.7778,0.2,-0.9,180.0,68.0,0,0,20.9877,2024,2025,2024.5,1,2020,2020,2005,95e44a8dcb4d7e8e,M,11.75,1
13.32,13.375,13.375,0.0778,0.0058,13.43,0.11,13.3475,13.4025,13.332,13.372,13.372,0.0566,0.0042,13.412,0.08,13.352,13.392,,,,0.0,0.11,0.0,2,2,2,1.0,17.0,17.0,3.9064,1,2,1.0,0.0,0.0,0.05,0.3536,0.3,-0.2,162.0,55.0,0,0,20.9572,2024,2025,2024.5,1,2020,2020,2005,35dfe3ea3f9ea322,F,13.16,1
13.79,14.005,14.005,0.3041,0.0217,14.22,0.43,13.8975,14.1125,13.772,14.017,14.017,0.3465,0.0247,14.262,0.49,13.8945,14.1395,,,,0.43,0.0,1.9153,2,2,1,0.0,18.0,18.0,8.9085,1,2,1.0,0.0,0.0,-0.2,0.7071,0.3,-0.7,170.0,62.0,0,0,21.4533,2024,2024,2024.0,0,2020,2020,2005,38e6f1f37c304e5b,F,13.73,1
11.27,11.548,11.48,0.2325,0.0201,11.86,0.59,11.43,11.7,11.24,11.543,11.55,0.2096,0.0182,11.77,0.53,11.455,11.7,-0.3235,0.0653,-0.2766,0.59,0.0,0.4036,5,5,2,1.0,16.0,17.0,3.4199,1,4,0.8,0.19,0.0,0.1,1.2,1.2,-0.95,177.0,65.0,0,0,20.7476,2024,2025,2024.6,1,2020,2020,2005,f07e0596ac10fa82,M,11.27,1
11.4,11.4975,11.495,0.1072,0.0093,11.6,0.2,11.4075,11.585,11.405,11.5025,11.5,0.1072,0.0093,11.605,0.2,11.4125,11.59,-0.1896,0.0164,-0.1925,0.18,0.0,0.1681,4,4,2,1.0,17.0,18.0,3.7366,1,3,0.75,0.1367,0.0,-0.1,0.3266,0.3,-0.2333,180.0,68.0,0,0,20.9877,2024,2025,2024.5,1,2020,2020,2005,a547b6e06454a6e9,M,11.4,1
11.39,11.5367,11.43,0.2203,0.0191,11.79,0.4,11.41,11.61,11.415,11.565,11.47,0.214,0.0185,11.81,0.395,11.4425,11.64,1.0644,0.1284,0.7791,0.0,0.4,0.0,3,3,1,0.0,17.0,17.0,11.0682,1,3,1.0,0.0,0.0,-0.5667,0.9609,0.3,-1.0,170.0,55.0,0,0,19.0311,2024,2024,2024.0,0,2020,2020,2005,075f55336c260338,M,11.23,1
13.6,13.66,13.66,0.0849,0.0062,13.72,0.12,13.63,13.69,13.666,13.681,13.681,0.0212,0.0016,13.696,0.03,13.6735,13.6885,,,,0.0,0.12,0.0,2,2,1,0.0,16.0,16.0,8.9085,1,2,1.0,0.0,0.0,-0.35,1.0607,0.4,-1.1,160.0,50.0,0,0,19.5312,2024,2024,2024.0,0,2020,2020,2005,6ca36a984e7dce51,F,13.6,1
12.87,13.0267,13.1,0.1358,0.0104,13.11,0.24,12.985,13.105,12.882,13.0507,13.01,0.1923,0.0147,13.26,0.378,12.946,13.135,-0.1912,0.0226,-0.1771,0.23,0.0,0.1765,3,3,2,1.0,16.0,17.0,2.302,1,1,0.3333,-0.11,0.0,-0.4,2.0075,1.5,-1.35,161.0,48.0,0,0,18.5178,2024,2025,2024.3333,1,2020,2020,2005,1ad2bc057d138fa5,F,12.87,1
11.06,11.2533,11.26,0.1901,0.0169,11.44,0.38,11.16,11.35,11.08,11.2733,11.295,0.1835,0.0163,11.445,0.365,11.1875,11.37,-0.3029,0.0573,-0.3,0.38,0.0,0.355,3,3,2,1.0,16.0,17.0,2.8024,1,2,0.6667,0.01,0.0,-0.4,0.3,0.0,-0.4,175.0,125.0,0,0,40.8163,2024,2025,2024.3333,1,2020,2020,2005,4b2d17eedb386a99,M,11.06,0
11.8,12.08,11.92,0.3175,0.0263,12.5,0.7,11.875,12.34,11.79,12.0858,11.92,0.3254,0.0269,12.53,0.74,11.8862,12.34,-0.6385,0.0749,-0.6299,0.67,0.0,0.6057,6,6,2,1.0,17.0,18.0,5.4245,1,1,0.1667,0.252,0.1667,-0.14,0.313,0.2,-0.45,,,1,1,,2024,2025,2024.6667,1,2020,2020,2005,a5c0cda0a5b1ec83,M,11.76,0
11.47,11.495,11.495,0.0354,0.0031,11.52,0.05,11.4825,11.5075,11.475,11.4975,11.4975,0.0318,0.0028,11.52,0.045,11.4863,11.5087,,,,0.05,0.0,0.3204,2,2,1,0.0,17.0,17.0,12.8158,1,1,0.5,-0.05,0.0,-0.05,0.0707,0.0,-0.1,,,1,1,,2025,2025,2025.0,0,2020,2020,2005,f2e76cdb9c645acb,M,11.47,0
11.67,11.68,11.68,0.0141,0.0012,11.69,0.02,11.675,11.685,11.67,11.68,11.68,0.0141,0.0012,11.69,0.02,11.675,11.685,,,,0.0,0.02,0.0,2,2,1,0.0,17.0,17.0,21.4853,0,0,0.0,0.0,0.0,0.0,0.0,0.0,0.0,,,1,1,,2024,2024,2024.0,0,2020,2020,2005,551b5f59f20b3e2c,M,11.67,0
11.12,11.2833,11.29,0.1601,0.0142,11.44,0.32,11.205,11.365,11.06,11.265,11.275,0.2002,0.0178,11.46,0.4,11.1675,11.3675,1.0597,0.0694,1.319,0.0,0.32,0.0,3,2,1,0.0,17.0,17.0,13.5278,1,1,0.3333,-0.01,0.0,0.3667,0.8021,0.75,-0.4,,,1,1,,2024,2024,2024.0,0,2020,2020,2005,813336ca51d5fdea,M,11.12,0
11.0,11.055,11.035,0.0656,0.0059,11.15,0.15,11.0225,11.0675,10.98,11.055,11.0525,0.0634,0.0057,11.135,0.155,11.0325,11.075,-0.4003,0.0403,-0.4003,0.04,0.03,0.2001,4,2,1,0.0,15.0,15.0,20.0137,1,2,0.5,0.04,0.0,0.0,0.4082,0.35,-0.35,,,1,1,,2025,2025,2025.0,0,2020,2020,2010,fb345a37e94498b6,M,11.0,0
11.63,11.68,11.68,0.0707,0.0061,11.73,0.1,11.655,11.705,11.62,11.6925,11.6925,0.1025,0.0088,11.765,0.145,11.6562,11.7288,,,,0.1,0.0,1.7393,2,2,1,0.0,18.0,18.0,34.7857,0,0,0.0,0.0,0.0,-0.25,0.6364,0.2,-0.7,,,1,1,,2024,2024,2024.0,0,2020,2020,2005,6678f1ae35b54848,M,11.63,0
11.37,11.425,11.425,0.0778,0.0068,11.48,0.11,11.3975,11.4525,11.415,11.4425,11.4425,0.0389,0.0034,11.47,0.055,11.4287,11.4562,,,,0.11,0.0,1.9132,2,2,1,0.0,17.0,18.0,34.7857,0,0,0.0,0.0,0.0,-0.35,0.7778,0.2,-0.9,,,1,1,,2024,2024,2024.0,0,2020,2020,2005,aad4f3fc74e02aab,M,11.37,0
11.72,11.845,11.845,0.1768,0.0149,11.97,0.25,11.7825,11.9075,11.685,11.82,11.82,0.1909,0.0162,11.955,0.27,11.7525,11.8875,,,,0.25,0.0,3.2612,2,2,1,0.0,18.0,18.0,26.0893,0,0,0.0,0.0,0.0,0.5,0.2828,0.5,0.0,,,1,1,,2024,2024,2024.0,0,2020,2020,2005,e55341f1d3bca09c,M,11.67,0
11.61,11.77,11.82,0.1418,0.012,11.88,0.27,11.715,11.85,11.655,11.8017,11.8,0.1475,0.0125,11.95,0.295,11.7275,11.875,-0.419,0.0627,-0.3254,0.21,0.0,0.3742,3,3,1,1.0,15.0,16.0,5.3451,0,0,0.0,0.0,0.0,-0.6333,0.9292,0.4,-1.15,,,1,1,,2025,2025,2025.0,0,2020,2020,2010,4c3c42f728f998d6,M,11.61,0
11.59,11.7433,11.74,0.155,0.0132,11.9,0.31,11.665,11.82,11.605,11.7267,11.645,0.1772,0.0151,11.93,0.325,11.625,11.7875,-0.247,0.0417,-0.2986,0.31,0.0,0.2789,3,3,2,1.0,17.0,18.0,2.6989,0,0,0.0,0.0,0.0,0.3333,1.365,1.9,-0.45,,,1,1,,2024,2025,2024.6667,1,2020,2020,2005,eb3b7fe0dde020ac,M,11.59,0
11.48,11.615,11.615,0.1909,0.0164,11.75,0.27,11.5475,11.6825,11.465,11.6275,11.6275,0.2298,0.0198,11.79,0.325,11.5462,11.7087,,,,0.27,0.0,4.6961,2,2,1,0.0,17.0,17.0,34.7857,0,0,0.0,0.0,0.0,-0.25,0.7778,0.3,-0.8,,,1,1,,2024,2024,2024.0,0,2020,2020,2005,9fb2e074d3d2d262,M,11.39,0
14.03,15.0167,15.45,0.8566,0.057,15.57,1.54,14.74,15.51,14.24,15.3107,15.84,0.9272,0.0606,15.852,1.612,15.04,15.846,-1.4571,0.049,-1.5811,1.42,0.0,1.398,3,2,2,1.0,16.0,17.0,2.9535,1,1,0.3333,-0.65,0.0,-4.9,1.51,0.0,-4.9,,,1,1,,2024,2025,2024.3333,1,2020,2020,2005,7176bd5e2c098ca7,F,14.03,0
11.16,11.3487,11.32,0.1363,0.012,11.57,0.41,11.265,11.42,11.09,11.3356,11.3175,0.1619,0.0143,11.57,0.48,11.2312,11.4538,-0.2443,0.078,-0.2696,0.41,0.17,0.3062,8,7,2,1.0,15.0,16.0,5.9755,1,4,0.5,0.1025,0.125,0.3,0.7572,0.8,-0.55,,,1,1,,2024,2025,2024.875,1,2020,2020,2010,0de3d3899905a02c,M,11.16,0
11.29,11.41,11.39,0.0837,0.0073,11.49,0.2,11.39,11.49,11.27,11.42,11.445,0.0957,0.0084,11.515,0.245,11.39,11.48,-0.1258,0.0578,-0.1232,0.1,0.0,0.0974,5,5,2,1.0,17.0,18.0,4.87,1,3,0.6,-0.1167,0.0,-0.2,0.6042,0.3,-0.8,180.0,76.0,0,0,23.4568,2024,2025,2024.6,1,2020,2020,2005,4e6e65592feeabcd,M,11.29,1
13.94,13.97,13.97,0.0424,0.003,14.0,0.06,13.955,13.985,14.018,14.021,14.021,0.0042,0.0003,14.024,0.006,14.0195,14.0225,,,,0.0,0.06,0.0,2,1,1,0.0,16.0,16.0,2.0,1,1,0.5,0.06,0.0,-0.85,0.7778,0.0,-0.85,,,1,1,,2024,2024,2024.0,0,2020,2020,2005,9fa7b0b943ccd7e5,F,13.94,0
11.37,11.465,11.465,0.1344,0.0117,11.56,0.19,11.4175,11.5125,11.355,11.4525,11.4525,0.1379,0.012,11.55,0.195,11.4037,11.5012,,,,0.19,0.0,1.2175,2,2,1,0.0,17.0,17.0,12.8158,1,1,0.5,-0.19,0.0,0.25,0.0707,0.25,0.0,,,1,1,,2025,2025,2025.0,0,2020,2020,2005,d1c1da6d1c4d5f35,M,11.37,0
13.13,13.2133,13.23,0.0764,0.0058,13.28,0.15,13.18,13.255,13.1,13.1973,13.218,0.0888,0.0067,13.274,0.174,13.159,13.246,0.4509,0.0408,0.5186,0.0,0.15,0.0,3,2,1,0.0,16.0,16.0,13.5278,1,2,0.6667,-0.125,0.0,0.2667,0.2082,0.2667,0.0,,,1,1,,2024,2024,2024.0,0,2020,2020,2005,06e14be20316eb93,F,13.13,0
11.58,11.66,11.66,0.1131,0.0097,11.74,0.16,11.62,11.7,11.6,11.6675,11.6675,0.0955,0.0082,11.735,0.135,11.6337,11.7012,,,,0.16,0.0,2.7829,2,2,1,0.0,18.0,18.0,34.7857,0,0,0.0,0.0,0.0,-0.15,0.3536,0.1,-0.4,,,1,1,,2024,2024,2024.0,0,2020,2020,2005,785eca42399e26b4,M,11.49,0
11.85,11.8733,11.87,0.0252,0.0021,11.9,0.05,11.86,11.885,11.8,11.8483,11.845,0.0501,0.0042,11.9,0.1,11.8225,11.8725,-0.0975,0.0101,-0.1876,0.05,0.02,0.1218,3,3,1,0.0,17.0,17.0,7.305,0,0,0.0,0.0,0.3333,0.75,0.3536,0.75,0.0,,,1,1,,2024,2024,2024.0,0,2020,2020,2005,e666d3c48deaf326,M,11.85,0
11.4,11.44,11.44,0.0566,0.0049,11.48,0.08,11.42,11.46,11.33,11.425,11.425,0.1344,0.0118,11.52,0.19,11.3775,11.4725,,,,0.0,0.08,0.0,2,2,1,0.0,18.0,18.0,21.4853,0,0,0.0,0.0,0.0,0.3,1.5556,1.4,-0.8,,,1,1,,2024,2024,2024.0,0,2020,2020,2005,2729f0a4c5321c85,M,11.4,0
12.6,12.655,12.655,0.0778,0.0061,12.71,0.11,12.6275,12.6825,12.6,12.661,12.661,0.0863,0.0068,12.722,0.122,12.6305,12.6915,,,,0.0,0.11,0.0,2,2,1,0.0,18.0,18.0,27.0556,1,2,1.0,0.0,0.5,-0.2,0.0,0.0,-0.2,,,1,1,,2025,2025,2025.0,0,2020,2020,2005,62458958f57fc1ac,F,12.51,0
11.79,11.88,11.88,0.1273,0.0107,11.97,0.18,11.835,11.925,11.85,11.9675,11.9675,0.1662,0.0139,12.085,0.235,11.9088,12.0263,,,,0.18,0.0,1.2891,2,2,1,0.0,18.0,18.0,14.3235,0,0,0.0,0.0,0.0,-1.75,0.7778,0.0,-1.75,,,1,1,,2024,2024,2024.0,0,2020,2020,2005,a162798057d0692f,M,11.53,0
11.57,11.655,11.655,0.1202,0.0103,11.74,0.17,11.6125,11.6975,11.57,11.6775,11.6775,0.152,0.013,11.785,0.215,11.6238,11.7312,,,,0.0,0.17,0.0,2,2,1,0.0,18.0,18.0,10.0068,0,0,0.0,0.0,0.0,-0.45,0.6364,0.0,-0.9,,,1,1,,2025,2025,2025.0,0,2020,2020,2005,787a122e2cf15537,M,11.57,0
11.44,11.58,11.58,0.198,0.0171,11.72,0.28,11.51,11.65,11.405,11.5675,11.5675,0.2298,0.0199,11.73,0.325,11.4862,11.6488,,,,0.0,0.28,0.0,2,2,1,0.0,17.0,17.0,21.4853,0,0,0.0,0.0,0.0,0.25,0.6364,0.7,-0.2,,,1,1,,2024,2024,2024.0,0,2020,2020,2005,d13deb2dcde14bb9,M,11.44,0
12.95,13.342,13.28,0.3023,0.0227,13.67,0.72,13.19,13.62,12.908,13.3516,13.334,0.3108,0.0233,13.67,0.762,13.226,13.62,-0.477,0.0569,-0.4554,0.67,0.0,0.4974,5,3,2,1.0,16.0,17.0,3.7119,1,2,0.4,-0.18,0.4,-0.2667,0.8505,0.7,-0.75,,,1,1,,2024,2025,2024.6,1,2020,2020,2005,d6c129eee4bac4a7,F,12.95,0
11.54,11.6067,11.63,0.0586,0.005,11.65,0.11,11.585,11.64,11.565,11.6267,11.645,0.0548,0.0047,11.67,0.105,11.605,11.6575,0.0504,0.0463,0.1146,0.11,0.09,0.2071,3,3,2,1.0,17.0,17.0,5.6482,0,0,0.0,0.0,0.0,-0.4,0.4583,0.1,-0.65,,,1,1,,2024,2025,2024.3333,1,2020,2020,2005,2123caf18a1f2b13,M,11.17,0
11.58,11.63,11.63,0.0707,0.0061,11.68,0.1,11.605,11.655,11.615,11.6375,11.6375,0.0318,0.0027,11.66,0.045,11.6262,11.6488,,,,0.0,0.1,0.0,2,2,1,0.0,18.0,18.0,21.4853,0,0,0.0,0.0,0.0,-0.15,0.7778,0.4,-0.7,,,1,1,,2024,2024,2024.0,0,2020,2020,2005,7e82e5d815379098,M,11.58,0
11.78,11.805,11.805,0.0354,0.003,11.83,0.05,11.7925,11.8175,11.78,11.8125,11.8125,0.046,0.0039,11.845,0.065,11.7962,11.8288,,,,0.0,0.05,0.0,2,2,1,0.0,17.0,17.0,23.5645,0,0,0.0,0.0,0.5,-0.3,0.0,0.0,-0.3,,,1,1,,2024,2024,2024.0,0,2020,2020,2005,a7c5c0e208958fd7,M,11.72,0
11.53,11.93,11.54,0.6842,0.0573,12.72,1.19,11.535,12.13,11.54,11.9567,11.58,0.6873,0.0575,12.75,1.21,11.56,12.165,-1.7488,0.4898,-1.6392,0.01,0.0,0.0302,3,3,1,0.0,17.0,17.0,9.0558,0,0,0.0,0.0,0.0,-0.5333,0.5033,0.0,-0.8,,,1,1,,2024,2024,2024.0,0,2020,2020,2005,2aeea69f1eb94599,M,11.53,0
11.09,11.315,11.2,0.3087,0.0273,11.77,0.68,11.15,11.365,11.075,11.32,11.2125,0.314,0.0277,11.78,0.705,11.1613,11.3712,-0.9629,0.1308,-0.9056,0.68,0.08,1.2057,4,3,1,1.0,16.0,16.0,7.0922,1,1,0.25,0.1933,0.0,-0.1,0.8981,0.55,-0.75,,,1,1,,2025,2025,2025.0,0,2020,2020,2005,2a4f319f7136ff41,M,11.09,0
11.86,12.005,12.005,0.2051,0.0171,12.15,0.29,11.9325,12.0775,11.83,11.995,11.995,0.2333,0.0195,12.16,0.33,11.9125,12.0775,,,,0.29,0.0,5.5749,2,2,1,0.0,18.0,18.0,38.4474,0,0,0.0,0.0,0.0,0.2,0.5657,0.6,-0.2,,,1,1,,2024,2024,2024.0,0,2020,2020,2005,e053f9bab901d2c5,M,11.86,0
11.98,12.02,12.02,0.0566,0.0047,12.06,0.08,12.0,12.04,11.98,12.03,12.03,0.0707,0.0059,12.08,0.1,12.005,12.055,,,,0.0,0.08,0.0,2,2,1,0.0,18.0,18.0,12.8158,0,0,0.0,0.0,0.0,-0.2,0.2828,0.0,-0.4,,,1,1,,2024,2024,2024.0,0,2020,2020,2005,8dc1b338e80dc632,M,11.36,0
11.44,11.535,11.535,0.1344,0.0116,11.63,0.19,11.4875,11.5825,11.415,11.5225,11.5225,0.152,0.0132,11.63,0.215,11.4688,11.5762,,,,0.19,0.0,2.2386,2,2,1,0.0,17.0,17.0,23.5645,0,0,0.0,0.0,0.5,0.5,0.0,0.5,0.0,,,1,1,,2024,2024,2024.0,0,2020,2020,2005,ae196c008e29aff9,M,11.44,0
11.28,11.3,11.3,0.0283,0.0025,11.32,0.04,11.29,11.31,11.275,11.305,11.305,0.0424,0.0038,11.335,0.06,11.29,11.32,,,,0.04,0.0,0.2563,2,2,1,0.0,18.0,18.0,12.8158,1,1,0.5,-0.04,0.0,-0.1,0.2828,0.1,-0.3,,,1,1,,2025,2025,2025.0,0,2020,2020,2005,f3e787d7874f0f61,M,11.28,0
11.48,11.585,11.585,0.1485,0.0128,11.69,0.21,11.5325,11.6375,11.45,11.57,11.57,0.1697,0.0147,11.69,0.24,11.51,11.63,,,,0.0,0.21,0.0,2,2,1,0.0,17.0,17.0,31.7609,1,1,0.5,0.21,0.0,0.3,0.4243,0.6,0.0,181.0,72.0,0,0,21.9774,2025,2025,2025.0,0,2020,2020,2005,2e09bccfa519392f,M,11.48,1
11.52,11.565,11.565,0.0636,0.0055,11.61,0.09,11.5425,11.5875,11.465,11.55,11.55,0.1202,0.0104,11.635,0.17,11.5075,11.5925,,,,0.0,0.09,0.0,2,2,1,0.0,16.0,16.0,31.7609,1,1,0.5,0.09,0.0,0.3,1.1314,1.1,-0.5,175.0,66.0,0,0,21.551,2025,2025,2025.0,0,2020,2020,2005,59495a95f4d3bcbb,M,11.52,1
13.65,13.7225,13.665,0.1253,0.0091,13.91,0.26,13.6575,13.73,13.634,13.7075,13.667,0.1058,0.0077,13.862,0.228,13.6415,13.733,0.0857,0.1072,-0.0287,0.0,0.02,0.0,4,4,1,0.0,16.0,16.0,16.7931,1,1,0.25,0.0967,0.0,0.25,0.5802,0.5,-0.5,170.0,60.0,0,0,20.7612,2025,2025,2025.0,0,2020,2020,2005,6f39e6e379bc0724,F,13.65,1
11.79,11.89,11.89,0.1414,0.0119,11.99,0.2,11.84,11.94,11.83,11.9425,11.9425,0.1591,0.0133,12.055,0.225,11.8862,11.9988,,,,0.0,0.2,0.0,2,2,1,0.0,16.0,16.0,42.9706,1,1,0.5,0.2,0.0,-1.05,0.3536,0.0,-1.05,175.0,55.0,0,0,17.9592,2025,2025,2025.0,0,2020,2020,2005,882ee60d1ca45438,M,11.79,1
12.36,12.43,12.43,0.099,0.008,12.5,0.14,12.395,12.465,12.3276,12.4378,12.4378,0.1558,0.0125,12.548,0.2204,12.3827,12.4929,,,,0.0,0.14,0.0,2,2,1,0.0,18.0,18.0,730.5,1,1,0.5,-0.14,0.0,-0.13,0.9475,0.54,-0.8,,,1,1,,2022,2022,2022.0,0,2020,2020,2000,c02ce7aacb50a330,F,12.36,0
11.49,11.54,11.54,0.0707,0.0061,11.59,0.1,11.515,11.565,11.515,11.5525,11.5525,0.053,0.0046,11.59,0.075,11.5338,11.5712,,,,0.1,0.0,7.305,2,2,1,0.0,17.0,17.0,146.1,1,1,0.5,-0.1,0.0,-0.25,0.3536,0.0,-0.5,,,1,1,,2023,2023,2023.0,0,2020,2020,2005,91c70db5325cddc7,M,11.49,0
11.89,12.01,12.01,0.1697,0.0141,12.13,0.24,11.95,12.07,11.865,12.0175,12.0175,0.2157,0.0179,12.17,0.305,11.9412,12.0938,,,,0.0,0.24,0.0,2,2,1,0.0,18.0,18.0,9.74,0,0,0.0,0.0,0.0,-0.15,0.9192,0.5,-0.8,173.0,58.0,0,0,19.3792,2019,2019,2019.0,0,2010,2010,2000,7301a7eef597d67e,M,11.89,1
11.52,11.6233,11.56,0.1457,0.0125,11.79,0.27,11.54,11.675,11.465,11.6183,11.555,0.193,0.0166,11.835,0.37,11.51,11.695,0.0059,0.119,0.0835,0.0,0.04,0.0,3,3,1,0.0,17.0,17.0,6.0875,0,0,0.0,0.0,0.0,0.1,1.0,0.6,-0.9,,,1,1,,2022,2022,2022.0,0,2020,2020,2000,53f89d4aaccc3ca3,M,11.52,0
13.32,13.4467,13.4,0.1553,0.0116,13.62,0.3,13.36,13.51,13.26,13.4267,13.424,0.168,0.0125,13.596,0.336,13.342,13.51,0.3252,0.0327,0.3177,0.0,0.3,0.0,3,2,2,1.0,17.0,17.0,3.7526,1,1,0.3333,-0.3,0.0,0.3333,0.7024,0.7,-0.4,,,1,1,,2023,2024,2023.3333,1,2020,2020,2005,1ed2e62b650f9191,F,13.29,0
11.61,11.75,11.71,0.1744,0.0148,11.97,0.36,11.61,11.85,11.565,11.7262,11.6875,0.1808,0.0154,11.965,0.4,11.5987,11.815,-0.3188,0.0576,-0.3175,0.2,0.0,0.2207,4,4,2,1.0,16.0,17.0,4.4139,1,1,0.25,-0.08,0.25,0.6333,0.4619,0.6333,0.0,174.0,55.0,0,0,18.1662,2022,2023,2022.5,1,2020,2020,2005,163c0dd404d0a598,M,11.61,1
13.09,13.42,13.45,0.2107,0.0157,13.67,0.58,13.4,13.49,13.078,13.4392,13.45,0.265,0.0197,13.814,0.736,13.358,13.496,-0.0989,0.1626,-0.1625,0.58,0.31,0.3057,5,5,3,2.0,15.0,16.0,2.6353,1,1,0.2,-0.0875,0.0,-0.32,1.2029,0.45,-1.25,,,1,1,,2019,2021,2020.0,2,2010,2010,2000,c011b77c3d3d03b6,F,13.09,0
11.51,11.6,11.6,0.1273,0.011,11.69,0.18,11.555,11.645,11.335,11.515,11.515,0.2546,0.0221,11.695,0.36,11.425,11.605,,,,0.18,0.0,13.149,2,2,1,0.0,18.0,18.0,146.1,0,0,0.0,0.0,0.0,1.7,2.5456,3.5,-0.1,,,1,1,,2024,2024,2024.0,0,2020,2020,2005,408d939930ff3a92,M,11.51,0
12.73,12.78,12.78,0.0707,0.0055,12.83,0.1,12.755,12.805,12.664,12.786,12.786,0.1725,0.0135,12.908,0.244,12.725,12.847,,,,0.0,0.1,0.0,2,1,1,0.0,18.0,18.0,2.0,1,1,0.5,-0.1,0.0,-0.1,1.6971,1.1,-1.3,,,1,1,,2020,2020,2020.0,0,2020,2020,2000,47280ea393b55d0d,F,12.56,0
11.71,11.74,11.74,0.0424,0.0036,11.77,0.06,11.725,11.755,11.78,11.8,11.8,0.0283,0.0024,11.82,0.04,11.79,11.81,,,,0.06,0.0,10.9575,2,2,1,0.0,18.0,18.0,365.25,1,1,0.5,-0.06,0.0,-1.2,0.2828,0.0,-1.2,,,1,1,,2023,2023,2023.0,0,2020,2020,2005,9d4a7128a2741aef,M,11.71,0
13.7,13.9217,13.915,0.1522,0.0109,14.14,0.44,13.8525,14.0,13.742,13.9277,13.888,0.1576,0.0113,14.14,0.398,13.827,14.048,-0.0798,0.1284,-0.0322,0.15,0.0,0.0736,6,4,3,2.0,15.0,17.0,2.9456,1,1,0.1667,-0.1225,0.1667,-0.12,0.968,0.8,-0.7333,,,1,1,,2023,2025,2023.8333,2,2020,2020,2005,709a0d894c1d5d68,F,13.7,0
11.46,11.525,11.525,0.0919,0.008,11.59,0.13,11.4925,11.5575,11.47,11.5275,11.5275,0.0813,0.0071,11.585,0.115,11.4988,11.5562,,,,0.13,0.0,0.3416,2,2,1,0.0,17.0,17.0,5.2554,0,0,0.0,0.0,0.0,-0.05,0.2121,0.1,-0.2,182.0,71.0,0,0,21.4346,2024,2024,2024.0,0,2020,2020,2005,850b8177cb53a8d4,M,11.46,1
11.38,11.48,11.48,0.1414,0.0123,11.58,0.2,11.43,11.53,11.385,11.4575,11.4575,0.1025,0.0089,11.53,0.145,11.4212,11.4938,,,,0.2,0.0,2.2136,2,2,1,0.0,17.0,17.0,22.1364,1,2,1.0,0.0,0.0,0.45,0.7778,1.0,-0.1,,,1,1,,2023,2023,2023.0,0,2020,2020,2005,d56b8c2e378be006,M,11.38,0
11.57,11.62,11.62,0.0707,0.0061,11.67,0.1,11.595,11.645,11.575,11.6025,11.6025,0.0389,0.0034,11.63,0.055,11.5888,11.6163,,,,0.0,0.1,0.0,2,2,1,0.0,17.0,17.0,146.1,1,1,0.5,0.1,0.0,0.35,0.6364,0.8,-0.1,,,1,1,,2023,2023,2023.0,0,2020,2020,2005,2218aa286b2c807b,M,11.52,0
11.5,11.575,11.575,0.1061,0.0092,11.65,0.15,11.5375,11.6125,11.59,11.6,11.6,0.0141,0.0012,11.61,0.02,11.595,11.605,,,,0.15,0.0,10.9575,2,2,1,0.0,17.0,17.0,146.1,1,1,0.5,-0.15,0.0,-0.5,1.8385,0.8,-1.8,,,1,1,,2023,2023,2023.0,0,2020,2020,2005,2cbc143b20e82e70,M,11.5,0
10.9,11.192,11.19,0.2736,0.0244,11.62,0.72,11.02,11.23,10.875,11.18,11.165,0.2857,0.0256,11.635,0.76,11.02,11.205,-0.5693,0.0904,-0.5831,0.72,0.12,0.6743,5,5,2,1.0,17.0,18.0,4.6827,1,2,0.4,0.145,0.2,0.3,0.4,0.5,-0.3,,,1,1,,2024,2025,2024.4,1,2020,2020,2005,e6741d997f1dd4c5,M,10.9,0
12.25,12.42,12.29,0.2606,0.021,12.72,0.47,12.27,12.505,12.25,12.4133,12.28,0.2574,0.0207,12.71,0.46,12.265,12.495,-0.1849,0.1471,-0.1793,0.47,0.0,0.2428,3,3,2,2.0,14.0,16.0,1.5499,1,3,1.0,0.0,0.3333,0.2,0.0,0.2,0.0,,,1,1,,2023,2025,2023.6667,2,2020,2020,2005,84726aa33db7c7ea,M,12.25,0
12.37,12.7638,12.535,0.4893,0.0383,13.62,1.25,12.495,12.8325,12.358,12.7398,12.508,0.5021,0.0394,13.614,1.256,12.453,12.8145,-0.2717,0.0849,-0.2789,1.1,0.25,0.2775,8,5,2,4.0,14.0,18.0,2.018,1,2,0.25,-0.135,0.0,0.4,0.3162,0.4571,0.0,175.0,52.0,0,0,16.9796,2019,2023,2022.0,4,2010,2020,2005,c60b7b940555f114,F,12.37,1
12.31,12.325,12.325,0.0212,0.0017,12.34,0.03,12.3175,12.3325,12.3,12.3075,12.3075,0.0106,0.0009,12.315,0.015,12.3038,12.3112,,,,0.0,0.03,0.0,2,2,1,0.0,16.0,16.0,146.1,1,1,0.5,0.03,0.0,0.35,0.2121,0.35,0.0,,,1,1,,2023,2023,2023.0,0,2020,2020,2005,19ec1b11218a7ba1,M,12.31,0
12.96,13.06,13.06,0.1414,0.0108,13.16,0.2,13.01,13.11,12.948,13.054,13.054,0.1499,0.0115,13.16,0.212,13.001,13.107,,,,0.0,0.2,0.0,2,1,1,0.0,17.0,17.0,2.0,1,1,0.5,0.2,0.0,0.1,0.1414,0.2,0.0,165.0,53.0,0,0,19.4674,2020,2020,2020.0,0,2020,2020,2000,0320a6a9a801ea29,F,12.58,1
13.24,13.4225,13.445,0.1541,0.0115,13.56,0.32,13.3225,13.545,13.2376,13.4129,13.418,0.1498,0.0112,13.578,0.3404,13.3219,13.509,0.1289,0.1213,0.1733,0.3,0.32,0.2726,4,4,2,1.0,16.0,16.0,3.6343,1,1,0.25,0.2433,0.0,0.16,0.5161,0.47,-0.3,,,1,1,,2022,2023,2022.25,1,2020,2020,2005,ef88bc104f0bef36,F,13.24,0
12.92,13.0386,13.06,0.0767,0.0059,13.14,0.22,12.99,13.085,12.926,13.0386,13.034,0.0982,0.0075,13.212,0.286,12.976,13.073,-0.0711,0.0581,-0.0959,0.22,0.0,0.1282,7,5,3,2.0,16.0,18.0,4.0778,1,3,0.4286,0.0442,0.1429,0.0,0.9187,0.7333,-0.7333,,,1,1,,2022,2024,2023.1429,2,2020,2020,2005,f97f1e19e05661d4,F,12.39,0
11.46,12.058,12.38,0.4807,0.0399,12.43,0.97,11.61,12.41,11.455,12.079,12.425,0.517,0.0428,12.485,1.03,11.575,12.455,-0.452,0.118,-0.4704,0.95,0.0,0.4092,5,5,3,2.0,15.0,17.0,2.1536,0,0,0.0,0.0,0.0,-0.42,0.8556,0.4,-0.9667,,,1,1,,2023,2025,2024.0,2,2020,2020,2005,8e1117d548d3a4ee,M,11.46,0
11.01,11.3,11.32,0.2805,0.0248,11.57,0.56,11.165,11.445,11.01,11.2783,11.255,0.2807,0.0249,11.57,0.56,11.1325,11.4125,-1.2397,0.0246,-1.2116,0.56,0.0,1.2626,3,3,1,0.0,18.0,18.0,6.7639,1,1,0.3333,0.435,0.6667,1.3,0.0,1.3,0.0,,,1,1,,2023,2023,2023.0,0,2020,2020,2005,f7b7263c22b0fc51,M,11.01,0
12.2,12.455,12.505,0.1775,0.0142,12.61,0.41,12.4175,12.5425,12.068,12.4295,12.517,0.2461,0.0198,12.616,0.548,12.389,12.5575,1.1402,0.1343,1.7021,0.0,0.32,0.0,4,3,1,0.0,16.0,16.0,19.2237,1,2,0.5,0.19,0.0,0.425,1.1871,2.2,-0.1667,159.0,48.0,0,0,18.9866,2019,2019,2019.0,0,2010,2010,2000,11abaa34849ce571,F,12.2,1
12.85,12.89,12.89,0.04,0.0031,12.93,0.08,12.87,12.91,12.88,12.912,12.908,0.0342,0.0026,12.948,0.068,12.894,12.928,0.078,0.0163,0.0702,0.0,0.08,0.0,3,2,2,1.0,16.0,16.0,3.8995,1,1,0.3333,-0.08,0.0,-0.3667,0.1155,0.0,-0.3667,,,1,1,,2023,2024,2023.3333,1,2020,2020,2005,26b2dea6460abc06,F,12.85,0
12.61,12.8225,12.87,0.1475,0.0115,12.94,0.33,12.7825,12.91,12.52,12.7985,12.852,0.1939,0.0151,12.97,0.45,12.7645,12.886,-0.1824,0.0954,-0.2777,0.23,0.0,0.2222,4,3,2,1.0,17.0,18.0,3.8651,1,3,0.75,0.0233,0.0,0.4,0.8869,1.1,-0.3,,,1,1,,2021,2022,2021.5,1,2020,2020,2000,4887a23c601d56ec,F,12.24,0
11.82,12.15,12.15,0.4667,0.0384,12.48,0.66,11.985,12.315,11.795,12.145,12.145,0.495,0.0408,12.495,0.7,11.97,12.32,,,,0.66,0.0,0.6261,2,2,2,1.0,17.0,18.0,1.8974,0,0,0.0,0.0,0.0,0.1,0.5657,0.5,-0.3,179.0,64.0,0,0,19.9744,2019,2020,2019.5,1,2010,2010,2000,8d227964587c95e1,M,11.82,1
11.56,11.61,11.61,0.0408,0.0035,11.66,0.1,11.5975,11.6225,11.53,11.5987,11.6025,0.0636,0.0055,11.66,0.13,11.5525,11.6488,-0.151,0.0194,-0.2807,0.1,0.0,0.2161,4,4,1,0.0,17.0,18.0,8.645,1,3,0.75,0.0,0.0,0.225,0.7411,0.8,-0.7,,,1,1,,2023,2023,2023.0,0,2020,2020,2005,a4f173e8bbbe24d7,M,11.2,0
12.58,12.78,12.68,0.1938,0.0152,13.03,0.45,12.67,12.94,12.484,12.7608,12.622,0.2704,0.0212,13.144,0.66,12.62,12.934,-0.5657,0.1606,-0.7463,0.1,0.09,0.3291,5,4,1,0.0,17.0,17.0,16.4527,1,2,0.4,-0.0417,0.0,0.32,1.3517,0.875,-1.9,,,1,1,,2019,2019,2019.0,0,2010,2010,2000,50dce2dde3f8dd62,F,12.58,0
11.43,11.72,11.72,0.4101,0.035,12.01,0.58,11.575,11.865,11.45,11.76,11.76,0.4384,0.0373,12.07,0.62,11.605,11.915,,,,0.58,0.0,2.0769,2,2,1,0.0,16.0,17.0,7.1618,0,0,0.0,0.0,0.0,-0.8,0.5657,0.0,-0.8,,,1,1,,2022,2022,2022.0,0,2020,2020,2005,39cbaa6101a2bbac,M,10.98,0
13.21,13.4567,13.28,0.3683,0.0274,13.88,0.67,13.245,13.58,13.196,13.4567,13.294,0.3699,0.0275,13.88,0.684,13.245,13.587,1.1994,0.0186,1.1565,0.0,0.67,0.0,3,3,1,1.0,17.0,17.0,5.2428,0,0,0.0,0.0,0.0,0.0,1.4,1.4,-1.4,,,1,1,,2023,2023,2023.0,0,2020,2020,2005,f2213ef114c5c229,F,13.09,0
11.72,11.725,11.725,0.0071,0.0006,11.73,0.01,11.7225,11.7275,11.705,11.7175,11.7175,0.0177,0.0015,11.73,0.025,11.7112,11.7238,,,,0.0,0.01,0.0,2,2,2,1.0,17.0,17.0,2.736,1,1,0.5,-0.01,0.5,0.3,0.0,0.3,0.0,173.0,60.0,0,0,20.0474,2021,2022,2021.5,1,2020,2020,2000,de62d4385417e9fe,M,11.62,1
11.27,11.3767,11.38,0.105,0.0092,11.48,0.21,11.325,11.43,11.27,11.3633,11.335,0.1103,0.0097,11.485,0.215,11.3025,11.41,0.0293,0.0848,0.0801,0.11,0.21,0.1083,3,3,2,1.0,17.0,18.0,2.9535,1,1,0.3333,0.16,0.3333,0.4,0.7071,0.9,-0.1,,,1,1,,2022,2023,2022.6667,1,2020,2020,2005,a2475140a8b5aa34,M,11.27,0
11.89,11.96,11.96,0.099,0.0083,12.03,0.14,11.925,11.995,11.89,11.96,11.96,0.099,0.0083,12.03,0.14,11.925,11.995,,,,0.14,0.0,51.135,2,2,1,0.0,18.0,18.0,730.5,1,1,0.5,0.14,0.0,0.0,0.0,0.0,0.0,170.0,60.0,0,0,20.7612,2002,2002,2002.0,0,2000,2000,1980,9bdb1c9a83e34ec8,F,11.72,1
11.77,11.9133,11.88,0.1626,0.0136,12.09,0.32,11.825,11.985,11.78,11.924,11.905,0.1544,0.0129,12.087,0.307,11.8425,11.996,-0.2841,0.0566,-0.26,0.32,0.11,0.3398,3,3,2,1.0,17.0,18.0,3.1853,0,0,0.0,0.0,0.0,-0.2133,0.2802,0.06,-0.35,,,1,1,,2022,2023,2022.6667,1,2020,2020,2005,d7fc485c2e3c5ebf,M,11.77,0
11.53,11.8,11.8,0.3818,0.0324,12.07,0.54,11.665,11.935,11.52,11.785,11.785,0.3748,0.0318,12.05,0.53,11.6525,11.9175,,,,0.54,0.0,2.8176,2,2,1,0.0,17.0,17.0,10.4357,0,0,0.0,0.0,0.0,0.3,0.1414,0.3,0.0,,,1,1,,2023,2023,2023.0,0,2020,2020,2005,4689dcf0d0c19c82,M,11.53,0
11.42,11.455,11.455,0.0495,0.0043,11.49,0.07,11.4375,11.4725,11.42,11.465,11.465,0.0636,0.0056,11.51,0.09,11.4425,11.4875,,,,0.0,0.07,0.0,2,2,1,0.0,17.0,17.0,20.2917,1,1,0.5,0.07,0.0,-0.2,0.2828,0.0,-0.4,,,1,1,,2023,2023,2023.0,0,2020,2020,2005,66294f8d14d755d3,M,11.42,0
11.87,11.88,11.88,0.0141,0.0012,11.89,0.02,11.875,11.885,11.865,11.8675,11.8675,0.0035,0.0003,11.87,0.005,11.8663,11.8687,,,,0.0,0.02,0.0,2,2,1,0.0,18.0,18.0,29.22,1,2,1.0,0.0,0.0,0.25,0.3536,0.5,0.0,,,1,1,,2023,2023,2023.0,0,2020,2020,2005,201dd2935112dbd3,M,11.72,0
11.35,11.775,11.805,0.3377,0.0287,12.14,0.79,11.605,11.975,11.375,11.7662,11.775,0.322,0.0274,12.14,0.765,11.6038,11.9375,-0.6714,0.0675,-0.6387,0.79,0.0,0.6679,4,4,2,1.0,17.0,18.0,3.3819,1,4,1.0,0.0,0.0,0.175,0.6238,0.6,-0.5,,,1,1,,2023,2024,2023.25,1,2020,2020,2005,f5351038a9fc9cf6,M,11.35,0
11.77,12.0033,11.96,0.2577,0.0215,12.28,0.51,11.865,12.12,11.765,11.985,11.91,0.2656,0.0222,12.28,0.515,11.8375,12.095,-1.0316,0.0402,-1.0783,0.51,0.0,1.1022,3,3,1,0.0,17.0,17.0,6.4837,1,3,1.0,0.0,0.0,0.3667,0.5508,0.55,0.0,,,1,1,,2023,2023,2023.0,0,2020,2020,2005,822d502abf4ad878,M,11.54,0
11.81,11.9167,11.95,0.0945,0.0079,11.99,0.18,11.88,11.97,11.805,11.9233,11.94,0.1109,0.0093,12.025,0.22,11.8725,11.9825,1.6731,0.0484,2.2151,0.0,0.18,0.0,3,3,1,0.0,18.0,18.0,36.525,1,1,0.3333,0.16,0.0,-0.1333,0.4933,0.15,-0.7,,,1,1,,2023,2023,2023.0,0,2020,2020,2005,f7ba90f5ed730b7c,M,11.57,0
11.43,11.5767,11.46,0.2285,0.0197,11.84,0.41,11.445,11.65,11.43,11.585,11.485,0.2225,0.0192,11.84,0.41,11.4575,11.6625,-0.4602,0.0267,-0.4436,0.41,0.03,0.4622,3,3,2,1.0,17.0,18.0,3.3819,1,2,0.6667,-0.175,0.3333,-0.25,0.3536,0.0,-0.5,,,1,1,,2022,2023,2022.6667,1,2020,2020,2005,380cf87d5c424059,M,11.42,0
11.27,11.42,11.33,0.1918,0.0168,11.73,0.46,11.29,11.48,11.175,11.385,11.28,0.2189,0.0192,11.715,0.54,11.26,11.495,-0.3108,0.0967,-0.3759,0.46,0.21,0.3784,5,3,2,1.0,16.0,17.0,4.1132,1,2,0.4,0.0583,0.0,0.7,0.9138,0.95,-0.3,178.0,140.0,0,0,44.1863,2019,2020,2019.8,1,2010,2020,2000,9a35a28d17510035,M,11.27,0
11.72,12.095,12.095,0.5303,0.0438,12.47,0.75,11.9075,12.2825,11.775,12.1225,12.1225,0.4914,0.0405,12.47,0.695,11.9488,12.2962,,,,0.75,0.0,0.5929,2,2,2,1.0,17.0,18.0,1.5812,1,2,1.0,0.0,0.0,-0.55,0.7778,0.0,-1.1,,,1,1,,2023,2024,2023.5,1,2020,2020,2005,7e8eef211aa9211d,M,11.63,0
12.1,12.175,12.175,0.1061,0.0087,12.25,0.15,12.1375,12.2125,12.105,12.19,12.19,0.1202,0.0099,12.275,0.17,12.1475,12.2325,,,,0.0,0.15,0.0,2,2,1,0.0,17.0,17.0,146.1,1,1,0.5,0.15,0.0,-0.3,0.2828,0.0,-0.3,,,1,1,,2023,2023,2023.0,0,2020,2020,2005,78c89a06875ea1ca,M,12.1,0
12.99,13.2847,13.29,0.201,0.0151,13.6,0.61,13.135,13.445,12.99,13.2851,13.226,0.2044,0.0154,13.618,0.628,13.133,13.439,-0.2311,0.1395,-0.1938,0.37,0.17,0.1849,15,13,3,2.0,15.0,17.0,7.4949,1,7,0.4667,-0.1439,0.0667,-0.0071,0.6662,0.68,-0.4375,,,1,1,,2023,2025,2023.4667,2,2020,2020,2005,fc9cb6f322cfbc60,F,12.99,0
11.78,11.885,11.885,0.1485,0.0125,11.99,0.21,11.8325,11.9375,11.77,11.885,11.885,0.1626,0.0137,12.0,0.23,11.8275,11.9425,,,,0.21,0.0,2.7394,2,2,1,0.0,18.0,18.0,26.0893,1,1,0.5,-0.21,0.0,0.0,0.2828,0.2,-0.2,,,1,1,,2023,2023,2023.0,0,2020,2020,2005,eec60beaf9421072,M,11.6,0
12.36,12.758,12.43,0.4954,0.0388,13.39,1.03,12.41,13.2,12.384,12.7832,12.496,0.477,0.0373,13.372,0.988,12.434,13.23,-0.3865,0.0523,-0.3699,1.03,0.07,0.3831,5,3,3,3.0,15.0,18.0,1.8597,1,2,0.4,-0.085,0.0,-0.42,0.497,0.3,-0.6,170.0,55.0,0,0,19.0311,2020,2023,2022.0,3,2020,2020,2005,f65ae7dd49db7bca,F,12.36,1
11.0,11.368,11.205,0.3938,0.0346,12.11,1.11,11.085,11.535,10.985,11.378,11.2725,0.4153,0.0365,12.155,1.17,11.0575,11.4788,-0.4478,0.2448,-0.4619,0.96,0.13,0.5179,10,7,3,2.0,16.0,17.0,5.3951,1,3,0.3,-0.1183,0.0,-0.2,1.3482,1.225,-1.15,,,1,1,,2023,2025,2023.9,2,2020,2020,2005,07345213d8574590,M,10.96,0
12.07,12.19,12.19,0.1697,0.0139,12.31,0.24,12.13,12.25,12.08,12.211,12.211,0.1853,0.0152,12.342,0.262,12.1455,12.2765,,,,0.24,0.0,0.2092,2,2,2,1.0,17.0,18.0,1.7434,1,1,0.5,0.24,0.0,-0.42,0.3111,0.0,-0.42,,,1,1,,2022,2023,2022.5,1,2020,2020,2005,238d723d668e0339,M,11.83,0
12.07,12.085,12.085,0.0212,0.0018,12.1,0.03,12.0775,12.0925,12.045,12.045,12.045,0.0,0.0,12.045,0.0,12.045,12.045,,,,0.0,0.03,0.0,2,2,1,0.0,18.0,18.0,5.4925,0,0,0.0,0.0,0.0,0.8,0.4243,0.8,0.0,,,1,1,,2022,2022,2022.0,0,2020,2020,2000,ec6d70a924b8e208,M,11.8,0
11.2,11.3867,11.39,0.185,0.0162,11.57,0.37,11.295,11.48,11.22,11.4217,11.475,0.181,0.0158,11.57,0.35,11.3475,11.5225,-3.5873,0.0776,-2.9024,0.37,0.19,4.8265,3,2,1,0.0,18.0,18.0,39.1339,1,2,0.6667,-0.28,0.0,-0.7,0.8888,0.0,-1.05,,,1,1,,2023,2023,2023.0,0,2020,2020,2005,939b0f7d9da99bab,M,11.17,0
12.48,12.6686,12.63,0.1904,0.015,12.95,0.47,12.515,12.795,12.51,12.702,12.63,0.198,0.0156,12.938,0.428,12.524,12.894,-0.1878,0.0897,-0.1757,0.42,0.15,0.214,7,5,3,2.0,15.0,17.0,3.5659,1,3,0.4286,-0.125,0.0,-0.5571,1.1844,0.2,-0.82,,,1,1,,2022,2024,2023.2857,2,2020,2020,2005,b12276df67b078ec,F,12.3,0
12.08,13.626,12.59,2.0746,0.1523,17.18,5.1,12.57,13.71,12.08,13.655,12.68,2.0644,0.1512,17.18,5.1,12.57,13.765,-0.1408,1.8486,-0.1663,0.51,0.0,0.2708,5,5,3,2.0,14.0,16.0,2.6544,0,0,0.0,0.0,0.2,-0.725,0.8846,0.0,-1.45,,,1,1,,2023,2025,2023.8,2,2020,2020,2005,88f47fd6aa6294ba,M,12.08,0
11.22,11.46,11.4,0.193,0.0168,11.87,0.65,11.325,11.5775,11.205,11.441,11.3825,0.2028,0.0177,11.87,0.665,11.3275,11.5637,-0.0899,0.1693,-0.0711,0.18,0.1,0.0754,10,8,3,2.0,14.0,16.0,4.1886,1,4,0.4,-0.093,0.4,0.6333,1.727,1.7,-0.4333,178.0,65.0,0,0,20.5151,2023,2025,2024.3,2,2020,2020,2005,be2f88377e0a6dd0,M,11.22,1
11.63,11.76,11.76,0.1838,0.0156,11.89,0.26,11.695,11.825,11.66,11.7525,11.7525,0.1308,0.0111,11.845,0.185,11.7062,11.7988,,,,0.26,0.0,7.305,2,2,1,0.0,18.0,18.0,56.1923,1,1,0.5,-0.26,0.0,0.15,1.0607,0.9,-0.6,,,1,1,,2024,2024,2024.0,0,2020,2020,2005,a1a9194a35459e08,M,11.63,0
11.28,11.52,11.57,0.2193,0.019,11.71,0.43,11.425,11.64,11.28,11.555,11.57,0.2678,0.0232,11.815,0.535,11.425,11.6925,1.1405,0.1649,0.8852,0.0,0.29,0.0,3,3,1,0.0,18.0,18.0,21.0721,1,1,0.3333,0.36,0.6667,-2.1,0.0,0.0,-2.1,,,1,1,,2024,2024,2024.0,0,2020,2020,2005,7a8336da7ed89809,M,11.28,0
12.68,13.22,12.81,1.0849,0.0821,15.67,2.99,12.755,12.935,12.638,13.2209,12.882,1.1042,0.0835,15.706,3.068,12.698,12.962,0.1267,0.9802,0.0856,0.06,0.21,0.0552,7,5,2,1.0,16.0,16.0,6.4402,1,1,0.1429,0.5325,0.0,-0.0143,1.1261,1.3,-0.9,,,1,1,,2023,2024,2023.4286,1,2020,2020,2005,4e79f9981fc29d72,F,12.68,0
11.42,11.7256,11.72,0.2589,0.0221,12.2,0.78,11.54,11.84,11.44,11.7294,11.75,0.2496,0.0213,12.19,0.75,11.52,11.805,-0.26,0.1902,-0.2178,0.78,0.0,0.3935,9,8,3,2.0,14.0,16.0,4.5404,1,5,0.5556,-0.2575,0.0,-0.0778,0.9404,0.4167,-1.0667,,,1,1,,2023,2025,2024.4444,2,2020,2020,2005,d15815683b08674a,M,11.42,0
11.2,11.225,11.225,0.0354,0.0031,11.25,0.05,11.2125,11.2375,11.185,11.21,11.21,0.0354,0.0032,11.235,0.05,11.1975,11.2225,,,,0.0,0.05,0.0,2,2,1,0.0,18.0,18.0,730.5,1,1,0.5,-0.05,0.0,0.3,0.0,0.3,0.0,,,1,1,,2024,2024,2024.0,0,2020,2020,2005,1599ebc8f2d06251,M,11.16,0
11.34,11.755,11.8,0.3729,0.0317,12.08,0.74,11.49,12.065,11.32,11.7525,11.8,0.3974,0.0338,12.09,0.77,11.4625,12.09,-0.4871,0.1464,-0.5226,0.74,0.2,0.5033,4,4,2,1.0,15.0,16.0,2.7207,0,0,0.0,0.0,0.0,0.05,0.5508,0.5,-0.4,,,1,1,,2024,2025,2024.5,1,2020,2020,2005,d0d33552a2c4e3a6,M,11.34,0
12.33,12.7125,12.625,0.4097,0.0322,13.27,0.94,12.4575,12.88,12.234,12.681,12.628,0.4258,0.0336,13.234,1.0,12.4335,12.8755,-0.3791,0.1702,-0.3741,0.94,0.42,0.4729,4,4,2,2.0,16.0,18.0,2.0124,1,1,0.25,0.51,0.0,0.525,0.7805,1.1,-0.1,,,1,1,,2021,2023,2022.5,2,2020,2020,2005,7453440951591f77,F,12.33,0
11.82,11.855,11.855,0.0495,0.0042,11.89,0.07,11.8375,11.8725,11.805,11.8225,11.8225,0.0247,0.0021,11.84,0.035,11.8137,11.8312,,,,0.07,0.0,0.7748,2,2,1,0.0,17.0,17.0,22.1364,1,2,1.0,0.0,0.0,0.65,0.495,0.65,0.0,,,1,1,,2023,2023,2023.0,0,2020,2020,2005,a93cf9ed0df79a40,M,11.31,0
12.81,13.175,13.125,0.3839,0.0291,13.95,1.14,12.85,13.3525,12.76,13.1532,13.11,0.3681,0.028,13.878,1.118,12.861,13.335,0.0555,0.3563,0.0247,0.55,0.35,0.4888,8,8,2,1.0,16.0,16.0,7.1095,1,5,0.625,0.216,0.25,0.4833,0.5565,0.64,-0.3,,,1,1,,2024,2025,2024.75,1,2020,2020,2005,22a3fd29620f1cf2,F,12.81,0
11.58,11.87,11.83,0.3119,0.0263,12.2,0.62,11.705,12.015,11.57,11.8667,11.83,0.3166,0.0267,12.2,0.63,11.7,12.015,-1.3129,0.0504,-1.3296,0.62,0.0,1.3979,3,3,1,0.0,17.0,17.0,6.7639,1,3,1.0,0.0,0.0,0.0667,0.1155,0.2,0.0,,,1,1,,2023,2023,2023.0,0,2020,2020,2005,cdcd70173cdcebe6,M,11.41,0
11.63,11.8,11.85,0.1513,0.0128,11.92,0.29,11.74,11.885,11.66,11.81,11.85,0.1345,0.0114,11.92,0.26,11.755,11.885,-1.4679,0.048,-1.3208,0.29,0.0,1.5351,3,3,1,0.0,17.0,17.0,15.8804,1,1,0.3333,-0.075,0.6667,-0.6,0.0,0.0,-0.6,,,1,1,,2024,2024,2024.0,0,2020,2020,2005,64ef0c51bbd1a608,M,11.63,0
12.84,12.97,13.02,0.1136,0.0088,13.05,0.21,12.93,13.035,12.744,12.936,13.026,0.1664,0.0129,13.038,0.294,12.885,13.032,0.5008,0.0863,0.9097,0.21,0.18,1.4472,3,3,1,0.0,18.0,18.0,20.6745,1,1,0.3333,0.195,0.0,0.5667,0.9074,0.9,-0.1,,,1,1,,2023,2023,2023.0,0,2020,2020,2005,4ef23c820c79577d,F,12.84,0
11.51,11.62,11.52,0.1819,0.0157,11.83,0.32,11.515,11.675,11.4,11.5967,11.56,0.2173,0.0187,11.83,0.43,11.48,11.695,-0.3682,0.1103,-0.2464,0.32,0.01,0.5038,3,3,1,1.0,17.0,17.0,4.7231,0,0,0.0,0.0,0.3333,0.7,2.1213,2.2,-0.8,,,1,1,,2023,2023,2023.0,0,2020,2020,2005,2a629146d199aa26,M,11.51,0
11.64,11.735,11.735,0.1344,0.0114,11.83,0.19,11.6875,11.7825,11.655,11.725,11.725,0.099,0.0084,11.795,0.14,11.69,11.76,,,,0.0,0.19,0.0,2,2,1,0.0,18.0,18.0,7.4541,0,0,0.0,0.0,0.0,0.2,0.7071,0.7,-0.3,172.0,55.0,0,0,18.5911,2022,2022,2022.0,0,2020,2020,2005,ff195941deee239a,M,11.12,1
11.87,11.9275,11.92,0.0629,0.0053,12.0,0.13,11.8775,11.97,11.845,11.91,11.91,0.0645,0.0054,11.975,0.13,11.86,11.96,-0.0157,0.0545,-0.1915,0.09,0.0,0.8884,4,4,1,0.0,18.0,18.0,39.4865,1,2,0.5,-0.105,0.0,0.35,0.1915,0.35,0.0,,,1,1,,2023,2023,2023.0,0,2020,2020,2005,d4747953aeff7a77,M,11.61,0
12.47,12.926,12.88,0.3551,0.0275,13.5,1.03,12.62,13.265,12.392,12.9268,12.862,0.3815,0.0295,13.5,1.108,12.605,13.289,-0.2891,0.2352,-0.302,0.94,0.41,0.29,15,9,4,3.0,14.0,17.0,4.6273,1,5,0.3333,-0.0518,0.0,-0.0127,0.9565,0.481,-1.6667,,,1,1,,2022,2025,2023.8667,3,2020,2020,2005,fcaf3a091d118a1e,F,12.47,0
12.58,12.6175,12.605,0.0435,0.0034,12.68,0.1,12.595,12.6275,12.575,12.6,12.6,0.022,0.0017,12.625,0.05,12.5862,12.6138,0.0518,0.0306,0.035,0.02,0.03,0.0194,4,4,2,1.0,15.0,16.0,3.8753,0,0,0.0,0.0,0.25,0.4667,0.5508,0.4667,0.0,,,1,1,,2024,2025,2024.5,1,2020,2020,2005,5497c4f8290f01e4,M,12.58,0
11.95,12.07,12.07,0.1697,0.0141,12.19,0.24,12.01,12.13,11.985,12.09,12.09,0.1485,0.0123,12.195,0.21,12.0375,12.1425,,,,0.24,0.0,1.3084,2,2,1,0.0,18.0,18.0,10.903,0,0,0.0,0.0,0.0,-0.4,0.4243,0.0,-0.4,,,1,1,,2023,2023,2023.0,0,2020,2020,2005,21a5d364f5a974e3,M,11.59,0
11.18,11.305,11.305,0.1768,0.0156,11.43,0.25,11.2425,11.3675,11.09,11.25,11.25,0.2263,0.0201,11.41,0.32,11.17,11.33,,,,0.25,0.0,2.0753,2,2,1,0.0,17.0,17.0,16.6023,0,0,0.0,0.0,0.0,1.1,0.9899,1.1,0.0,,,1,1,,2023,2023,2023.0,0,2020,2020,2005,d7a1df50a5d8b4f0,M,11.18,0
10.52,10.7988,10.8,0.2302,0.0213,11.17,0.65,10.6075,10.9375,10.505,10.8031,10.795,0.2694,0.0249,11.29,0.785,10.585,10.94,-0.2465,0.0922,-0.248,0.47,0.05,0.2551,8,6,3,2.0,15.0,17.0,4.3418,1,2,0.25,0.107,0.0,-0.0875,1.3065,0.85,-1.025,,,1,1,,2023,2025,2024.0,2,2020,2020,2005,7b0cd46d9857ba5c,M,10.52,0
13.08,13.105,13.105,0.0354,0.0027,13.13,0.05,13.0925,13.1175,13.08,13.1075,13.1075,0.0389,0.003,13.135,0.055,13.0938,13.1213,,,,0.05,0.0,0.2007,2,2,1,0.0,18.0,18.0,8.0275,0,0,0.0,0.0,0.0,-0.05,0.0707,0.0,-0.1,,,1,1,,2023,2023,2023.0,0,2020,2020,2005,1c9baced193bcd52,M,13.08,0
12.11,12.175,12.175,0.0919,0.0076,12.24,0.13,12.1425,12.2075,12.145,12.19,12.19,0.0636,0.0052,12.235,0.09,12.1675,12.2125,,,,0.13,0.0,1.319,2,2,1,0.0,17.0,17.0,20.2917,1,1,0.5,-0.13,0.0,-0.3,0.5657,0.1,-0.7,,,1,1,,2023,2023,2023.0,0,2020,2020,2005,5dfcb012e1fd25fa,M,12.11,0
11.9,12.085,12.085,0.2616,0.0216,12.27,0.37,11.9925,12.1775,11.91,12.0775,12.0775,0.2369,0.0196,12.245,0.335,11.9938,12.1612,,,,0.37,0.0,0.5471,2,2,2,1.0,17.0,18.0,2.9575,0,0,0.0,0.0,0.0,0.15,0.495,0.5,-0.2,,,1,1,,2022,2023,2022.5,1,2020,2020,2005,3a027031d3e4fec4,M,11.5,0
11.65,12.01,11.89,0.4327,0.036,12.49,0.84,11.77,12.19,11.625,12.0,11.89,0.4404,0.0367,12.485,0.86,11.7575,12.1875,-1.2598,0.0506,-1.2775,0.84,0.0,1.334,3,3,2,1.0,16.0,16.0,4.7641,1,2,0.6667,-0.54,0.3333,0.3,0.2828,0.3,0.0,,,1,1,,2024,2025,2024.6667,1,2020,2020,2005,16fb9d18589eb97e,M,11.65,0
11.93,12.05,12.0,0.1513,0.0126,12.22,0.29,11.965,12.11,11.905,12.0333,11.985,0.1581,0.0131,12.21,0.305,11.945,12.0975,-0.0486,0.1212,-0.045,0.0,0.07,0.0,3,3,2,1.0,16.0,16.0,2.7394,0,0,0.0,0.0,0.0,0.3333,0.1528,0.3333,0.0,,,1,1,,2022,2023,2022.3333,1,2020,2020,2005,69e824b25b04d7b9,M,11.93,0
12.36,12.48,12.42,0.1387,0.0111,12.7,0.34,12.39,12.53,12.36,12.504,12.42,0.1827,0.0146,12.802,0.442,12.384,12.554,-0.231,0.1268,-0.2468,0.17,0.34,0.8506,5,3,1,0.0,17.0,17.0,25.0171,1,2,0.4,0.225,0.0,-0.4,0.8155,0.5,-0.8333,168.0,52.0,0,0,18.424,2023,2023,2023.0,0,2020,2020,2005,be9da7a2da49a6e8,F,12.32,1
12.46,12.7388,12.68,0.2223,0.0175,13.28,0.82,12.6425,12.8075,12.46,12.7166,12.666,0.2303,0.0181,13.25,0.79,12.608,12.776,-0.2532,0.1434,-0.2229,0.72,0.07,0.442,16,12,2,2.0,16.0,17.0,9.8218,1,6,0.375,0.0067,0.125,0.4214,0.5206,0.5833,-0.55,,,1,1,,2023,2024,2023.375,1,2020,2020,2005,2987f5547cd35f67,F,12.19,0
13.08,13.195,13.175,0.1127,0.0085,13.35,0.27,13.1475,13.2225,13.14,13.225,13.199,0.1048,0.0079,13.362,0.222,13.1445,13.2795,0.2267,0.0905,0.1913,0.1,0.27,0.2468,4,4,1,0.0,16.0,16.0,9.8716,1,1,0.25,0.02,0.0,-0.5,0.7394,0.4,-0.8,,,1,1,,2025,2025,2025.0,0,2020,2020,2005,09c4317991fe5672,F,13.08,0
13.92,14.27,14.16,0.3986,0.0279,14.84,0.92,14.0625,14.3675,13.878,14.2685,14.145,0.4449,0.0312,14.906,1.028,14.043,14.3705,0.3128,0.2317,0.3441,0.19,0.92,0.1143,4,4,2,2.0,16.0,16.0,2.4069,1,3,0.75,-0.2133,0.0,0.025,0.7805,0.4,-1.1,,,1,1,,2023,2025,2024.0,2,2020,2020,2005,e7dd4ccbeaf8d9e4,F,13.92,0
11.65,11.73,11.69,0.1086,0.0093,11.89,0.24,11.6725,11.7475,11.65,11.7275,11.675,0.1223,0.0104,11.91,0.26,11.665,11.7375,0.5363,0.0168,0.5833,0.0,0.24,0.0,4,4,1,0.0,17.0,17.0,8.8012,1,1,0.25,0.1067,0.25,0.0667,0.5033,0.6,-0.4,,,1,1,,2024,2024,2024.0,0,2020,2020,2005,ef51d8a5fb9348fa,M,11.3,0
11.46,11.6267,11.47,0.2801,0.0241,11.95,0.49,11.465,11.71,11.38,11.5883,11.435,0.3144,0.0271,11.95,0.57,11.4075,11.6925,-0.2584,0.1841,-0.2471,0.49,0.0,0.4191,3,3,2,1.0,16.0,17.0,2.5662,0,0,0.0,0.0,0.0,0.7667,0.9292,1.15,0.0,,,1,1,,2023,2024,2023.3333,1,2020,2020,2005,4995a48201017dc0,M,11.46,0
12.93,13.232,13.19,0.2313,0.0175,13.53,0.6,13.13,13.38,12.798,13.2044,13.19,0.2764,0.0209,13.53,0.732,13.13,13.374,-0.6192,0.0831,-0.6181,0.6,0.26,0.7454,5,4,2,1.0,17.0,18.0,6.2117,1,1,0.2,0.0525,0.4,0.7667,1.2423,1.15,0.0,,,1,1,,2022,2023,2022.6,1,2020,2020,2005,33204ff24fa8345b,F,12.93,0
11.61,11.7683,11.795,0.1068,0.0091,11.91,0.3,11.7075,11.815,11.695,11.7792,11.7925,0.0769,0.0065,11.9,0.205,11.7188,11.7987,-0.1108,0.0875,-0.0586,0.18,0.0,0.1627,6,6,2,1.0,15.0,16.0,5.4245,1,2,0.3333,-0.13,0.0,-0.2167,0.7935,0.3,-0.7333,,,1,1,,2024,2025,2024.3333,1,2020,2020,2005,2035a22d56f4dfbb,M,11.61,0
11.51,11.8556,11.77,0.297,0.0251,12.38,0.87,11.69,12.08,11.525,11.85,11.74,0.3204,0.027,12.41,0.885,11.585,12.12,-0.448,0.0934,-0.4815,0.67,0.0,0.449,9,9,2,1.0,16.0,18.0,6.0317,0,0,0.0,0.0,0.0,0.1111,0.94,0.95,-0.56,,,1,1,,2023,2024,2023.6667,1,2020,2020,2005,89fb0566ef0f5bcd,M,11.51,0
11.27,11.667,11.62,0.2581,0.0221,12.25,0.98,11.5575,11.71,11.225,11.6545,11.615,0.2795,0.024,12.28,1.055,11.515,11.7062,-0.2421,0.1638,-0.2551,0.98,0.31,0.4221,10,8,3,2.0,15.0,16.0,4.3072,1,3,0.3,-0.0043,0.0,0.25,0.5986,0.5571,-0.4667,,,1,1,,2023,2025,2024.2,2,2020,2020,2005,da927992fa29a39d,M,11.27,0
12.26,12.4,12.405,0.114,0.0092,12.53,0.27,12.3425,12.4625,12.206,12.3304,12.327,0.1045,0.0085,12.4616,0.2556,12.293,12.3644,0.0279,0.0986,-0.025,0.27,0.18,0.8502,4,3,1,0.0,17.0,17.0,12.5948,1,2,0.5,0.17,0.0,1.16,0.4499,1.16,0.0,,,1,1,,2022,2022,2022.0,0,2020,2020,2005,b16cc51c8d422c5f,F,12.26,0
11.7,12.07,12.08,0.2225,0.0184,12.35,0.65,12.0025,12.195,11.63,12.0675,12.0975,0.2451,0.0203,12.31,0.68,12.015,12.2363,-0.3487,0.1746,-0.3014,0.65,0.29,0.6632,6,6,2,1.0,17.0,17.0,6.1215,1,3,0.5,-0.08,0.0,0.05,0.8803,1.1,-0.475,,,1,1,,2023,2024,2023.1667,1,2020,2020,2005,d5e57d660659faaf,M,11.7,0
11.18,11.4214,11.35,0.337,0.0295,12.15,0.97,11.22,11.415,11.18,11.4386,11.385,0.3386,0.0296,12.15,0.97,11.205,11.4725,-0.6014,0.1547,-0.5423,0.97,0.07,0.703,7,6,2,1.0,16.0,17.0,5.0729,1,2,0.2857,0.195,0.4286,-0.6,1.4306,1.2,-1.2,,,1,1,,2023,2024,2023.7143,1,2020,2020,2005,85a2583cbf8e9049,M,11.18,0
11.34,11.355,11.355,0.0212,0.0019,11.37,0.03,11.3475,11.3625,11.355,11.3675,11.3675,0.0177,0.0016,11.38,0.025,11.3612,11.3738,,,,0.0,0.03,0.0,2,1,1,0.0,18.0,18.0,2.0,1,1,0.5,0.03,0.0,-0.25,0.0707,0.0,-0.25,,,1,1,,2022,2022,2022.0,0,2020,2020,2000,ac528e378579e693,M,11.34,0
12.58,12.788,12.8,0.1318,0.0103,12.91,0.33,12.76,12.89,12.556,12.794,12.878,0.1671,0.0131,12.932,0.376,12.682,12.922,-0.081,0.0891,-0.0382,0.18,0.22,0.0896,5,4,2,2.0,15.0,17.0,2.4881,1,1,0.2,-0.0667,0.0,-0.1,1.2961,0.6333,-1.2,168.0,52.0,0,0,18.424,2023,2025,2023.8,2,2020,2020,2005,f8910ed10b1476db,F,12.58,1
11.82,11.9,11.9,0.1131,0.0095,11.98,0.16,11.86,11.94,11.82,11.94,11.94,0.1697,0.0142,12.06,0.24,11.88,12.0,,,,0.0,0.16,0.0,2,2,1,0.0,17.0,17.0,26.0893,1,1,0.5,0.16,0.5,-1.6,0.0,0.0,-1.6,,,1,1,,2024,2024,2024.0,0,2020,2020,2005,3fbcdcf6f314ba78,M,11.82,0
11.15,12.455,11.56,2.4623,0.1977,17.47,6.32,11.4425,11.58,11.12,12.4458,11.5675,2.4481,0.1967,17.43,6.31,11.4475,11.5788,-0.0962,2.2591,-0.1006,0.43,0.26,0.4027,6,5,2,1.0,16.0,17.0,5.6192,1,3,0.5,-2.0633,0.3333,0.275,0.5377,0.5,-0.4,175.0,70.0,0,0,22.8571,2024,2025,2024.6667,1,2020,2020,2005,e106feb8afd07bfe,M,11.15,1
13.24,13.422,13.47,0.1359,0.0101,13.55,0.31,13.32,13.53,13.32,13.4832,13.494,0.1586,0.0118,13.64,0.32,13.324,13.638,0.0453,0.1183,-0.0002,0.0,0.08,0.0,5,4,2,1.0,15.0,15.0,3.7889,1,1,0.2,-0.135,0.0,-1.02,0.7759,0.0,-1.275,,,1,1,,2023,2024,2023.6,1,2020,2020,2005,a774b98dc6da4dc1,F,13.24,0
13.24,13.245,13.245,0.0071,0.0005,13.25,0.01,13.2425,13.2475,13.256,13.278,13.278,0.0311,0.0023,13.3,0.044,13.267,13.289,,,,0.0,0.01,0.0,2,1,1,0.0,17.0,17.0,2.0,1,1,0.5,-0.01,0.0,-0.55,0.6364,0.0,-0.55,,,1,1,,2023,2023,2023.0,0,2020,2020,2005,00c5810a4ac65640,F,13.24,0
11.74,11.765,11.765,0.0354,0.003,11.79,0.05,11.7525,11.7775,11.7,11.7675,11.7675,0.0955,0.0081,11.835,0.135,11.7338,11.8012,,,,0.05,0.0,9.1312,2,2,1,0.0,17.0,17.0,365.25,1,1,0.5,-0.05,0.0,-0.05,1.2021,0.8,-0.9,,,1,1,,2023,2023,2023.0,0,2020,2020,2005,9f20123f109120b4,M,11.5,0
11.95,11.955,11.955,0.0071,0.0006,11.96,0.01,11.9525,11.9575,11.89,11.9275,11.9275,0.053,0.0044,11.965,0.075,11.9088,11.9463,,,,0.0,0.01,0.0,2,2,2,1.0,17.0,17.0,1.5812,0,0,0.0,0.0,0.0,0.55,0.9192,1.2,-0.1,,,1,1,,2023,2024,2023.5,1,2020,2020,2005,a5d72d1358992f62,M,11.56,0
11.77,11.77,11.77,0.0,0.0,11.77,0.0,11.77,11.77,11.748,11.7915,11.7915,0.0615,0.0052,11.835,0.087,11.7697,11.8132,,,,0.0,0.0,0.0,2,2,1,0.0,17.0,17.0,15.8804,0,0,0.0,0.0,0.0,-0.43,1.2304,0.44,-1.3,,,1,1,,2022,2022,2022.0,0,2020,2020,2005,0be6580deea3e3f9,M,11.45,0
11.68,12.0357,12.07,0.2255,0.0187,12.33,0.65,11.92,12.165,11.785,12.0521,12.07,0.2019,0.0168,12.33,0.545,11.91,12.18,-0.129,0.1978,-0.0908,0.57,0.4,0.3583,7,7,2,2.0,16.0,17.0,4.4006,1,1,0.1429,0.24,0.4286,-0.575,1.0966,0.4,-1.35,,,1,1,,2023,2024,2023.5714,1,2020,2020,2005,e58ee21ad0069ba3,M,11.68,0
11.23,11.305,11.305,0.1061,0.0094,11.38,0.15,11.2675,11.3425,11.23,11.305,11.305,0.1061,0.0094,11.38,0.15,11.2675,11.3425,,,,0.0,0.15,0.0,2,1,1,0.0,18.0,18.0,2.0,1,1,0.5,0.15,1.0,0.0,0.0,0.0,0.0,,,1,1,,2019,2019,2019.0,0,2010,2010,2000,844e9f1ba4915a78,M,11.23,0
11.43,11.55,11.55,0.1697,0.0147,11.67,0.24,11.49,11.61,11.42,11.5825,11.5825,0.2298,0.0198,11.745,0.325,11.5012,11.6638,,,,0.24,0.0,0.8117,2,2,1,0.0,18.0,18.0,6.7639,0,0,0.0,0.0,0.0,-0.65,1.2021,0.2,-1.5,,,1,1,,2023,2023,2023.0,0,2020,2020,2005,472a203687836696,M,11.25,0
12.68,13.025,13.085,0.2333,0.0179,13.26,0.58,12.87,13.2025,12.758,13.078,13.118,0.22,0.0168,13.356,0.598,12.945,13.2025,-0.0863,0.207,-0.0834,0.55,0.58,0.3458,6,5,2,2.0,16.0,17.0,3.7719,1,2,0.3333,0.1875,0.3333,-1.325,0.2062,0.0,-1.325,,,1,1,,2023,2024,2023.6667,1,2020,2020,2005,907d7977fd3cb971,F,12.68,0
12.97,13.2186,13.2,0.174,0.0132,13.61,0.64,13.0975,13.31,12.958,13.2439,13.236,0.1894,0.0143,13.622,0.664,13.1125,13.3595,-0.0838,0.1588,-0.0732,0.64,0.35,0.4037,14,12,3,2.0,16.0,17.0,8.8316,1,8,0.5714,-0.0996,0.0,-0.4214,0.5873,0.4,-0.71,,,1,1,,2023,2025,2024.1429,2,2020,2020,2005,55e18b3ce2bab27d,F,12.97,0
11.59,11.6,11.6,0.0141,0.0012,11.61,0.02,11.595,11.605,11.59,11.605,11.605,0.0212,0.0018,11.62,0.03,11.5975,11.6125,,,,0.0,0.02,0.0,2,2,2,1.0,16.0,16.0,2.7156,0,0,0.0,0.0,0.0,-0.1,0.1414,0.0,-0.2,178.0,68.0,0,0,21.4619,2019,2020,2019.5,1,2010,2010,2000,d69b61fc18095953,M,11.46,1
12.78,12.845,12.845,0.0919,0.0072,12.91,0.13,12.8125,12.8775,12.762,12.83,12.83,0.0962,0.0075,12.898,0.136,12.796,12.864,,,,0.0,0.13,0.0,2,1,1,0.0,17.0,17.0,2.0,1,1,0.5,0.13,0.0,0.25,0.0707,0.25,0.0,,,1,1,,2020,2020,2020.0,0,2020,2020,2000,0228beb647ee236a,F,12.78,0
13.48,13.6333,13.67,0.1387,0.0102,13.75,0.27,13.575,13.71,13.486,13.6253,13.64,0.1326,0.0097,13.75,0.264,13.563,13.695,-0.0119,0.1132,-0.0677,0.27,0.19,0.4422,3,3,1,1.0,15.0,16.0,4.9137,1,1,0.3333,-0.175,0.0,0.1333,0.3215,0.5,-0.1,,,1,1,,2025,2025,2025.0,0,2020,2020,2005,2474954f8f765439,F,13.48,0
12.03,12.065,12.065,0.0495,0.0041,12.1,0.07,12.0475,12.0825,12.02,12.06,12.06,0.0566,0.0047,12.1,0.08,12.04,12.08,,,,0.07,0.0,0.5946,2,2,1,0.0,18.0,18.0,16.9884,1,2,1.0,0.0,0.0,0.1,0.1414,0.2,0.0,,,1,1,,2023,2023,2023.0,0,2020,2020,2005,b5810f80724107fd,M,11.95,0
11.81,11.85,11.85,0.0566,0.0048,11.89,0.08,11.83,11.87,11.865,11.91,11.91,0.0636,0.0053,11.955,0.09,11.8875,11.9325,,,,0.08,0.0,0.8349,2,2,1,0.0,18.0,18.0,20.8714,0,0,0.0,0.0,0.0,-1.2,2.4042,0.5,-2.9,,,1,1,,2023,2023,2023.0,0,2020,2020,2005,5aecfcd369659990,M,11.7,0
10.8,10.9444,10.945,0.0904,0.0083,11.12,0.32,10.8725,11.0125,10.66,10.9297,10.93,0.127,0.0116,11.14,0.48,10.8362,11.028,-0.0361,0.0865,-0.0207,0.08,0.15,0.0727,18,11,2,1.0,16.0,17.0,16.3545,1,6,0.3333,0.0679,0.0556,0.3129,1.0987,1.0222,-0.5543,,,1,1,,2024,2025,2024.7222,1,2020,2020,2005,7be8a2d576078ddd,M,10.8,0
13.22,13.2633,13.26,0.0451,0.0034,13.31,0.09,13.24,13.285,13.212,13.2233,13.22,0.0133,0.001,13.238,0.026,13.216,13.229,-0.2609,0.0204,-0.0201,0.04,0.0,0.1605,3,2,1,0.0,18.0,18.0,12.0412,1,2,0.6667,-0.005,0.0,0.6667,0.611,1.0,0.0,,,1,1,,2023,2023,2023.0,0,2020,2020,2005,1e609dfea94a9e8f,F,12.99,0
11.75,11.82,11.81,0.0668,0.0057,11.91,0.16,11.7875,11.8425,11.76,11.825,11.81,0.0681,0.0058,11.92,0.16,11.79,11.845,-0.032,0.057,-0.0333,0.05,0.07,0.0593,4,4,2,1.0,17.0,17.0,4.7435,0,0,0.0,0.0,0.0,-0.1,0.1155,0.0,-0.2,,,1,1,,2023,2024,2023.25,1,2020,2020,2005,ad40b143276b98ed,M,11.33,0
12.42,12.8172,12.785,0.233,0.0182,13.13,0.71,12.655,13.0575,12.39,12.8116,12.822,0.2417,0.0189,13.13,0.74,12.6325,13.0565,-0.2484,0.1718,-0.253,0.71,0.0,0.3467,18,11,3,2.0,16.0,18.0,8.7894,1,8,0.4444,-0.0412,0.0,0.0944,0.4976,0.46,-0.4833,,,1,1,,2023,2025,2023.6667,2,2020,2020,2005,ca5831f15e3ad7ad,F,12.42,0
11.29,11.31,11.31,0.0283,0.0025,11.33,0.04,11.3,11.32,11.29,11.295,11.295,0.0071,0.0006,11.3,0.01,11.2925,11.2975,,,,0.0,0.04,0.0,2,1,1,0.0,18.0,18.0,2.0,1,1,0.5,-0.04,0.0,0.3,0.4243,0.6,0.0,,,1,1,,2024,2024,2024.0,0,2020,2020,2005,879486f96debe384,M,11.29,0
11.87,11.99,11.99,0.1697,0.0142,12.11,0.24,11.93,12.05,11.85,11.9775,11.9775,0.1803,0.0151,12.105,0.255,11.9138,12.0412,,,,0.0,0.24,0.0,2,2,1,0.0,18.0,18.0,10.4357,0,0,0.0,0.0,0.0,0.25,0.2121,0.25,0.0,,,1,1,,2023,2023,2023.0,0,2020,2020,2005,b001d93168ed6c7f,M,11.87,0
11.9,12.0333,12.05,0.1258,0.0105,12.15,0.25,11.975,12.1,11.885,12.0183,12.025,0.1301,0.0108,12.145,0.26,11.955,12.085,-0.2915,0.0895,-0.3384,0.25,0.15,0.5929,3,3,1,0.0,18.0,18.0,7.1153,1,1,0.3333,-0.025,0.0,0.3,0.2,0.3,0.0,,,1,1,,2023,2023,2023.0,0,2020,2020,2005,755f78a8641ce880,M,11.9,0
12.82,12.9733,12.98,0.1501,0.0116,13.12,0.3,12.9,13.05,12.82,12.9353,12.896,0.1392,0.0108,13.09,0.27,12.858,12.993,-0.0751,0.0654,-0.0792,0.3,0.16,0.1024,3,3,2,3.0,15.0,17.0,1.0241,1,1,0.3333,-0.01,0.0,0.6333,0.7095,0.95,0.0,156.0,46.0,0,0,18.902,2019,2022,2021.0,3,2010,2020,2005,fc5df1481d45e6d3,F,12.82,1
12.17,12.25,12.25,0.1131,0.0092,12.33,0.16,12.21,12.29,12.21,12.2675,12.2675,0.0813,0.0066,12.325,0.115,12.2388,12.2962,,,,0.16,0.0,0.6957,2,2,1,0.0,17.0,17.0,8.6964,1,2,1.0,0.0,0.0,-0.35,0.6364,0.1,-0.8,,,1,1,,2023,2023,2023.0,0,2020,2020,2005,c41403de7416aebc,M,12.17,0
12.76,14.52,14.52,2.489,0.1714,16.28,3.52,13.64,15.4,12.7,14.496,14.496,2.5399,0.1752,16.292,3.592,13.598,15.394,,,,0.0,3.52,0.0,2,2,1,0.0,17.0,17.0,33.2045,0,0,0.0,0.0,0.0,0.4,0.8485,1.0,-0.2,170.0,55.0,0,0,19.0311,2019,2019,2019.0,0,2010,2010,2000,b40aa959397231fc,F,12.76,1
11.7,11.82,11.82,0.1095,0.0093,11.94,0.24,11.745,11.895,11.68,11.8112,11.8175,0.1126,0.0095,11.93,0.25,11.74,11.8888,0.0901,0.0801,0.0855,0.18,0.24,0.1269,4,4,3,1.0,16.0,17.0,2.8205,1,2,0.5,-0.18,0.0,0.175,0.1708,0.2333,0.0,,,1,1,,2023,2025,2023.75,2,2020,2020,2005,506ad2bbebdc4861,M,11.7,0
12.69,13.0755,12.86,0.3899,0.0298,13.85,1.16,12.79,13.415,12.666,13.0673,12.842,0.3946,0.0302,13.832,1.166,12.775,13.412,-0.3781,0.1754,-0.3881,0.76,0.08,0.3057,11,6,3,2.0,14.0,15.0,4.4248,1,5,0.4545,0.0943,0.0,0.1364,0.7567,0.5429,-1.15,,,1,1,,2023,2025,2024.2727,2,2020,2020,2005,5009e4e713e2df4c,F,12.69,0
11.5,11.64,11.64,0.198,0.017,11.78,0.28,11.57,11.71,11.48,11.635,11.635,0.2192,0.0188,11.79,0.31,11.5575,11.7125,,,,0.28,0.0,2.435,2,2,1,0.0,18.0,18.0,17.3929,1,1,0.5,0.28,0.0,0.1,0.4243,0.4,-0.2,178.0,64.0,0,0,20.1995,2024,2024,2024.0,0,2020,2020,2005,06096955e1289c46,M,11.5,1
11.53,11.735,11.735,0.2899,0.0247,11.94,0.41,11.6325,11.8375,11.465,11.7025,11.7025,0.3359,0.0287,11.94,0.475,11.5838,11.8212,,,,0.41,0.0,2.6272,2,2,1,0.0,17.0,18.0,12.8158,0,0,0.0,0.0,0.5,1.3,0.0,1.3,0.0,,,1,1,,2023,2023,2023.0,0,2020,2020,2005,e7c58ebcbac54018,M,11.53,0
11.89,12.065,12.065,0.2475,0.0205,12.24,0.35,11.9775,12.1525,11.91,12.05,12.05,0.198,0.0164,12.19,0.28,11.98,12.12,,,,0.35,0.0,0.4363,2,2,2,1.0,17.0,18.0,2.4932,1,2,1.0,0.0,0.0,0.3,0.9899,1.0,-0.4,,,1,1,,2023,2024,2023.5,1,2020,2020,2005,8a96576ded9a65b2,M,11.72,0
13.18,13.598,13.43,0.397,0.0292,14.2,1.02,13.41,13.77,13.18,13.6688,13.47,0.4578,0.0335,14.284,1.104,13.406,14.004,-0.1982,0.3578,-0.2908,0.23,0.0,0.2701,5,5,2,1.0,17.0,18.0,5.8722,1,4,0.8,0.7525,0.0,-1.18,1.6858,0.4,-2.1,,,1,1,,2023,2024,2023.6,1,2020,2020,2005,b8916d36e9560f81,F,12.92,0
12.39,12.47,12.47,0.1131,0.0091,12.55,0.16,12.43,12.51,12.378,12.467,12.467,0.1259,0.0101,12.556,0.178,12.4225,12.5115,,,,0.0,0.16,0.0,2,2,1,0.0,17.0,17.0,4.5093,1,2,1.0,0.0,0.0,0.05,0.2121,0.2,-0.1,,,1,1,,2022,2022,2022.0,0,2020,2020,2005,142a3a1d599f461f,F,12.39,0
12.33,12.5989,12.48,0.3478,0.0276,13.22,0.89,12.39,12.54,12.306,12.6136,12.492,0.3443,0.0273,13.22,0.914,12.414,12.596,-0.7029,0.1947,-0.7133,0.89,0.06,0.7289,9,6,2,1.0,16.0,17.0,7.3705,1,5,0.5556,-0.312,0.1111,-0.275,0.6944,0.9,-0.62,,,1,1,,2022,2023,2022.8889,1,2020,2020,2005,a1bb067edbc99243,F,12.33,0
11.23,11.2867,11.3,0.0513,0.0045,11.33,0.1,11.265,11.315,11.21,11.2517,11.235,0.052,0.0046,11.31,0.1,11.2225,11.2725,0.5798,0.009,0.3819,0.0,0.1,0.0,3,3,1,0.0,18.0,18.0,19.2237,0,0,0.0,0.0,0.0,0.7,1.0817,1.15,-0.2,,,1,1,,2024,2024,2024.0,0,2020,2020,2005,3931e992c18f91ab,M,11.23,0
11.24,11.6275,11.74,0.2599,0.0224,11.79,0.55,11.6,11.7675,11.185,11.6388,11.74,0.3111,0.0267,11.89,0.705,11.5862,11.7925,-0.3552,0.1593,-0.4398,0.52,0.0,0.532,4,4,2,1.0,16.0,17.0,4.0924,1,2,0.5,-0.225,0.5,-0.45,2.192,1.1,-2.0,,,1,1,,2024,2025,2024.5,1,2020,2020,2005,e85ca1c7eaa054e7,M,11.24,0
12.21,12.3175,12.28,0.1352,0.011,12.5,0.29,12.2175,12.38,12.124,12.2755,12.239,0.1694,0.0138,12.5,0.376,12.157,12.3575,2.4817,0.1115,1.9079,0.0,0.01,0.0,4,3,1,0.0,18.0,18.0,132.8182,1,2,0.5,0.075,0.0,0.7,0.6683,0.9333,0.0,,,1,1,,2023,2023,2023.0,0,2020,2020,2005,9c5115b2e4c3c974,F,12.21,0
11.98,12.105,12.105,0.1768,0.0146,12.23,0.25,12.0425,12.1675,11.98,12.105,12.105,0.1768,0.0146,12.23,0.25,12.0425,12.1675,,,,0.0,0.25,0.0,2,2,1,0.0,17.0,17.0,5.7976,1,2,1.0,0.0,0.0,0.0,0.0,0.0,0.0,,,1,1,,2023,2023,2023.0,0,2020,2020,2005,756acc97b85cdf60,M,11.79,0
11.97,11.975,11.975,0.0071,0.0006,11.98,0.01,11.9725,11.9775,11.965,11.9725,11.9725,0.0106,0.0009,11.98,0.015,11.9688,11.9762,,,,0.0,0.01,0.0,2,2,1,0.0,18.0,18.0,20.2917,1,1,0.5,0.01,0.0,0.05,0.0707,0.1,0.0,,,1,1,,2023,2023,2023.0,0,2020,2020,2005,71417e76a62b106d,M,11.97,0
11.64,11.7133,11.71,0.0751,0.0064,11.79,0.15,11.675,11.75,11.63,11.7083,11.71,0.0775,0.0066,11.785,0.155,11.67,11.7475,-0.1581,0.0394,-0.1708,0.07,0.0,0.1039,3,3,2,1.0,17.0,18.0,4.4543,1,1,0.3333,0.005,0.0,0.1,0.1,0.15,0.0,,,1,1,,2023,2024,2023.3333,1,2020,2020,2005,5d8de7fb85de0010,M,11.64,0
11.45,11.71,11.695,0.244,0.0208,12.0,0.55,11.5475,11.8575,11.445,11.735,11.71,0.2881,0.0246,12.075,0.63,11.5275,11.9175,-1.8174,0.0738,-2.1824,0.55,0.0,2.4203,4,4,1,0.0,17.0,17.0,17.6024,1,2,0.5,-0.16,0.0,-0.5,0.9522,0.3,-1.3,,,1,1,,2023,2023,2023.0,0,2020,2020,2005,3c5aa70c80394ee8,M,11.42,0
12.33,12.4714,12.42,0.1418,0.0114,12.66,0.33,12.35,12.595,12.294,12.4534,12.35,0.1589,0.0128,12.66,0.366,12.34,12.595,-0.237,0.0967,-0.3221,0.3,0.23,0.2899,7,4,2,1.0,17.0,18.0,6.7639,1,4,0.5714,0.0792,0.0,0.3,0.5598,0.52,-0.5,,,1,1,,2021,2022,2021.7143,1,2020,2020,2005,c51b1f60c65f01a0,F,12.33,0
11.59,11.605,11.605,0.0212,0.0018,11.62,0.03,11.5975,11.6125,11.615,11.6175,11.6175,0.0035,0.0003,11.62,0.005,11.6163,11.6187,,,,0.03,0.0,0.3913,2,2,1,0.0,18.0,18.0,26.0893,1,1,0.5,-0.03,0.0,-0.25,0.3536,0.0,-0.5,,,1,1,,2023,2023,2023.0,0,2020,2020,2005,6470be135b6d2739,M,11.4,0
11.49,11.56,11.56,0.099,0.0086,11.63,0.14,11.525,11.595,11.42,11.53,11.53,0.1556,0.0135,11.64,0.22,11.475,11.585,,,,0.14,0.0,1.1622,2,2,1,0.0,17.0,17.0,16.6023,0,0,0.0,0.0,0.0,0.6,1.1314,1.4,-0.2,,,1,1,,2023,2023,2023.0,0,2020,2020,2005,0c531e878d8303e4,M,11.49,0
10.51,10.6378,10.66,0.0923,0.0087,10.77,0.26,10.55,10.71,10.495,10.6522,10.69,0.1031,0.0097,10.81,0.315,10.555,10.715,-0.0568,0.0861,-0.0696,0.26,0.21,0.4297,9,6,2,1.0,17.0,17.0,14.8744,1,5,0.5556,0.178,0.0,-0.2889,0.3621,0.3,-0.4143,,,1,1,,2024,2025,2024.2222,1,2020,2020,2005,350c7a5a9c1ea08c,M,10.35,0
12.69,12.9056,12.83,0.2265,0.0176,13.4,0.71,12.75,13.01,12.69,12.8962,12.864,0.2219,0.0172,13.418,0.728,12.73,12.938,-0.3213,0.0933,-0.2346,0.71,0.06,0.3808,9,6,3,2.0,16.0,17.0,4.8271,1,5,0.5556,-0.1973,0.0,0.1556,0.9838,0.84,-0.9333,,,1,1,,2022,2024,2023.0,2,2020,2020,2005,6916d32034cabb79,F,12.69,0
12.41,12.55,12.55,0.198,0.0158,12.69,0.28,12.48,12.62,12.405,12.545,12.545,0.198,0.0158,12.685,0.28,12.475,12.615,,,,0.28,0.0,7.305,2,2,1,0.0,17.0,17.0,52.1786,1,2,1.0,0.0,0.0,0.1,0.0,0.1,0.0,,,1,1,,2025,2025,2025.0,0,2020,2020,2005,e8fa4b746e54c480,M,12.41,0
12.82,13.198,13.19,0.267,0.0202,14.0,1.18,13.1,13.245,12.778,13.2056,13.212,0.2702,0.0205,13.988,1.21,13.091,13.278,-0.1385,0.214,-0.1432,1.18,0.36,0.5605,15,14,3,2.0,15.0,17.0,7.1245,1,8,0.5333,-0.0471,0.2,-0.1583,0.4926,0.4,-0.5,,,1,1,,2023,2025,2024.3333,2,2020,2020,2005,29c55b4f24c8407a,F,12.82,0
11.49,11.77,11.54,0.4424,0.0376,12.28,0.79,11.515,11.91,11.49,11.765,11.525,0.4463,0.0379,12.28,0.79,11.5075,11.9025,-2.2552,0.033,-2.2787,0.79,0.05,2.2901,3,3,1,0.0,17.0,18.0,8.6964,1,2,0.6667,-0.345,0.0,0.1,0.1732,0.3,0.0,,,1,1,,2023,2023,2023.0,0,2020,2020,2005,9a3564ac5d6df622,M,11.49,0
11.57,11.7533,11.76,0.1801,0.0153,11.93,0.36,11.665,11.845,11.63,11.7567,11.76,0.125,0.0106,11.88,0.25,11.695,11.82,-0.1955,0.1044,-0.1345,0.19,0.0,0.1502,3,3,2,1.0,17.0,18.0,2.3718,1,3,1.0,0.0,0.0,-0.0667,1.1015,1.0,-1.2,,,1,1,,2023,2024,2023.3333,1,2020,2020,2005,9cb0d3298e982b58,M,11.42,0
12.19,12.8329,12.7,0.3924,0.0306,13.74,1.55,12.6125,13.095,12.112,12.8307,12.726,0.3967,0.0309,13.728,1.616,12.601,13.095,-0.3651,0.1875,-0.3477,1.55,0.52,0.5068,14,11,4,3.0,15.0,17.0,4.5779,1,7,0.5,-0.0183,0.0714,0.0385,0.6488,0.475,-0.66,,,1,1,,2022,2025,2024.0714,3,2020,2020,2005,a3504fef34fcf2ca,F,12.19,0
11.66,11.944,11.87,0.3226,0.027,12.77,1.11,11.7525,11.9725,11.615,11.9325,11.84,0.3379,0.0283,12.77,1.155,11.72,12.0325,-0.3255,0.1891,-0.3831,1.11,0.1,0.5413,10,10,3,2.0,16.0,17.0,4.8765,1,4,0.4,0.0608,0.5,0.46,1.2116,0.975,-1.6,,,1,1,,2023,2025,2023.8,2,2020,2020,2005,207e45df135317d9,M,11.56,0
10.96,11.075,11.075,0.1626,0.0147,11.19,0.23,11.0175,11.1325,10.845,11.0225,11.0225,0.251,0.0228,11.2,0.355,10.9338,11.1112,,,,0.0,0.23,0.0,2,1,1,0.0,18.0,18.0,2.0,1,1,0.5,0.23,0.0,1.05,1.7678,2.3,-0.2,,,1,1,,2022,2022,2022.0,0,2020,2020,2000,5597e2959cc2c9f0,M,10.8,0
12.55,12.68,12.68,0.1838,0.0145,12.81,0.26,12.615,12.745,12.55,12.68,12.68,0.1838,0.0145,12.81,0.26,12.615,12.745,,,,0.0,0.26,0.0,2,2,2,1.0,17.0,17.0,2.435,1,2,1.0,0.0,0.5,0.0,0.0,0.0,0.0,,,1,1,,2022,2023,2022.5,1,2020,2020,2005,1fd5a601d3675045,M,12.52,0
13.2,13.415,13.34,0.2178,0.0162,13.91,0.71,13.3125,13.455,13.194,13.4285,13.373,0.1974,0.0147,13.82,0.626,13.314,13.498,-0.0102,0.2042,-0.0441,0.09,0.12,0.0388,8,7,2,2.0,15.0,16.0,3.4458,1,1,0.125,0.1429,0.125,-0.2571,1.2817,0.625,-1.4333,,,1,1,,2023,2025,2024.5,2,2020,2020,2005,c6b5447ff7ae0919,F,13.2,0
12.0,12.05,12.05,0.0707,0.0059,12.1,0.1,12.025,12.075,12.0,12.05,12.05,0.0707,0.0059,12.1,0.1,12.025,12.075,,,,0.0,0.1,0.0,2,2,1,0.0,18.0,18.0,10.4357,1,1,0.5,0.1,0.5,0.0,0.0,0.0,0.0,,,1,1,,2023,2023,2023.0,0,2020,2020,2005,4ca1bcf5afafdf9f,M,12.0,0
11.44,11.59,11.555,0.159,0.0137,11.81,0.37,11.5,11.645,11.44,11.565,11.5175,0.156,0.0135,11.785,0.345,11.4625,11.62,-0.1607,0.1127,-0.1316,0.08,0.0,0.088,4,3,2,1.0,15.0,16.0,4.4006,1,1,0.25,0.0,0.25,0.6667,0.2887,0.6667,0.0,,,1,1,,2024,2025,2024.25,1,2020,2020,2005,11c94d76ccdeaf03,M,11.44,0
11.39,11.515,11.515,0.1768,0.0154,11.64,0.25,11.4525,11.5775,11.37,11.515,11.515,0.2051,0.0178,11.66,0.29,11.4425,11.5875,,,,0.25,0.0,18.2625,2,2,1,0.0,18.0,18.0,146.1,1,1,0.5,-0.25,0.0,0.0,0.5657,0.4,-0.4,,,1,1,,2023,2023,2023.0,0,2020,2020,2005,6e0582e975bf3614,M,11.11,0
12.22,12.3933,12.26,0.3315,0.0267,13.26,1.04,12.25,12.35,12.188,12.3953,12.306,0.3329,0.0269,13.248,1.06,12.226,12.35,0.1374,0.3077,0.0317,0.04,0.03,0.1124,9,7,1,0.0,16.0,16.0,25.2865,1,3,0.3333,0.0133,0.0,-0.0333,0.8888,0.6,-1.1,,,1,1,,2025,2025,2025.0,0,2020,2020,2005,f15f2d10c64c8098,F,12.22,0
11.39,11.58,11.44,0.2227,0.0192,11.87,0.48,11.43,11.77,11.39,11.564,11.42,0.221,0.0191,11.83,0.44,11.4,11.78,-0.3817,0.0632,-0.3665,0.48,0.0,0.3391,5,5,2,1.0,15.0,17.0,3.5324,1,1,0.2,-0.2375,0.0,0.32,0.502,0.6667,-0.2,,,1,1,,2023,2024,2023.6,1,2020,2020,2005,7853b105e3f0a3af,M,11.39,0
11.97,12.055,12.055,0.1202,0.01,12.14,0.17,12.0125,12.0975,11.95,12.0425,12.0425,0.1308,0.0109,12.135,0.185,11.9962,12.0888,,,,0.17,0.0,12.4185,2,2,1,0.0,18.0,18.0,146.1,1,1,0.5,-0.17,0.0,0.25,0.2121,0.25,0.0,,,1,1,,2023,2023,2023.0,0,2020,2020,2005,6ad4eaa502ed0c37,M,11.97,0
13.02,13.1633,13.12,0.1692,0.0129,13.35,0.33,13.07,13.235,13.02,13.1393,13.048,0.183,0.0139,13.35,0.33,13.034,13.199,1.1238,0.0408,1.2683,0.0,0.33,0.0,3,2,1,0.0,18.0,18.0,12.0412,1,2,0.6667,-0.215,0.0,0.4,0.6928,1.2,0.0,,,1,1,,2023,2023,2023.0,0,2020,2020,2005,c7eea563045e3510,F,12.75,0
11.63,11.882,11.89,0.1714,0.0144,12.11,0.48,11.86,11.92,11.61,11.858,11.86,0.172,0.0145,12.095,0.485,11.845,11.88,-0.1441,0.081,-0.1341,0.48,0.0,0.2154,5,4,2,2.0,15.0,17.0,2.2436,1,3,0.6,-0.1783,0.2,0.6,0.2944,0.6,0.0,,,1,1,,2022,2024,2022.8,2,2020,2020,2005,b6135a0216289de7,M,11.63,0
11.51,11.6833,11.77,0.1501,0.0128,11.77,0.26,11.64,11.77,11.535,11.6833,11.735,0.1304,0.0112,11.78,0.245,11.635,11.7575,-1.2166,0.0355,-1.0964,0.26,0.0,1.1305,3,3,1,0.0,17.0,17.0,13.0446,1,3,1.0,0.0,0.0,0.0,0.6245,0.7,-0.35,,,1,1,,2023,2023,2023.0,0,2020,2020,2005,6d3ee7c3170c2c5f,M,11.51,0
11.25,11.34,11.3,0.1153,0.0102,11.47,0.22,11.275,11.385,11.235,11.3367,11.32,0.1109,0.0098,11.455,0.22,11.2775,11.3875,1.078,0.055,0.8917,0.05,0.22,0.2899,3,3,1,0.0,18.0,18.0,17.3929,1,3,1.0,0.0,0.0,0.0667,0.4041,0.3,-0.4,,,1,1,,2023,2023,2023.0,0,2020,2020,2005,5a029aedcfaa06da,M,11.25,0
13.45,13.56,13.56,0.1556,0.0115,13.67,0.22,13.505,13.615,13.45,13.56,13.56,0.1556,0.0115,13.67,0.22,13.505,13.615,,,,0.0,0.22,0.0,2,1,1,0.0,18.0,18.0,2.0,1,1,0.5,-0.22,1.0,0.0,0.0,0.0,0.0,,,1,1,,2022,2022,2022.0,0,2020,2020,2000,62e2d33423153b6a,F,13.45,0
12.95,13.1767,13.07,0.2948,0.0224,13.51,0.56,13.01,13.29,12.865,13.155,13.055,0.3509,0.0267,13.545,0.68,12.96,13.3,0.3737,0.0471,0.4498,0.0,0.56,0.0,3,3,2,2.0,15.0,15.0,1.9532,1,1,0.3333,0.16,0.0,0.4333,1.2055,1.0,-0.7,,,1,1,,2023,2024,2023.3333,1,2020,2020,2005,920f7e02e680b9ff,M,12.95,0
12.62,12.64,12.64,0.0283,0.0022,12.66,0.04,12.63,12.65,12.482,12.574,12.574,0.1301,0.0103,12.666,0.184,12.528,12.62,,,,0.04,0.0,14.61,2,2,1,0.0,18.0,18.0,730.5,1,1,0.5,0.04,0.0,1.1,1.6971,2.3,-0.1,,,1,1,,2022,2022,2022.0,0,2020,2020,2000,c34ceecccd2c9a37,F,12.43,0
11.71,11.9625,11.92,0.2711,0.0227,12.3,0.59,11.7625,12.12,11.705,11.9662,11.945,0.2551,0.0213,12.27,0.565,11.7875,12.1238,-0.4509,0.0954,-0.4167,0.59,0.07,0.5071,4,4,2,1.0,16.0,17.0,3.4376,0,0,0.0,0.0,0.0,-0.075,0.556,0.35,-0.5,,,1,1,,2023,2024,2023.5,1,2020,2020,2005,8ed9643e2727c4b8,M,11.71,0
11.3,11.36,11.36,0.0849,0.0075,11.42,0.12,11.33,11.39,11.265,11.3375,11.3375,0.1025,0.009,11.41,0.145,11.3012,11.3738,,,,0.12,0.0,0.3153,2,2,1,0.0,18.0,18.0,5.2554,0,0,0.0,0.0,0.0,0.45,0.3536,0.45,0.0,177.0,65.0,0,0,20.7476,2024,2024,2024.0,0,2020,2020,2005,32f69b4ddcd52364,M,11.3,1
11.3,11.305,11.305,0.0071,0.0006,11.31,0.01,11.3025,11.3075,11.275,11.295,11.295,0.0283,0.0025,11.315,0.04,11.285,11.305,,,,0.01,0.0,0.7305,2,2,1,0.0,17.0,17.0,146.1,1,1,0.5,-0.01,0.0,0.2,0.4243,0.5,-0.1,,,1,1,,2023,2023,2023.0,0,2020,2020,2005,3338ea8ab1bf2fa8,M,10.93,0
11.74,11.84,11.815,0.1098,0.0093,11.99,0.25,11.77,11.885,11.72,11.8238,11.7925,0.12,0.0101,11.99,0.27,11.7462,11.87,-0.0456,0.0866,-0.0521,0.25,0.04,0.1149,4,4,2,2.0,16.0,16.0,1.8377,1,1,0.25,0.08,0.0,0.325,0.2217,0.4333,0.0,,,1,1,,2023,2025,2023.5,2,2020,2020,2005,01627a15c6bfb6be,M,11.74,0
11.92,12.065,12.065,0.2051,0.017,12.21,0.29,11.9925,12.1375,11.905,12.0925,12.0925,0.2652,0.0219,12.28,0.375,11.9988,12.1863,,,,0.0,0.29,0.0,2,2,1,0.0,17.0,17.0,5.1444,0,0,0.0,0.0,0.0,-0.55,1.2021,0.3,-1.4,170.0,55.0,0,0,19.0311,2019,2019,2019.0,0,2010,2010,2000,75af40fd5839d660,M,11.92,1
11.81,11.845,11.845,0.0495,0.0042,11.88,0.07,11.8275,11.8625,11.83,11.88,11.88,0.0707,0.006,11.93,0.1,11.855,11.905,,,,0.0,0.07,0.0,2,2,1,0.0,17.0,17.0,10.4357,0,0,0.0,0.0,0.0,-0.7,2.4042,1.0,-2.4,,,1,1,,2020,2020,2020.0,0,2020,2020,2000,42175675279c7b11,M,11.65,0
12.74,12.8,12.8,0.0849,0.0066,12.86,0.12,12.77,12.83,12.752,12.806,12.806,0.0764,0.006,12.86,0.108,12.779,12.833,,,,0.12,0.0,0.9326,2,2,1,0.0,18.0,18.0,15.5426,1,1,0.5,0.12,0.0,-0.1,0.1414,0.0,-0.2,,,1,1,,2024,2024,2024.0,0,2020,2020,2005,0ed78a3bcbc2292d,F,12.74,0
12.95,13.14,13.14,0.2687,0.0204,13.33,0.38,13.045,13.235,12.86,13.08,13.08,0.3111,0.0238,13.3,0.44,12.97,13.19,,,,0.38,0.0,0.4143,2,2,2,1.0,17.0,18.0,2.1806,0,0,0.0,0.0,0.0,1.0,0.7071,1.0,0.0,168.0,52.0,0,0,18.424,2023,2024,2023.5,1,2020,2020,2005,caee63fb027910b0,F,12.95,1
11.73,11.805,11.805,0.1061,0.009,11.88,0.15,11.7675,11.8425,11.72,11.8275,11.8275,0.152,0.0129,11.935,0.215,11.7738,11.8813,,,,0.0,0.15,0.0,2,2,1,0.0,18.0,18.0,15.5426,0,0,0.0,0.0,0.0,-0.45,0.9192,0.2,-1.1,,,1,1,,2023,2023,2023.0,0,2020,2020,2005,410b71af0667b7dc,M,11.73,0
12.04,12.21,12.17,0.1793,0.0147,12.46,0.42,12.115,12.265,12.04,12.1962,12.1625,0.1603,0.0131,12.42,0.38,12.1225,12.2362,-0.7617,0.0449,-0.6639,0.42,0.0,0.8716,4,4,1,0.0,17.0,18.0,8.3011,1,2,0.5,0.08,0.0,0.275,0.4573,0.65,-0.2,,,1,1,,2023,2023,2023.0,0,2020,2020,2005,354543c2a41eea50,M,12.04,0
11.51,11.6167,11.54,0.1595,0.0137,11.8,0.29,11.525,11.67,11.425,11.585,11.53,0.1935,0.0167,11.8,0.375,11.4775,11.665,-0.6915,0.0676,-0.5986,0.29,0.0,0.7407,3,3,1,0.0,17.0,17.0,7.6626,0,0,0.0,0.0,0.3333,0.95,1.9092,2.3,-0.4,,,1,1,,2023,2023,2023.0,0,2020,2020,2005,bf91052526c07d05,M,11.41,0
12.98,13.28,13.325,0.2232,0.0168,13.49,0.51,13.1825,13.4225,12.908,13.2605,13.325,0.2467,0.0186,13.484,0.576,13.2185,13.367,-0.1689,0.1043,-0.1442,0.51,0.27,0.2602,4,4,2,2.0,15.0,17.0,2.0405,1,1,0.25,-0.16,0.0,0.325,1.2121,0.8667,-1.3,,,1,1,,2022,2024,2023.0,2,2020,2020,2005,aad3cd686f6e8f18,F,12.98,0
11.35,11.425,11.425,0.1061,0.0093,11.5,0.15,11.3875,11.4625,11.335,11.415,11.415,0.1131,0.0099,11.495,0.16,11.375,11.455,,,,0.0,0.15,0.0,2,2,1,0.0,18.0,18.0,20.2917,1,1,0.5,0.15,0.0,0.2,0.1414,0.2,0.0,,,1,1,,2023,2023,2023.0,0,2020,2020,2005,99eefcdee0681a62,M,11.35,0
11.71,11.73,11.73,0.0283,0.0024,11.75,0.04,11.72,11.74,11.705,11.7275,11.7275,0.0318,0.0027,11.75,0.045,11.7162,11.7388,,,,0.04,0.0,1.8262,2,2,1,0.0,18.0,18.0,91.3125,0,0,0.0,0.0,0.5,0.1,0.0,0.1,0.0,,,1,1,,2022,2022,2022.0,0,2020,2020,2005,444279b2de4e8300,M,11.71,0
10.92,11.368,11.52,0.3793,0.0334,11.82,0.9,11.03,11.55,10.88,11.379,11.52,0.3723,0.0327,11.815,0.935,11.125,11.555,-0.5002,0.0922,-0.4803,0.63,0.11,0.4442,5,3,3,1.0,15.0,16.0,3.5256,1,2,0.4,0.2217,0.2,-0.275,1.15,0.45,-1.0,,,1,1,,2023,2025,2024.0,2,2020,2020,2005,5c6334717d442df5,M,10.92,0
11.13,11.16,11.16,0.0424,0.0038,11.19,0.06,11.145,11.175,11.105,11.145,11.145,0.0566,0.0051,11.185,0.08,11.125,11.165,,,,0.0,0.06,0.0,2,1,1,0.0,18.0,18.0,2.0,1,1,0.5,0.06,0.0,0.3,0.2828,0.3,0.0,,,1,1,,2021,2021,2021.0,0,2020,2020,2000,0bac4c7ea202ddb1,M,11.01,0
11.59,11.695,11.695,0.1485,0.0127,11.8,0.21,11.6425,11.7475,11.57,11.7225,11.7225,0.2157,0.0184,11.875,0.305,11.6462,11.7988,,,,0.21,0.0,3.0681,2,2,1,0.0,18.0,18.0,29.22,1,2,1.0,0.0,0.0,-0.55,1.3435,0.4,-1.5,,,1,1,,2023,2023,2023.0,0,2020,2020,2005,7f4112dd48761b6e,M,11.48,0
10.96,11.258,11.2,0.2547,0.0226,11.55,0.59,11.09,11.49,10.965,11.274,11.295,0.2749,0.0244,11.55,0.585,11.025,11.535,-0.0409,0.2275,-0.1038,0.59,0.53,0.9289,5,4,1,1.0,17.0,17.0,7.8718,1,2,0.4,-0.145,0.2,-0.4,1.3515,1.3,-0.9667,,,1,1,,2023,2023,2023.0,0,2020,2020,2005,7e4ebf0143f31e7b,M,10.96,0
11.28,11.34,11.34,0.0849,0.0075,11.4,0.12,11.31,11.37,11.28,11.34,11.34,0.0849,0.0075,11.4,0.12,11.31,11.37,,,,0.12,0.0,0.7689,2,2,1,0.0,18.0,18.0,12.8158,0,0,0.0,0.0,0.5,0.0,0.0,0.0,0.0,,,1,1,,2023,2023,2023.0,0,2020,2020,2005,5974b3b0ad6268f0,M,11.27,0
11.26,11.505,11.505,0.3465,0.0301,11.75,0.49,11.3825,11.6275,11.16,11.455,11.455,0.4172,0.0364,11.75,0.59,11.3075,11.6025,,,,0.49,0.0,3.1399,2,2,1,0.0,18.0,18.0,12.8158,0,0,0.0,0.0,0.5,2.0,0.0,2.0,0.0,,,1,1,,2023,2023,2023.0,0,2020,2020,2005,cb98a7ae6d80f30e,M,11.23,0
13.68,14.375,14.375,0.9829,0.0684,15.07,1.39,14.0275,14.7225,13.578,14.339,14.339,1.0762,0.0751,15.1,1.522,13.9585,14.7195,,,,0.0,1.39,0.0,2,1,1,0.0,17.0,17.0,2.0,1,1,0.5,-1.39,0.0,0.6,1.5556,1.7,-0.5,,,1,1,,2020,2020,2020.0,0,2020,2020,2000,2d7868f0110f0fd6,F,13.19,0
13.22,13.64,13.63,0.328,0.024,14.09,0.87,13.47,13.79,13.142,13.64,13.6,0.3995,0.0293,14.21,1.068,13.446,13.802,0.1053,0.2697,0.1139,0.0,0.41,0.0,5,3,3,3.0,15.0,15.0,1.6709,1,2,0.4,-0.025,0.0,0.0,1.239,0.7333,-1.1,,,1,1,,2019,2022,2020.0,3,2010,2010,2005,bc292339b8424e0d,F,13.22,0
11.13,11.4867,11.59,0.3179,0.0277,11.74,0.61,11.36,11.665,11.0,11.45,11.54,0.4124,0.036,11.81,0.81,11.27,11.675,0.4464,0.2036,0.6464,0.46,0.61,0.5734,3,3,2,1.0,17.0,17.0,3.7398,1,3,1.0,0.0,0.0,0.7333,2.0133,1.8,-1.4,,,1,1,,2023,2024,2023.3333,1,2020,2020,2005,86a7a610b39f8139,M,11.13,0
12.04,12.075,12.075,0.0495,0.0041,12.11,0.07,12.0575,12.0925,12.05,12.0825,12.0825,0.046,0.0038,12.115,0.065,12.0662,12.0987,,,,0.07,0.0,5.1135,2,2,1,0.0,18.0,18.0,146.1,1,1,0.5,-0.07,0.0,-0.15,0.0707,0.0,-0.15,,,1,1,,2023,2023,2023.0,0,2020,2020,2005,b5e8b686f51f06ac,M,11.49,0
13.24,13.4871,13.58,0.1709,0.0127,13.65,0.41,13.36,13.61,13.204,13.4974,13.58,0.1812,0.0134,13.662,0.458,13.423,13.595,-0.163,0.0841,-0.1521,0.38,0.21,0.1866,7,6,3,2.0,15.0,17.0,3.4365,1,2,0.2857,0.0375,0.4286,-0.3,1.2517,0.55,-1.15,,,1,1,,2023,2025,2024.1429,2,2020,2020,2005,559e32b89399b568,F,13.24,0
13.11,13.2467,13.25,0.135,0.0102,13.38,0.27,13.18,13.315,13.122,13.2427,13.22,0.1335,0.0101,13.386,0.264,13.171,13.303,0.1115,0.0572,0.1199,0.0,0.27,0.0,3,2,2,2.0,15.0,15.0,1.6729,0,0,0.0,0.0,0.0,0.0667,0.3786,0.5,-0.15,,,1,1,,2023,2025,2023.6667,2,2020,2020,2005,297f8eda77fba2ff,F,13.11,0
12.59,12.62,12.62,0.0424,0.0034,12.65,0.06,12.605,12.635,12.632,12.644,12.644,0.017,0.0013,12.656,0.024,12.638,12.65,,,,0.0,0.06,0.0,2,1,1,0.0,17.0,17.0,2.0,1,1,0.5,-0.06,0.0,-0.4,0.9899,0.3,-1.1,,,1,1,,2019,2019,2019.0,0,2010,2010,2000,6c110966078fba3e,F,12.59,0
12.81,12.94,12.82,0.2166,0.0167,13.19,0.38,12.815,13.005,12.804,12.938,12.82,0.2184,0.0169,13.19,0.386,12.812,13.005,-1.3976,0.0041,-1.4088,0.38,0.01,1.4163,3,2,1,0.0,17.0,18.0,11.1811,1,1,0.3333,0.18,0.3333,0.05,0.0707,0.1,0.0,,,1,1,,2022,2022,2022.0,0,2020,2020,2005,be993355671fa865,F,12.71,0
11.6,11.765,11.765,0.2333,0.0198,11.93,0.33,11.6825,11.8475,11.59,11.765,11.765,0.2475,0.021,11.94,0.35,11.6775,11.8525,,,,0.33,0.0,0.5333,2,2,1,1.0,16.0,17.0,3.2323,0,0,0.0,0.0,0.0,0.0,0.2828,0.2,-0.2,,,1,1,,2023,2023,2023.0,0,2020,2020,2005,35b940642f393188,M,11.23,0
12.21,12.38,12.31,0.1746,0.0141,12.65,0.44,12.245,12.5,12.16,12.3663,12.27,0.1987,0.0161,12.654,0.494,12.224,12.516,-0.0558,0.1584,0.0028,0.1,0.22,0.0544,7,5,3,2.0,16.0,16.0,3.8047,1,3,0.4286,0.2333,0.0,0.2286,1.1828,1.1,-0.5667,,,1,1,,2023,2025,2023.8571,2,2020,2020,2005,9d5ad9746833d504,F,12.21,0
13.46,13.6475,13.6,0.2076,0.0152,13.93,0.47,13.5125,13.735,13.43,13.6655,13.585,0.275,0.0201,14.062,0.632,13.5275,13.723,0.1083,0.1485,0.1803,0.0,0.47,0.0,4,3,2,2.0,15.0,15.0,1.9637,1,1,0.25,0.165,0.0,-0.3,1.4119,0.75,-1.35,,,1,1,,2023,2025,2024.0,2,2020,2020,2005,ac7274ec0397fbce,F,13.46,0
13.38,13.6633,13.74,0.2538,0.0186,13.87,0.49,13.56,13.805,13.362,13.6233,13.716,0.2295,0.0168,13.792,0.43,13.539,13.754,1.8703,0.0531,1.725,0.0,0.49,0.0,3,2,1,0.0,18.0,18.0,13.2018,1,2,0.6667,0.115,0.0,0.6667,0.5508,0.6667,0.0,,,1,1,,2022,2022,2022.0,0,2020,2020,2005,bc6d12796cb5797d,F,12.7,0
11.87,11.905,11.905,0.0495,0.0042,11.94,0.07,11.8875,11.9225,11.85,11.9075,11.9075,0.0813,0.0068,11.965,0.115,11.8788,11.9362,,,,0.0,0.07,0.0,2,2,1,0.0,17.0,17.0,34.7857,1,2,1.0,0.0,0.0,-0.05,0.6364,0.4,-0.5,,,1,1,,2023,2023,2023.0,0,2020,2020,2005,be99464dba69c49f,M,11.87,0
12.21,12.38,12.31,0.1746,0.0141,12.65,0.44,12.245,12.5,12.16,12.3663,12.27,0.1987,0.0161,12.654,0.494,12.224,12.516,-0.0558,0.1584,0.0028,0.1,0.22,0.0544,7,5,3,2.0,16.0,16.0,3.8047,1,3,0.4286,0.2333,0.0,0.2286,1.1828,1.1,-0.5667,,,1,1,,2023,2025,2023.8571,2,2020,2020,2005,2e45a538e0a54678,F,12.21,0
11.25,11.5717,11.495,0.3084,0.0266,12.13,0.88,11.4075,11.635,11.225,11.5708,11.5125,0.307,0.0265,12.115,0.89,11.41,11.6412,-0.5149,0.2127,-0.5493,0.25,0.24,0.3697,6,4,2,1.0,17.0,18.0,8.8725,1,2,0.3333,-0.02,0.3333,0.025,0.5252,0.4,-0.7,,,1,1,,2022,2023,2022.5,1,2020,2020,2005,4923936e7d4c2d3c,M,11.16,0
11.77,11.9775,11.98,0.1692,0.0141,12.18,0.41,11.905,12.0525,11.77,11.9588,11.965,0.1497,0.0125,12.135,0.365,11.905,12.0188,-0.3429,0.0393,-0.2938,0.41,0.0,0.3753,4,4,2,1.0,17.0,18.0,3.6617,1,1,0.25,0.2767,0.25,0.5,0.4583,0.75,0.0,,,1,1,,2023,2024,2023.25,1,2020,2020,2005,6c942adafdb4479c,M,11.63,0
11.25,11.5717,11.495,0.3084,0.0266,12.13,0.88,11.4075,11.635,11.225,11.5708,11.5125,0.307,0.0265,12.115,0.89,11.41,11.6412,-0.5149,0.2127,-0.5493,0.25,0.24,0.3697,6,4,2,1.0,17.0,18.0,8.8725,1,2,0.3333,-0.02,0.3333,0.025,0.5252,0.4,-0.7,,,1,1,,2022,2023,2022.5,1,2020,2020,2005,1a1a3a744efb9c57,M,11.16,0
11.57,11.685,11.685,0.1626,0.0139,11.8,0.23,11.6275,11.7425,11.59,11.7075,11.7075,0.1662,0.0142,11.825,0.235,11.6488,11.7663,,,,0.23,0.0,6.4621,2,2,1,0.0,17.0,17.0,56.1923,1,1,0.5,-0.23,0.0,-0.45,0.0707,0.0,-0.45,,,1,1,,2024,2024,2024.0,0,2020,2020,2005,9a95b64a028d39d6,M,11.57,0
12.99,13.165,13.165,0.2475,0.0188,13.34,0.35,13.0775,13.2525,12.99,13.165,13.165,0.2475,0.0188,13.34,0.35,13.0775,13.2525,,,,0.0,0.35,0.0,2,2,2,2.0,16.0,16.0,1.184,0,0,0.0,0.0,0.5,0.0,0.0,0.0,0.0,,,1,1,,2020,2022,2021.0,2,2020,2020,2005,fe4fa8ddd4d7f43b,F,12.74,0
11.96,12.015,12.015,0.0778,0.0065,12.07,0.11,11.9875,12.0425,11.91,11.9925,11.9925,0.1167,0.0097,12.075,0.165,11.9512,12.0338,,,,0.0,0.11,0.0,2,2,1,0.0,18.0,18.0,24.35,1,2,1.0,0.0,0.0,0.45,0.7778,1.0,-0.1,,,1,1,,2023,2023,2023.0,0,2020,2020,2005,b6551a1bd945ff2f,M,11.96,0
11.0,11.5312,11.48,0.314,0.0272,11.96,0.96,11.2975,11.865,11.0,11.5197,11.4675,0.2993,0.026,11.94,0.94,11.3375,11.815,-0.2599,0.1552,-0.238,0.78,0.0,0.2604,16,8,4,3.0,13.0,16.0,5.3419,1,5,0.3125,-0.0369,0.0625,0.2467,1.098,1.0286,-0.7,,,1,1,,2022,2025,2023.1875,3,2020,2020,2005,6d4718a0ec3c6a53,M,11.0,0
12.88,13.0967,12.88,0.3753,0.0287,13.53,0.65,12.88,13.205,12.868,13.0987,12.886,0.384,0.0293,13.542,0.674,12.877,13.214,26.8046,0.2383,28.2185,0.0,0.65,0.0,3,3,1,0.0,18.0,18.0,182.625,1,2,0.6667,-0.325,0.0,-0.0333,0.2082,0.2,-0.15,,,1,1,,2023,2023,2023.0,0,2020,2020,2005,de1906d8a2705669,F,12.48,0
11.44,11.485,11.485,0.0636,0.0055,11.53,0.09,11.4625,11.5075,11.415,11.4725,11.4725,0.0813,0.0071,11.53,0.115,11.4438,11.5012,,,,0.09,0.0,0.3354,2,2,1,0.0,17.0,18.0,7.4541,0,0,0.0,0.0,0.5,0.5,0.0,0.5,0.0,,,1,1,,2022,2022,2022.0,0,2020,2020,2005,8dc169fa906abd7c,M,11.25,0
13.11,13.345,13.25,0.2938,0.022,13.77,0.66,13.1775,13.4175,13.11,13.3465,13.253,0.2942,0.022,13.77,0.66,13.173,13.4265,1.2141,0.0643,1.211,0.0,0.66,0.0,4,4,2,1.0,17.0,17.0,7.3788,1,1,0.25,0.3133,0.5,-0.05,0.2121,0.1,-0.2,,,1,1,,2023,2024,2023.25,1,2020,2020,2005,0c8360532dc665e8,F,13.02,0
11.54,11.6933,11.7,0.1501,0.0128,11.84,0.3,11.62,11.77,11.525,11.6867,11.7,0.1554,0.0133,11.835,0.31,11.6125,11.7675,-0.5824,0.052,-0.5925,0.3,0.0,0.6979,3,3,1,0.0,16.0,17.0,6.9793,0,0,0.0,0.0,0.0,0.1333,0.1528,0.2,0.0,178.0,62.0,0,0,19.5682,2024,2024,2024.0,0,2020,2020,2005,88a0743827596361,M,11.54,1
11.25,11.3333,11.35,0.0764,0.0067,11.4,0.15,11.3,11.375,11.22,11.315,11.36,0.0823,0.0073,11.365,0.145,11.29,11.3625,-0.3687,0.0388,-0.259,0.15,0.0,0.5218,3,3,1,0.0,17.0,18.0,10.4357,0,0,0.0,0.0,0.0,0.3667,0.5859,0.7,-0.3,,60.0,1,0,,2024,2024,2024.0,0,2020,2020,2005,84fbae39fd5d7562,M,11.02,0
11.86,12.1967,12.24,0.3172,0.026,12.49,0.63,12.05,12.365,11.86,12.2083,12.25,0.3295,0.027,12.515,0.655,12.055,12.3825,-0.4017,0.1374,-0.4149,0.38,0.0,0.3044,3,3,2,1.0,16.0,17.0,2.403,0,0,0.0,0.0,0.0,-0.2333,0.2517,0.0,-0.35,,,1,1,,2023,2024,2023.3333,1,2020,2020,2005,2151544dc2061082,M,11.86,0
11.83,11.9,11.9,0.099,0.0083,11.97,0.14,11.865,11.935,11.81,11.9125,11.9125,0.145,0.0122,12.015,0.205,11.8612,11.9638,,,,0.14,0.0,25.5675,2,2,1,0.0,18.0,18.0,365.25,1,1,0.5,-0.14,0.0,-0.25,0.9192,0.4,-0.9,,,1,1,,2023,2023,2023.0,0,2020,2020,2005,ca186555e9cdffe5,M,11.46,0
13.02,13.145,13.145,0.1768,0.0134,13.27,0.25,13.0825,13.2075,13.002,13.157,13.157,0.2192,0.0167,13.312,0.31,13.0795,13.2345,,,,0.0,0.25,0.0,2,1,1,0.0,18.0,18.0,2.0,1,1,0.5,0.25,0.0,-0.2,0.7071,0.3,-0.7,165.0,50.0,0,0,18.3655,2020,2020,2020.0,0,2020,2020,2000,10d740473fb953c7,F,12.76,1
11.79,11.955,11.955,0.2333,0.0195,12.12,0.33,11.8725,12.0375,11.88,12.0225,12.0225,0.2015,0.0168,12.165,0.285,11.9512,12.0938,,,,0.33,0.0,1.7468,2,2,1,0.0,18.0,18.0,10.587,0,0,0.0,0.0,0.0,-1.35,0.6364,0.0,-1.35,,,1,1,,2024,2024,2024.0,0,2020,2020,2005,d44fdc80afed7b5b,M,11.79,0
11.08,11.1,11.1,0.0283,0.0025,11.12,0.04,11.09,11.11,11.01,11.0725,11.0725,0.0884,0.008,11.135,0.125,11.0412,11.1038,,,,0.0,0.04,0.0,2,1,1,0.0,17.0,17.0,2.0,1,1,0.5,-0.04,0.0,0.55,1.2021,1.4,-0.3,,,1,1,,2020,2020,2020.0,0,2020,2020,2000,6f59c92b7a132c69,M,11.08,0
11.93,11.93,11.93,0.0,0.0,11.93,0.0,11.93,11.93,11.945,11.95,11.95,0.0071,0.0006,11.955,0.01,11.9475,11.9525,,,,0.0,0.0,0.0,2,2,1,0.0,18.0,18.0,26.0893,1,1,0.5,0.0,0.0,-0.4,0.1414,0.0,-0.4,,,1,1,,2023,2023,2023.0,0,2020,2020,2005,09dc9831e43aab47,M,11.83,0
11.49,11.57,11.52,0.1136,0.0098,11.7,0.21,11.505,11.61,11.5,11.5483,11.52,0.0671,0.0058,11.625,0.125,11.51,11.5725,-0.1373,0.0828,-0.0784,0.21,0.03,0.3118,3,3,2,1.0,17.0,17.0,4.4543,1,3,1.0,0.0,0.0,0.4333,0.9292,1.5,-0.2,,,1,1,,2023,2024,2023.3333,1,2020,2020,2005,ffe4945497648377,M,11.49,0
13.18,13.2733,13.2,0.1447,0.0109,13.44,0.26,13.19,13.32,13.246,13.3593,13.266,0.1793,0.0134,13.566,0.32,13.256,13.416,0.7573,0.0422,0.943,0.02,0.26,0.0575,3,3,1,0.0,17.0,17.0,8.628,1,1,0.3333,0.11,0.0,-1.4333,0.5774,0.0,-1.4333,,,1,1,,2025,2025,2025.0,0,2020,2020,2005,dc3bca6fbb38e47e,F,13.18,0
11.64,11.7967,11.72,0.206,0.0175,12.03,0.39,11.68,11.875,11.64,11.8117,11.75,0.2094,0.0177,12.045,0.405,11.695,11.8975,-0.3321,0.0879,-0.3513,0.39,0.0,0.3778,3,3,2,1.0,15.0,16.0,2.9065,0,0,0.0,0.0,0.3333,-0.45,0.2121,0.0,-0.45,,,1,1,,2024,2025,2024.3333,1,2020,2020,2005,cb158df9145b03ed,M,11.64,0
11.01,11.2625,11.205,0.2729,0.0242,11.63,0.62,11.085,11.3825,10.93,11.2538,11.2275,0.303,0.0269,11.63,0.7,11.065,11.4163,0.9593,0.1234,0.9603,0.1,0.62,0.1845,4,4,2,1.0,17.0,17.0,7.3788,1,2,0.5,0.115,0.5,0.35,1.7678,1.6,-0.9,,,1,1,,2023,2024,2023.25,1,2020,2020,2005,32fcedd5d4e797f5,M,11.01,0
12.61,12.7967,12.79,0.1901,0.0149,12.99,0.38,12.7,12.89,12.598,12.7747,12.76,0.1844,0.0144,12.966,0.368,12.679,12.863,0.0084,0.1551,0.0184,0.18,0.38,0.1508,3,2,2,1.0,17.0,18.0,2.5132,1,1,0.3333,0.28,0.0,0.3667,0.1528,0.3667,0.0,166.0,52.0,0,0,18.8707,2019,2020,2019.6667,1,2010,2020,2000,76b61a72aacf9f13,F,12.61,1
11.81,12.0233,11.86,0.3272,0.0272,12.4,0.59,11.835,12.13,11.795,12.0483,11.95,0.3143,0.0261,12.4,0.605,11.8725,12.175,-0.7437,0.0087,-0.7077,0.59,0.0,0.733,3,3,2,1.0,17.0,18.0,3.727,0,0,0.0,0.0,0.3333,-0.75,1.4849,0.3,-1.8,,,1,1,,2022,2023,2022.6667,1,2020,2020,2005,c779085e176f9852,M,11.81,0
11.39,11.595,11.605,0.1772,0.0153,11.9,0.51,11.4875,11.6175,11.4,11.5758,11.575,0.1524,0.0132,11.835,0.435,11.4788,11.6112,-0.22,0.0909,-0.1788,0.51,0.06,0.3136,6,6,2,2.0,16.0,18.0,3.6894,1,2,0.3333,0.135,0.1667,0.46,0.5941,0.8333,-0.2,,,1,1,,2023,2024,2023.6667,1,2020,2020,2005,70bd78ca86c716bb,M,11.34,0
12.89,12.92,12.92,0.0424,0.0033,12.95,0.06,12.905,12.935,12.806,12.851,12.851,0.0636,0.005,12.896,0.09,12.8285,12.8735,,,,0.06,0.0,0.2236,2,2,1,0.0,18.0,18.0,7.4541,1,2,1.0,0.0,0.0,1.15,0.3536,1.15,0.0,,,1,1,,2022,2022,2022.0,0,2020,2020,2000,14ff1c90a45b59ae,F,12.88,0
12.86,12.935,12.925,0.0733,0.0057,13.03,0.17,12.89,12.97,12.864,12.944,12.935,0.0744,0.0057,13.042,0.178,12.906,12.973,-0.0334,0.0559,-0.01,0.04,0.09,0.0223,4,3,2,2.0,15.0,17.0,2.2271,1,1,0.25,-0.07,0.0,-0.15,0.6608,0.6,-0.6,,,1,1,,2023,2025,2024.0,2,2020,2020,2005,141a08a6ced55b64,F,12.86,0
11.13,11.21,11.21,0.0667,0.006,11.29,0.16,11.16,11.26,11.15,11.214,11.18,0.0731,0.0065,11.305,0.155,11.155,11.28,-0.279,0.0204,-0.2608,0.16,0.0,0.3265,5,4,1,0.0,17.0,18.0,10.2025,1,2,0.4,0.025,0.0,-0.08,0.6058,0.3333,-0.7,,,1,1,,2022,2022,2022.0,0,2020,2020,2005,c53fb4c69e9e129d,M,10.85,0
11.14,11.27,11.27,0.1838,0.0163,11.4,0.26,11.205,11.335,11.14,11.28,11.28,0.198,0.0176,11.42,0.28,11.21,11.35,,,,0.0,0.26,0.0,2,2,1,0.0,16.0,16.0,45.6562,1,1,0.5,0.26,0.5,-0.4,0.0,0.0,-0.4,,,1,1,,2024,2024,2024.0,0,2020,2020,2005,237ab843699bf3de,M,11.14,0
12.75,12.825,12.825,0.1061,0.0083,12.9,0.15,12.7875,12.8625,12.732,12.819,12.819,0.123,0.0096,12.906,0.174,12.7755,12.8625,,,,0.0,0.15,0.0,2,1,1,0.0,17.0,17.0,2.0,1,1,0.5,0.15,0.0,0.1,0.2828,0.3,-0.1,,,1,1,,2020,2020,2020.0,0,2020,2020,2000,17f4b84a3121be64,F,12.75,0
12.43,12.68,12.69,0.1871,0.0148,12.98,0.55,12.5775,12.735,12.46,12.684,12.69,0.1802,0.0142,12.98,0.52,12.573,12.735,-0.1322,0.1549,-0.1243,0.29,0.12,0.1829,6,5,2,2.0,16.0,17.0,3.785,1,3,0.5,-0.2083,0.3333,-0.1,0.2708,0.1,-0.5,,,1,1,,2024,2025,2024.5,1,2020,2020,2005,a854483ee74c9580,F,12.43,0
11.72,11.89,11.89,0.2404,0.0202,12.06,0.34,11.805,11.975,11.675,11.8675,11.8675,0.2722,0.0229,12.06,0.385,11.7712,11.9638,,,,0.34,0.0,0.3558,2,2,2,1.0,17.0,18.0,2.0931,1,1,0.5,-0.34,0.5,0.9,0.0,0.9,0.0,,,1,1,,2022,2023,2022.5,1,2020,2020,2005,b014dc2543939f32,M,11.59,0
11.34,11.4467,11.41,0.129,0.0113,11.59,0.25,11.375,11.5,11.345,11.4493,11.415,0.1251,0.0109,11.588,0.243,11.38,11.5015,-0.2805,0.0286,-0.2713,0.25,0.07,0.3261,3,2,2,1.0,17.0,18.0,3.9134,0,0,0.0,0.0,0.0,-0.0533,0.0808,0.04,-0.1,,,1,1,,2022,2023,2022.6667,1,2020,2020,2005,6f68406966dc96a6,M,11.34,0
11.63,11.83,11.83,0.2828,0.0239,12.03,0.4,11.73,11.93,11.615,11.8225,11.8225,0.2934,0.0248,12.03,0.415,11.7188,11.9262,,,,0.4,0.0,0.3382,2,2,2,1.0,17.0,18.0,1.691,1,2,1.0,0.0,0.0,0.15,0.2121,0.3,0.0,,,1,1,,2023,2024,2023.5,1,2020,2020,2005,fc0a2b8505311782,M,11.44,0
13.09,13.27,13.275,0.1479,0.0111,13.45,0.36,13.15,13.385,13.12,13.301,13.296,0.144,0.0108,13.476,0.356,13.1965,13.415,-0.3072,0.0078,-0.2902,0.36,0.0,0.3072,6,6,2,1.0,16.0,17.0,5.1203,1,2,0.3333,0.0825,0.5,-1.0333,0.3055,0.0,-1.0333,,,1,1,,2023,2024,2023.3333,1,2020,2020,2005,827a0b956d0e845e,F,13.09,0
11.36,11.37,11.37,0.0141,0.0012,11.38,0.02,11.365,11.375,11.335,11.36,11.36,0.0354,0.0031,11.385,0.05,11.3475,11.3725,,,,0.0,0.02,0.0,2,1,1,0.0,18.0,18.0,2.0,0,0,0.0,0.0,0.0,0.2,0.4243,0.5,-0.1,,,1,1,,2023,2023,2023.0,0,2020,2020,2005,40932be71590be51,M,11.32,0
12.89,13.2733,13.295,0.2267,0.0171,13.59,0.7,13.2375,13.3375,12.89,13.2673,13.271,0.2597,0.0196,13.692,0.802,13.1865,13.309,0.0139,0.2083,0.0384,0.33,0.41,0.2152,6,6,2,2.0,16.0,17.0,3.9134,1,3,0.5,0.2733,0.1667,0.12,1.0474,0.575,-1.7,,,1,1,,2023,2024,2023.6667,1,2020,2020,2005,23f8633ba8dab64b,F,12.89,0
11.23,11.305,11.305,0.1061,0.0094,11.38,0.15,11.2675,11.3425,11.23,11.3225,11.3225,0.1308,0.0116,11.415,0.185,11.2763,11.3688,,,,0.0,0.15,0.0,2,2,1,0.0,18.0,18.0,26.0893,1,1,0.5,0.15,0.0,-0.35,0.495,0.0,-0.7,,,1,1,,2023,2023,2023.0,0,2020,2020,2005,3402d8778562604c,M,11.11,0
12.09,12.135,12.135,0.0636,0.0052,12.18,0.09,12.1125,12.1575,12.04,12.11,12.11,0.099,0.0082,12.18,0.14,12.075,12.145,,,,0.09,0.0,0.2365,2,2,1,0.0,17.0,18.0,5.2554,1,2,1.0,0.0,0.0,0.5,0.7071,1.0,0.0,166.0,56.0,0,0,20.3223,2023,2023,2023.0,0,2020,2020,2005,70c6556bfad39b63,M,12.09,1
10.8,10.9829,10.89,0.1722,0.0157,11.2,0.4,10.85,11.145,10.81,11.0207,10.905,0.2188,0.0199,11.3,0.49,10.8475,11.2175,-0.3485,0.0863,-0.4017,0.34,0.07,0.3558,7,3,2,1.0,17.0,18.0,7.3259,1,2,0.2857,-0.0083,0.0,-0.7571,1.3673,1.2,-1.3,,,1,1,,2023,2024,2023.7143,1,2020,2020,2005,05d10a50156d2db9,M,10.72,0
11.25,11.425,11.425,0.2475,0.0217,11.6,0.35,11.3375,11.5125,11.22,11.41,11.41,0.2687,0.0235,11.6,0.38,11.315,11.505,,,,0.35,0.0,3.7599,2,2,1,0.0,17.0,17.0,21.4853,1,1,0.5,-0.35,0.5,0.6,0.0,0.6,0.0,185.0,73.0,0,0,21.3294,2025,2025,2025.0,0,2020,2020,2005,a57372c7a470b2cf,M,11.25,1
11.83,11.89,11.9,0.0557,0.0047,11.94,0.11,11.865,11.92,11.865,11.925,11.92,0.0626,0.0053,11.99,0.125,11.8925,11.955,-0.0432,0.0163,-0.0432,0.07,0.0,0.0336,3,2,2,2.0,15.0,17.0,1.4399,1,1,0.3333,0.07,0.0,-0.7,0.3,0.0,-0.7,,,1,1,,2023,2025,2023.6667,2,2020,2020,2005,f6da80bd30c0d338,M,11.83,0
11.62,11.815,11.815,0.2758,0.0233,12.01,0.39,11.7175,11.9125,11.57,11.7625,11.7625,0.2722,0.0231,11.955,0.385,11.6662,11.8588,,,,0.0,0.39,0.0,2,2,1,0.0,17.0,17.0,16.9884,1,1,0.5,0.39,0.0,1.05,0.0707,1.05,0.0,,,1,1,,2023,2023,2023.0,0,2020,2020,2005,8484793634c9b7a2,M,11.44,0
11.63,11.952,12.03,0.21,0.0176,12.15,0.52,11.86,12.09,11.645,11.957,12.03,0.1961,0.0164,12.15,0.505,11.9,12.06,-0.1729,0.151,-0.1683,0.52,0.0,0.301,5,5,2,2.0,16.0,18.0,2.8942,1,1,0.2,-0.0975,0.0,-0.1,0.5099,0.6,-0.55,180.0,65.0,0,0,20.0617,2021,2023,2022.6,2,2020,2020,2005,a5f7edb088279445,M,11.63,1
11.14,11.4243,11.41,0.3033,0.0265,11.93,0.79,11.15,11.595,11.115,11.43,11.4,0.3122,0.0273,11.965,0.85,11.165,11.6,-0.4168,0.0805,-0.4202,0.79,0.0,0.417,7,7,3,2.0,16.0,18.0,3.6947,1,2,0.2857,0.195,0.1429,-0.1333,0.8335,0.5667,-0.8333,,,1,1,,2022,2024,2023.1429,2,2020,2020,2005,c60e9a9902357433,M,11.14,0
11.79,12.03,11.95,0.2135,0.0178,12.31,0.52,11.91,12.19,11.795,12.006,11.925,0.196,0.0163,12.3,0.505,11.915,12.095,-0.1829,0.1675,-0.1614,0.12,0.0,0.0898,5,3,2,1.0,15.0,16.0,3.7423,1,2,0.4,-0.0333,0.0,0.48,0.8319,0.8667,-0.1,,,1,1,,2023,2024,2023.2,1,2020,2020,2005,d9d69bca15f02b54,M,11.79,0
11.53,11.635,11.635,0.1485,0.0128,11.74,0.21,11.5825,11.6875,11.48,11.61,11.61,0.1838,0.0158,11.74,0.26,11.545,11.675,,,,0.21,0.0,2.1915,2,2,1,0.0,17.0,18.0,20.8714,0,0,0.0,0.0,0.0,0.5,0.7071,1.0,0.0,,,1,1,,2023,2023,2023.0,0,2020,2020,2005,ad4abde4430c1b01,M,11.53,0
12.45,12.49,12.49,0.0566,0.0045,12.53,0.08,12.47,12.51,12.45,12.535,12.535,0.1202,0.0096,12.62,0.17,12.4925,12.5775,,,,0.0,0.08,0.0,2,1,1,0.0,17.0,17.0,2.0,1,1,0.5,0.08,0.0,-0.75,1.0607,0.0,-1.5,,,1,1,,2022,2022,2022.0,0,2020,2020,2005,37474819cae78a56,F,12.45,0
12.55,12.848,12.88,0.2194,0.0171,13.15,0.6,12.6675,13.0225,12.474,12.8312,12.877,0.2505,0.0195,13.162,0.688,12.618,13.0465,-0.1358,0.1442,-0.1376,0.56,0.17,0.1697,10,9,3,3.0,15.0,17.0,3.0311,1,3,0.3,0.2019,0.0,0.28,0.9223,0.7286,-0.7667,,,1,1,,2022,2025,2024.2,3,2020,2020,2005,753dce711f7a0fc2,F,12.55,0
12.85,13.096,13.16,0.1643,0.0125,13.23,0.38,13.01,13.23,12.844,13.0972,13.148,0.1718,0.0131,13.272,0.428,13.01,13.212,0.2504,0.1088,0.23,0.0,0.38,0.0,5,3,2,1.0,17.0,17.0,4.9762,1,1,0.2,-0.0033,0.0,-0.02,0.3962,0.2,-0.7,,,1,1,,2023,2024,2023.2,1,2020,2020,2005,895546a260d646fa,F,12.85,0
13.34,13.395,13.395,0.0778,0.0058,13.45,0.11,13.3675,13.4225,13.304,13.362,13.362,0.082,0.0061,13.42,0.116,13.333,13.391,,,,0.0,0.11,0.0,2,1,1,0.0,17.0,17.0,2.0,1,1,0.5,-0.11,0.0,0.55,0.0707,0.55,0.0,,,1,1,,2020,2020,2020.0,0,2020,2020,2000,dd550b71b00220da,F,13.34,0
12.9,13.16,13.16,0.3677,0.0279,13.42,0.52,13.03,13.29,13.038,13.229,13.229,0.2701,0.0204,13.42,0.382,13.1335,13.3245,,,,0.52,0.0,0.7113,2,2,2,1.0,17.0,18.0,2.736,1,1,0.5,-0.52,0.5,-2.3,0.0,0.0,-2.3,,,1,1,,2023,2024,2023.5,1,2020,2020,2005,22136eda01f7451b,F,12.9,0
11.13,11.235,11.235,0.1485,0.0132,11.34,0.21,11.1825,11.2875,11.1,11.2175,11.2175,0.1662,0.0148,11.335,0.235,11.1588,11.2762,,,,0.0,0.21,0.0,2,1,1,0.0,18.0,18.0,2.0,1,1,0.5,-0.21,0.0,0.35,0.3536,0.35,0.0,,,1,1,,2021,2021,2021.0,0,2020,2020,2000,a57280796106a655,M,10.86,0
11.7,11.7,11.7,0.0,0.0,11.7,0.0,11.7,11.7,11.615,11.6475,11.6475,0.046,0.0039,11.68,0.065,11.6312,11.6638,,,,0.0,0.0,0.0,2,2,1,0.0,18.0,18.0,365.25,1,1,0.5,0.0,0.0,1.05,0.9192,1.05,0.0,,,1,1,,2022,2022,2022.0,0,2020,2020,2005,1fbae8c6e1e120c3,M,11.7,0
11.35,11.59,11.625,0.2045,0.0176,11.76,0.41,11.455,11.76,11.35,11.5788,11.59,0.1911,0.0165,11.785,0.435,11.4662,11.7025,-0.1776,0.0908,-0.1391,0.41,0.0,0.1747,4,4,3,2.0,15.0,17.0,1.7048,0,0,0.0,0.0,0.0,0.225,1.0046,1.7,-0.4,,,1,1,,2023,2025,2024.0,2,2020,2020,2005,37a90192b353d2a1,M,11.35,0
11.94,12.09,12.09,0.2121,0.0175,12.24,0.3,12.015,12.165,11.89,12.055,12.055,0.2333,0.0194,12.22,0.33,11.9725,12.1375,,,,0.3,0.0,1.3202,2,2,1,0.0,18.0,18.0,8.8012,1,1,0.5,0.3,0.0,0.7,0.4243,0.7,0.0,,,1,1,,2023,2023,2023.0,0,2020,2020,2005,4fa9a1e0378de80d,M,11.94,0
11.66,11.715,11.715,0.0778,0.0066,11.77,0.11,11.6875,11.7425,11.61,11.69,11.69,0.1131,0.0097,11.77,0.16,11.65,11.73,,,,0.11,0.0,0.289,2,2,1,0.0,18.0,18.0,5.2554,1,2,1.0,0.0,0.0,0.5,0.7071,1.0,0.0,,,1,1,,2023,2023,2023.0,0,2020,2020,2005,15bdb7ec19b2b8f3,M,11.66,0
11.38,11.61,11.67,0.2066,0.0178,11.78,0.4,11.525,11.725,11.285,11.5567,11.63,0.2434,0.0211,11.755,0.47,11.4575,11.6925,0.2856,0.1655,0.32,0.29,0.4,1.0284,3,3,1,0.0,16.0,16.0,10.6383,0,0,0.0,0.0,0.0,1.0667,0.7371,1.0667,0.0,,,1,1,,2023,2023,2023.0,0,2020,2020,2005,cc610307a4e3021a,M,11.38,0
11.73,11.905,11.905,0.2475,0.0208,12.08,0.35,11.8175,11.9925,11.68,11.88,11.88,0.2828,0.0238,12.08,0.4,11.78,11.98,,,,0.35,0.0,0.9685,2,2,1,0.0,18.0,18.0,5.5341,1,2,1.0,0.0,0.0,0.5,0.7071,1.0,0.0,,,1,1,,2023,2023,2023.0,0,2020,2020,2005,8727315273e929e2,M,11.68,0
11.8,11.84,11.84,0.0566,0.0048,11.88,0.08,11.82,11.86,11.785,11.8125,11.8125,0.0389,0.0033,11.84,0.055,11.7988,11.8263,,,,0.08,0.0,0.3211,2,2,1,0.0,18.0,18.0,8.0275,0,0,0.0,0.0,0.0,0.55,0.3536,0.55,0.0,180.0,69.0,0,0,21.2963,2024,2024,2024.0,0,2020,2020,2005,5f98710e894af9ca,M,11.8,1
12.98,13.155,13.155,0.2475,0.0188,13.33,0.35,13.0675,13.2425,12.884,13.053,13.053,0.239,0.0183,13.222,0.338,12.9685,13.1375,,,,0.0,0.35,0.0,2,1,1,0.0,18.0,18.0,2.0,1,1,0.5,-0.35,0.0,1.7,0.1414,1.7,0.0,163.0,57.0,0,0,21.4536,2019,2019,2019.0,0,2010,2010,2000,275c008ce85587d4,F,12.98,1
11.79,11.8533,11.84,0.0709,0.006,11.93,0.14,11.815,11.885,11.79,11.8467,11.79,0.0981,0.0083,11.96,0.17,11.79,11.875,0.2536,0.0279,0.2605,0.0,0.14,0.0,3,3,1,0.0,18.0,18.0,6.4837,1,3,1.0,0.0,0.0,0.1333,0.8083,1.0,-0.6,,,1,1,,2023,2023,2023.0,0,2020,2020,2005,828f02ef1353845d,M,11.79,0
11.47,11.685,11.685,0.3041,0.026,11.9,0.43,11.5775,11.7925,11.42,11.665,11.665,0.3465,0.0297,11.91,0.49,11.5425,11.7875,,,,0.0,0.43,0.0,2,2,1,0.0,18.0,18.0,24.35,1,2,1.0,0.0,0.0,0.4,0.8485,1.0,-0.2,,,1,1,,2023,2023,2023.0,0,2020,2020,2005,247801522e37e7ed,M,11.35,0
10.94,11.1683,11.13,0.1969,0.0176,11.42,0.48,11.0275,11.33,10.86,11.1417,11.12,0.2181,0.0196,11.415,0.555,11.0,11.3113,-0.3201,0.0784,-0.3312,0.43,0.08,0.3739,6,3,2,1.0,17.0,18.0,5.2179,1,3,0.5,-0.0433,0.0,0.5333,0.7118,0.7,-0.3,,67.0,1,0,,2020,2021,2020.6667,1,2020,2020,2000,a7c63fd03b21e70d,M,10.94,0
11.48,11.7075,11.645,0.2532,0.0216,12.06,0.58,11.555,11.7975,11.37,11.6975,11.6775,0.3075,0.0263,12.065,0.695,11.4938,11.8813,-0.2345,0.1213,-0.2349,0.58,0.23,0.3053,4,3,3,2.0,16.0,18.0,2.1052,1,1,0.25,-0.0033,0.0,0.2,1.8565,1.55,-1.15,175.0,70.0,0,0,22.8571,2020,2022,2021.25,2,2020,2020,2000,ed0038375e6207cf,M,11.19,1
13.19,13.4325,13.425,0.2185,0.0163,13.69,0.5,13.295,13.5625,13.19,13.4565,13.473,0.2359,0.0175,13.69,0.5,13.295,13.6345,0.0294,0.1887,0.0815,0.0,0.33,0.0,4,4,2,1.0,15.0,15.0,3.6253,1,2,0.5,0.345,0.75,-1.6,0.0,0.0,-1.6,166.0,63.0,0,0,22.8625,2024,2025,2024.5,1,2020,2020,2005,7da4eff42aca5ec1,F,13.19,1
11.45,11.48,11.48,0.0424,0.0037,11.51,0.06,11.465,11.495,11.43,11.475,11.475,0.0636,0.0055,11.52,0.09,11.4525,11.4975,,,,0.0,0.06,0.0,2,2,1,1.0,17.0,17.0,3.4952,0,0,0.0,0.0,0.0,0.1,0.4243,0.4,-0.2,,,1,1,,2024,2024,2024.0,0,2020,2020,2005,0bce62e2777f5925,M,11.45,0
12.1,12.115,12.115,0.0212,0.0018,12.13,0.03,12.1075,12.1225,12.058,12.094,12.094,0.0509,0.0042,12.13,0.072,12.076,12.112,,,,0.0,0.03,0.0,2,1,1,0.0,18.0,18.0,2.0,1,1,0.5,0.03,0.0,0.35,0.495,0.7,0.0,,,1,1,,2023,2023,2023.0,0,2020,2020,2005,b0471b18fa412a3d,F,12.1,0
11.29,11.568,11.47,0.297,0.0257,12.07,0.78,11.45,11.56,11.29,11.567,11.49,0.285,0.0246,12.045,0.755,11.45,11.56,0.0163,0.2645,0.0318,0.16,0.18,0.1249,5,4,2,1.0,17.0,18.0,3.9022,0,0,0.0,0.0,0.4,0.0333,0.4509,0.5,-0.4,,,1,1,,2022,2023,2022.8,1,2020,2020,2005,89d58da936d22954,M,11.29,0
11.69,11.935,11.93,0.2082,0.0174,12.19,0.5,11.8325,12.0325,11.69,11.9338,11.925,0.2165,0.0181,12.195,0.505,11.8062,12.0525,-0.3102,0.1522,-0.2699,0.19,0.0,0.2253,4,4,2,1.0,17.0,18.0,4.7435,0,0,0.0,0.0,0.0,0.025,0.4992,0.7,-0.3,,,1,1,,2023,2024,2023.25,1,2020,2020,2005,2d25a9c5b7a315e7,M,11.69,0
11.71,11.838,11.83,0.1137,0.0096,12.01,0.3,11.77,11.87,11.68,11.821,11.83,0.1373,0.0116,12.02,0.34,11.705,11.87,-0.128,0.0609,-0.1789,0.16,0.06,0.109,5,5,2,1.0,16.0,18.0,3.4072,0,0,0.0,0.0,0.0,0.34,0.8234,0.95,-0.2,,,1,1,,2023,2024,2023.6,1,2020,2020,2005,19124d9eb856703c,M,11.71,0
11.0,11.2973,11.25,0.2637,0.0233,11.83,0.83,11.115,11.355,10.975,11.2909,11.2,0.2752,0.0244,11.84,0.865,11.13,11.3725,-0.0427,0.2503,-0.0152,0.25,0.3,0.1268,11,8,3,2.0,16.0,18.0,5.5802,1,6,0.5455,-0.0192,0.0909,0.14,0.8592,0.6667,-0.8667,,,1,1,,2021,2023,2022.4545,2,2020,2020,2005,90a0234263cf0aeb,M,11.0,0
12.25,12.616,12.52,0.343,0.0272,13.02,0.77,12.36,12.93,12.166,12.5824,12.472,0.3709,0.0295,13.02,0.854,12.336,12.918,-0.6978,0.1496,-0.7461,0.68,0.0,0.6731,5,4,2,1.0,17.0,18.0,4.9492,1,4,0.8,0.505,0.0,0.56,0.555,0.7,0.0,,,1,1,,2023,2024,2023.4,1,2020,2020,2005,bc56bc3b01c8d546,F,12.25,0
11.24,11.395,11.415,0.1245,0.0109,11.51,0.27,11.3225,11.4875,11.25,11.4238,11.435,0.1451,0.0127,11.575,0.325,11.3362,11.5225,0.0534,0.1052,0.0736,0.11,0.27,0.1025,4,4,2,1.0,16.0,17.0,3.727,0,0,0.0,0.0,0.0,-0.575,0.4992,0.0,-0.575,,,1,1,,2023,2024,2023.75,1,2020,2020,2005,eac1506c35cfdbfd,M,11.24,0
12.32,12.34,12.34,0.0283,0.0023,12.36,0.04,12.33,12.35,12.32,12.3325,12.3325,0.0177,0.0014,12.345,0.025,12.3262,12.3387,,,,0.0,0.04,0.0,2,2,1,0.0,17.0,17.0,20.2917,1,2,1.0,0.0,0.0,0.15,0.2121,0.3,0.0,,,1,1,,2023,2023,2023.0,0,2020,2020,2005,0f9bba3b05cc6d8d,M,12.32,0
11.56,11.8567,11.73,0.3763,0.0317,12.28,0.72,11.645,12.005,11.55,11.8533,11.72,0.3876,0.0327,12.29,0.74,11.635,12.005,-0.4161,0.2002,-0.4261,0.72,0.0,0.5729,3,3,2,1.0,17.0,18.0,2.3873,0,0,0.0,0.0,0.0,0.0667,0.2309,0.2,-0.2,,,1,1,,2023,2024,2023.3333,1,2020,2020,2005,bd4bcc90eaa8f3da,M,11.56,0
12.87,13.1475,12.975,0.4181,0.0318,13.77,0.9,12.9375,13.185,12.846,13.134,12.966,0.4201,0.032,13.758,0.912,12.9225,13.1775,-0.7082,0.0312,-0.7106,0.9,0.0,0.7454,4,4,2,1.0,16.0,18.0,3.3129,1,3,0.75,-0.25,0.0,0.225,0.1258,0.225,0.0,,,1,1,,2022,2023,2022.75,1,2020,2020,2005,be93b7adfa6e4be3,F,12.76,0
11.14,11.4925,11.56,0.2488,0.0216,11.71,0.57,11.4175,11.635,11.15,11.4888,11.55,0.2408,0.021,11.705,0.555,11.4125,11.6262,-0.3676,0.1288,-0.3595,0.57,0.0,0.5735,4,4,2,1.0,17.0,18.0,4.0248,1,2,0.5,-0.235,0.0,0.075,0.1893,0.1667,-0.2,,,1,1,,2023,2024,2023.5,1,2020,2020,2005,f6db492b4482acf6,M,11.1,0
11.96,12.055,12.055,0.1344,0.0111,12.15,0.19,12.0075,12.1025,11.97,12.06,12.06,0.1273,0.0106,12.15,0.18,12.015,12.105,,,,0.19,0.0,1.9277,2,2,1,0.0,17.0,17.0,20.2917,1,1,0.5,-0.19,0.0,-0.1,0.1414,0.0,-0.2,,,1,1,,2023,2023,2023.0,0,2020,2020,2005,f735eef6aa937980,M,11.88,0
12.68,12.94,12.94,0.1619,0.0125,13.27,0.59,12.85,13.015,12.566,12.9405,12.962,0.1894,0.0146,13.27,0.704,12.871,13.018,-0.1196,0.1359,-0.1061,0.35,0.42,0.2542,11,8,2,1.0,13.0,14.0,7.9876,1,5,0.4545,0.076,0.0,-0.0091,0.8179,1.0,-0.5167,,,1,1,,2024,2025,2024.6364,1,2020,2020,2010,9b3165de88d75395,F,12.68,0
11.27,11.4033,11.37,0.1296,0.0114,11.6,0.33,11.3075,11.485,11.27,11.4083,11.3375,0.1637,0.0143,11.67,0.4,11.2925,11.5025,-0.1002,0.0996,-0.1645,0.24,0.14,0.1295,6,5,3,2.0,16.0,17.0,3.2371,1,2,0.3333,-0.0025,0.0,-0.1,1.0844,0.8333,-1.0333,,,1,1,,2023,2025,2023.8333,2,2020,2020,2005,7a53668d70344baf,M,11.27,0
12.55,12.7167,12.67,0.1943,0.0153,12.93,0.38,12.61,12.8,12.55,12.7167,12.67,0.1943,0.0153,12.93,0.38,12.61,12.8,1.3093,0.1047,1.3093,0.0,0.38,0.0,3,3,1,0.0,18.0,18.0,15.4331,1,2,0.6667,-0.07,0.3333,0.0,0.0,0.0,0.0,,,1,1,,2023,2023,2023.0,0,2020,2020,2005,10a6c0ab75e3cf8b,F,12.55,0
11.3,11.56,11.56,0.3677,0.0318,11.82,0.52,11.43,11.69,11.3,11.5675,11.5675,0.3783,0.0327,11.835,0.535,11.4338,11.7013,,,,0.52,0.0,0.6664,2,2,2,1.0,17.0,18.0,2.5632,1,1,0.5,0.52,0.5,-0.3,0.0,0.0,-0.3,180.0,71.0,0,0,21.9136,2021,2022,2021.5,1,2020,2020,2000,037f7c71d40b0217,M,11.3,1
12.32,12.795,12.83,0.4659,0.0364,13.2,0.88,12.4325,13.1925,12.422,12.8505,12.857,0.4676,0.0364,13.266,0.844,12.458,13.2495,-0.4247,0.0532,-0.4295,0.87,0.15,0.4619,4,2,2,2.0,14.0,16.0,2.1235,1,1,0.25,0.285,0.0,-0.925,0.7042,0.0,-1.2333,,,1,1,,2023,2025,2024.0,2,2020,2020,2005,1511a57939d24d94,F,12.32,0
11.2,11.542,11.58,0.2536,0.022,11.82,0.62,11.38,11.73,11.175,11.542,11.58,0.2842,0.0246,11.875,0.7,11.345,11.735,-0.3773,0.0976,-0.4169,0.53,0.0,0.3605,5,5,2,1.0,15.0,17.0,3.4008,0,0,0.0,0.0,0.2,-0.0,0.8083,0.6,-0.6,,,1,1,,2024,2025,2024.6,1,2020,2020,2005,efa437d96a455ea1,M,11.2,0
11.68,12.0814,12.07,0.2446,0.0202,12.47,0.79,11.985,12.19,11.66,12.0786,12.08,0.2549,0.0211,12.465,0.805,11.9625,12.21,0.1392,0.209,0.1445,0.28,0.79,0.1522,7,5,3,2.0,15.0,16.0,3.8047,1,3,0.4286,-0.1958,0.0,0.0571,0.3994,0.35,-0.3333,,,1,1,,2023,2025,2023.5714,2,2020,2020,2005,1b02d893a1ade088,M,11.68,0
11.67,11.975,11.975,0.4313,0.036,12.28,0.61,11.8225,12.1275,11.595,11.9425,11.9425,0.4914,0.0412,12.29,0.695,11.7688,12.1162,,,,0.61,0.0,9.2834,2,2,1,0.0,18.0,18.0,30.4375,0,0,0.0,0.0,0.0,0.65,1.2021,1.5,-0.2,175.0,65.0,0,0,21.2245,2020,2020,2020.0,0,2020,2020,2000,fe74241e6b7f2206,M,11.67,1
11.58,11.67,11.67,0.1273,0.0109,11.76,0.18,11.625,11.715,11.57,11.66,11.66,0.1273,0.0109,11.75,0.18,11.615,11.705,,,,0.0,0.18,0.0,2,2,1,0.0,18.0,18.0,15.8804,1,1,0.5,-0.18,0.0,0.2,0.0,0.2,0.0,,,1,1,,2022,2022,2022.0,0,2020,2020,2000,d3e146ce4455693a,M,11.58,0
11.62,11.9133,11.79,0.3707,0.0311,12.33,0.71,11.705,12.06,11.66,11.9367,11.83,0.3427,0.0287,12.32,0.66,11.745,12.075,-0.2639,0.2893,-0.2592,0.17,0.0,0.2063,3,3,2,1.0,17.0,18.0,3.6404,1,1,0.3333,0.44,0.0,-0.4667,0.5774,0.2,-0.8,,,1,1,,2022,2023,2022.3333,1,2020,2020,2005,0b8bf433e7cbd2cd,M,11.62,0
11.88,12.004,11.96,0.1426,0.0119,12.25,0.37,11.95,11.98,11.865,12.036,12.0,0.1731,0.0144,12.325,0.46,11.96,12.03,-0.7156,0.1082,-0.9607,0.37,0.1,1.4851,5,5,1,0.0,14.0,14.0,20.0687,1,4,0.8,-0.03,0.0,-0.64,0.7829,0.3,-0.875,,,1,1,,2025,2025,2025.0,0,2020,2020,2010,18f9bc2202217a23,M,11.88,0
11.47,11.67,11.67,0.2828,0.0242,11.87,0.4,11.57,11.77,11.43,11.649,11.649,0.3097,0.0266,11.868,0.438,11.5395,11.7585,,,,0.4,0.0,1.0985,2,2,1,0.0,17.0,18.0,5.4925,0,0,0.0,0.0,0.0,0.42,0.5374,0.42,0.0,,,1,1,,2022,2022,2022.0,0,2020,2020,2005,abc6d79c7b59754e,M,11.25,0
11.77,11.83,11.83,0.0849,0.0072,11.89,0.12,11.8,11.86,11.78,11.8025,11.8025,0.0318,0.0027,11.825,0.045,11.7912,11.8138,,,,0.12,0.0,2.5782,2,2,1,0.0,18.0,18.0,42.9706,0,0,0.0,0.0,0.0,0.55,1.0607,1.3,-0.2,,,1,1,,2024,2024,2024.0,0,2020,2020,2005,e0bfe8f93b26a9c5,M,11.77,0
11.59,11.8267,11.74,0.2899,0.0245,12.15,0.56,11.665,11.945,11.555,11.81,11.72,0.31,0.0262,12.155,0.6,11.6375,11.9375,0.0069,0.2367,0.012,0.0,0.15,0.0,3,3,2,1.0,16.0,16.0,3.0021,0,0,0.0,0.0,0.0,0.3333,0.4041,0.55,-0.1,,,1,1,,2024,2025,2024.3333,1,2020,2020,2005,0bff4833f76520b1,M,11.59,0
12.28,12.355,12.355,0.1061,0.0086,12.43,0.15,12.3175,12.3925,12.28,12.33,12.33,0.0707,0.0057,12.38,0.1,12.305,12.355,,,,0.0,0.15,0.0,2,2,1,0.0,18.0,18.0,5.7976,1,2,1.0,0.0,0.0,0.5,0.7071,1.0,0.0,,,1,1,,2023,2023,2023.0,0,2020,2020,2005,bae3c2d9b21fd057,M,12.08,0
11.63,11.892,11.84,0.2146,0.018,12.2,0.57,11.8,11.99,11.65,11.898,11.85,0.2154,0.0181,12.215,0.565,11.785,11.99,-0.2577,0.1277,-0.2576,0.36,0.21,0.2538,5,5,3,1.0,16.0,17.0,3.5256,1,3,0.6,0.0383,0.0,-0.12,0.2775,0.3,-0.3,,,1,1,,2023,2025,2023.8,2,2020,2020,2005,8c68fce8e69aca39,M,11.61,0
13.23,13.5667,13.645,0.2401,0.0177,13.81,0.58,13.3925,13.7325,13.224,13.5757,13.645,0.2533,0.0187,13.882,0.658,13.392,13.724,-0.2271,0.0694,-0.2389,0.58,0.08,0.2791,6,4,2,2.0,15.0,17.0,2.8874,1,2,0.3333,0.19,0.0,-0.15,0.7477,0.4333,-0.7333,,,1,1,,2022,2024,2022.6667,2,2020,2020,2005,89ce665b41535682,F,13.23,0
11.17,11.356,11.33,0.1459,0.0128,11.57,0.4,11.31,11.4,11.15,11.339,11.295,0.1595,0.0141,11.58,0.43,11.28,11.39,0.0856,0.1282,0.0723,0.0,0.16,0.0,5,5,2,2.0,16.0,16.0,3.2209,1,1,0.2,-0.055,0.0,0.34,0.3578,0.475,-0.2,,,1,1,,2024,2025,2024.6,1,2020,2020,2005,528f2f443bcf2e9e,M,11.17,0
11.55,12.04,11.92,0.5278,0.0438,12.77,1.22,11.73,12.23,11.575,12.05,11.9175,0.5294,0.0439,12.79,1.215,11.7362,12.2312,-0.5197,0.3366,-0.4753,0.5,0.0,0.4422,4,4,2,1.0,17.0,18.0,3.5375,1,4,1.0,0.0,0.25,-0.2667,0.3215,0.1,-0.45,,,1,1,,2023,2024,2023.5,1,2020,2020,2005,445448e65c9783a5,M,11.55,0
11.85,12.3225,12.305,0.4311,0.035,12.83,0.98,12.045,12.5825,11.85,12.2962,12.265,0.4128,0.0336,12.805,0.955,12.0412,12.52,-0.3336,0.1338,-0.318,0.98,0.0,0.3492,4,4,3,3.0,15.0,18.0,1.4254,1,3,0.75,0.2367,0.25,0.7,0.7211,0.7,0.0,,,1,1,,2022,2025,2023.25,3,2020,2020,2005,ddebbf5da1f8ebd6,M,11.85,0
11.69,11.755,11.745,0.0624,0.0053,11.84,0.15,11.7275,11.7725,11.71,11.7512,11.7275,0.0601,0.0051,11.84,0.13,11.7175,11.7612,-0.0929,0.0355,-0.0771,0.06,0.0,0.0604,4,4,2,1.0,17.0,18.0,4.0248,1,1,0.25,0.0067,0.0,0.075,0.3594,0.35,-0.4,,,1,1,,2023,2024,2023.5,1,2020,2020,2005,aa8ce1348edaecc1,M,11.69,0
11.97,12.3491,12.34,0.2138,0.0173,12.82,0.85,12.25,12.395,11.952,12.3616,12.332,0.2387,0.0193,12.934,0.982,12.266,12.394,-0.1105,0.2063,-0.1049,0.32,0.85,0.3311,11,5,2,1.0,17.0,17.0,11.3817,1,4,0.3636,0.2565,0.0,-0.2091,0.7503,0.4,-0.86,,,1,1,,2023,2024,2023.6364,1,2020,2020,2005,b75646ec6ac455c3,F,11.97,0
11.92,12.2767,12.37,0.3204,0.0261,12.54,0.62,12.145,12.455,11.96,12.3233,12.465,0.3172,0.0257,12.545,0.585,12.2125,12.505,0.9744,0.2482,1.3658,0.0,0.45,0.0,3,3,1,0.0,16.0,16.0,16.114,1,1,0.3333,0.535,0.0,-0.9333,0.9074,0.0,-0.9333,,,1,1,,2023,2023,2023.0,0,2020,2020,2005,a661075ed9176e3c,M,11.92,0
13.16,13.26,13.26,0.1414,0.0107,13.36,0.2,13.21,13.31,13.196,13.257,13.257,0.0863,0.0065,13.318,0.122,13.2265,13.2875,,,,0.2,0.0,0.1033,2,2,2,2.0,15.0,17.0,1.0332,0,0,0.0,0.0,0.0,0.05,0.9192,0.7,-0.6,,,1,1,,2022,2024,2023.0,2,2020,2020,2005,e883afd71e363567,F,13.16,0
12.21,12.22,12.22,0.0141,0.0012,12.23,0.02,12.215,12.225,12.17,12.18,12.18,0.0141,0.0012,12.19,0.02,12.175,12.185,,,,0.02,0.0,0.1328,2,2,1,0.0,17.0,18.0,13.2818,0,0,0.0,0.0,0.0,0.8,0.5657,0.8,0.0,,,1,1,,2023,2023,2023.0,0,2020,2020,2005,ebefd9a46fdf330a,M,12.21,0
12.99,13.325,13.39,0.2468,0.0185,13.53,0.54,13.215,13.5,12.99,13.346,13.429,0.2487,0.0186,13.536,0.546,13.269,13.506,-0.3818,0.107,-0.3508,0.5,0.3,0.5159,4,2,2,1.0,16.0,17.0,4.1271,1,2,0.5,-0.17,0.0,-0.35,0.5686,0.0,-0.4667,,,1,1,,2022,2023,2022.5,1,2020,2020,2005,66e926b98e2cd265,F,12.99,0
13.33,13.34,13.34,0.0141,0.0011,13.35,0.02,13.335,13.345,13.284,13.34,13.34,0.0792,0.0059,13.396,0.112,13.312,13.368,,,,0.0,0.02,0.0,2,2,1,0.0,18.0,18.0,146.1,1,2,1.0,0.0,0.0,0.0,1.5556,1.1,-1.1,,,1,1,,2023,2023,2023.0,0,2020,2020,2005,f088a7757c49d17c,F,12.38,0
11.26,11.325,11.305,0.0733,0.0065,11.43,0.17,11.29,11.34,11.3,11.3538,11.335,0.0663,0.0058,11.445,0.145,11.3075,11.3812,0.0737,0.0549,0.0915,0.04,0.17,0.0359,4,4,2,1.0,17.0,18.0,3.5897,1,2,0.5,0.04,0.5,-1.15,1.2021,0.0,-1.15,,,1,1,,2023,2024,2023.75,1,2020,2020,2005,bfaa1bf4a542c2ad,M,11.26,0
11.46,11.69,11.69,0.3253,0.0278,11.92,0.46,11.575,11.805,11.46,11.69,11.69,0.3253,0.0278,11.92,0.46,11.575,11.805,,,,0.0,0.46,0.0,2,2,1,0.0,18.0,18.0,10.4357,1,1,0.5,0.46,0.5,0.0,0.0,0.0,0.0,,,1,1,,2023,2023,2023.0,0,2020,2020,2005,1f959a13ee36e472,M,11.43,0
11.77,11.87,11.88,0.0954,0.008,11.96,0.19,11.825,11.92,11.825,11.8717,11.83,0.0765,0.0064,11.96,0.135,11.8275,11.895,-0.3537,0.0324,-0.3085,0.19,0.0,0.4106,3,3,1,0.0,17.0,18.0,6.4837,1,3,1.0,0.0,0.0,-0.0333,1.0504,1.0,-1.1,,,1,1,,2023,2023,2023.0,0,2020,2020,2005,041916b69c5a6556,M,11.68,0
13.51,13.62,13.62,0.1556,0.0114,13.73,0.22,13.565,13.675,13.528,13.629,13.629,0.1428,0.0105,13.73,0.202,13.5785,13.6795,,,,0.22,0.0,0.3755,2,2,2,1.0,17.0,18.0,3.4136,1,1,0.5,0.22,0.5,-0.3,0.0,0.0,-0.3,,,1,1,,2022,2023,2022.5,1,2020,2020,2005,cd6d8462149bf1c2,F,13.15,0
11.43,11.5925,11.55,0.1962,0.0169,11.84,0.41,11.4375,11.705,11.31,11.5725,11.5675,0.242,0.0209,11.845,0.535,11.4075,11.7325,-0.4115,0.0821,-0.4167,0.41,0.01,0.4218,4,3,2,1.0,17.0,18.0,4.1155,0,0,0.0,0.0,0.0,0.4,1.3687,2.4,-0.4,,,1,1,,2022,2023,2022.75,1,2020,2020,2005,60c8f818e8841113,M,11.43,0
11.17,11.255,11.255,0.1202,0.0107,11.34,0.17,11.2125,11.2975,11.185,11.2625,11.2625,0.1096,0.0097,11.34,0.155,11.2238,11.3012,,,,0.0,0.17,0.0,2,2,1,0.0,18.0,18.0,29.22,1,2,1.0,0.0,0.0,-0.15,0.2121,0.0,-0.3,,,1,1,,2023,2023,2023.0,0,2020,2020,2005,14a891ca305bf528,M,11.06,0
11.59,11.7933,11.75,0.2281,0.0193,12.04,0.45,11.67,11.895,11.59,11.7917,11.735,0.2352,0.0199,12.05,0.46,11.6625,11.8925,0.6515,0.0602,0.6813,0.0,0.45,0.0,3,3,2,1.0,17.0,17.0,5.1444,1,1,0.3333,-0.37,0.3333,0.05,0.3536,0.3,-0.2,,,1,1,,2022,2023,2022.3333,1,2020,2020,2005,f0f1fadee623548a,M,11.59,0
13.3,13.5175,13.5,0.2012,0.0149,13.77,0.47,13.3975,13.62,13.282,13.4965,13.473,0.2116,0.0157,13.758,0.476,13.3525,13.617,-0.4381,0.0826,-0.4548,0.47,0.0,0.4905,4,3,2,1.0,15.0,16.0,4.1743,1,1,0.25,-0.07,0.0,0.35,0.3873,0.4667,0.0,,,1,1,,2022,2023,2022.25,1,2020,2020,2005,7fff7941da08e2f8,F,13.3,0
11.65,11.7033,11.72,0.0473,0.004,11.74,0.09,11.685,11.73,11.65,11.7133,11.74,0.0551,0.0047,11.75,0.1,11.695,11.745,0.3947,0.0011,0.4348,0.0,0.09,0.0,3,3,1,0.0,17.0,17.0,13.0446,1,3,1.0,0.0,0.0,-0.2,0.3464,0.0,-0.6,,,1,1,,2023,2023,2023.0,0,2020,2020,2005,c629f02c1388c3ea,M,11.65,0
11.68,12.0725,11.995,0.4001,0.0331,12.62,0.94,11.8525,12.215,11.68,12.075,11.9775,0.4259,0.0353,12.665,0.985,11.8262,12.2262,1.6794,0.2872,1.8568,0.4,0.94,1.2704,4,4,1,0.0,17.0,17.0,12.7043,1,2,0.5,0.385,0.5,-0.1,1.1314,0.7,-0.9,182.0,70.0,0,0,21.1327,2025,2025,2025.0,0,2020,2020,2005,abf0dc5a9419c6a2,M,11.68,1
11.09,11.32,11.22,0.2329,0.0206,11.58,0.49,11.15,11.56,11.085,11.323,11.23,0.2271,0.0201,11.58,0.495,11.17,11.55,-0.4618,0.0802,-0.4423,0.49,0.13,0.4685,5,5,2,1.0,17.0,18.0,4.7808,1,2,0.4,0.225,0.2,-0.075,0.2754,0.15,-0.3,,,1,1,,2022,2023,2022.6,1,2020,2020,2005,6206d1cba831f0ba,M,10.94,0
11.35,11.703,11.745,0.2152,0.0184,11.99,0.64,11.545,11.8275,11.33,11.68,11.7225,0.2335,0.02,11.995,0.665,11.4662,11.8338,-0.2996,0.1018,-0.3045,0.33,0.0,0.1679,10,4,3,2.0,15.0,16.0,5.087,1,3,0.3,-0.1142,0.0,0.46,0.7276,0.7125,-0.55,,,1,1,,2022,2024,2022.5,2,2020,2020,2005,7c0f7c41216548e8,M,11.35,0
11.37,11.545,11.545,0.2475,0.0214,11.72,0.35,11.4575,11.6325,11.37,11.545,11.545,0.2475,0.0214,11.72,0.35,11.4575,11.6325,,,,0.35,0.0,2.2428,2,2,1,0.0,17.0,18.0,12.8158,0,0,0.0,0.0,0.5,0.0,0.0,0.0,0.0,,,1,1,,2023,2023,2023.0,0,2020,2020,2005,a5f23cb4392af38c,M,11.37,0
11.74,11.8767,11.9,0.1266,0.0107,11.99,0.25,11.82,11.945,11.74,11.8483,11.85,0.1075,0.0091,11.955,0.215,11.795,11.9025,0.1534,0.0432,0.1201,0.0,0.16,0.0,3,3,2,1.0,16.0,16.0,2.2271,0,0,0.0,0.0,0.3333,0.85,0.2121,0.85,0.0,,,1,1,,2023,2024,2023.6667,1,2020,2020,2005,87202d0172584c28,M,11.74,0
11.73,11.81,11.81,0.1131,0.0096,11.89,0.16,11.77,11.85,11.68,11.83,11.83,0.2121,0.0179,11.98,0.3,11.755,11.905,,,,0.0,0.16,0.0,2,2,1,0.0,18.0,18.0,146.1,1,1,0.5,0.16,0.0,-0.4,1.9799,1.0,-1.8,,,1,1,,2023,2023,2023.0,0,2020,2020,2005,3393ce2c5b2e7744,M,11.73,0
13.19,13.278,13.21,0.1264,0.0095,13.49,0.3,13.2,13.3,13.166,13.2672,13.2,0.1419,0.0107,13.508,0.342,13.18,13.282,0.084,0.1206,-0.1927,0.01,0.11,0.011,5,4,2,1.0,15.0,16.0,5.4842,1,2,0.4,-0.1033,0.0,0.18,1.1756,1.2,-0.75,,,1,1,,2024,2025,2024.2,1,2020,2020,2005,354ebc6eae749316,F,13.19,0
11.61,11.6967,11.71,0.0808,0.0069,11.77,0.16,11.66,11.74,11.61,11.65,11.63,0.0529,0.0045,11.71,0.1,11.62,11.67,0.1857,0.0129,0.0627,0.0,0.16,0.0,3,3,2,1.0,17.0,17.0,3.727,0,0,0.0,0.0,0.6667,2.8,0.0,2.8,0.0,,,1,1,,2022,2023,2022.6667,1,2020,2020,2005,7e81f2f03330dd23,M,11.61,0
11.5,11.855,11.925,0.2733,0.0231,12.07,0.57,11.71,12.07,11.4,11.8288,11.915,0.3196,0.027,12.085,0.685,11.6775,12.0662,-0.3855,0.1062,-0.4579,0.57,0.28,0.5298,4,4,2,1.0,17.0,18.0,3.7176,1,1,0.25,-0.2867,0.0,0.525,1.0112,0.8,-0.3,,,1,1,,2023,2024,2023.5,1,2020,2020,2005,74a9cdc198eb4539,M,11.5,0
11.45,11.49,11.49,0.0566,0.0049,11.53,0.08,11.47,11.51,11.43,11.5125,11.5125,0.1167,0.0101,11.595,0.165,11.4712,11.5537,,,,0.08,0.0,0.2982,2,2,1,0.0,18.0,18.0,7.4541,0,0,0.0,0.0,0.0,-0.45,1.2021,0.4,-1.3,,,1,1,,2024,2024,2024.0,0,2020,2020,2005,06ee703c36d0b0d6,M,11.12,0
13.44,13.735,13.69,0.3017,0.022,14.12,0.68,13.53,13.895,13.44,13.741,13.702,0.2973,0.0216,14.12,0.68,13.548,13.895,0.5231,0.1069,0.5123,0.0,0.68,0.0,4,3,2,1.0,15.0,15.0,4.0696,1,1,0.25,-0.5133,0.75,-0.4,0.0,0.0,-0.4,,,1,1,,2023,2024,2023.5,1,2020,2020,2005,757d2efd5f7a1ad2,F,13.44,0
12.76,12.9433,12.82,0.2673,0.0206,13.25,0.49,12.79,13.035,12.742,12.9313,12.796,0.2825,0.0218,13.256,0.514,12.769,13.026,-0.4713,0.0166,-0.4986,0.49,0.0,0.4903,3,3,2,1.0,17.0,18.0,3.0021,1,2,0.6667,0.46,0.0,0.2,0.2646,0.35,-0.1,,,1,1,,2023,2024,2023.6667,1,2020,2020,2005,44ca0bbc93bced75,F,12.74,0
11.75,11.7967,11.79,0.0503,0.0043,11.85,0.1,11.77,11.82,11.72,11.8317,11.885,0.0967,0.0082,11.89,0.17,11.8025,11.8875,0.2542,0.022,0.5779,0.0,0.1,0.0,3,3,1,0.0,18.0,18.0,9.9614,0,0,0.0,0.0,0.0,-0.7,1.253,0.6,-1.35,,,1,1,,2024,2024,2024.0,0,2020,2020,2005,8be9c1033366d2ba,M,11.58,0
12.92,13.1567,13.12,0.1847,0.014,13.41,0.49,13.0,13.31,12.894,13.1493,13.15,0.1837,0.014,13.416,0.522,12.994,13.268,-0.1248,0.1373,-0.1003,0.39,0.18,0.1628,9,6,3,2.0,15.0,17.0,3.7569,1,5,0.5556,-0.03,0.0,0.1222,0.5995,0.65,-0.375,,,1,1,,2023,2025,2023.8889,2,2020,2020,2005,6d022a434d58c38b,F,12.92,0
11.46,11.62,11.595,0.1528,0.0132,11.81,0.35,11.4925,11.75,11.46,11.6592,11.6325,0.146,0.0125,11.87,0.41,11.5912,11.745,-0.1497,0.1231,-0.154,0.33,0.17,0.281,6,6,3,1.0,16.0,16.0,5.1084,1,2,0.3333,-0.0075,0.1667,-0.94,1.0574,0.15,-1.6667,,,1,1,,2023,2025,2023.8333,2,2020,2020,2005,3842d0bd6587caa3,M,11.46,0
11.27,11.3633,11.4,0.0814,0.0072,11.42,0.15,11.335,11.41,11.27,11.3783,11.43,0.0939,0.0082,11.435,0.165,11.35,11.4325,-0.8624,0.0531,-0.7863,0.15,0.13,1.5219,3,2,1,0.0,18.0,18.0,30.4375,1,1,0.3333,-0.055,0.0,-0.3,0.3606,0.0,-0.45,,,1,1,,2023,2023,2023.0,0,2020,2020,2005,af2e7508851e9010,M,11.27,0
11.22,11.235,11.235,0.0212,0.0019,11.25,0.03,11.2275,11.2425,11.185,11.2175,11.2175,0.046,0.0041,11.25,0.065,11.2012,11.2338,,,,0.03,0.0,0.1565,2,2,1,0.0,17.0,18.0,10.4357,1,1,0.5,-0.03,0.5,0.7,0.0,0.7,0.0,,,1,1,,2023,2023,2023.0,0,2020,2020,2005,c909ce54c2b055ba,M,11.22,0
12.02,12.1325,12.115,0.1118,0.0092,12.28,0.26,12.065,12.1825,12.07,12.165,12.125,0.1212,0.01,12.34,0.27,12.0925,12.1975,0.1517,0.0915,0.266,0.13,0.26,0.2423,4,4,1,1.0,17.0,18.0,7.4541,0,0,0.0,0.0,0.0,-0.65,0.5508,0.0,-0.8667,,,1,1,,2024,2024,2024.0,0,2020,2020,2005,e3b45f38ef97cc9a,M,11.84,0
11.25,11.28,11.28,0.0424,0.0038,11.31,0.06,11.265,11.295,11.265,11.3025,11.3025,0.053,0.0047,11.34,0.075,11.2838,11.3212,,,,0.0,0.06,0.0,2,1,1,0.0,18.0,18.0,2.0,1,1,0.5,-0.06,0.0,-0.45,0.2121,0.0,-0.45,178.0,75.0,0,0,23.6713,2020,2020,2020.0,0,2020,2020,2000,ee6f09c9a101575f,M,11.12,1
11.01,11.532,11.37,0.5023,0.0436,12.53,1.52,11.2425,11.4925,11.005,11.527,11.37,0.4862,0.0422,12.495,1.49,11.275,11.48,-0.403,0.2039,-0.3883,1.52,0.22,0.4939,10,10,4,3.0,15.0,18.0,3.2496,1,4,0.4,-0.155,0.2,0.125,0.5471,0.3667,-0.6,,,1,1,,2022,2025,2023.9,3,2020,2020,2005,6a93ddd0172cfc24,M,11.01,0
11.01,11.2575,11.19,0.2732,0.0243,11.64,0.63,11.1,11.3475,11.025,11.2575,11.175,0.2802,0.0249,11.655,0.63,11.085,11.3475,-0.4889,0.1769,-0.5125,0.63,0.24,0.6973,4,3,2,1.0,17.0,17.0,4.4273,1,1,0.25,0.33,0.0,0.0,0.383,0.3,-0.3,,,1,1,,2020,2021,2020.75,1,2020,2020,2000,03f033be0392f558,M,10.82,0
11.65,11.895,11.925,0.1919,0.0161,12.08,0.43,11.7925,12.0275,11.64,11.895,11.9225,0.2079,0.0175,12.095,0.455,11.7712,12.0462,-0.4059,0.0481,-0.4331,0.36,0.0,0.3757,4,3,2,1.0,15.0,16.0,4.1743,0,0,0.0,0.0,0.0,-0.0,0.4243,0.35,-0.35,,,1,1,,2022,2023,2022.25,1,2020,2020,2005,dc1ddaafeba1b763,M,11.65,0
12.74,12.9583,12.93,0.1594,0.0123,13.16,0.42,12.875,13.0825,12.74,12.9673,12.957,0.1535,0.0118,13.16,0.42,12.8935,13.0775,-0.3495,0.1365,-0.1617,0.0,0.15,0.0,6,3,2,0.0,17.0,17.0,13.3628,1,3,0.5,0.0967,0.3333,-0.225,0.9878,0.45,-0.9,,,1,1,,2022,2023,2022.3333,1,2020,2020,2005,817e74883eab1d98,F,12.74,0
12.13,12.8808,12.7,0.5608,0.0435,13.92,1.79,12.4925,13.255,12.058,12.8763,12.721,0.5646,0.0438,13.956,1.898,12.4925,13.2295,-0.407,0.2837,-0.4024,1.11,0.38,0.3975,12,8,4,3.0,14.0,17.0,4.2971,1,5,0.4167,-0.2293,0.0833,0.0818,0.5828,0.56,-0.6333,,,1,1,,2022,2025,2024.0,3,2020,2020,2005,0a7968c3321978ec,F,12.13,0
13.23,13.57,13.455,0.4143,0.0305,14.14,0.91,13.2825,13.7425,13.188,13.582,13.455,0.4716,0.0347,14.23,1.042,13.2585,13.7785,-0.1384,0.3477,-0.1515,0.0,0.07,0.0,4,4,2,1.0,15.0,15.0,2.7106,1,1,0.25,-0.0533,0.0,-0.2,0.9592,0.5,-0.9,,,1,1,,2024,2025,2024.25,1,2020,2020,2005,56a44086e1d78d1f,F,13.23,0
11.54,11.57,11.57,0.0424,0.0037,11.6,0.06,11.555,11.585,11.56,11.5675,11.5675,0.0106,0.0009,11.575,0.015,11.5637,11.5712,,,,0.0,0.06,0.0,2,2,1,0.0,18.0,18.0,146.1,1,1,0.5,0.06,0.0,0.05,0.6364,0.5,-0.4,,,1,1,,2023,2023,2023.0,0,2020,2020,2005,9911bc57b50f81ce,M,11.54,0
11.93,12.0233,12.07,0.0808,0.0067,12.07,0.14,12.0,12.07,11.92,12.025,12.075,0.091,0.0076,12.08,0.16,11.9975,12.0775,-0.3761,0.025,-0.4183,0.14,0.0,0.3551,3,3,1,0.0,17.0,18.0,7.6094,0,0,0.0,0.0,0.0,-0.0333,0.2082,0.2,-0.15,,,1,1,,2023,2023,2023.0,0,2020,2020,2005,f08ab7a811f536a7,M,11.78,0
12.77,12.8833,12.85,0.1332,0.0103,13.03,0.26,12.81,12.94,12.74,12.8733,12.85,0.1464,0.0114,13.03,0.29,12.795,12.94,-1.5145,0.0735,-1.7817,0.08,0.0,0.7127,3,2,1,0.0,17.0,17.0,26.7256,1,1,0.3333,0.05,0.0,0.1667,0.2887,0.5,0.0,,,1,1,,2021,2021,2021.0,0,2020,2020,2000,c10271a86319f8b2,F,12.51,0
11.37,11.625,11.625,0.3606,0.031,11.88,0.51,11.4975,11.7525,11.36,11.62,11.62,0.3677,0.0316,11.88,0.52,11.49,11.75,,,,0.51,0.0,4.332,2,2,1,0.0,17.0,18.0,16.9884,1,1,0.5,-0.51,0.0,0.1,0.1414,0.2,0.0,,,1,1,,2023,2023,2023.0,0,2020,2020,2005,1aa9822b093be98f,M,11.37,0
11.16,11.5133,11.54,0.3408,0.0296,11.84,0.68,11.35,11.69,11.16,11.525,11.575,0.3427,0.0297,11.84,0.68,11.3675,11.7075,-0.6584,0.2162,-0.6129,0.68,0.38,1.0706,3,3,1,1.0,17.0,18.0,4.7231,1,1,0.3333,0.53,0.6667,-0.7,0.0,0.0,-0.7,,,1,1,,2023,2023,2023.0,0,2020,2020,2005,7b5359aad42e01d6,M,11.16,0
11.26,11.4675,11.515,0.1464,0.0128,11.58,0.32,11.4175,11.565,11.27,11.4588,11.5175,0.1261,0.011,11.53,0.26,11.45,11.5263,-0.2471,0.0971,-0.0831,0.32,0.21,0.6184,4,4,1,1.0,17.0,17.0,7.7302,1,2,0.5,0.095,0.0,0.175,1.021,1.0,-0.65,,,1,1,,2023,2023,2023.0,0,2020,2020,2005,8935992dfe3ed15d,M,11.26,0
11.9,11.965,11.965,0.0919,0.0077,12.03,0.13,11.9325,11.9975,11.875,11.9275,11.9275,0.0742,0.0062,11.98,0.105,11.9012,11.9538,,,,0.0,0.13,0.0,2,2,1,0.0,17.0,17.0,20.8714,0,0,0.0,0.0,0.0,0.75,0.3536,0.75,0.0,,,1,1,,2023,2023,2023.0,0,2020,2020,2005,a5ffa146a110223a,M,11.84,0
14.09,14.16,14.16,0.099,0.007,14.23,0.14,14.125,14.195,14.024,14.115,14.115,0.1287,0.0091,14.206,0.182,14.0695,14.1605,,,,0.14,0.0,0.7305,2,2,1,0.0,17.0,17.0,10.4357,1,1,0.5,-0.14,0.0,0.75,0.495,0.75,0.0,,,1,1,,2020,2020,2020.0,0,2020,2020,2000,2531133cf2c335bf,F,13.71,0
11.57,11.64,11.6,0.0964,0.0083,11.75,0.18,11.585,11.675,11.58,11.6517,11.635,0.0813,0.007,11.74,0.16,11.6075,11.6875,-0.0997,0.0665,-0.0576,0.18,0.03,0.1836,3,3,2,1.0,16.0,17.0,3.0608,1,2,0.6667,0.165,0.0,-0.2333,0.4509,0.2,-0.45,,,1,1,,2023,2024,2023.3333,1,2020,2020,2005,3a571ab3d7a5638c,M,11.57,0
11.67,11.72,11.72,0.0707,0.006,11.77,0.1,11.695,11.745,11.655,11.7125,11.7125,0.0813,0.0069,11.77,0.115,11.6838,11.7412,,,,0.0,0.1,0.0,2,2,1,0.0,18.0,18.0,9.8716,1,1,0.5,-0.1,0.0,0.15,0.2121,0.3,0.0,,,1,1,,2023,2023,2023.0,0,2020,2020,2005,9e632cb45c04952a,M,11.67,0
12.84,12.895,12.895,0.0778,0.006,12.95,0.11,12.8675,12.9225,12.81,12.892,12.892,0.116,0.009,12.974,0.164,12.851,12.933,,,,0.0,0.11,0.0,2,1,1,0.0,17.0,17.0,2.0,0,0,0.0,0.0,0.0,0.05,0.6364,0.5,-0.4,,,1,1,,2023,2023,2023.0,0,2020,2020,2005,d68c8ce135c9ba10,F,12.84,0
12.51,12.545,12.545,0.0495,0.0039,12.58,0.07,12.5275,12.5625,12.444,12.494,12.494,0.0707,0.0057,12.544,0.1,12.469,12.519,,,,0.0,0.07,0.0,2,1,1,0.0,17.0,17.0,2.0,1,1,0.5,-0.07,0.0,0.85,0.3536,0.85,0.0,164.0,45.0,0,0,16.7311,2019,2019,2019.0,0,2010,2010,2000,0a503479da717c0d,F,12.33,1
12.66,12.9533,13.01,0.1991,0.0154,13.25,0.59,12.79,13.11,12.588,12.9333,12.98,0.2099,0.0162,13.25,0.662,12.76,13.089,0.0109,0.1922,0.0059,0.48,0.42,0.21,15,9,3,2.0,15.0,17.0,6.5614,1,4,0.2667,-0.02,0.0,0.3333,0.8432,0.77,-0.675,,,1,1,,2023,2025,2023.8,2,2020,2020,2005,e9dd26d346499fe2,F,12.66,0
10.9,11.1867,11.25,0.2608,0.0233,11.41,0.51,11.075,11.33,10.87,11.2233,11.325,0.3151,0.0281,11.475,0.605,11.0975,11.4,-0.2786,0.0394,-0.3311,0.51,0.0,0.2772,3,3,3,2.0,14.0,16.0,1.6306,0,0,0.0,0.0,0.0,-0.7333,1.159,0.6,-1.4,,,1,1,,2023,2025,2024.0,2,2020,2020,2005,0351fcef37b6e82a,M,10.9,0
13.53,13.605,13.605,0.1061,0.0078,13.68,0.15,13.5675,13.6425,13.47,13.581,13.581,0.157,0.0116,13.692,0.222,13.5255,13.6365,,,,0.0,0.15,0.0,2,2,1,0.0,18.0,18.0,24.35,1,2,1.0,0.0,0.0,0.4,0.8485,1.0,-0.2,,,1,1,,2023,2023,2023.0,0,2020,2020,2005,3f21dc8b1e6dd194,F,13.48,0
11.42,11.5233,11.54,0.0961,0.0083,11.61,0.19,11.48,11.575,11.415,11.5317,11.515,0.1258,0.0109,11.665,0.25,11.465,11.59,0.0887,0.0776,-0.0887,0.0,0.12,0.0,3,2,1,0.0,16.0,16.0,10.6383,0,0,0.0,0.0,0.0,-0.1667,0.8327,0.3,-1.1,,,1,1,,2023,2023,2023.0,0,2020,2020,2005,d3039a4b350cfda7,M,11.42,0
13.1,13.308,13.31,0.1672,0.0126,13.56,0.46,13.24,13.33,13.058,13.266,13.25,0.1741,0.0131,13.53,0.472,13.186,13.306,-0.2021,0.1077,-0.2259,0.23,0.14,0.2,5,4,2,1.0,16.0,17.0,4.3482,1,2,0.4,0.155,0.0,0.7,0.255,0.7,0.0,,,1,1,,2020,2021,2020.6,1,2020,2020,2000,6eafb1a3edcfee6c,F,13.1,0
11.52,11.585,11.585,0.0919,0.0079,11.65,0.13,11.5525,11.6175,11.44,11.545,11.545,0.1485,0.0129,11.65,0.21,11.4925,11.5975,,,,0.13,0.0,0.4845,2,2,1,0.0,18.0,18.0,7.4541,0,0,0.0,0.0,0.5,1.6,0.0,1.6,0.0,,,1,1,,2022,2022,2022.0,0,2020,2020,2005,ba3f7947ac08c985,M,11.52,0
11.51,11.9233,11.57,0.6646,0.0557,12.69,1.18,11.54,12.13,11.52,11.9183,11.545,0.6684,0.0561,12.69,1.17,11.5325,12.1175,-6.0901,0.0586,-6.1401,1.18,0.06,6.0704,3,3,1,0.0,18.0,18.0,15.4331,1,1,0.3333,0.62,0.0,0.1,0.3606,0.5,-0.2,,,1,1,,2023,2023,2023.0,0,2020,2020,2005,30efeb1f925a4b85,M,11.51,0
11.87,11.9325,11.945,0.045,0.0038,11.97,0.1,11.915,11.9625,11.76,11.89,11.915,0.0976,0.0082,11.97,0.21,11.8425,11.9625,-0.0129,0.0374,0.0644,0.06,0.0,0.0281,4,4,3,2.0,15.0,17.0,1.8707,1,3,0.75,-0.0033,0.75,3.4,0.0,3.4,0.0,179.0,55.0,0,0,17.1655,2023,2025,2024.25,2,2020,2020,2005,48cace88e3f82e0c,M,11.87,1
10.82,11.0433,11.04,0.1555,0.0141,11.24,0.42,10.93,11.22,10.74,11.01,11.02,0.1976,0.0179,11.28,0.54,10.91,11.19,0.0022,0.1466,-0.0117,0.23,0.41,0.1188,9,6,3,2.0,16.0,17.0,4.6496,1,3,0.3333,0.1142,0.0,0.6667,1.3048,1.0571,-0.7,,,1,1,,2023,2025,2023.8889,2,2020,2020,2005,d36a8efe56749401,M,10.82,0
11.28,11.3667,11.35,0.0961,0.0085,11.47,0.19,11.315,11.41,11.295,11.3533,11.31,0.0884,0.0078,11.455,0.16,11.3025,11.3825,-0.167,0.0286,-0.1643,0.19,0.07,0.2047,3,2,2,1.0,17.0,18.0,3.2323,1,1,0.3333,0.13,0.0,0.2667,0.5508,0.55,-0.3,170.0,65.0,0,0,22.4913,2019,2020,2019.6667,1,2010,2020,2000,58065dacf5bd7adc,M,11.28,1
11.33,11.7267,11.9,0.3444,0.0294,11.95,0.62,11.615,11.925,11.25,11.7,11.9,0.3905,0.0334,11.95,0.7,11.575,11.925,-0.5675,0.1999,-0.6378,0.62,0.0,0.7703,3,3,2,1.0,17.0,18.0,3.727,0,0,0.0,0.0,0.6667,1.6,0.0,1.6,0.0,,,1,1,,2022,2023,2022.6667,1,2020,2020,2005,bdc54dc8fc5053d0,M,11.33,0
10.96,11.4171,11.43,0.2596,0.0227,11.8,0.84,11.34,11.525,10.96,11.4221,11.43,0.2656,0.0233,11.82,0.86,11.3425,11.53,-0.0121,0.2406,-0.0215,0.63,0.84,0.4366,7,6,3,1.0,16.0,17.0,4.8515,1,1,0.1429,0.54,0.4286,-0.175,0.1708,0.0,-0.2333,,,1,1,,2023,2025,2024.0,2,2020,2020,2005,327264ac85e162cd,M,10.96,0
11.13,11.225,11.225,0.1344,0.012,11.32,0.19,11.1775,11.2725,11.07,11.2425,11.2425,0.244,0.0217,11.415,0.345,11.1562,11.3288,,,,0.0,0.19,0.0,2,2,1,0.0,18.0,18.0,7.2327,0,0,0.0,0.0,0.0,-0.35,2.192,1.2,-1.9,,,1,1,,2024,2024,2024.0,0,2020,2020,2005,ba43eda783cbccd0,M,11.13,0
11.74,11.9986,11.95,0.2042,0.017,12.27,0.53,11.87,12.145,11.755,12.0071,11.97,0.1737,0.0145,12.27,0.515,11.915,12.1125,-0.4218,0.1219,-0.3204,0.53,0.12,0.5694,7,7,2,1.0,17.0,17.0,7.5199,1,3,0.4286,0.085,0.1429,-0.2,1.0752,1.9,-0.62,,,1,1,,2022,2023,2022.7143,1,2020,2020,2005,c64ac94d3488e5c4,M,11.74,0
11.42,11.42,11.42,0.0,0.0,11.42,0.0,11.42,11.42,11.4,11.445,11.445,0.0636,0.0056,11.49,0.09,11.4225,11.4675,,,,0.0,0.0,0.0,2,2,2,1.0,16.0,18.0,1.9325,1,1,0.5,0.0,0.0,-0.5,1.2728,0.4,-1.4,,,1,1,,2024,2025,2024.5,1,2020,2020,2005,54896e4ccc14f8e3,M,11.42,0
11.61,11.6925,11.705,0.0624,0.0053,11.75,0.14,11.6625,11.735,11.58,11.6725,11.6925,0.0661,0.0057,11.725,0.145,11.6475,11.7175,-0.0994,0.0257,-0.0373,0.12,0.0,0.0994,4,3,2,1.0,15.0,16.0,3.3129,1,2,0.5,-0.025,0.0,0.4,1.3089,0.9333,-1.2,,,1,1,,2024,2025,2024.25,1,2020,2020,2005,1fbb034ed61737ac,M,11.61,0
11.69,11.83,11.84,0.1296,0.011,11.95,0.26,11.735,11.935,11.69,11.8462,11.8475,0.1434,0.0121,12.0,0.31,11.7462,11.9475,0.2313,0.0969,0.3146,0.24,0.26,0.3949,4,4,1,1.0,16.0,16.0,6.5811,1,1,0.25,0.1867,0.5,-0.65,0.495,0.0,-0.65,,,1,1,,2024,2024,2024.0,0,2020,2020,2005,119eb70fcf61afbd,M,11.69,0
11.42,11.7075,11.595,0.3709,0.0317,12.22,0.8,11.4425,11.86,11.37,11.695,11.595,0.3844,0.0329,12.22,0.85,11.43,11.86,-0.6881,0.0871,-0.7279,0.8,0.0,0.6702,4,4,2,1.0,17.0,18.0,3.3509,1,3,0.75,-0.3433,0.25,0.3333,0.5774,1.0,0.0,,,1,1,,2022,2023,2022.75,1,2020,2020,2005,a3fb935eb5b7aa5d,M,11.42,0
11.32,11.35,11.35,0.0424,0.0037,11.38,0.06,11.335,11.365,11.305,11.3175,11.3175,0.0177,0.0016,11.33,0.025,11.3113,11.3238,,,,0.06,0.0,0.1543,2,2,1,0.0,17.0,17.0,5.1444,0,0,0.0,0.0,0.0,0.65,1.2021,1.5,-0.2,180.0,62.0,0,0,19.1358,2019,2019,2019.0,0,2010,2010,2000,800ea4176c875cae,M,11.22,1
11.08,11.205,11.205,0.0927,0.0083,11.32,0.24,11.1425,11.275,11.07,11.2242,11.225,0.0984,0.0088,11.355,0.285,11.1863,11.2788,-0.9473,0.0585,-0.9939,0.1,0.05,0.5798,6,3,1,0.0,18.0,18.0,34.7857,1,2,0.3333,0.025,0.0,-0.3833,0.7139,0.35,-1.0,,,1,1,,2024,2024,2024.0,0,2020,2020,2005,61cdf43c9a8f5ef7,M,10.98,0
13.08,13.165,13.165,0.1202,0.0091,13.25,0.17,13.1225,13.2075,13.056,13.171,13.171,0.1626,0.0123,13.286,0.23,13.1135,13.2285,,,,0.0,0.17,0.0,2,1,1,0.0,17.0,17.0,2.0,1,1,0.5,-0.17,0.0,-0.1,0.7071,0.4,-0.6,,,1,1,,2022,2022,2022.0,0,2020,2020,2005,e3434582d97c1a7b,F,12.81,0
13.15,13.18,13.18,0.0424,0.0032,13.21,0.06,13.165,13.195,13.054,13.096,13.096,0.0594,0.0045,13.138,0.084,13.075,13.117,,,,0.0,0.06,0.0,2,2,1,0.0,17.0,17.0,10.0068,0,0,0.0,0.0,0.0,1.4,1.6971,1.4,0.0,165.0,55.0,0,0,20.202,2019,2019,2019.0,0,2010,2010,2000,3d69de07c54a8b46,F,12.88,1
11.52,11.84,11.84,0.4525,0.0382,12.16,0.64,11.68,12.0,11.5,11.825,11.825,0.4596,0.0389,12.15,0.65,11.6625,11.9875,,,,0.64,0.0,5.4363,2,2,1,0.0,18.0,18.0,16.9884,1,2,1.0,0.0,0.0,0.3,0.1414,0.3,0.0,,,1,1,,2023,2023,2023.0,0,2020,2020,2005,78220547b88981df,M,11.52,0
11.65,11.83,11.83,0.2546,0.0215,12.01,0.36,11.74,11.92,11.645,11.8325,11.8325,0.2652,0.0224,12.02,0.375,11.7388,11.9262,,,,0.0,0.36,0.0,2,2,1,0.0,18.0,18.0,8.0275,0,0,0.0,0.0,0.0,-0.05,0.2121,0.1,-0.2,,,1,1,,2023,2023,2023.0,0,2020,2020,2005,e37edce3fb555cdb,M,11.65,0
12.82,13.086,13.06,0.17,0.013,13.39,0.57,13.0225,13.13,12.694,13.0812,13.089,0.1987,0.0152,13.39,0.696,13.0365,13.138,-0.1644,0.1177,-0.1636,0.51,0.2,0.2199,10,7,3,2.0,15.0,17.0,4.3123,1,4,0.4,-0.0108,0.0,0.08,0.8324,1.45,-0.525,,,1,1,,2022,2024,2023.0,2,2020,2020,2005,0001cf6c22609b80,F,12.82,0
13.5,13.655,13.65,0.1318,0.0097,13.82,0.32,13.5975,13.7075,13.488,13.6925,13.731,0.154,0.0112,13.82,0.332,13.617,13.8065,0.0969,0.075,0.1348,0.0,0.17,0.0,4,4,2,2.0,15.0,15.0,2.0606,1,3,0.75,0.02,0.25,-0.8333,1.2342,0.2,-1.35,,,1,1,,2023,2025,2024.0,2,2020,2020,2005,4ec46265af6221b9,F,13.5,0
12.35,12.4422,12.43,0.07,0.0056,12.58,0.23,12.39,12.47,12.32,12.4349,12.42,0.0749,0.006,12.526,0.206,12.4,12.502,0.181,0.061,0.1493,0.03,0.07,0.0694,9,5,1,0.0,17.0,17.0,20.8054,1,2,0.2222,0.052,0.0,0.1222,0.5142,0.6,-0.4333,,,1,1,,2023,2023,2023.0,0,2020,2020,2005,e640e22455728a59,F,12.35,0
12.06,12.065,12.065,0.0071,0.0006,12.07,0.01,12.0625,12.0675,12.015,12.0425,12.0425,0.0389,0.0032,12.07,0.055,12.0288,12.0562,,,,0.0,0.01,0.0,2,2,2,1.0,17.0,17.0,2.5996,1,1,0.5,-0.01,0.5,0.9,0.0,0.9,0.0,175.0,70.0,0,0,22.8571,2021,2022,2021.5,1,2020,2020,2000,2b1f626f0e270a88,M,12.03,1
11.69,11.72,11.72,0.0424,0.0036,11.75,0.06,11.705,11.735,11.645,11.6875,11.6875,0.0601,0.0051,11.73,0.085,11.6662,11.7088,,,,0.06,0.0,0.8766,2,2,1,0.0,18.0,18.0,29.22,0,0,0.0,0.0,0.0,0.65,0.3536,0.65,0.0,,,1,1,,2024,2024,2024.0,0,2020,2020,2005,da36c7a68813827f,M,11.56,0
11.78,11.86,11.86,0.1131,0.0095,11.94,0.16,11.82,11.9,11.77,11.8575,11.8575,0.1237,0.0104,11.945,0.175,11.8137,11.9013,,,,0.16,0.0,11.688,2,2,1,0.0,18.0,18.0,146.1,1,1,0.5,-0.16,0.0,0.05,0.2121,0.2,-0.1,,,1,1,,2023,2023,2023.0,0,2020,2020,2005,0ee5df6c63541cef,M,11.78,0
11.59,11.6,11.6,0.0141,0.0012,11.61,0.02,11.595,11.605,11.575,11.5925,11.5925,0.0247,0.0021,11.61,0.035,11.5837,11.6012,,,,0.02,0.0,0.2609,2,2,1,0.0,18.0,18.0,26.0893,1,1,0.5,-0.02,0.0,0.15,0.2121,0.3,0.0,,,1,1,,2023,2023,2023.0,0,2020,2020,2005,c4122d1239f688db,M,11.59,0
13.3,13.35,13.35,0.0707,0.0053,13.4,0.1,13.325,13.375,13.346,13.362,13.362,0.0226,0.0017,13.378,0.032,13.354,13.37,,,,0.0,0.1,0.0,2,1,1,0.0,18.0,18.0,2.0,1,1,0.5,0.1,0.0,-0.2,1.5556,0.9,-1.3,,,1,1,,2020,2020,2020.0,0,2020,2020,2000,57a0c8e822fc0e1b,F,13.3,0
11.26,11.4667,11.41,0.2401,0.0209,11.73,0.47,11.335,11.57,11.26,11.455,11.375,0.245,0.0214,11.73,0.47,11.3175,11.5525,-0.3718,0.0925,-0.3618,0.47,0.0,0.4302,3,3,2,1.0,17.0,18.0,2.7462,1,1,0.3333,0.31,0.6667,0.7,0.0,0.7,0.0,,,1,1,,2022,2023,2022.3333,1,2020,2020,2005,d3a3a3b97ad673a5,M,11.26,0
11.29,11.794,11.85,0.3703,0.0314,12.18,0.89,11.56,12.09,11.315,11.803,11.845,0.3625,0.0307,12.165,0.85,11.57,12.12,-0.2988,0.213,-0.297,0.8,0.0,0.4104,5,4,3,2.0,14.0,16.0,2.565,1,2,0.4,-0.3683,0.0,-0.18,0.3834,0.2,-0.4333,,,1,1,,2023,2025,2024.0,2,2020,2020,2005,7cd4f48fa285921b,M,11.29,0
11.66,11.77,11.745,0.1158,0.0098,11.93,0.27,11.705,11.81,11.74,11.795,11.755,0.0911,0.0077,11.93,0.19,11.74,11.81,-0.2423,0.0834,-0.2208,0.27,0.06,0.4442,4,4,1,1.0,16.0,16.0,6.5811,1,1,0.25,0.0,0.5,-1.0,0.8485,0.0,-1.0,,,1,1,,2024,2024,2024.0,0,2020,2020,2005,d1801c7903f976fc,M,11.66,0
11.98,12.03,12.03,0.0707,0.0059,12.08,0.1,12.005,12.055,12.025,12.049,12.049,0.0339,0.0028,12.073,0.048,12.037,12.061,,,,0.0,0.1,0.0,2,2,1,0.0,17.0,17.0,15.8804,0,0,0.0,0.0,0.0,-0.38,0.7354,0.14,-0.9,,,1,1,,2022,2022,2022.0,0,2020,2020,2005,f662a13215495b43,M,11.98,0
13.01,13.025,13.025,0.0212,0.0016,13.04,0.03,13.0175,13.0325,12.998,13.001,13.001,0.0042,0.0003,13.004,0.006,12.9995,13.0025,,,,0.0,0.03,0.0,2,1,1,0.0,17.0,17.0,2.0,0,0,0.0,0.0,0.0,0.4,0.2828,0.4,0.0,169.0,53.0,0,0,18.5568,2023,2023,2023.0,0,2020,2020,2005,dce94efcadbbed6a,F,13.01,1
11.77,11.9865,11.98,0.1449,0.0121,12.27,0.5,11.88,12.105,11.694,11.9877,11.965,0.1658,0.0138,12.318,0.624,11.902,12.1215,-0.1227,0.1088,-0.111,0.27,0.28,0.1225,20,13,3,2.0,15.0,17.0,9.0745,1,9,0.45,-0.01,0.0,-0.02,1.2497,0.9,-0.76,,,1,1,,2023,2025,2024.5,2,2020,2020,2005,8ffab65df60540ac,F,11.77,0
11.86,11.895,11.895,0.0495,0.0042,11.93,0.07,11.8775,11.9125,11.815,11.865,11.865,0.0707,0.006,11.915,0.1,11.84,11.89,,,,0.07,0.0,0.308,2,2,1,0.0,17.0,18.0,8.8012,1,1,0.5,-0.07,0.0,0.6,0.4243,0.6,0.0,,,1,1,,2022,2022,2022.0,0,2020,2020,2005,405dffe3eb53fc9c,M,11.6,0
11.82,11.825,11.825,0.0071,0.0006,11.83,0.01,11.8225,11.8275,11.74,11.7475,11.7475,0.0106,0.0009,11.755,0.015,11.7438,11.7512,,,,0.01,0.0,1.8262,2,2,1,0.0,18.0,18.0,365.25,1,1,0.5,-0.01,0.0,1.55,0.3536,1.55,0.0,,,1,1,,2024,2024,2024.0,0,2020,2020,2005,e2edc12f035621ff,M,11.82,0
12.4,12.5975,12.57,0.2324,0.0185,12.85,0.45,12.4,12.7675,12.316,12.584,12.579,0.2778,0.0221,12.862,0.546,12.361,12.802,1.4282,0.039,1.7232,0.0,0.45,0.0,4,3,1,0.0,17.0,17.0,14.3235,1,2,0.5,-0.055,0.0,0.225,0.9032,0.9,-0.45,,,1,1,,2022,2022,2022.0,0,2020,2020,2005,567db840fb72fa55,F,12.4,0
13.01,13.2471,13.07,0.3135,0.0237,13.79,0.78,13.04,13.39,12.986,13.2677,13.078,0.3525,0.0266,13.922,0.936,13.03,13.414,-0.0696,0.286,-0.1304,0.78,0.58,0.336,7,6,3,2.0,14.0,15.0,3.015,1,2,0.2857,0.297,0.0,-0.3429,1.0097,0.4333,-1.2333,,,1,1,,2023,2025,2024.1429,2,2020,2020,2005,9a36fb1a7adaab1b,F,13.01,0
11.65,11.725,11.725,0.1061,0.009,11.8,0.15,11.6875,11.7625,11.655,11.725,11.725,0.099,0.0084,11.795,0.14,11.69,11.76,,,,0.15,0.0,1.5219,2,2,1,0.0,18.0,18.0,20.2917,1,1,0.5,-0.15,0.0,0.0,0.1414,0.1,-0.1,,,1,1,,2023,2023,2023.0,0,2020,2020,2005,83b587d85238ac2e,M,11.59,0
11.71,12.0267,12.15,0.2765,0.023,12.22,0.51,11.93,12.185,11.71,12.0217,12.135,0.2732,0.0227,12.22,0.51,11.9225,12.1775,-0.6295,0.037,-0.6249,0.51,0.0,0.6048,3,3,2,1.0,17.0,18.0,3.5576,0,0,0.0,0.0,0.0,0.1,0.1732,0.3,0.0,,,1,1,,2023,2024,2023.3333,1,2020,2020,2005,5436d889505b78fa,M,11.71,0
13.42,13.445,13.445,0.0354,0.0026,13.47,0.05,13.4325,13.4575,13.432,13.463,13.463,0.0438,0.0033,13.494,0.062,13.4475,13.4785,,,,0.0,0.05,0.0,2,1,1,0.0,14.0,14.0,2.0,1,1,0.5,0.05,0.0,-0.3,0.1414,0.0,-0.3,163.0,63.0,0,0,23.7118,2019,2019,2019.0,0,2010,2010,2005,02a48bb2b75316cb,F,12.04,1
11.27,11.405,11.405,0.1909,0.0167,11.54,0.27,11.3375,11.4725,11.27,11.41,11.41,0.198,0.0174,11.55,0.28,11.34,11.48,,,,0.0,0.27,0.0,2,2,1,0.0,17.0,17.0,10.4357,1,1,0.5,0.27,0.5,-0.2,0.0,0.0,-0.2,,,1,1,,2023,2023,2023.0,0,2020,2020,2005,853c77d56badb743,M,11.27,0
11.76,11.795,11.795,0.0495,0.0042,11.83,0.07,11.7775,11.8125,11.76,11.8075,11.8075,0.0672,0.0057,11.855,0.095,11.7838,11.8312,,,,0.0,0.07,0.0,2,2,1,0.0,18.0,18.0,73.05,0,0,0.0,0.0,0.5,-0.5,0.0,0.0,-0.5,,,1,1,,2022,2022,2022.0,0,2020,2020,2005,47ffc94ae460c76a,M,11.76,0
11.08,11.115,11.115,0.0495,0.0045,11.15,0.07,11.0975,11.1325,11.075,11.0975,11.0975,0.0318,0.0029,11.12,0.045,11.0862,11.1088,,,,0.0,0.07,0.0,2,1,1,0.0,18.0,18.0,2.0,1,1,0.5,0.07,0.0,0.35,0.3536,0.35,0.0,176.0,65.0,0,0,20.984,2021,2021,2021.0,0,2020,2020,2000,1b2f82327dc31167,M,11.08,1
13.59,13.81,13.66,0.3223,0.0233,14.18,0.59,13.625,13.92,13.578,13.7792,13.66,0.2805,0.0204,14.0996,0.5216,13.619,13.8798,0.5916,0.0679,0.5196,0.0,0.59,0.0,3,3,2,1.0,16.0,16.0,2.8836,1,1,0.3333,-0.555,0.0,0.5133,0.7229,0.77,0.0,,,1,1,,2024,2025,2024.3333,1,2020,2020,2005,05321b27d737954e,F,13.59,0
11.57,11.645,11.645,0.1061,0.0091,11.72,0.15,11.6075,11.6825,11.57,11.6525,11.6525,0.1167,0.01,11.735,0.165,11.6112,11.6938,,,,0.15,0.0,10.9575,2,2,1,0.0,17.0,17.0,146.1,1,1,0.5,-0.15,0.0,-0.15,0.2121,0.0,-0.3,,,1,1,,2023,2023,2023.0,0,2020,2020,2005,c0015247e5c12092,M,11.51,0
12.16,12.3,12.3,0.198,0.0161,12.44,0.28,12.23,12.37,12.09,12.26,12.26,0.2404,0.0196,12.43,0.34,12.175,12.345,,,,0.0,0.28,0.0,2,2,1,0.0,17.0,17.0,4.2971,0,0,0.0,0.0,0.0,0.8,0.8485,0.8,0.0,,,1,1,,2023,2023,2023.0,0,2020,2020,2005,3f5cd3cedff81ef6,M,11.89,0
12.19,12.24,12.24,0.0707,0.0058,12.29,0.1,12.215,12.265,12.17,12.2275,12.2275,0.0813,0.0067,12.285,0.115,12.1988,12.2562,,,,0.0,0.1,0.0,2,2,2,0.0,15.0,15.0,4.8377,1,1,0.5,-0.1,0.0,0.25,0.2121,0.25,0.0,,,1,1,,2024,2025,2024.5,1,2020,2020,2005,63fbe25468249fce,M,12.19,0
12.07,12.148,12.16,0.0507,0.0042,12.2,0.13,12.13,12.18,12.05,12.141,12.16,0.0644,0.0053,12.215,0.165,12.105,12.175,-0.0988,0.0393,-0.1242,0.09,0.0,0.1468,5,5,1,1.0,17.0,18.0,8.1529,1,1,0.2,-0.04,0.0,0.14,0.3209,0.3333,-0.3,,,1,1,,2023,2023,2023.0,0,2020,2020,2005,77f9fa544c6715f3,M,12.02,0
11.63,11.685,11.685,0.0778,0.0067,11.74,0.11,11.6575,11.7125,11.515,11.6275,11.6275,0.1591,0.0137,11.74,0.225,11.5713,11.6838,,,,0.11,0.0,0.7049,2,2,1,0.0,16.0,16.0,12.8158,0,0,0.0,0.0,0.5,2.3,0.0,2.3,0.0,,,1,1,,2023,2023,2023.0,0,2020,2020,2005,74f793e42d395a9a,M,11.63,0
12.04,12.105,12.1,0.0597,0.0049,12.18,0.14,12.07,12.135,12.005,12.0788,12.07,0.0755,0.0063,12.17,0.165,12.0238,12.125,0.2173,0.0149,0.2587,0.0,0.14,0.0,4,4,1,1.0,17.0,17.0,6.5223,1,1,0.25,-0.02,0.0,0.525,0.3948,0.525,0.0,,,1,1,,2023,2023,2023.0,0,2020,2020,2005,f3a4e98719238236,M,12.04,0
13.02,13.045,13.045,0.0354,0.0027,13.07,0.05,13.0325,13.0575,13.064,13.111,13.111,0.0665,0.0051,13.158,0.094,13.0875,13.1345,,,,0.0,0.05,0.0,2,1,1,0.0,18.0,18.0,2.0,1,1,0.5,0.05,0.0,-1.1,1.6971,0.1,-2.3,,,1,1,,2019,2019,2019.0,0,2010,2010,2000,ce99cc9084c90a6b,F,13.02,0
11.79,11.815,11.815,0.0354,0.003,11.84,0.05,11.8025,11.8275,11.77,11.8075,11.8075,0.053,0.0045,11.845,0.075,11.7888,11.8262,,,,0.05,0.0,0.3805,2,2,1,0.0,17.0,17.0,15.2188,1,1,0.5,-0.05,0.0,0.15,0.3536,0.4,-0.1,,,1,1,,2024,2024,2024.0,0,2020,2020,2005,50b3fa8a1d57ac09,M,11.69,0
12.42,12.46,12.45,0.0458,0.0037,12.51,0.09,12.435,12.48,12.426,12.462,12.45,0.0433,0.0035,12.51,0.084,12.438,12.48,3.1307,0.0245,2.8176,0.0,0.09,0.0,3,2,1,0.0,18.0,18.0,156.5357,1,2,0.6667,0.075,0.6667,-0.1,0.0,0.0,-0.1,,,1,1,,2019,2019,2019.0,0,2010,2010,2000,47086178c553b198,F,12.42,0
13.62,13.9186,13.87,0.3811,0.0274,14.72,1.1,13.66,13.95,13.6,13.8971,13.882,0.396,0.0285,14.738,1.138,13.628,13.902,-0.1762,0.316,-0.0955,1.1,0.33,0.5343,7,7,3,2.0,16.0,18.0,3.3999,1,4,0.5714,0.3058,0.0,0.3571,0.5159,0.75,-0.25,,,1,1,,2022,2024,2023.0,2,2020,2020,2005,4d263cff5627030c,F,13.62,0
11.03,11.3479,11.32,0.2687,0.0237,12.29,1.26,11.215,11.395,11.05,11.3526,11.305,0.2763,0.0243,12.3,1.25,11.2025,11.4,-0.0675,0.2392,-0.0521,1.26,0.33,0.4234,19,12,4,3.0,14.0,16.0,6.3843,1,5,0.2632,0.188,0.0,-0.0947,0.833,0.5111,-0.64,175.0,60.0,0,0,19.5918,2022,2025,2023.8947,3,2020,2020,2005,0933d7bace0a5c7b,M,11.03,1
13.24,13.348,13.34,0.0817,0.0061,13.47,0.23,13.34,13.35,13.18,13.3396,13.34,0.1206,0.009,13.5,0.32,13.28,13.398,0.3513,0.0477,0.5153,0.0,0.23,0.0,5,4,1,0.0,16.0,16.0,13.6287,1,3,0.6,-0.1467,0.0,0.14,0.8355,1.0,-0.65,,,1,1,,2023,2023,2023.0,0,2020,2020,2005,f519840ae99aa64c,F,13.24,0
11.68,11.786,11.73,0.1679,0.0142,12.08,0.4,11.68,11.76,11.66,11.788,11.74,0.1725,0.0146,12.09,0.43,11.7,11.75,-0.0568,0.1413,-0.0459,0.08,0.05,0.0565,5,5,2,1.0,16.0,16.0,3.5324,0,0,0.0,0.0,0.0,-0.04,0.3286,0.3,-0.2667,,,1,1,,2023,2024,2023.4,1,2020,2020,2005,41839ed0f7ba598a,M,11.68,0
11.42,11.7333,11.56,0.4272,0.0364,12.22,0.8,11.49,11.89,11.44,11.7217,11.555,0.3925,0.0335,12.17,0.73,11.4975,11.8625,-0.0668,0.3441,-0.0548,0.14,0.0,0.0668,3,3,3,2.0,16.0,18.0,1.4305,1,2,0.6667,0.73,0.0,0.2333,0.7095,0.55,-0.4,,,1,1,,2022,2024,2023.0,2,2020,2020,2005,eef3f54cdd8b21ed,M,11.42,0
11.41,12.0167,11.54,0.9404,0.0783,13.1,1.69,11.475,12.32,11.265,11.9567,11.515,0.9894,0.0828,13.09,1.825,11.39,12.3025,-0.976,0.0553,-1.0209,1.69,0.13,1.0136,3,3,2,2.0,16.0,18.0,1.7993,1,1,0.3333,0.91,0.0,1.2,1.4799,1.2,0.0,178.0,53.0,0,0,16.7277,2020,2022,2021.3333,2,2020,2020,2000,2c82576b32dbe8cf,M,10.9,1
12.26,12.575,12.575,0.4455,0.0354,12.89,0.63,12.4175,12.7325,12.255,12.5625,12.5625,0.4349,0.0346,12.87,0.615,12.4088,12.7162,,,,0.63,0.0,1.7565,2,2,1,0.0,18.0,18.0,5.5763,1,1,0.5,0.63,0.0,0.25,0.2121,0.25,0.0,,,1,1,,2023,2023,2023.0,0,2020,2020,2005,dbf41bfd172b881c,M,12.17,0
11.71,12.0743,12.22,0.2836,0.0235,12.36,0.65,11.82,12.295,11.68,12.0457,12.165,0.2796,0.0232,12.33,0.65,11.815,12.2575,-0.3457,0.1146,-0.3234,0.54,0.0,0.2747,7,4,3,2.0,14.0,16.0,3.5609,0,0,0.0,0.0,0.0,0.5714,0.7499,0.8,-0.8,,,1,1,,2022,2024,2022.5714,2,2020,2020,2005,d7d1d01eec900cc1,M,11.71,0
12.42,12.8167,12.83,0.3902,0.0304,13.2,0.78,12.625,13.015,12.46,12.8267,12.865,0.3491,0.0272,13.155,0.695,12.6625,13.01,-0.3798,0.2336,-0.315,0.78,0.41,0.5767,3,3,2,1.0,14.0,15.0,2.2181,0,0,0.0,0.0,0.0,-0.2,0.9539,0.9,-0.75,,,1,1,,2022,2023,2022.6667,1,2020,2020,2005,fae97502221454d7,M,12.42,0
11.69,12.0067,12.09,0.2843,0.0237,12.24,0.55,11.89,12.165,11.735,12.0167,12.09,0.2531,0.0211,12.225,0.49,11.9125,12.1575,-0.5372,0.0833,-0.4776,0.4,0.0,0.4441,3,3,2,1.0,17.0,18.0,3.3305,1,3,1.0,0.0,0.0,-0.2,0.6245,0.3,-0.9,,,1,1,,2023,2024,2023.3333,1,2020,2020,2005,e280ae4989d6aa74,M,11.67,0
11.93,12.05,12.05,0.1697,0.0141,12.17,0.24,11.99,12.11,11.875,11.9975,11.9975,0.1732,0.0144,12.12,0.245,11.9362,12.0588,,,,0.24,0.0,2.6564,2,2,1,0.0,17.0,17.0,22.1364,1,2,1.0,0.0,0.0,1.05,0.0707,1.05,0.0,,,1,1,,2023,2023,2023.0,0,2020,2020,2005,2f11ee4a2ddf08fe,M,11.93,0
11.42,11.6167,11.68,0.1739,0.015,11.75,0.33,11.55,11.715,11.4,11.66,11.68,0.2506,0.0215,11.9,0.5,11.54,11.79,0.0708,0.1301,0.1571,0.26,0.33,0.1353,3,3,3,2.0,16.0,17.0,1.5609,0,0,0.0,0.0,0.0,-0.8667,1.8583,0.4,-3.0,,,1,1,,2023,2025,2024.0,2,2020,2020,2005,218bd7c4657f97c5,M,11.42,0
11.49,11.684,11.61,0.1892,0.0162,11.91,0.42,11.55,11.86,11.465,11.661,11.62,0.1938,0.0166,11.91,0.445,11.5,11.81,-0.0439,0.169,-0.1573,0.42,0.06,0.9077,5,4,1,0.0,18.0,18.0,10.8062,1,4,0.8,-0.0925,0.0,0.46,0.555,0.8333,-0.2,,,1,1,,2023,2023,2023.0,0,2020,2020,2005,63ae3d70ed964585,M,11.14,0
12.61,12.765,12.675,0.1892,0.0148,13.03,0.42,12.6275,12.91,12.47,12.733,12.652,0.2505,0.0197,13.138,0.668,12.5755,12.865,-0.3008,0.134,-0.2323,0.37,0.09,0.3643,6,5,2,1.0,16.0,18.0,5.907,1,2,0.3333,-0.15,0.0,0.5333,1.4665,1.25,-1.8,,,1,1,,2022,2023,2022.8333,1,2020,2020,2005,f428f752e9f84984,F,12.54,0
11.38,11.4933,11.43,0.155,0.0135,11.67,0.29,11.405,11.55,11.39,11.4967,11.43,0.1514,0.0132,11.67,0.28,11.41,11.55,-0.1464,0.0946,-0.1382,0.29,0.0,0.2328,3,3,2,1.0,17.0,18.0,2.4082,1,2,0.6667,-0.095,0.0,-0.0667,0.1155,0.0,-0.2,,,1,1,,2023,2024,2023.3333,1,2020,2020,2005,5b3a63cddb092ece,M,11.38,0
11.78,11.81,11.81,0.0424,0.0036,11.84,0.06,11.795,11.825,11.815,11.8275,11.8275,0.0177,0.0015,11.84,0.025,11.8212,11.8338,,,,0.06,0.0,0.8429,2,2,1,0.0,18.0,18.0,28.0962,1,1,0.5,-0.06,0.0,-0.35,0.495,0.0,-0.7,,,1,1,,2025,2025,2025.0,0,2020,2020,2005,45d17f5e5920ca71,M,11.7,0
11.5,11.806,11.58,0.5052,0.0428,12.7,1.2,11.55,11.7,11.535,11.811,11.55,0.5158,0.0437,12.725,1.19,11.54,11.705,-1.0073,0.2213,-1.0067,1.2,0.2,1.0769,5,5,2,1.0,17.0,17.0,4.4871,1,1,0.2,0.1325,0.0,-0.1,0.5788,0.8,-0.4333,,,1,1,,2021,2022,2021.8,1,2020,2020,2005,092585426ccea50d,M,11.19,0
12.16,12.16,12.16,0.0,0.0,12.16,0.0,12.16,12.16,12.2,12.2075,12.2075,0.0106,0.0009,12.215,0.015,12.2038,12.2112,,,,0.0,0.0,0.0,2,2,1,0.0,15.0,15.0,730.5,1,1,0.5,0.0,0.0,-0.95,0.2121,0.0,-0.95,169.0,66.0,0,0,23.1084,2019,2019,2019.0,0,2010,2010,2000,af069fda9bb98dd7,M,12.16,1
12.15,12.436,12.48,0.1626,0.0131,12.55,0.4,12.48,12.52,12.0,12.448,12.528,0.2657,0.0213,12.7,0.7,12.456,12.556,-0.0208,0.1519,-0.0398,0.0,0.33,0.0,5,4,2,2.0,16.0,16.0,2.5542,1,1,0.2,0.3575,0.0,-0.2,1.9912,1.45,-1.3,,,1,1,,2023,2025,2023.8,2,2020,2020,2005,22347099f3d58b4e,F,12.15,0
11.71,11.965,11.97,0.2121,0.0177,12.21,0.5,11.8525,12.0825,11.725,11.9658,11.9815,0.2014,0.0168,12.175,0.45,11.8435,12.1037,-0.2171,0.1374,-0.1733,0.5,0.0,0.3765,4,4,2,1.0,16.0,17.0,3.0124,0,0,0.0,0.0,0.0,-0.015,0.667,0.52,-0.55,,,1,1,,2022,2023,2022.5,1,2020,2020,2005,436df54a6e751715,M,11.71,0
11.95,12.005,12.005,0.0778,0.0065,12.06,0.11,11.9775,12.0325,11.95,11.9975,11.9975,0.0672,0.0056,12.045,0.095,11.9737,12.0212,,,,0.0,0.11,0.0,2,2,1,0.0,17.0,17.0,7.4541,0,0,0.0,0.0,0.5,0.3,0.0,0.3,0.0,,,1,1,,2022,2022,2022.0,0,2020,2020,2005,b4b70333fee07667,M,11.95,0
11.76,11.9567,11.99,0.1823,0.0152,12.12,0.36,11.875,12.055,11.665,11.9333,11.99,0.245,0.0205,12.145,0.48,11.8275,12.0675,-0.5275,0.056,-0.7205,0.23,0.0,0.4098,3,3,2,1.0,17.0,18.0,5.3451,1,2,0.6667,0.245,0.0,0.4667,1.2662,1.9,-0.5,,,1,1,,2023,2024,2023.3333,1,2020,2020,2005,06a39b0df0643ad8,M,11.76,0
11.93,12.415,12.045,0.964,0.0776,14.38,2.45,12.0175,12.0725,11.89,12.4283,12.045,1.0004,0.0805,14.465,2.575,12.0225,12.0938,0.104,0.832,0.1786,0.0,0.15,0.0,6,6,2,2.0,16.0,16.0,2.9979,1,2,0.3333,-1.1925,0.0,-0.2667,0.8359,0.45,-0.625,,,1,1,,2023,2025,2023.6667,2,2020,2020,2005,20ce8a3ad1f704c0,M,11.93,0
11.78,11.78,11.78,0.0,0.0,11.78,0.0,11.78,11.78,11.775,11.785,11.785,0.0141,0.0012,11.795,0.02,11.78,11.79,,,,0.0,0.0,0.0,2,2,1,0.0,17.0,17.0,42.9706,0,0,0.0,0.0,0.0,-0.1,0.2828,0.1,-0.3,,,1,1,,2024,2024,2024.0,0,2020,2020,2005,d7f89522a3ec1113,M,11.78,0
10.95,11.1133,11.19,0.1415,0.0127,11.2,0.25,11.07,11.195,10.947,11.1123,11.18,0.144,0.013,11.21,0.263,11.0635,11.195,0.7714,0.0041,0.7809,0.0,0.25,0.0,3,2,1,0.0,18.0,18.0,9.4461,1,1,0.3333,-0.115,0.0,0.02,0.4015,0.23,-0.4,,,1,1,,2022,2022,2022.0,0,2020,2020,2000,d0aa86dd833c0dc7,M,10.87,0
11.81,11.9,11.9,0.1273,0.0107,11.99,0.18,11.855,11.945,11.79,11.8825,11.8825,0.1308,0.011,11.975,0.185,11.8362,11.9288,,,,0.0,0.18,0.0,2,2,1,0.0,18.0,18.0,15.2188,1,1,0.5,0.18,0.0,0.35,0.0707,0.35,0.0,,,1,1,,2024,2024,2024.0,0,2020,2020,2005,2cc1d6e523ead9d1,M,11.81,0
12.75,12.945,12.93,0.1614,0.0125,13.27,0.52,12.83,13.005,12.738,12.963,12.936,0.1983,0.0153,13.366,0.628,12.824,13.039,0.1632,0.0876,0.2105,0.08,0.52,0.0503,8,5,2,2.0,16.0,16.0,5.0293,1,1,0.125,0.074,0.25,-0.4,0.7589,0.3,-0.75,,,1,1,,2023,2024,2023.5,1,2020,2020,2005,6513d0586a476452,F,12.55,0
12.82,13.1244,13.01,0.2535,0.0193,13.48,0.66,12.93,13.31,12.796,13.1211,12.944,0.2868,0.0219,13.564,0.768,12.922,13.34,0.2954,0.1661,0.3124,0.08,0.66,0.0407,9,6,3,2.0,15.0,16.0,4.5783,1,3,0.3333,0.1267,0.0,0.0556,0.7316,0.52,-0.7,,,1,1,,2022,2024,2022.6667,2,2020,2020,2005,4b108503f2f5dcbd,F,12.82,0
12.82,13.1244,13.01,0.2535,0.0193,13.48,0.66,12.93,13.31,12.796,13.1211,12.944,0.2868,0.0219,13.564,0.768,12.922,13.34,0.2954,0.1661,0.3124,0.08,0.66,0.0407,9,6,3,2.0,15.0,16.0,4.5783,1,3,0.3333,0.1267,0.0,0.0556,0.7316,0.52,-0.7,,,1,1,,2022,2024,2022.6667,2,2020,2020,2005,b9f54e3524869499,F,12.82,0
11.82,11.84,11.84,0.0283,0.0024,11.86,0.04,11.83,11.85,11.825,11.8425,11.8425,0.0247,0.0021,11.86,0.035,11.8338,11.8512,,,,0.04,0.0,0.1491,2,2,1,0.0,18.0,18.0,7.4541,0,0,0.0,0.0,0.5,-0.1,0.0,0.0,-0.1,,,1,1,,2022,2022,2022.0,0,2020,2020,2005,d963de0bfd52aa4c,M,11.41,0
12.55,12.764,12.69,0.2221,0.0174,13.02,0.47,12.58,12.98,12.592,12.8204,12.744,0.2208,0.0172,13.082,0.49,12.658,13.026,0.0328,0.1986,0.3669,0.47,0.43,1.4799,5,5,1,0.0,18.0,18.0,15.7435,1,3,0.6,0.0017,0.0,-0.94,0.8019,0.0,-0.94,,,1,1,,2025,2025,2025.0,0,2020,2020,2005,dd12aac5bf9aa384,F,12.44,0
12.38,12.6975,12.625,0.3299,0.026,13.16,0.78,12.545,12.7775,12.32,12.6562,12.6175,0.3195,0.0252,13.07,0.75,12.47,12.8038,0.1101,0.2796,0.1397,0.22,0.0,0.1721,4,4,2,1.0,16.0,17.0,3.1285,1,2,0.5,-0.415,0.0,0.825,1.4385,1.5333,-1.3,176.0,,0,1,,2023,2024,2023.75,1,2020,2020,2005,6b63d038c6ed9a59,M,12.38,0
12.18,12.29,12.3,0.0841,0.0068,12.38,0.2,12.255,12.335,12.084,12.251,12.276,0.1206,0.0098,12.368,0.284,12.213,12.314,-1.0224,0.0713,-2.1997,0.1,0.0,3.3205,4,3,1,0.0,18.0,18.0,132.8182,1,1,0.25,0.15,0.0,0.65,0.6403,0.65,0.0,,,1,1,,2023,2023,2023.0,0,2020,2020,2005,eae705f0100117d3,F,11.89,0
11.25,11.4433,11.52,0.1686,0.0147,11.56,0.31,11.385,11.54,11.2,11.425,11.515,0.1962,0.0172,11.56,0.36,11.3575,11.5375,-0.3035,0.1235,-0.3503,0.31,0.27,0.67,3,3,1,0.0,17.0,18.0,6.4837,1,3,1.0,0.0,0.0,0.3667,0.5508,0.55,0.0,,,1,1,,2023,2023,2023.0,0,2020,2020,2005,4e33b3edbb8350ae,M,10.9,0
13.14,13.3567,13.17,0.3496,0.0262,13.76,0.62,13.155,13.465,13.098,13.3247,13.098,0.3926,0.0295,13.778,0.68,13.098,13.438,-15.784,0.0122,-17.7407,0.62,0.03,16.1754,3,2,1,0.0,17.0,17.0,78.2679,1,1,0.3333,0.325,0.0,0.5333,0.7638,0.95,-0.3,165.0,52.0,0,0,19.1001,2021,2021,2021.0,0,2020,2020,2000,fbb15f9e97c77937,F,12.87,1
12.77,12.83,12.83,0.0849,0.0066,12.89,0.12,12.8,12.86,12.854,12.878,12.878,0.0339,0.0026,12.902,0.048,12.866,12.89,,,,0.0,0.12,0.0,2,1,1,0.0,17.0,17.0,2.0,1,1,0.5,0.12,0.0,-0.8,0.8485,0.0,-0.8,,,1,1,,2020,2020,2020.0,0,2020,2020,2000,25e04f0db20cf17d,F,12.5,0
11.04,11.2543,11.2,0.1723,0.0153,11.53,0.49,11.15,11.355,11.02,11.2536,11.24,0.1876,0.0167,11.575,0.555,11.13,11.34,-0.204,0.108,-0.2525,0.16,0.11,0.119,7,5,2,1.0,16.0,17.0,5.2072,1,4,0.5714,-0.0775,0.0,0.0143,0.6414,0.45,-0.85,,,1,1,,2022,2023,2022.4286,1,2020,2020,2005,2c4e5544856779b1,M,10.87,0
11.65,11.775,11.775,0.1768,0.015,11.9,0.25,11.7125,11.8375,11.71,11.7825,11.7825,0.1025,0.0087,11.855,0.145,11.7462,11.8188,,,,0.25,0.0,0.8952,2,2,1,0.0,17.0,18.0,7.1618,0,0,0.0,0.0,0.0,-0.15,1.4849,0.9,-1.2,,,1,1,,2024,2024,2024.0,0,2020,2020,2005,a72d5d246f0fb0e6,M,11.58,0
11.17,11.4367,11.41,0.281,0.0246,11.73,0.56,11.29,11.57,11.04,11.38,11.4,0.3305,0.029,11.7,0.66,11.22,11.55,0.4367,0.098,0.4764,0.0,0.56,0.0,3,2,2,1.0,16.0,16.0,2.9776,0,0,0.0,0.0,0.0,1.1333,1.2858,1.1333,0.0,,,1,1,,2023,2024,2023.3333,1,2020,2020,2005,f8fcddaf0135662f,M,11.17,0
12.69,13.0444,13.02,0.2549,0.0195,13.37,0.68,12.85,13.28,12.684,13.0311,13.02,0.2675,0.0205,13.388,0.704,12.808,13.256,-0.0854,0.2316,-0.1022,0.46,0.26,0.214,9,6,3,2.0,16.0,17.0,4.1876,1,5,0.5556,0.253,0.0,0.2222,0.4842,0.4,-0.8,,,1,1,,2022,2024,2022.8889,2,2020,2020,2005,815338e6aa7c808c,F,12.62,0
13.02,13.225,13.165,0.184,0.0139,13.67,0.65,13.105,13.2975,12.978,13.2165,13.127,0.2121,0.016,13.742,0.764,13.099,13.3335,-0.1017,0.1344,-0.1072,0.65,0.07,0.2874,12,8,3,2.0,15.0,17.0,5.3063,1,6,0.5,0.0633,0.0,0.1417,0.6788,0.4875,-0.7333,,,1,1,,2022,2024,2023.0,2,2020,2020,2005,ea330f4d006cec13,F,13.02,0
12.48,13.013,13.045,0.2915,0.0224,13.38,0.9,12.98,13.2025,12.456,13.0256,13.054,0.2933,0.0225,13.422,0.966,12.9755,13.231,-0.335,0.133,-0.3222,0.79,0.08,0.3489,10,7,3,2.0,14.0,16.0,4.4166,1,5,0.5,-0.07,0.0,-0.21,0.6244,0.325,-0.85,,,1,1,,2023,2025,2024.0,2,2020,2020,2005,231c979229a552a7,F,12.48,0
12.04,12.1,12.1,0.0849,0.007,12.16,0.12,12.07,12.13,12.005,12.0825,12.0825,0.1096,0.0091,12.16,0.155,12.0438,12.1212,,,,0.12,0.0,0.6261,2,2,1,0.0,18.0,18.0,10.4357,1,1,0.5,-0.12,0.5,0.7,0.0,0.7,0.0,,,1,1,,2023,2023,2023.0,0,2020,2020,2005,4a8cb3da3eae0b28,M,11.86,0
11.53,11.8183,11.825,0.2544,0.0215,12.21,0.68,11.625,11.9275,11.505,11.8017,11.8125,0.247,0.0209,12.17,0.665,11.6188,11.92,-0.1886,0.1071,-0.1851,0.43,0.0,0.1577,6,6,3,3.0,15.0,17.0,2.2003,1,3,0.5,0.07,0.3333,0.5,0.2449,0.5,0.0,,,1,1,,2022,2025,2023.6667,3,2020,2020,2005,ccd00e453ede7af6,M,11.53,0
11.49,11.6275,11.645,0.1021,0.0088,11.73,0.24,11.5875,11.685,11.49,11.6838,11.695,0.1516,0.013,11.855,0.365,11.6212,11.7575,-0.0011,0.0884,-0.03,0.0,0.13,0.0,4,3,1,1.0,17.0,17.0,6.9571,1,1,0.25,-0.1367,0.0,-1.125,1.034,0.0,-1.5,,,1,1,,2023,2023,2023.0,0,2020,2020,2005,f24b29506592a582,M,11.0,0
13.62,13.66,13.66,0.0566,0.0041,13.7,0.08,13.64,13.68,13.68,13.807,13.807,0.1796,0.013,13.934,0.254,13.7435,13.8705,,,,0.0,0.08,0.0,2,2,1,0.0,17.0,17.0,146.1,1,2,1.0,0.0,0.0,-2.45,2.0506,0.0,-2.45,,,1,1,,2023,2023,2023.0,0,2020,2020,2005,2ff70a06398c55d6,F,13.62,0
11.71,12.0433,12.1,0.3089,0.0257,12.32,0.61,11.905,12.21,11.7,12.035,12.09,0.3112,0.0259,12.315,0.615,11.895,12.2025,-0.7936,0.0714,-0.7979,0.61,0.0,0.9057,3,3,2,1.0,17.0,18.0,4.4543,1,3,1.0,0.0,0.0,0.1667,0.0577,0.1667,0.0,,,1,1,,2023,2024,2023.3333,1,2020,2020,2005,7aca8e862f8bcb4e,M,11.54,0
12.07,12.085,12.085,0.0212,0.0018,12.1,0.03,12.0775,12.0925,12.105,12.1625,12.1625,0.0813,0.0067,12.22,0.115,12.1338,12.1912,,,,0.03,0.0,0.0929,2,2,1,0.0,18.0,18.0,6.1907,0,0,0.0,0.0,0.0,-1.55,2.0506,0.0,-1.55,,,1,1,,2023,2023,2023.0,0,2020,2020,2005,f3f9bb45e39e8a62,M,11.59,0
11.55,11.66,11.58,0.1652,0.0142,11.85,0.3,11.565,11.715,11.565,11.67,11.595,0.1566,0.0134,11.85,0.285,11.58,11.7225,-0.3952,0.0568,-0.3357,0.3,0.0,0.3956,3,3,2,1.0,17.0,18.0,3.9558,1,1,0.3333,0.165,0.3333,-0.3,0.8485,0.3,-0.9,,,1,1,,2022,2023,2022.6667,1,2020,2020,2005,88aee9bcbbfe0d18,M,11.55,0
11.36,11.494,11.38,0.1788,0.0156,11.74,0.38,11.36,11.63,11.27,11.484,11.465,0.1777,0.0155,11.705,0.435,11.365,11.615,-0.1892,0.082,-0.1353,0.38,0.0,0.1952,5,5,3,2.0,16.0,18.0,2.5686,1,3,0.6,0.0017,0.0,0.2,1.4248,0.775,-2.1,,,1,1,,2023,2025,2023.8,2,2020,2020,2005,4c6c3efb6f16f316,M,11.07,0
11.17,11.408,11.32,0.2393,0.021,11.74,0.57,11.24,11.57,11.18,11.405,11.33,0.2541,0.0223,11.77,0.59,11.19,11.555,-0.4279,0.0804,-0.4434,0.4,0.15,0.4014,5,5,2,1.0,17.0,18.0,5.0172,1,3,0.6,0.0783,0.0,0.06,0.6148,0.65,-0.3333,,,1,1,,2023,2024,2023.6,1,2020,2020,2005,ce48f7f1d73a4954,M,11.17,0
12.56,12.9215,12.79,0.3074,0.0238,13.47,0.91,12.7,12.98,12.56,12.9262,12.876,0.3022,0.0234,13.44,0.88,12.706,12.992,-0.2577,0.2404,-0.2435,0.88,0.42,0.392,13,8,3,2.0,14.0,15.0,5.7905,1,6,0.4615,-0.0367,0.0769,-0.0833,0.678,0.55,-0.4571,,,1,1,,2023,2025,2024.0,2,2020,2020,2005,527a5ca0825de39f,F,12.56,0
13.21,13.6733,13.26,0.7596,0.0556,14.55,1.34,13.235,13.905,13.186,13.6893,13.332,0.7489,0.0547,14.55,1.364,13.259,13.941,-11.1699,0.0204,-10.966,1.34,0.05,11.3822,3,2,1,0.0,17.0,17.0,25.4826,1,1,0.3333,-1.29,0.0,-0.2667,0.8327,0.4,-1.2,,,1,1,,2023,2023,2023.0,0,2020,2020,2005,aa7ae287db607587,F,13.21,0
11.03,11.04,11.04,0.0141,0.0013,11.05,0.02,11.035,11.045,11.01,11.055,11.055,0.0636,0.0058,11.1,0.09,11.0325,11.0775,,,,0.02,0.0,0.0987,2,2,1,0.0,18.0,18.0,9.8716,1,1,0.5,0.02,0.0,-0.3,0.9899,0.4,-1.0,,,1,1,,2023,2023,2023.0,0,2020,2020,2005,e2e9c7fb0c43756f,M,10.77,0
11.99,12.03,12.03,0.0566,0.0047,12.07,0.08,12.01,12.05,11.94,12.005,12.005,0.0919,0.0077,12.07,0.13,11.9725,12.0375,,,,0.08,0.0,0.2102,2,2,1,0.0,17.0,17.0,5.2554,1,2,1.0,0.0,0.0,0.5,0.7071,1.0,0.0,175.0,70.0,0,0,22.8571,2023,2023,2023.0,0,2020,2020,2005,3b797c203174f3aa,M,11.77,1
11.97,12.23,12.23,0.3677,0.0301,12.49,0.52,12.1,12.36,11.94,12.2125,12.2125,0.3854,0.0316,12.485,0.545,12.0763,12.3487,,,,0.52,0.0,0.8441,2,2,2,1.0,17.0,17.0,3.2467,1,2,1.0,0.0,0.0,0.35,0.3536,0.35,0.0,,,1,1,,2023,2024,2023.5,1,2020,2020,2005,a11201851c5ecc61,M,11.97,0
11.42,11.48,11.48,0.0849,0.0074,11.54,0.12,11.45,11.51,11.38,11.51,11.51,0.1838,0.016,11.64,0.26,11.445,11.575,,,,0.0,0.12,0.0,2,2,2,1.0,17.0,17.0,2.1741,0,0,0.0,0.0,0.0,-0.6,1.9799,0.8,-2.0,,,1,1,,2020,2021,2020.5,1,2020,2020,2000,6ac212fe6bbd666f,M,10.84,0
11.77,12.56,11.81,1.3338,0.1062,14.1,2.33,11.79,12.955,11.755,12.5167,11.76,1.3149,0.1051,14.035,2.28,11.7575,12.8975,-2.4581,0.0221,-2.422,2.33,0.0,2.4315,3,3,2,1.0,17.0,18.0,3.1307,0,0,0.0,0.0,0.0,0.8667,0.5859,0.8667,0.0,,,1,1,,2020,2021,2020.6667,1,2020,2020,2000,ed8e55d1bce99984,M,11.77,0
11.88,11.9433,11.94,0.0651,0.0054,12.01,0.13,11.91,11.975,11.86,11.945,11.94,0.0876,0.0073,12.035,0.175,11.9,11.9875,-0.0028,0.0531,-0.0043,0.0,0.06,0.0,3,2,2,2.0,15.0,15.0,1.7068,1,1,0.3333,0.07,0.3333,-0.05,0.6364,0.4,-0.5,,,1,1,,2023,2025,2023.6667,2,2020,2020,2005,8553c18ac5424466,M,11.88,0
12.6,12.76,12.76,0.2263,0.0177,12.92,0.32,12.68,12.84,12.545,12.7625,12.7625,0.3076,0.0241,12.98,0.435,12.6538,12.8712,,,,0.32,0.0,0.7639,2,2,1,0.0,14.0,14.0,4.7745,0,0,0.0,0.0,0.0,-0.05,1.6263,1.1,-1.2,170.0,55.0,0,0,19.0311,2024,2024,2024.0,0,2020,2020,2010,8e8570e30f448e91,M,12.6,1
11.54,11.7567,11.8,0.1986,0.0169,11.93,0.39,11.67,11.865,11.535,11.7167,11.75,0.1675,0.0143,11.865,0.33,11.6425,11.8075,-0.3251,0.0641,-0.2722,0.26,0.0,0.2574,3,3,2,1.0,17.0,18.0,2.9695,1,3,1.0,0.0,0.0,0.8,0.6245,0.8,0.0,,,1,1,,2023,2024,2023.3333,1,2020,2020,2005,8fece87c89b8d414,M,11.54,0
11.98,12.02,12.02,0.0566,0.0047,12.06,0.08,12.0,12.04,11.945,11.985,11.985,0.0566,0.0047,12.025,0.08,11.965,12.005,,,,0.0,0.08,0.0,2,2,1,0.0,17.0,17.0,16.2333,0,0,0.0,0.0,0.0,0.7,0.0,0.7,0.0,178.0,70.0,0,0,22.0932,2019,2019,2019.0,0,2010,2010,2000,5c4cd52ac74e72b3,M,11.61,1
11.36,11.455,11.455,0.1344,0.0117,11.55,0.19,11.4075,11.5025,11.325,11.415,11.415,0.1273,0.0112,11.505,0.18,11.37,11.46,,,,0.19,0.0,0.8069,2,2,1,0.0,18.0,18.0,8.4942,0,0,0.0,0.0,0.0,0.8,0.1414,0.8,0.0,,,1,1,,2023,2023,2023.0,0,2020,2020,2005,b2e9f41fdf7ea6b0,M,11.36,0
13.46,13.7067,13.73,0.2359,0.0172,13.93,0.47,13.595,13.83,13.4,13.6667,13.7,0.2517,0.0184,13.9,0.5,13.55,13.8,6.7932,0.0954,7.1244,0.0,0.47,0.0,3,3,1,0.0,17.0,17.0,54.7875,1,1,0.3333,0.37,0.0,0.6667,0.2887,0.6667,0.0,,,1,1,,2022,2022,2022.0,0,2020,2020,2005,13526c950a67afe0,F,13.46,0
10.98,11.05,11.07,0.0624,0.0057,11.1,0.12,11.025,11.085,10.995,11.0417,11.03,0.0535,0.0048,11.1,0.105,11.0125,11.065,-0.3835,0.0122,-0.2557,0.09,0.0,0.3287,3,2,1,0.0,16.0,17.0,10.9575,1,1,0.3333,0.09,0.3333,0.25,0.7778,0.8,-0.3,166.0,60.0,0,0,21.7738,2019,2019,2019.0,0,2010,2010,2000,205d2c1e656fe002,M,10.78,1
11.09,11.486,11.32,0.3753,0.0327,12.04,0.95,11.3,11.68,11.065,11.482,11.265,0.4167,0.0363,12.08,1.015,11.26,11.74,-0.0103,0.3352,-0.0383,0.21,0.23,0.103,5,4,3,2.0,16.0,16.0,2.4513,0,0,0.0,0.0,0.0,0.08,1.0183,0.8,-1.0,,,1,1,,2023,2025,2023.6,2,2020,2020,2005,4efccdf689aacb19,M,11.01,0
11.77,11.92,11.92,0.2121,0.0178,12.07,0.3,11.845,11.995,11.76,11.875,11.875,0.1626,0.0137,11.99,0.23,11.8175,11.9325,,,,0.3,0.0,1.5654,2,2,1,0.0,18.0,18.0,10.4357,0,0,0.0,0.0,0.0,0.9,0.9899,0.9,0.0,,,1,1,,2023,2023,2023.0,0,2020,2020,2005,a1a681795f71c128,M,11.77,0
10.92,11.18,11.24,0.1512,0.0135,11.29,0.37,11.18,11.27,10.89,11.179,11.23,0.1653,0.0148,11.29,0.4,11.205,11.28,0.0178,0.1355,0.0244,0.32,0.37,0.3468,5,5,2,1.0,17.0,17.0,5.4191,1,3,0.6,-0.1667,0.0,0.02,0.4147,0.4,-0.35,,,1,1,,2023,2024,2023.2,1,2020,2020,2005,d97467ed90f1acc9,M,10.92,0
12.56,12.78,12.76,0.2054,0.0161,13.04,0.48,12.6575,12.8825,12.56,12.789,12.781,0.1978,0.0155,13.034,0.474,12.689,12.881,-0.3123,0.1193,-0.2749,0.48,0.27,0.4726,4,4,2,1.0,17.0,18.0,3.938,1,2,0.5,0.17,0.25,-0.2,0.4359,0.1,-0.7,,,1,1,,2022,2023,2022.75,1,2020,2020,2005,2906bd0ecf98f2f1,F,12.4,0
12.14,12.4,12.52,0.2254,0.0182,12.54,0.4,12.33,12.53,12.14,12.4183,12.52,0.2439,0.0196,12.595,0.455,12.33,12.5575,-0.9234,0.0311,-0.9745,0.38,0.0,0.8568,3,3,1,0.0,17.0,18.0,6.7639,1,1,0.3333,0.39,0.6667,-1.1,0.0,0.0,-1.1,,,1,1,,2023,2023,2023.0,0,2020,2020,2005,afa257de342e9dd0,M,11.9,0
11.06,11.085,11.085,0.0354,0.0032,11.11,0.05,11.0725,11.0975,11.01,11.0375,11.0375,0.0389,0.0035,11.065,0.055,11.0238,11.0512,,,,0.0,0.05,0.0,2,2,1,0.0,18.0,18.0,22.1364,1,2,1.0,0.0,0.0,0.95,0.0707,0.95,0.0,,,1,1,,2023,2023,2023.0,0,2020,2020,2005,d8936e7ac21ef9c6,M,10.85,0
12.12,12.2,12.2,0.1131,0.0093,12.28,0.16,12.16,12.24,12.135,12.21,12.21,0.1061,0.0087,12.285,0.15,12.1725,12.2475,,,,0.16,0.0,1.6233,2,2,1,0.0,18.0,18.0,20.2917,0,0,0.0,0.0,0.0,-0.2,0.1414,0.0,-0.2,,,1,1,,2023,2023,2023.0,0,2020,2020,2005,897002c68c3d2291,M,12.12,0
11.71,11.745,11.745,0.0495,0.0042,11.78,0.07,11.7275,11.7625,11.73,11.73,11.73,0.0,0.0,11.73,0.0,11.73,11.73,,,,0.0,0.07,0.0,2,2,1,0.0,16.0,16.0,5.4925,0,0,0.0,0.0,0.0,0.3,0.9899,1.0,-0.4,,,1,1,,2022,2022,2022.0,0,2020,2020,2005,0c59958e4215af58,M,11.71,0
11.97,11.98,11.98,0.0141,0.0012,11.99,0.02,11.975,11.985,11.96,11.9975,11.9975,0.053,0.0044,12.035,0.075,11.9788,12.0162,,,,0.02,0.0,0.2922,2,2,1,0.0,17.0,17.0,29.22,1,2,1.0,0.0,0.0,-0.35,0.7778,0.2,-0.9,,,1,1,,2023,2023,2023.0,0,2020,2020,2005,1720cbc3b3e32f80,M,11.97,0
11.53,11.665,11.665,0.1909,0.0164,11.8,0.27,11.5975,11.7325,11.53,11.6525,11.6525,0.1732,0.0149,11.775,0.245,11.5912,11.7138,,,,0.27,0.0,0.0962,2,2,2,3.0,15.0,18.0,0.7127,1,2,1.0,0.0,0.5,0.5,0.0,0.5,0.0,,,1,1,,2022,2025,2023.5,3,2020,2020,2005,80f5048c9337620a,M,11.53,0
11.65,11.8133,11.82,0.1601,0.0136,11.97,0.32,11.735,11.895,11.65,11.79,11.775,0.1481,0.0126,11.945,0.295,11.7125,11.86,-0.2444,0.0711,-0.2062,0.17,0.0,0.1706,3,3,2,1.0,16.0,17.0,3.0103,1,2,0.6667,0.235,0.3333,0.7,0.2828,0.7,0.0,,,1,1,,2023,2024,2023.3333,1,2020,2020,2005,f0530eaf42608e9f,M,11.65,0
11.67,11.71,11.71,0.0566,0.0048,11.75,0.08,11.69,11.73,11.62,11.6825,11.6825,0.0884,0.0076,11.745,0.125,11.6512,11.7137,,,,0.08,0.0,0.3359,2,2,1,0.0,17.0,18.0,8.3966,1,1,0.5,-0.08,0.0,0.55,0.6364,0.55,0.0,,,1,1,,2022,2022,2022.0,0,2020,2020,2005,2a561256eddf98fa,M,11.6,0
12.06,12.342,12.27,0.2882,0.0234,12.83,0.77,12.26,12.29,12.078,12.3516,12.272,0.3059,0.0248,12.878,0.8,12.242,12.288,-2.5748,0.0912,-2.4753,0.77,0.21,2.6284,5,3,1,0.0,16.0,16.0,17.0678,1,2,0.4,0.3033,0.0,-0.16,0.4669,0.3,-0.4667,166.0,53.0,0,0,19.2336,2019,2019,2019.0,0,2010,2010,2000,824bde8938051f8e,F,12.06,1
13.21,13.456,13.59,0.2211,0.0164,13.65,0.44,13.22,13.61,13.198,13.4464,13.548,0.2093,0.0156,13.646,0.448,13.244,13.596,-0.3479,0.0873,-0.2993,0.38,0.01,0.3281,5,3,2,1.0,16.0,18.0,4.3174,1,2,0.4,0.0933,0.0,0.16,0.9127,0.95,-0.3667,,,1,1,,2022,2023,2022.6,1,2020,2020,2005,5c54ae6b734d41b1,F,13.21,0
11.25,11.74,11.77,0.3775,0.0322,12.17,0.92,11.625,11.885,11.225,11.7462,11.795,0.3916,0.0333,12.17,0.945,11.6188,11.9225,-0.6183,0.0712,-0.6652,0.92,0.0,0.6576,4,4,2,1.0,16.0,18.0,2.8591,1,3,0.75,-0.6533,0.0,-0.125,0.6292,0.5,-1.0,,,1,1,,2023,2024,2023.25,1,2020,2020,2005,82b1583122d8d20f,M,11.0,0
12.81,12.99,12.83,0.2285,0.0176,13.25,0.44,12.83,13.23,12.816,12.99,12.842,0.2244,0.0173,13.292,0.476,12.83,13.17,-0.3558,0.0419,-0.301,0.42,0.02,0.3424,5,5,2,1.0,17.0,18.0,4.0765,1,2,0.4,0.2833,0.0,0.0,0.6205,1.0,-0.3333,,,1,1,,2022,2023,2022.6,1,2020,2020,2005,ebc95582f8b25435,F,12.57,0
13.01,13.19,13.06,0.2696,0.0204,13.5,0.49,13.035,13.28,13.022,13.194,13.072,0.2558,0.0194,13.488,0.466,13.047,13.28,-0.4923,0.0204,-0.4669,0.49,0.05,0.5188,3,2,2,1.0,16.0,17.0,3.1761,0,0,0.0,0.0,0.0,-0.0667,0.2309,0.2,-0.2,,,1,1,,2022,2023,2022.6667,1,2020,2020,2005,42d714714425a50a,F,12.45,0
12.06,12.9575,12.81,0.8707,0.0672,14.15,2.09,12.5925,13.175,12.145,12.9288,12.715,0.8527,0.066,14.14,1.995,12.5238,13.12,-0.7185,0.0334,-0.6956,2.09,0.0,0.7195,4,4,3,3.0,13.0,16.0,1.377,1,1,0.25,0.1433,0.0,0.575,1.7633,1.3333,-1.7,,,1,1,,2022,2025,2023.75,3,2020,2020,2005,439fd946499b9e74,M,12.06,0
12.13,12.2467,12.25,0.115,0.0094,12.36,0.23,12.19,12.305,12.15,12.2617,12.2,0.1522,0.0124,12.435,0.285,12.175,12.3175,0.6664,0.0211,0.7414,0.0,0.23,0.0,3,3,1,0.0,17.0,17.0,9.208,1,2,0.6667,-0.175,0.0,-0.3,1.253,1.0,-0.95,,,1,1,,2023,2023,2023.0,0,2020,2020,2005,5d1018183d6c1ecb,M,12.13,0
12.94,13.17,13.165,0.1531,0.0116,13.42,0.48,13.1425,13.1875,12.952,13.198,13.174,0.162,0.0123,13.42,0.468,13.147,13.291,0.0439,0.1398,0.1427,0.2,0.25,0.2736,6,5,2,1.0,17.0,17.0,8.2079,1,4,0.6667,-0.1575,0.3333,-0.7,1.0739,0.0,-0.9333,,,1,1,,2023,2024,2023.5,1,2020,2020,2005,6bcbe0ea9bb4957f,F,12.76,0
11.88,12.12,12.135,0.1944,0.016,12.33,0.45,12.015,12.24,11.81,12.1075,12.1475,0.2244,0.0185,12.325,0.515,12.005,12.25,-2.1936,0.1374,-2.5888,0.45,0.0,4.4422,4,4,1,0.0,18.0,18.0,39.4865,1,2,0.5,-0.3,0.0,0.25,0.7853,0.75,-0.25,,,1,1,,2023,2023,2023.0,0,2020,2020,2005,eacf14f14136f052,M,11.88,0
13.01,13.04,13.04,0.0424,0.0033,13.07,0.06,13.025,13.055,12.986,13.007,13.007,0.0297,0.0023,13.028,0.042,12.9965,13.0175,,,,0.0,0.06,0.0,2,1,1,0.0,18.0,18.0,2.0,1,1,0.5,-0.06,0.0,0.55,0.2121,0.55,0.0,,,1,1,,2024,2024,2024.0,0,2020,2020,2005,2fc046a06fd5309f,F,12.88,0
12.55,12.7,12.74,0.1345,0.0106,12.81,0.26,12.645,12.775,12.55,12.698,12.734,0.1337,0.0105,12.81,0.26,12.642,12.772,1.1694,0.0273,1.1542,0.0,0.26,0.0,3,3,1,0.0,17.0,17.0,15.4331,1,2,0.6667,0.06,0.3333,0.05,0.0707,0.1,0.0,,,1,1,,2023,2023,2023.0,0,2020,2020,2005,4628b358dee192e0,F,12.55,0
11.66,11.67,11.67,0.0141,0.0012,11.68,0.02,11.665,11.675,11.6,11.675,11.675,0.1061,0.0091,11.75,0.15,11.6375,11.7125,,,,0.0,0.02,0.0,2,2,1,0.0,18.0,18.0,5.4925,1,1,0.5,-0.02,0.0,-0.1,1.8385,1.2,-1.4,,,1,1,,2023,2023,2023.0,0,2020,2020,2005,356ecc57d5fcba66,M,11.66,0
11.11,11.4283,11.445,0.2565,0.0224,11.72,0.61,11.22,11.64,11.08,11.4175,11.4325,0.2908,0.0255,11.75,0.67,11.165,11.6588,-0.2629,0.1344,-0.298,0.61,0.23,0.3281,6,6,3,2.0,16.0,18.0,3.2275,1,1,0.1667,-0.35,0.0,0.2167,0.7441,0.8667,-0.4333,,,1,1,,2023,2025,2024.0,2,2020,2020,2005,d3ab7e1ac2e4ee8d,M,11.11,0
10.86,11.0133,11.055,0.1031,0.0094,11.1,0.24,10.9425,11.0925,10.82,10.9992,11.0525,0.1151,0.0105,11.09,0.27,10.93,11.0812,0.1108,0.077,0.1098,0.05,0.24,0.0474,6,4,2,1.0,16.0,16.0,5.6922,1,1,0.1667,0.1667,0.0,0.2833,0.3601,0.4,-0.3,179.0,65.0,0,0,20.2865,2023,2024,2023.3333,1,2020,2020,2005,b16a024446498a9e,M,10.83,1
12.57,12.6975,12.715,0.0991,0.0078,12.79,0.22,12.645,12.7675,12.54,12.777,12.787,0.1927,0.0151,12.994,0.454,12.678,12.886,0.8633,0.0423,1.6616,0.1,0.19,0.5371,4,4,1,0.0,17.0,17.0,21.4853,1,4,1.0,0.0,0.0,-1.325,1.8482,0.5,-1.9333,,,1,1,,2023,2023,2023.0,0,2020,2020,2005,a6aa10d1d728426c,F,12.07,0
11.28,11.3333,11.31,0.0681,0.006,11.41,0.13,11.295,11.36,11.23,11.365,11.41,0.1191,0.0105,11.455,0.225,11.32,11.4325,-0.1721,0.0307,-0.3286,0.13,0.0,0.2056,3,3,1,1.0,17.0,18.0,4.7435,0,0,0.0,0.0,0.3333,-0.95,2.7577,1.0,-2.9,,,1,1,,2023,2023,2023.0,0,2020,2020,2005,b6e6fb67a3636d67,M,11.28,0
10.47,10.56,10.56,0.0797,0.0075,10.68,0.21,10.51,10.58,10.54,10.602,10.57,0.0764,0.0072,10.715,0.175,10.54,10.645,-0.0906,0.0515,-0.0633,0.21,0.04,0.1776,5,4,2,1.0,17.0,18.0,4.2274,1,2,0.4,0.075,0.0,-0.84,0.503,0.0,-0.84,,,1,1,,2024,2025,2024.6,1,2020,2020,2005,3d1ebc1b9e88ad39,M,10.4,0
11.56,12.0967,12.155,0.3075,0.0254,12.39,0.83,11.9975,12.32,11.59,12.0892,12.135,0.3079,0.0255,12.41,0.82,11.9488,12.3175,-0.3849,0.1828,-0.4403,0.83,0.0,0.6137,6,6,2,1.0,16.0,18.0,4.4362,0,0,0.0,0.0,0.1667,0.18,0.8258,1.05,-0.4,,,1,1,,2022,2023,2022.5,1,2020,2020,2005,81341f466282060d,M,11.56,0
10.92,11.1983,11.22,0.1644,0.0147,11.38,0.46,11.1425,11.305,10.92,11.1783,11.22,0.1664,0.0149,11.38,0.46,11.0875,11.27,-0.0569,0.1439,-0.0996,0.46,0.41,0.2654,6,5,3,2.0,16.0,17.0,3.4621,1,2,0.3333,0.185,0.3333,0.6,0.7303,0.8667,-0.2,,,1,1,,2022,2024,2022.6667,2,2020,2020,2005,e6ad74eb257b5d21,M,10.92,0
11.16,11.45,11.49,0.2256,0.0197,11.76,0.6,11.32,11.52,11.165,11.426,11.47,0.2312,0.0202,11.76,0.595,11.255,11.48,-0.3773,0.0942,-0.3987,0.6,0.16,0.5268,5,5,2,1.0,17.0,18.0,4.39,1,2,0.4,-0.3167,0.0,0.48,0.6301,0.8333,-0.1,,,1,1,,2023,2024,2023.4,1,2020,2020,2005,23a8b62adebc143b,M,11.16,0
11.13,11.5025,11.42,0.2595,0.0226,11.93,0.8,11.3075,11.695,11.11,11.51,11.4475,0.2724,0.0237,11.96,0.85,11.295,11.7138,-0.2952,0.09,-0.3105,0.76,0.0,0.3568,12,7,3,2.0,14.0,16.0,5.6337,1,5,0.4167,-0.0574,0.0,-0.15,0.4815,0.4,-0.6,,,1,1,,2023,2025,2024.0,2,2020,2020,2005,51032d2cc2e61c0b,M,11.13,0
12.81,13.205,13.18,0.3726,0.0282,13.74,0.93,12.8875,13.4425,12.758,13.194,13.201,0.3908,0.0296,13.74,0.982,12.8605,13.438,0.554,0.2807,0.5484,0.02,0.68,0.0187,6,5,2,1.0,15.0,16.0,5.6192,1,3,0.5,0.1567,0.1667,0.22,0.6611,0.6,-0.35,,,1,1,,2024,2025,2024.6667,1,2020,2020,2005,f161984c09e08b13,F,12.81,0
11.74,12.755,12.755,1.4354,0.1125,13.77,2.03,12.2475,13.2625,11.73,12.755,12.755,1.4496,0.1136,13.78,2.05,12.2425,13.2675,,,,0.0,2.03,0.0,2,2,1,0.0,17.0,17.0,10.2887,1,1,0.5,2.03,0.0,0.0,0.2828,0.2,-0.2,,,1,1,,2023,2023,2023.0,0,2020,2020,2005,caa12f85de257f4e,M,11.74,0
13.38,14.145,14.145,1.0819,0.0765,14.91,1.53,13.7625,14.5275,13.38,14.103,14.103,1.0225,0.0725,14.826,1.446,13.7415,14.4645,,,,0.0,1.53,0.0,2,2,1,0.0,18.0,18.0,12.8158,0,0,0.0,0.0,0.5,1.4,0.0,1.4,0.0,,,1,1,,2023,2023,2023.0,0,2020,2020,2005,cc90c7fa5691ebce,F,13.31,0
11.95,12.03,12.03,0.1131,0.0094,12.11,0.16,11.99,12.07,11.9,12.005,12.005,0.1485,0.0124,12.11,0.21,11.9525,12.0575,,,,0.16,0.0,1.0253,2,2,1,0.0,17.0,18.0,12.8158,0,0,0.0,0.0,0.5,1.0,0.0,1.0,0.0,,,1,1,,2023,2023,2023.0,0,2020,2020,2005,4df8b3a2a6fee511,M,11.78,0
11.7,11.84,11.84,0.198,0.0167,11.98,0.28,11.77,11.91,11.68,11.83,11.83,0.2121,0.0179,11.98,0.3,11.755,11.905,,,,0.28,0.0,1.9667,2,2,1,0.0,18.0,18.0,14.0481,1,1,0.5,-0.28,0.5,0.4,0.0,0.4,0.0,,,1,1,,2023,2023,2023.0,0,2020,2020,2005,cab89d65419da8de,M,11.7,0
11.0,12.635,11.17,2.817,0.223,18.1,7.1,11.1075,12.5525,10.975,12.6481,11.2025,2.8261,0.2234,18.145,7.17,11.09,12.59,-0.2217,2.6327,-0.2705,0.16,0.0,0.1124,8,6,2,1.0,17.0,18.0,5.6192,1,4,0.5,-2.935,0.375,-0.42,0.9039,0.55,-1.0667,,,1,1,,2023,2024,2023.125,1,2020,2020,2005,4e0b1a3b4f55ef83,M,11.0,0
11.92,12.07,12.05,0.1609,0.0133,12.24,0.32,11.985,12.145,11.905,12.0467,11.995,0.1734,0.0144,12.24,0.335,11.95,12.1175,0.034,0.1312,0.146,0.13,0.0,0.3024,3,3,1,0.0,17.0,17.0,6.9793,0,0,0.0,0.0,0.3333,0.7,0.5657,0.7,0.0,,,1,1,,2022,2022,2022.0,0,2020,2020,2005,ac76639152ac0a7e,M,11.92,0
11.62,11.655,11.655,0.0495,0.0042,11.69,0.07,11.6375,11.6725,11.51,11.6,11.6,0.1273,0.011,11.69,0.18,11.555,11.645,,,,0.07,0.0,0.4486,2,2,1,0.0,17.0,18.0,12.8158,0,0,0.0,0.0,0.5,2.2,0.0,2.2,0.0,,,1,1,,2023,2023,2023.0,0,2020,2020,2005,93ba014082bc9bcd,M,11.62,0
11.56,11.72,11.6,0.2433,0.0208,12.0,0.44,11.58,11.8,11.56,11.7217,11.605,0.2421,0.0207,12.0,0.44,11.5825,11.8025,-0.3193,0.132,-0.3208,0.44,0.0,0.4028,3,3,2,1.0,17.0,18.0,2.7462,1,1,0.3333,0.24,0.6667,-0.1,0.0,0.0,-0.1,,,1,1,,2022,2023,2022.3333,1,2020,2020,2005,3314c5f55975939a,M,11.56,0
10.78,11.0375,11.0,0.2701,0.0245,11.37,0.59,10.84,11.1975,10.785,11.035,10.99,0.2752,0.0249,11.375,0.59,10.8262,11.1988,-2.8261,0.088,-2.8942,0.36,0.08,2.3068,4,3,1,0.0,17.0,18.0,25.6316,1,2,0.5,0.075,0.0,0.05,0.238,0.4,-0.1,,,1,1,,2023,2023,2023.0,0,2020,2020,2005,fb746d34e7997774,M,10.78,0
11.37,11.6767,11.75,0.2774,0.0238,11.91,0.54,11.56,11.83,11.28,11.6267,11.73,0.3083,0.0265,11.87,0.59,11.505,11.8,0.2852,0.1699,0.2935,0.38,0.54,0.325,3,3,2,1.0,16.0,16.0,2.5662,0,0,0.0,0.0,0.0,1.0,0.7211,1.0,0.0,,,1,1,,2023,2024,2023.3333,1,2020,2020,2005,df76d4e8eeba77b4,M,11.37,0
11.66,11.85,11.85,0.2687,0.0227,12.04,0.38,11.755,11.945,11.63,11.8425,11.8425,0.3005,0.0254,12.055,0.425,11.7362,11.9488,,,,0.38,0.0,0.6196,2,2,1,1.0,17.0,17.0,3.2612,0,0,0.0,0.0,0.0,0.15,0.6364,0.6,-0.3,,,1,1,,2023,2023,2023.0,0,2020,2020,2005,80e099250d3a3179,M,11.66,0
11.22,11.225,11.225,0.0071,0.0006,11.23,0.01,11.2225,11.2275,11.17,11.1875,11.1875,0.0247,0.0022,11.205,0.035,11.1788,11.1962,,,,0.01,0.0,1.8262,2,2,1,0.0,17.0,17.0,365.25,1,1,0.5,-0.01,0.0,0.75,0.3536,0.75,0.0,,,1,1,,2024,2024,2024.0,0,2020,2020,2005,f3b6537b1eb63846,M,11.22,0
12.41,12.85,12.865,0.2466,0.0192,13.19,0.78,12.71,12.99,12.278,12.8338,12.865,0.278,0.0217,13.19,0.912,12.707,13.0125,-0.2058,0.1662,-0.2112,0.74,0.33,0.2761,10,6,3,3.0,15.0,18.0,3.7308,1,4,0.4,-0.2615,0.4,0.45,0.9225,0.8,-0.5,,,1,1,,2020,2023,2022.4,3,2020,2020,2005,d6e3b79a29e48466,F,12.41,0
12.17,12.2767,12.31,0.0945,0.0077,12.35,0.18,12.24,12.33,12.146,12.2647,12.298,0.106,0.0086,12.35,0.204,12.222,12.324,,,,0.0,0.18,0.0,3,1,1,0.0,17.0,17.0,3.0,1,1,0.3333,0.14,0.0,0.2,0.2,0.3,0.0,,,1,1,,2024,2024,2024.0,0,2020,2020,2005,736683a8122876b1,F,12.15,0
14.04,14.4375,14.54,0.2728,0.0189,14.63,0.59,14.37,14.6075,14.04,14.436,14.54,0.2714,0.0188,14.624,0.584,14.37,14.606,-0.3848,0.1559,-0.3815,0.56,0.44,0.6069,4,2,2,1.0,15.0,16.0,4.3353,1,2,0.5,-0.205,0.5,0.05,0.0707,0.1,0.0,167.0,56.0,0,0,20.0796,2023,2024,2023.5,1,2020,2020,2005,378c5aa45708afb0,F,14.04,1
11.47,11.8329,11.89,0.2245,0.019,12.12,0.65,11.695,11.98,11.495,11.8293,11.85,0.2264,0.0191,12.125,0.63,11.675,11.9925,-0.2788,0.1253,-0.2808,0.42,0.0,0.2884,7,7,2,1.0,16.0,18.0,4.8059,1,2,0.2857,-0.115,0.0,0.0714,0.6157,0.6333,-0.35,,,1,1,,2023,2024,2023.4286,1,2020,2020,2005,18655558763af50a,M,11.33,0
11.6,11.725,11.725,0.1768,0.0151,11.85,0.25,11.6625,11.7875,11.565,11.71,11.71,0.2051,0.0175,11.855,0.29,11.6375,11.7825,,,,0.0,0.25,0.0,2,2,1,0.0,18.0,18.0,8.0275,0,0,0.0,0.0,0.0,0.3,0.5657,0.7,-0.1,,,1,1,,2023,2023,2023.0,0,2020,2020,2005,58b4aecd761307f8,M,11.47,0
12.24,12.25,12.25,0.01,0.0008,12.26,0.02,12.245,12.255,12.2,12.2367,12.24,0.0351,0.0029,12.27,0.07,12.22,12.255,0.0385,0.0027,0.0147,0.0,0.02,0.0,3,3,1,0.0,18.0,18.0,6.4837,1,3,1.0,0.0,0.0,0.2667,0.6429,1.0,-0.2,,,1,1,,2023,2023,2023.0,0,2020,2020,2005,9472687160f15d1a,M,12.12,0
11.59,11.7,11.7,0.1556,0.0133,11.81,0.22,11.645,11.755,11.5,11.67,11.67,0.2404,0.0206,11.84,0.34,11.585,11.755,,,,0.22,0.0,16.071,2,2,1,0.0,17.0,17.0,146.1,1,1,0.5,-0.22,0.0,0.6,1.6971,1.8,-0.6,,,1,1,,2023,2023,2023.0,0,2020,2020,2005,d5ff85b13149a041,M,11.59,0
10.76,10.765,10.765,0.0071,0.0007,10.77,0.01,10.7625,10.7675,10.74,10.7575,10.7575,0.0247,0.0023,10.775,0.035,10.7488,10.7662,,,,0.0,0.01,0.0,2,2,1,0.0,18.0,18.0,56.1923,1,1,0.5,0.01,0.0,0.15,0.6364,0.6,-0.3,,,1,1,,2023,2023,2023.0,0,2020,2020,2005,159ed3f81b0f9405,M,10.76,0
11.89,12.135,12.135,0.3465,0.0286,12.38,0.49,12.0125,12.2575,11.925,12.1525,12.1525,0.3217,0.0265,12.38,0.455,12.0388,12.2663,,,,0.49,0.0,1.0913,2,2,2,0.0,17.0,18.0,4.4543,0,0,0.0,0.0,0.5,-0.7,0.0,0.0,-0.7,,,1,1,,2022,2023,2022.5,1,2020,2020,2005,6c236591b1860d4d,M,11.89,0
11.74,11.775,11.775,0.0351,0.003,11.81,0.07,11.7475,11.8025,11.71,11.7438,11.7525,0.0229,0.0019,11.76,0.05,11.74,11.7563,0.0508,0.0298,0.1226,0.0,0.01,0.0,4,4,1,0.0,16.0,16.0,12.5948,1,2,0.5,-0.01,0.0,0.625,0.45,0.8333,0.0,,,1,1,,2023,2023,2023.0,0,2020,2020,2005,a7861072254b2f98,M,11.74,0
11.62,11.635,11.635,0.0212,0.0018,11.65,0.03,11.6275,11.6425,11.58,11.6025,11.6025,0.0318,0.0027,11.625,0.045,11.5912,11.6138,,,,0.0,0.03,0.0,2,2,1,0.0,17.0,17.0,7.0922,0,0,0.0,0.0,0.0,0.65,0.2121,0.65,0.0,,,1,1,,2023,2023,2023.0,0,2020,2020,2005,791fd95af6aad1e3,M,11.62,0
11.59,11.595,11.595,0.0071,0.0006,11.6,0.01,11.5925,11.5975,11.6,11.65,11.65,0.0707,0.0061,11.7,0.1,11.625,11.675,,,,0.0,0.01,0.0,2,1,1,0.0,17.0,17.0,2.0,1,1,0.5,0.01,0.0,-1.1,1.5556,0.0,-2.2,,,1,1,,2023,2023,2023.0,0,2020,2020,2005,c6f2e67b4d720a78,M,11.48,0
12.9,13.0767,13.05,0.1914,0.0146,13.28,0.38,12.975,13.165,12.768,13.0327,13.05,0.2564,0.0197,13.28,0.512,12.909,13.165,-1.9544,0.0612,-2.3773,0.38,0.15,2.435,3,2,1,0.0,18.0,18.0,19.2237,1,1,0.3333,0.04,0.3333,1.1,1.5556,2.2,0.0,,,1,1,,2023,2023,2023.0,0,2020,2020,2005,e951231e3ab78cea,F,12.9,0
11.42,11.4733,11.47,0.0551,0.0048,11.53,0.11,11.445,11.5,11.45,11.4983,11.515,0.0425,0.0037,11.53,0.08,11.4825,11.5225,-0.3896,0.0245,-0.3531,0.05,0.0,0.2435,3,2,1,0.0,18.0,18.0,14.61,1,1,0.3333,-0.085,0.0,-0.5,0.4583,0.0,-0.75,,,1,1,,2023,2023,2023.0,0,2020,2020,2005,9d8b537bc2a0ebb1,M,10.58,0
11.19,11.4867,11.61,0.2581,0.0225,11.66,0.47,11.4,11.635,11.19,11.4817,11.595,0.2547,0.0222,11.66,0.47,11.3925,11.6275,-0.5946,0.0111,-0.5854,0.47,0.0,0.6109,3,3,2,1.0,17.0,18.0,3.8995,1,1,0.3333,0.445,0.3333,0.15,0.2121,0.3,0.0,,,1,1,,2021,2022,2021.3333,1,2020,2020,2000,ae08f442422cfb32,M,11.09,0
11.71,11.76,11.78,0.0436,0.0037,11.79,0.08,11.745,11.785,11.685,11.7667,11.805,0.0708,0.006,11.81,0.125,11.745,11.8075,0.0361,0.0329,0.0696,0.08,0.07,0.0987,3,3,2,1.0,16.0,16.0,3.7019,1,1,0.3333,-0.045,0.0,-0.1333,0.5508,0.5,-0.45,,,1,1,,2023,2024,2023.3333,1,2020,2020,2005,fdf9becb48d7e313,M,11.71,0
13.13,13.395,13.32,0.2908,0.0217,13.81,0.68,13.2725,13.4425,13.1,13.4835,13.383,0.4119,0.0305,14.068,0.968,13.31,13.5565,0.5295,0.0929,0.7377,0.19,0.68,0.1876,4,3,2,1.0,15.0,15.0,3.9486,0,0,0.0,0.0,0.0,-1.475,2.0205,0.5,-2.1333,,,1,1,,2024,2025,2024.25,1,2020,2020,2005,7a1ca99b88cdde55,F,13.13,0
11.62,11.765,11.785,0.1109,0.0094,11.87,0.25,11.71,11.84,11.615,11.7625,11.775,0.1159,0.0099,11.885,0.27,11.705,11.8325,-0.2102,0.0355,-0.1955,0.25,0.0,0.2244,4,4,2,1.0,17.0,18.0,3.5897,1,2,0.5,-0.04,0.0,0.05,0.2517,0.1667,-0.3,,,1,1,,2023,2024,2023.5,1,2020,2020,2005,e31607f6cc76c99e,M,11.62,0
11.29,11.375,11.375,0.1202,0.0106,11.46,0.17,11.3325,11.4175,11.325,11.3975,11.3975,0.1025,0.009,11.47,0.145,11.3612,11.4338,,,,0.0,0.17,0.0,2,2,1,0.0,18.0,18.0,146.1,1,1,0.5,0.17,0.0,-0.45,0.3536,0.0,-0.45,,,1,1,,2023,2023,2023.0,0,2020,2020,2005,fbee6eff004a8b9e,M,11.29,0
13.33,13.345,13.345,0.0212,0.0016,13.36,0.03,13.3375,13.3525,13.3,13.339,13.339,0.0552,0.0041,13.378,0.078,13.3195,13.3585,,,,0.0,0.03,0.0,2,1,1,0.0,18.0,18.0,2.0,1,1,0.5,-0.03,0.0,0.1,0.5657,0.5,-0.3,,,1,1,,2022,2022,2022.0,0,2020,2020,2000,ad679b2c541fad6c,F,13.33,0
12.33,12.5355,12.52,0.1378,0.011,12.69,0.36,12.43,12.665,12.282,12.5175,12.514,0.1673,0.0134,12.732,0.45,12.365,12.664,0.424,0.0923,0.5676,0.0,0.34,0.0,11,9,1,1.0,17.0,17.0,17.6993,1,6,0.5455,-0.109,0.0909,0.33,0.7349,0.6571,-0.65,,,1,1,,2022,2022,2022.0,0,2020,2020,2005,ae77a55e1c99d4b7,F,12.33,0
12.6,12.842,12.93,0.1974,0.0154,13.01,0.41,12.66,13.01,12.594,12.8348,12.9,0.1963,0.0153,13.01,0.416,12.66,13.01,-0.2152,0.1275,-0.1988,0.33,0.06,0.2296,5,3,2,1.0,16.0,18.0,3.4786,1,2,0.4,0.0117,0.2,0.15,0.238,0.3,0.0,,,1,1,,2021,2022,2021.6,1,2020,2020,2005,8f4099161f0e6b31,F,12.6,0
11.7,11.91,11.9,0.1305,0.011,12.12,0.42,11.81,12.01,11.68,11.9181,11.905,0.1353,0.0114,12.135,0.455,11.84,12.02,0.0396,0.1224,0.0404,0.17,0.42,0.0878,13,11,3,2.0,15.0,16.0,6.7161,1,6,0.4615,-0.1233,0.0,-0.1615,0.2631,0.3,-0.27,,,1,1,,2023,2025,2023.7692,2,2020,2020,2005,c1c0b2df15b54a02,M,11.7,0
12.8,13.0,13.05,0.1393,0.0107,13.1,0.3,12.9575,13.0925,12.776,13.039,13.082,0.1864,0.0143,13.216,0.44,13.0055,13.1155,-0.0733,0.1148,-0.1905,0.21,0.3,0.1927,4,3,2,1.0,17.0,18.0,3.6709,1,1,0.25,-0.0133,0.0,-0.65,1.2124,0.35,-1.65,,,1,1,,2023,2024,2023.5,1,2020,2020,2005,5a4e2cad32eba824,F,12.66,0
11.85,11.86,11.86,0.0141,0.0012,11.87,0.02,11.855,11.865,11.85,11.865,11.865,0.0212,0.0018,11.88,0.03,11.8575,11.8725,,,,0.02,0.0,0.0624,2,2,1,0.0,17.0,17.0,6.2436,0,0,0.0,0.0,0.0,-0.1,0.1414,0.0,-0.2,,,1,1,,2024,2024,2024.0,0,2020,2020,2005,69893ca5074f2b15,M,11.69,0
12.61,13.0067,12.975,0.2728,0.021,13.46,0.85,12.955,13.0475,12.622,13.0407,13.014,0.2745,0.021,13.472,0.85,12.988,13.1105,-0.693,0.159,-0.7261,0.85,0.0,0.9494,6,6,2,1.0,17.0,18.0,6.7018,1,5,0.8333,-0.068,0.0,-0.5667,0.3724,0.0,-0.5667,,,1,1,,2024,2025,2024.3333,1,2020,2020,2005,92a843c37c6c512c,F,12.57,0
12.41,12.85,12.865,0.2466,0.0192,13.19,0.78,12.71,12.99,12.278,12.8338,12.865,0.278,0.0217,13.19,0.912,12.707,13.0125,-0.2058,0.1662,-0.2112,0.74,0.33,0.2761,10,6,3,3.0,15.0,18.0,3.7308,1,4,0.4,-0.2615,0.4,0.45,0.9225,0.8,-0.5,,,1,1,,2020,2023,2022.4,3,2020,2020,2005,542655136cd4f5ca,F,12.41,0
11.92,12.135,12.105,0.2392,0.0197,12.41,0.49,11.9425,12.2975,11.865,12.125,12.1125,0.2534,0.0209,12.41,0.545,11.94,12.2975,-0.3841,0.1036,-0.4454,0.49,0.03,0.3824,4,4,2,1.0,16.0,17.0,3.1218,0,0,0.0,0.0,0.5,0.4,1.8385,1.7,-0.9,,,1,1,,2022,2023,2022.75,1,2020,2020,2005,a503ab9fe371157c,M,11.92,0
11.44,11.53,11.53,0.1273,0.011,11.62,0.18,11.485,11.575,11.57,11.6,11.6,0.0424,0.0037,11.63,0.06,11.585,11.615,,,,0.18,0.0,0.1801,2,2,2,1.0,16.0,17.0,2.0014,0,0,0.0,0.0,0.0,-1.4,1.6971,0.0,-1.4,,,1,1,,2024,2025,2024.5,1,2020,2020,2005,43e9a613743c3e2d,M,11.44,0
11.81,12.275,12.035,0.6364,0.0518,13.54,1.73,11.985,12.205,11.79,12.2767,12.045,0.6417,0.0523,13.55,1.76,11.985,12.21,0.0066,0.582,0.0015,0.22,0.45,0.1196,6,5,3,2.0,15.0,16.0,3.2612,1,2,0.3333,0.195,0.0,-0.0333,0.3983,0.2667,-0.3333,,,1,1,,2023,2025,2023.6667,2,2020,2020,2005,19224ee82ead36f5,M,11.81,0
12.47,12.6917,12.61,0.2414,0.019,12.99,0.52,12.4975,12.91,12.476,12.6857,12.592,0.2408,0.019,13.01,0.534,12.496,12.883,-0.1849,0.0742,-0.1863,0.51,0.05,0.1914,6,5,3,3.0,15.0,18.0,2.2523,1,3,0.5,-0.0833,0.0,0.1,0.4243,0.4333,-0.2333,,,1,1,,2022,2025,2023.6667,3,2020,2020,2005,00bffa0c79f9c0da,F,12.47,0
11.57,11.735,11.735,0.2333,0.0199,11.9,0.33,11.6525,11.8175,11.565,11.7425,11.7425,0.251,0.0214,11.92,0.355,11.6537,11.8312,,,,0.33,0.0,0.9063,2,2,1,0.0,17.0,18.0,5.4925,0,0,0.0,0.0,0.0,-0.15,0.3536,0.1,-0.4,,,1,1,,2022,2022,2022.0,0,2020,2020,2005,db6b01605d48ca31,M,11.11,0
12.77,13.1044,13.16,0.1636,0.0125,13.26,0.49,13.12,13.21,12.836,13.1258,13.18,0.1593,0.0121,13.27,0.434,13.098,13.232,-0.0278,0.1494,0.0189,0.4,0.44,0.166,9,8,3,2.0,15.0,17.0,3.7355,1,3,0.3333,-0.1283,0.0,-0.3556,0.8589,0.6667,-0.8667,,,1,1,,2023,2025,2024.1111,2,2020,2020,2005,4bbd0a6c5f7c1410,F,12.77,0
11.37,11.43,11.43,0.0849,0.0074,11.49,0.12,11.4,11.46,11.32,11.42,11.42,0.1414,0.0124,11.52,0.2,11.37,11.47,,,,0.12,0.0,8.766,2,2,1,0.0,18.0,18.0,146.1,1,1,0.5,-0.12,0.0,0.2,1.1314,1.0,-0.6,,,1,1,,2023,2023,2023.0,0,2020,2020,2005,d6d08477ef578d75,M,11.37,0
11.3,11.7429,11.83,0.3733,0.0318,12.27,0.97,11.415,11.985,11.28,11.7307,11.79,0.3668,0.0313,12.255,0.975,11.4275,11.9675,-0.3451,0.1702,-0.3279,0.97,0.0,0.4352,7,6,3,2.0,16.0,18.0,3.141,1,5,0.7143,-0.249,0.1429,0.2833,0.5492,0.6,-0.35,,,1,1,,2022,2024,2023.0,2,2020,2020,2005,6798026a5726d505,M,11.3,0
11.84,11.97,12.01,0.1153,0.0096,12.06,0.22,11.925,12.035,11.84,11.9667,12.025,0.1098,0.0092,12.035,0.195,11.9325,12.03,1.1536,0.0015,1.0556,0.0,0.22,0.0,3,3,1,0.0,17.0,17.0,15.6536,1,1,0.3333,0.195,0.3333,0.1,0.8485,0.7,-0.5,,,1,1,,2023,2023,2023.0,0,2020,2020,2005,481e84edca8be9c6,M,11.84,0
11.11,11.185,11.185,0.1061,0.0095,11.26,0.15,11.1475,11.2225,11.15,11.2225,11.2225,0.1025,0.0091,11.295,0.145,11.1862,11.2587,,,,0.0,0.15,0.0,2,1,1,0.0,18.0,18.0,2.0,1,1,0.5,0.15,0.0,-0.75,0.0707,0.0,-0.75,,,1,1,,2024,2024,2024.0,0,2020,2020,2005,4e7996412245356e,M,10.69,0
12.11,12.2633,12.29,0.1419,0.0116,12.39,0.28,12.2,12.34,12.12,12.29,12.345,0.1502,0.0122,12.405,0.285,12.2325,12.375,-0.7704,0.0015,-0.8039,0.28,0.0,0.7689,3,3,1,0.0,16.0,16.0,8.2387,1,2,0.6667,0.19,0.0,-0.5333,0.4933,0.0,-0.5333,,,1,1,,2023,2023,2023.0,0,2020,2020,2005,fe25e4cd66d7a47f,M,12.11,0
11.14,11.3822,11.4,0.179,0.0157,11.67,0.53,11.25,11.48,11.02,11.3583,11.385,0.2199,0.0194,11.635,0.615,11.22,11.5,-0.1247,0.1379,-0.1547,0.31,0.26,0.1577,9,4,3,2.0,15.0,16.0,4.5783,1,3,0.3333,-0.14,0.0,0.4778,1.1144,1.0333,-0.6333,,,1,1,,2022,2024,2022.7778,2,2020,2020,2005,11f9b1728126a8f9,M,11.14,0
12.0,12.125,12.125,0.1768,0.0146,12.25,0.25,12.0625,12.1875,12.02,12.1575,12.1575,0.1945,0.016,12.295,0.275,12.0887,12.2262,,,,0.0,0.25,0.0,2,2,1,0.0,17.0,17.0,15.2188,0,0,0.0,0.0,0.0,-0.65,0.3536,0.0,-0.65,170.0,60.0,0,0,20.7612,2023,2023,2023.0,0,2020,2020,2005,c2dd07d8ffb20f9c,M,12.0,1
11.2,11.3025,11.285,0.1066,0.0094,11.44,0.24,11.23,11.3575,11.18,11.2562,11.2175,0.1064,0.0095,11.41,0.23,11.1875,11.2862,-0.2392,0.0414,-0.2065,0.13,0.04,0.1884,4,2,2,1.0,17.0,17.0,5.7976,0,0,0.0,0.0,0.0,0.925,0.6602,0.925,0.0,,,1,1,,2022,2023,2022.5,1,2020,2020,2005,579834e1273cf94f,M,10.84,0
11.47,11.665,11.665,0.2758,0.0236,11.86,0.39,11.5675,11.7625,11.47,11.66,11.66,0.2687,0.023,11.85,0.38,11.565,11.755,,,,0.0,0.39,0.0,2,2,1,0.0,17.0,17.0,7.4541,0,0,0.0,0.0,0.5,0.2,0.0,0.2,0.0,,,1,1,,2022,2022,2022.0,0,2020,2020,2005,2aaeef2d76963856,M,11.4,0
11.07,11.485,11.495,0.3353,0.0292,11.85,0.78,11.225,11.7725,11.07,11.4942,11.5025,0.3271,0.0285,11.85,0.78,11.2587,11.7725,-0.3117,0.2193,-0.2756,0.78,0.13,0.4284,6,5,3,2.0,16.0,18.0,3.2955,1,2,0.3333,0.06,0.5,-0.3667,1.7786,1.2,-2.3,,,1,1,,2022,2024,2023.3333,2,2020,2020,2005,1fc5a1c3c32ceeb3,M,11.07,0
11.64,11.8433,11.89,0.1845,0.0156,12.0,0.36,11.765,11.945,11.815,11.9083,11.9,0.0978,0.0082,12.01,0.195,11.8575,11.955,-0.1816,0.0393,-0.0845,0.36,0.0,0.2074,3,3,2,2.0,14.0,16.0,1.7283,1,1,0.3333,-0.235,0.0,-1.3,1.9053,0.0,-1.3,,,1,1,,2023,2025,2023.6667,2,2020,2020,2005,f2c2537cf26e67ac,M,11.64,0
11.45,13.49,13.49,2.885,0.2139,15.53,4.08,12.47,14.51,11.465,13.5,13.5,2.8779,0.2132,15.535,4.07,12.4825,14.5175,,,,0.0,4.08,0.0,2,1,1,0.0,18.0,18.0,2.0,0,0,0.0,0.0,0.0,-0.2,0.1414,0.0,-0.2,,,1,1,,2023,2023,2023.0,0,2020,2020,2005,e9a74d711606411f,M,11.3,0
11.42,12.0867,12.195,0.3364,0.0278,12.35,0.93,12.125,12.2425,11.44,12.0608,12.14,0.3198,0.0265,12.37,0.93,12.095,12.1812,-0.316,0.1812,-0.2833,0.93,0.0,0.4344,6,5,3,2.0,14.0,16.0,2.8024,1,3,0.5,0.2467,0.0,0.5167,1.0647,1.4,-0.3667,,,1,1,,2023,2025,2023.6667,2,2020,2020,2005,ab49f675f6f86558,M,11.42,0
12.75,13.0738,13.09,0.1971,0.0151,13.31,0.56,12.9325,13.23,12.714,13.0505,13.03,0.2017,0.0155,13.29,0.576,12.9325,13.2275,-0.1213,0.1674,-0.0846,0.36,0.19,0.1688,8,7,3,2.0,14.0,17.0,3.751,1,3,0.375,0.025,0.375,0.62,0.8198,1.0333,0.0,167.0,60.0,0,0,21.5139,2023,2025,2024.125,2,2020,2020,2005,21bbb909b85edec1,F,12.75,1
11.74,12.1067,12.16,0.3431,0.0283,12.42,0.68,11.95,12.29,11.74,12.1183,12.165,0.3573,0.0295,12.45,0.71,11.9525,12.3075,-0.2985,0.2375,-0.3215,0.68,0.42,0.5658,3,3,2,1.0,17.0,18.0,2.496,1,1,0.3333,0.55,0.3333,-0.35,0.3536,0.0,-0.35,,,1,1,,2021,2022,2021.6667,1,2020,2020,2005,8d175b380217dd7a,M,11.74,0
12.73,13.1467,12.995,0.4061,0.0309,13.7,0.97,12.875,13.4675,12.7198,13.14,12.971,0.4084,0.0311,13.7,0.9802,12.887,13.457,-0.2632,0.1516,-0.2594,0.87,0.13,0.2863,6,4,3,3.0,14.0,16.0,1.9743,1,3,0.5,-0.1667,0.0,0.1117,0.3299,0.3233,-0.3,,,1,1,,2022,2025,2023.6667,3,2020,2020,2005,707ed946f08dba29,F,12.73,0
13.62,13.785,13.81,0.1182,0.0086,13.9,0.28,13.755,13.84,13.662,13.7595,13.744,0.0943,0.0069,13.888,0.226,13.716,13.7875,-0.0656,0.0659,-0.0284,0.18,0.0,0.062,4,3,3,3.0,14.0,17.0,1.3783,1,2,0.5,-0.13,0.0,0.425,0.8617,0.8,-0.7,,,1,1,,2022,2025,2023.0,3,2020,2020,2005,aaa937e8db8db0fa,F,13.62,0
12.49,12.7529,12.79,0.2035,0.016,13.05,0.56,12.61,12.86,12.448,12.7443,12.788,0.2014,0.0158,13.038,0.59,12.628,12.84,-0.4835,0.1149,-0.4514,0.3,0.01,0.3677,7,5,2,1.0,17.0,17.0,8.5797,1,4,0.5714,0.0475,0.1429,0.1667,0.4926,0.5333,-0.6,,,1,1,,2022,2023,2022.5714,1,2020,2020,2005,de883ed2fba0e9e9,F,12.47,0
12.61,13.0444,13.08,0.3267,0.025,13.44,0.83,12.8,13.36,12.442,12.9931,13.038,0.3704,0.0285,13.47,1.028,12.75,13.338,-0.1743,0.2681,-0.1918,0.63,0.04,0.2101,9,4,3,3.0,13.0,14.0,3.0021,1,3,0.3333,0.1942,0.0,0.8556,0.9528,1.1714,-0.5,,,1,1,,2022,2025,2022.6667,3,2020,2020,2005,e087f5e59d3c2008,F,12.61,0
11.54,11.695,11.695,0.2192,0.0187,11.85,0.31,11.6175,11.7725,11.485,11.655,11.655,0.2404,0.0206,11.825,0.34,11.57,11.74,,,,0.0,0.31,0.0,2,2,1,0.0,18.0,18.0,6.7639,0,0,0.0,0.0,0.0,0.8,0.4243,0.8,0.0,,,1,1,,2023,2023,2023.0,0,2020,2020,2005,7d59d3240a28886b,M,11.54,0
12.86,13.8133,14.03,0.8656,0.0627,14.55,1.69,13.445,14.29,12.878,13.8413,14.096,0.8646,0.0625,14.55,1.672,13.487,14.323,-0.4909,0.2123,-0.496,1.17,0.0,0.4016,3,2,2,3.0,15.0,18.0,1.0298,1,2,0.6667,1.105,0.0,-0.4667,0.5686,0.0,-0.7,,,1,1,,2022,2025,2023.0,3,2020,2020,2005,e2319c1cf02a18b7,F,12.86,0
11.65,11.67,11.67,0.0283,0.0024,11.69,0.04,11.66,11.68,11.615,11.645,11.645,0.0424,0.0036,11.675,0.06,11.63,11.66,,,,0.0,0.04,0.0,2,1,1,0.0,15.0,15.0,2.0,0,0,0.0,0.0,0.0,0.5,0.2828,0.5,0.0,,,1,1,,2024,2024,2024.0,0,2020,2020,2005,3b4846e66b67a4da,M,11.65,0
12.89,12.99,12.99,0.1414,0.0109,13.09,0.2,12.94,13.04,12.86,12.969,12.969,0.1541,0.0119,13.078,0.218,12.9145,13.0235,,,,0.2,0.0,1.0007,2,2,1,0.0,17.0,17.0,10.0068,0,0,0.0,0.0,0.0,0.35,0.2121,0.35,0.0,,,1,1,,2019,2019,2019.0,0,2010,2010,2000,68e2cab1b6d60504,F,12.87,0
11.6,11.92,12.01,0.2858,0.024,12.15,0.55,11.805,12.08,11.605,11.92,12.005,0.2823,0.0237,12.15,0.545,11.805,12.0775,-0.4898,0.0376,-0.4827,0.55,0.0,0.5273,3,3,2,1.0,17.0,18.0,2.876,1,3,1.0,0.0,0.0,0.0,0.1,0.1,-0.1,,,1,1,,2023,2024,2023.3333,1,2020,2020,2005,f44d7bca466dff9f,M,11.6,0
11.43,11.752,11.74,0.2595,0.0221,12.15,0.72,11.67,11.77,11.43,11.767,11.755,0.2616,0.0222,12.15,0.72,11.67,11.83,-0.578,0.082,-0.5519,0.72,0.0,0.6608,5,5,2,1.0,16.0,17.0,4.5886,1,1,0.2,0.4025,0.6,-0.75,1.4849,0.3,-1.8,,,1,1,,2022,2023,2022.6,1,2020,2020,2005,1470e88c1b771288,M,11.43,0
12.15,12.31,12.21,0.2272,0.0185,12.57,0.42,12.18,12.39,12.185,12.32,12.205,0.2167,0.0176,12.57,0.385,12.195,12.3875,-0.8258,0.0089,-0.7817,0.42,0.0,0.8117,3,3,1,1.0,17.0,18.0,5.7976,1,2,0.6667,-0.24,0.0,-0.2,0.4359,0.1,-0.7,,,1,1,,2023,2023,2023.0,0,2020,2020,2005,eabeca0caabf2489,M,12.15,0
12.66,12.9325,12.915,0.2385,0.0184,13.24,0.58,12.8325,13.015,12.588,12.907,12.888,0.2809,0.0218,13.264,0.676,12.7695,13.0255,-0.5502,0.0611,-0.6399,0.58,0.0,0.614,4,3,2,1.0,17.0,18.0,4.2348,1,2,0.5,0.315,0.0,0.425,0.7932,1.1,-0.25,58.0,168.0,0,0,499.4055,2022,2023,2022.75,1,2020,2020,2005,8a1bf7094345e498,F,12.66,0
11.39,11.545,11.485,0.194,0.0168,11.82,0.43,11.42,11.61,11.33,11.5312,11.4875,0.2242,0.0194,11.82,0.49,11.3675,11.6512,-1.0588,0.0479,-1.1914,0.43,0.04,1.1548,4,4,1,0.0,18.0,18.0,10.7426,1,3,0.75,-0.2067,0.0,0.275,1.0563,1.1,-1.1,,,1,1,,2023,2023,2023.0,0,2020,2020,2005,593beda822c792e6,M,11.39,0
11.58,11.64,11.66,0.0529,0.0045,11.68,0.1,11.62,11.67,11.585,11.6383,11.66,0.0465,0.004,11.67,0.085,11.6225,11.665,-0.0455,0.0082,-0.0405,0.08,0.0,0.0405,3,2,2,2.0,15.0,17.0,1.5177,1,1,0.3333,-0.03,0.0,0.0333,0.1528,0.2,-0.1,175.0,65.0,0,0,21.2245,2019,2021,2019.6667,2,2010,2010,2000,0327055f12cd4585,M,11.58,1
11.55,11.575,11.575,0.0354,0.0031,11.6,0.05,11.5625,11.5875,11.555,11.6,11.6,0.0636,0.0055,11.645,0.09,11.5775,11.6225,,,,0.05,0.0,9.1312,2,2,1,0.0,17.0,17.0,365.25,1,1,0.5,-0.05,0.0,-0.5,0.5657,0.0,-0.5,,,1,1,,2023,2023,2023.0,0,2020,2020,2005,660ba3c3176fee93,M,10.98,0
11.68,11.8133,11.82,0.1301,0.011,11.94,0.26,11.75,11.88,11.68,11.79,11.755,0.1311,0.0111,11.935,0.255,11.7175,11.845,-0.3629,0.0238,-0.3285,0.26,0.0,0.386,3,3,2,1.0,17.0,18.0,4.4543,0,0,0.0,0.0,0.0,0.4667,0.7234,0.7,0.0,,,1,1,,2023,2024,2023.3333,1,2020,2020,2005,1909d9789c3b2f47,M,11.63,0
13.22,13.818,14.13,0.4725,0.0342,14.18,0.96,13.39,14.17,13.196,13.8288,14.14,0.4947,0.0358,14.21,1.014,13.39,14.208,-0.8061,0.097,-0.8335,0.95,0.17,0.8505,5,5,2,1.0,12.0,13.0,4.4761,1,2,0.4,0.055,0.0,-0.18,0.7396,0.45,-0.9,,,1,1,,2024,2025,2024.4,1,2020,2020,2010,3550ec7551037dc0,F,13.22,0
12.21,12.418,12.35,0.2148,0.0173,12.77,0.56,12.31,12.45,12.186,12.4456,12.314,0.3176,0.0255,12.992,0.806,12.304,12.432,-0.238,0.0649,-0.3494,0.56,0.14,0.2861,5,5,3,2.0,14.0,16.0,2.5542,0,0,0.0,0.0,0.0,-0.46,1.8202,0.35,-3.7,,,1,1,,2023,2025,2024.4,2,2020,2020,2005,098f48d99b5396ab,F,12.21,0
11.87,11.94,11.94,0.099,0.0083,12.01,0.14,11.905,11.975,11.9,11.955,11.955,0.0778,0.0065,12.01,0.11,11.9275,11.9825,,,,0.14,0.0,0.6088,2,2,1,0.0,18.0,18.0,8.6964,1,2,1.0,0.0,0.0,-0.25,0.3536,0.0,-0.5,90.0,183.0,0,0,225.9259,2023,2023,2023.0,0,2020,2020,2005,86a6469290c2c740,F,11.6,0
12.07,12.48,12.49,0.4051,0.0325,12.88,0.81,12.28,12.685,12.01,12.4583,12.505,0.4269,0.0343,12.86,0.85,12.2575,12.6825,0.8429,0.2828,0.9934,0.0,0.42,0.0,3,3,1,0.0,16.0,16.0,6.0206,0,0,0.0,0.0,0.0,0.4333,0.7506,0.8,-0.3,,,1,1,,2023,2023,2023.0,0,2020,2020,2005,c7cd0bdde50182d4,M,12.07,0
12.7,12.85,12.88,0.1375,0.0107,12.97,0.27,12.79,12.925,12.706,12.884,12.922,0.1624,0.0126,13.024,0.318,12.814,12.973,-0.6848,0.0735,-0.799,0.27,0.18,1.0273,3,2,1,0.0,14.0,14.0,11.4141,1,2,0.6667,0.045,0.0,-0.5667,0.4163,0.0,-0.5667,,,1,1,,2024,2024,2024.0,0,2020,2020,2010,ce4efb548b9286e9,F,12.7,0
11.52,11.54,11.54,0.0283,0.0025,11.56,0.04,11.53,11.55,11.53,11.585,11.585,0.0778,0.0067,11.64,0.11,11.5575,11.6125,,,,0.04,0.0,0.1974,2,2,1,0.0,16.0,16.0,9.8716,1,1,0.5,0.04,0.0,-0.9,0.9899,0.0,-0.9,,,1,1,,2023,2023,2023.0,0,2020,2020,2005,a411c296bdf5b452,M,11.52,0
11.59,11.6733,11.655,0.0689,0.0059,11.77,0.18,11.6325,11.7225,11.57,11.685,11.6775,0.1069,0.0091,11.855,0.285,11.6025,11.7338,0.0715,0.0431,0.0925,0.0,0.15,0.0,6,6,3,2.0,15.0,15.0,3.1307,1,2,0.3333,-0.025,0.3333,-0.35,1.245,1.2,-1.3,,,1,1,,2023,2025,2023.8333,2,2020,2020,2005,75a9cbfdcd988548,M,11.59,0
13.13,13.165,13.165,0.0495,0.0038,13.2,0.07,13.1475,13.1825,13.178,13.192,13.192,0.0198,0.0015,13.206,0.028,13.185,13.199,,,,0.0,0.07,0.0,2,1,1,0.0,17.0,17.0,2.0,1,1,0.5,-0.07,0.0,-0.45,0.495,0.0,-0.45,,,1,1,,2022,2022,2022.0,0,2020,2020,2005,ad91a1eb562e8a08,F,12.96,0
11.11,11.246,11.14,0.1607,0.0143,11.45,0.34,11.14,11.39,11.09,11.241,11.16,0.1593,0.0142,11.435,0.345,11.13,11.39,-0.4039,0.064,-0.3926,0.28,0.03,0.3443,5,5,2,1.0,17.0,18.0,6.149,1,2,0.4,0.1767,0.2,0.125,0.3594,0.3,-0.4,,,1,1,,2022,2023,2022.6,1,2020,2020,2005,7471694d08343867,M,10.83,0
12.75,12.8067,12.81,0.0551,0.0043,12.86,0.11,12.78,12.835,12.744,12.7707,12.762,0.0319,0.0025,12.806,0.062,12.753,12.784,-0.0205,0.0449,0.1642,0.06,0.11,0.2462,3,2,1,0.0,17.0,17.0,12.3118,1,1,0.3333,0.085,0.0,0.6,0.7,1.0,-0.2,,,1,1,,2019,2019,2019.0,0,2010,2010,2000,2cdff87cf9c2e4c4,F,12.75,0
12.46,12.5725,12.595,0.078,0.0062,12.64,0.18,12.5575,12.61,12.37,12.538,12.587,0.1135,0.0091,12.608,0.238,12.5185,12.6065,0.5302,0.0637,1.626,0.0,0.14,0.0,4,2,1,0.0,17.0,17.0,47.129,1,2,0.5,0.095,0.0,0.575,0.9069,1.35,-0.2,170.0,52.0,0,0,17.9931,2019,2019,2019.0,0,2010,2010,2000,4f12c1c221c3f3b7,F,12.46,1
11.31,11.788,12.03,0.4319,0.0366,12.2,0.89,11.33,12.07,11.29,11.765,12.005,0.4238,0.036,12.16,0.87,11.32,12.05,-0.3792,0.0985,-0.3754,0.72,0.02,0.3663,5,3,2,2.0,15.0,17.0,2.5435,0,0,0.0,0.0,0.0,0.46,0.2191,0.46,0.0,,,1,1,,2022,2024,2022.8,2,2020,2020,2005,712a966506b27da2,M,11.31,0
11.31,11.405,11.405,0.1344,0.0118,11.5,0.19,11.3575,11.4525,11.325,11.4225,11.4225,0.1379,0.0121,11.52,0.195,11.3738,11.4712,,,,0.19,0.0,0.5298,2,2,1,0.0,18.0,18.0,5.5763,1,1,0.5,0.19,0.0,-0.35,0.0707,0.0,-0.35,,,1,1,,2024,2024,2024.0,0,2020,2020,2005,738a639c4e847cd7,M,11.16,0
10.89,11.2775,11.255,0.356,0.0316,11.71,0.82,11.055,11.4775,10.92,11.2875,11.26,0.341,0.0302,11.71,0.79,11.0775,11.47,-1.772,0.0794,-1.694,0.82,0.22,2.0799,4,3,1,0.0,17.0,18.0,10.1458,1,1,0.25,0.2233,0.0,-0.2,0.3651,0.2,-0.5,,,1,1,,2023,2023,2023.0,0,2020,2020,2005,cf3e588a9bfde535,M,10.89,0
12.88,13.0678,13.08,0.1092,0.0084,13.28,0.4,13.05,13.1,12.916,13.0718,13.056,0.0978,0.0075,13.274,0.358,13.046,13.104,-0.0805,0.08,-0.0427,0.4,0.2,0.2061,9,9,3,2.0,16.0,18.0,4.6365,1,4,0.4444,-0.0535,0.1111,-0.075,0.6112,0.45,-0.6,,,1,1,,2023,2025,2024.2222,2,2020,2020,2005,3fb2e91f9390efa5,F,12.88,0
13.2,13.3938,13.395,0.1285,0.0096,13.55,0.35,13.3175,13.495,13.164,13.3878,13.401,0.1439,0.0108,13.588,0.424,13.3025,13.4615,-0.0567,0.1141,-0.0594,0.14,0.22,0.0674,8,5,3,2.0,15.0,17.0,3.8498,1,3,0.375,0.006,0.0,0.1,0.6302,0.6,-0.5333,,,1,1,,2022,2024,2022.5,2,2020,2020,2005,26346c2b1f358f06,F,13.2,0
11.62,11.655,11.655,0.0495,0.0042,11.69,0.07,11.6375,11.6725,11.635,11.6625,11.6625,0.0389,0.0033,11.69,0.055,11.6488,11.6762,,,,0.0,0.07,0.0,2,2,1,0.0,18.0,18.0,146.1,0,0,0.0,0.0,0.0,-0.15,0.2121,0.0,-0.3,,,1,1,,2023,2023,2023.0,0,2020,2020,2005,74d4989d0dd57a7d,M,11.05,0
12.62,13.1127,12.97,0.4964,0.0379,14.39,1.77,12.815,13.245,12.644,13.0991,12.982,0.4758,0.0363,14.33,1.686,12.809,13.227,-0.2174,0.4427,-0.2125,0.67,0.05,0.3992,11,9,3,2.0,16.0,17.0,6.5542,1,4,0.3636,-0.2617,0.0,0.2273,0.5694,0.7,-0.3333,,,1,1,,2023,2025,2023.6364,2,2020,2020,2005,8ba8824a701701f0,F,12.62,0
10.95,11.125,11.125,0.1666,0.015,11.3,0.35,11.0025,11.2475,10.9,11.105,11.09,0.2158,0.0194,11.34,0.44,10.9338,11.2612,0.879,0.061,1.1568,0.0,0.35,0.0,4,3,1,0.0,17.0,17.0,10.985,1,3,0.75,-0.2333,0.0,0.4,1.0424,1.25,-0.45,,,1,1,,2023,2023,2023.0,0,2020,2020,2005,b7fea24f7cc5fd41,M,10.75,0
12.54,12.655,12.67,0.0896,0.0071,12.74,0.2,12.6075,12.7175,12.462,12.6325,12.676,0.1185,0.0094,12.716,0.254,12.597,12.7115,-0.2812,0.0649,-0.5167,0.09,0.0,0.2472,4,3,1,0.0,18.0,18.0,10.985,1,2,0.5,0.14,0.0,0.375,0.6898,0.9,-0.15,,,1,1,,2023,2023,2023.0,0,2020,2020,2005,7fe980c34bc5ccd8,F,12.43,0
10.82,11.2775,11.25,0.4073,0.0361,11.79,0.97,11.06,11.4675,10.705,11.1838,11.1325,0.4433,0.0396,11.765,1.06,10.9562,11.36,-0.348,0.1647,-0.3679,0.97,0.32,0.5054,4,4,2,2.0,15.0,17.0,2.0842,1,1,0.25,0.1833,0.0,1.875,0.9605,1.875,0.0,,,1,1,,2022,2024,2023.0,2,2020,2020,2005,5ba535d93eb6913e,M,10.82,0
12.0,12.24,12.25,0.2352,0.0192,12.47,0.47,12.125,12.36,12.0,12.2133,12.25,0.1976,0.0162,12.39,0.39,12.125,12.32,-0.6969,0.1431,-0.6623,0.25,0.0,0.5637,3,3,1,0.0,17.0,18.0,6.7639,1,1,0.3333,0.36,0.6667,1.6,0.0,1.6,0.0,,,1,1,,2023,2023,2023.0,0,2020,2020,2005,3736794b70fa7bf9,M,11.98,0
12.63,12.9125,12.895,0.2577,0.02,13.23,0.6,12.7575,13.05,12.696,12.9155,12.88,0.2145,0.0166,13.206,0.51,12.8055,12.99,-0.3918,0.1116,-0.2869,0.36,0.17,0.3535,4,3,2,1.0,17.0,18.0,3.9274,1,1,0.25,0.15,0.0,-0.05,1.0472,0.8,-0.9,,,1,1,,2024,2025,2024.5,1,2020,2020,2005,86a7e806fdf04e1a,F,12.34,0
13.83,13.84,13.84,0.0141,0.001,13.85,0.02,13.835,13.845,13.848,13.87,13.87,0.0311,0.0022,13.892,0.044,13.859,13.881,,,,0.0,0.02,0.0,2,1,1,0.0,16.0,16.0,2.0,1,1,0.5,0.02,0.0,-0.5,0.2828,0.0,-0.5,,,1,1,,2023,2023,2023.0,0,2020,2020,2005,f72d351fbd35d850,F,13.83,0
12.93,13.314,13.3,0.2772,0.0208,13.59,0.66,13.18,13.57,12.924,13.3164,13.282,0.2681,0.0201,13.57,0.646,13.24,13.566,-0.3499,0.09,-0.3287,0.64,0.25,0.377,5,3,3,2.0,16.0,17.0,2.9456,1,2,0.4,0.1067,0.0,-0.04,0.5595,0.2667,-1.0,,,1,1,,2022,2024,2023.0,2,2020,2020,2005,cce6483209bf1b25,F,12.93,0
11.48,11.57,11.57,0.1273,0.011,11.66,0.18,11.525,11.615,11.45,11.55,11.55,0.1414,0.0122,11.65,0.2,11.5,11.6,,,,0.0,0.18,0.0,2,2,1,0.0,17.0,17.0,5.4925,0,0,0.0,0.0,0.0,0.4,0.2828,0.4,0.0,,,1,1,,2022,2022,2022.0,0,2020,2020,2005,168d1637926e317a,M,11.41,0
