athlete_id,sex,height_cm,weight_kg,province,has_anthro,lifetime_pb,cutoff_16_group,cutoff_17_group,cutoff_18_group,cutoff_19_group,cutoff_20_group,cutoff_21_group,cutoff_22_group,cutoff_23_group,cutoff_24_group,cutoff_25_group,cutoff_26_group
fef683d009e436f7,M,,,,False,11.93,excluded,excluded,excluded,excluded,excluded,excluded,excluded,excluded,excluded,excluded,excluded
2c6cc9c12a87de88,F,153.0,41.0,P30,True,12.27,excluded,excluded,A,B,B,B,B,B,B,B,B
9db84fc33efba374,M,184.0,76.0,P10,True,13.49,excluded,excluded,excluded,excluded,excluded,excluded,excluded,excluded,excluded,excluded,excluded
3c6936c700495c6b,F,,,,False,12.56,excluded,excluded,A,A,B,B,B,B,B,B,B
791df5e86a3ba060,F,,,P20,False,12.7,excluded,excluded,A,B,B,B,B,B,B,B,B
dd5a61fd387718df,M,181.0,66.0,P25,True,12.02,excluded,excluded,excluded,excluded,excluded,excluded,excluded,excluded,excluded,excluded,excluded
f6ce1f2276f79a69,F,172.0,59.0,P19,True,12.76,excluded,excluded,excluded,A,A,B,B,B,B,B,B
91c70db5325cddc7,M,,,P14,False,11.49,excluded,excluded,A,B,B,B,B,B,B,B,B
7293abdde068e31c,F,168.0,50.0,,True,12.81,excluded,A,A,A,A,B,B,B,B,B,B
2a4f319f7136ff41,M,,,,False,11.09,A,B,B,B,B,B,B,B,B,B,B
7301a7eef597d67e,M,173.0,58.0,P04,True,11.89,excluded,excluded,A,B,B,B,B,B,B,B,B
6bf6873808a2704e,M,,,,False,11.27,excluded,excluded,B,B,B,B,B,B,B,B,B
53f89d4aaccc3ca3,M,,,P12,False,11.52,excluded,excluded,A,B,B,B,B,B,B,B,B
1ed2e62b650f9191,F,,,P18,False,13.29,excluded,excluded,A,B,B,B,B,B,B,B,B
278b734f27433603,M,175.0,61.0,P30,True,10.33,excluded,excluded,excluded,excluded,A,A,A,A,B,B,B
163c0dd404d0a598,M,174.0,55.0,P25,True,11.61,A,B,B,B,B,B,B,B,B,B,B
8ef99df51a9c389b,F,,,P18,False,12.44,excluded,excluded,A,A,B,B,B,B,B,B,B
408d939930ff3a92,M,,,,False,11.51,excluded,excluded,A,B,B,B,B,B,B,B,B
47280ea393b55d0d,F,,,,False,12.56,excluded,excluded,A,A,B,B,B,B,B,B,B
bb53cae1bc0f8696,F,,,P10,False,12.28,excluded,excluded,excluded,A,A,A,A,A,A,B,B
3a44c5ce8fa27617,M,182.0,70.0,P25,True,12.08,excluded,B,B,B,B,B,B,B,B,B,B
a14069a86f4a8c40,M,,,,False,11.53,excluded,excluded,excluded,excluded,excluded,excluded,excluded,excluded,excluded,excluded,excluded
2ffc2601844116ab,M,,,P20,False,10.84,excluded,excluded,excluded,A,A,B,B,B,B,B,B
b41786bdb1ddf2b9,F,,,P25,False,13.85,A,B,B,B,B,B,B,B,B,B,B
cb676819b07b1291,M,178.0,70.0,P10,True,10.6,excluded,excluded,excluded,A,A,A,A,B,B,B,B
d96839ddc8dd467f,M,176.0,65.0,P08,True,10.98,excluded,excluded,excluded,A,A,B,B,B,B,B,B
709a0d894c1d5d68,F,,,P06,False,13.7,A,B,B,B,B,B,B,B,B,B,B
4d993077e09f250b,M,,,P23,False,10.81,A,B,B,B,B,B,B,B,B,B,B
850b8177cb53a8d4,M,182.0,71.0,P03,True,11.46,excluded,excluded,A,B,B,B,B,B,B,B,B
fd82b1ae82cbe7b2,M,,,P12,False,12.99,excluded,excluded,excluded,A,A,B,B,B,B,B,B
cb4609fe635ba877,F,,,P23,False,12.15,A,A,B,B,B,B,B,B,B,B,B
d56b8c2e378be006,M,,,P10,False,11.38,excluded,excluded,A,B,B,B,B,B,B,B,B
2218aa286b2c807b,M,,,,False,11.52,excluded,excluded,A,A,B,B,B,B,B,B,B
b162dd5b3b860d14,F,165.0,52.0,P10,True,12.73,excluded,excluded,excluded,B,B,B,B,B,B,B,B
4dd8aaf6c9374910,M,175.0,62.0,,True,11.62,excluded,excluded,excluded,excluded,excluded,excluded,excluded,excluded,excluded,excluded,excluded
824a3fcaf44fa034,M,178.0,68.0,,True,11.34,excluded,excluded,excluded,excluded,excluded,excluded,excluded,excluded,excluded,excluded,excluded
f44df111f50a4df5,F,,,P23,False,12.52,A,A,B,B,B,B,B,B,B,B,B
d2e883d524b79d75,F,,,P25,False,15.32,A,B,B,B,B,B,B,B,B,B,B
d19e1323eb89e4b8,M,172.0,65.0,P29,True,10.72,excluded,excluded,excluded,excluded,A,B,B,B,B,B,B
d6cb1d61ea50a5d7,M,171.0,60.0,,True,11.73,excluded,excluded,excluded,B,B,B,B,B,B,B,B
0e85be5129cb025e,F,,,P23,False,12.39,excluded,excluded,excluded,A,A,A,A,A,B,B,B
e9e14582450752a3,F,,,P20,False,13.01,A,B,B,B,B,B,B,B,B,B,B
115767bf383cb036,F,,,P20,False,12.74,excluded,excluded,A,B,B,B,B,B,B,B,B
adb30b0170c4a256,M,175.0,70.0,,True,12.06,excluded,excluded,excluded,excluded,excluded,excluded,excluded,excluded,excluded,excluded,excluded
e6741d997f1dd4c5,M,,,P23,False,10.9,excluded,excluded,A,B,B,B,B,B,B,B,B
84726aa33db7c7ea,M,,,P23,False,12.25,A,B,B,B,B,B,B,B,B,B,B
1fbaf7e481121c53,F,,,P25,False,13.81,A,A,B,B,B,B,B,B,B,B,B
cb69656cec2e4693,M,,,P08,False,11.42,A,A,B,B,B,B,B,B,B,B,B
a2e8c03974432491,F,,,P12,False,12.81,A,A,B,B,B,B,B,B,B,B,B
b05bfb31cdddc5fc,F,168.0,60.0,,True,13.1,A,B,B,B,B,B,B,B,B,B,B
95e44a8dcb4d7e8e,M,180.0,68.0,,True,11.75,excluded,excluded,B,B,B,B,B,B,B,B,B
6ddef74e67d2de46,M,,,P09,False,11.38,A,B,B,B,B,B,B,B,B,B,B
da7d3814152bc4eb,F,167.0,48.0,P23,True,12.69,excluded,excluded,A,B,B,B,B,B,B,B,B
2b7564dc6ed89a60,F,,,P28,False,12.42,excluded,excluded,A,A,B,B,B,B,B,B,B
ceaf7b7634d63760,F,174.0,60.0,P30,True,13.06,A,A,A,A,A,B,B,B,B,B,B
6d0790650f5c2387,M,,,,False,11.42,excluded,excluded,A,B,B,B,B,B,B,B,B
c60b7b940555f114,F,175.0,52.0,P04,True,12.37,A,A,A,B,B,B,B,B,B,B,B
0b69ae6b0bfa8f6e,M,,,,False,11.15,excluded,excluded,A,B,B,B,B,B,B,B,B
19ec1b11218a7ba1,M,,,P14,False,12.31,excluded,B,B,B,B,B,B,B,B,B,B
4e50b37d73fbcdc9,F,,,P12,False,13.11,excluded,excluded,A,A,B,B,B,B,B,B,B
2e0c8e69a4bc7861,F,,,P04,False,11.86,excluded,excluded,excluded,A,A,A,A,B,B,B,B
ef88bc104f0bef36,F,,,P12,False,13.24,A,B,B,B,B,B,B,B,B,B,B
8e1117d548d3a4ee,M,,,,False,11.46,A,A,B,B,B,B,B,B,B,B,B
f65eba03a51fa566,M,,,P20,False,10.95,excluded,excluded,A,B,B,B,B,B,B,B,B
f7b7263c22b0fc51,M,,,P17,False,11.01,excluded,excluded,A,A,B,B,B,B,B,B,B
141176634ecf8c19,F,,,P19,False,12.32,A,B,B,B,B,B,B,B,B,B,B
11abaa34849ce571,F,159.0,48.0,P04,True,12.2,A,A,A,B,B,B,B,B,B,B,B
26b2dea6460abc06,F,,,P14,False,12.85,A,B,B,B,B,B,B,B,B,B,B
c10f22dbb826e4d0,F,,,P14,False,12.03,A,A,B,B,B,B,B,B,B,B,B
2e5ef036d00879b8,M,,,P04,False,13.14,excluded,excluded,excluded,excluded,excluded,excluded,excluded,excluded,excluded,excluded,excluded
461d32e38030837d,M,178.0,68.0,P10,True,11.7,B,B,B,B,B,B,B,B,B,B,B
05e3e5a951343fa1,F,,,P10,False,13.16,A,A,B,B,B,B,B,B,B,B,B
e141932a783efca6,F,,,P21,False,12.94,A,B,B,B,B,B,B,B,B,B,B
81dad775225df9a8,M,185.0,80.0,,True,11.17,excluded,excluded,excluded,excluded,excluded,A,A,B,B,B,B
02472969e7032432,F,,,P15,False,12.47,A,A,A,A,A,A,B,B,B,B,B
4b665c8b1f6836fa,F,,,P04,False,12.71,A,A,A,B,B,B,B,B,B,B,B
79777416f8205751,F,,,P30,False,12.45,A,B,B,B,B,B,B,B,B,B,B
d524c34e2e01cf79,F,,,P14,False,12.89,excluded,excluded,excluded,A,A,B,B,B,B,B,B
8d227964587c95e1,M,179.0,64.0,P10,True,11.82,excluded,excluded,A,B,B,B,B,B,B,B,B
a4f173e8bbbe24d7,M,,,P10,False,11.2,excluded,excluded,A,A,B,B,B,B,B,B,B
05497d9daf5d66de,F,,,P10,False,12.05,excluded,excluded,A,B,B,B,B,B,B,B,B
8ca343ac35c0847f,M,,,P30,False,13.43,excluded,excluded,excluded,excluded,excluded,excluded,excluded,excluded,excluded,excluded,excluded
4f46f74f2a142eca,M,180.0,60.0,P10,True,13.61,excluded,excluded,excluded,excluded,excluded,excluded,excluded,excluded,excluded,excluded,excluded
50dce2dde3f8dd62,F,,,P17,False,12.58,excluded,A,A,B,B,B,B,B,B,B,B
59c81fd07265413b,M,175.0,60.0,P04,True,11.33,A,A,B,B,B,B,B,B,B,B,B
271aaf224f4f577f,F,,,P21,False,12.63,A,B,B,B,B,B,B,B,B,B,B
fa5254c84f6f6957,F,168.0,59.0,P21,True,12.86,excluded,excluded,excluded,excluded,excluded,excluded,A,A,B,B,B
157ee4e6b99f37fe,F,158.0,51.0,P20,True,12.27,excluded,A,A,A,B,B,B,B,B,B,B
bba7ed325482926c,M,180.0,70.0,P10,True,10.97,excluded,excluded,A,B,B,B,B,B,B,B,B
a9a52cfaca1fe2ad,M,166.0,55.0,P26,True,10.71,excluded,excluded,excluded,A,A,B,B,B,B,B,B
77b4c1f5d8896617,F,,,P19,False,13.73,A,A,A,B,B,B,B,B,B,B,B
b32baa0f7036ce77,F,,,P20,False,12.4,excluded,excluded,A,B,B,B,B,B,B,B,B
7816ba66bf6ebf9e,M,,,P08,False,11.65,excluded,excluded,B,B,B,B,B,B,B,B,B
4b91d8ec827df638,F,,,P15,False,12.04,excluded,excluded,excluded,A,A,A,A,A,A,B,B
a05289ee548cb4ad,M,178.0,65.0,P20,True,11.69,excluded,excluded,B,B,B,B,B,B,B,B,B
6be40dccd80b6773,M,,,P20,False,11.01,excluded,excluded,excluded,A,A,B,B,B,B,B,B
f7e86acb3f65f967,M,,,,False,13.49,excluded,excluded,excluded,excluded,excluded,excluded,excluded,excluded,excluded,excluded,excluded
de62d4385417e9fe,M,173.0,60.0,P10,True,11.62,excluded,excluded,A,B,B,B,B,B,B,B,B
6e89c81c485da97f,M,173.0,60.0,,True,12.37,excluded,excluded,excluded,excluded,excluded,excluded,excluded,excluded,excluded,excluded,excluded
73ea9d8ad4addce3,M,,,,False,11.53,excluded,excluded,excluded,excluded,excluded,excluded,excluded,excluded,excluded,excluded,excluded
fd3fc8d725155153,M,178.0,63.0,,True,11.65,A,B,B,B,B,B,B,B,B,B,B
b37a1f496a6777fd,F,,,P04,False,12.84,A,B,B,B,B,B,B,B,B,B,B
5323129554bce852,M,180.0,71.0,P25,True,11.13,A,A,A,B,B,B,B,B,B,B,B
13221256c721572b,F,,,P03,False,11.49,excluded,excluded,A,A,A,A,A,A,A,B,B
a2475140a8b5aa34,M,,,P17,False,11.27,excluded,excluded,A,B,B,B,B,B,B,B,B
36dbac04d72733c2,F,,,P23,False,13.11,A,B,B,B,B,B,B,B,B,B,B
0cace1a5d63cfc6a,M,187.0,75.0,P00,True,10.84,excluded,excluded,excluded,A,A,B,B,B,B,B,B
9bdb1c9a83e34ec8,F,170.0,60.0,P23,True,11.72,excluded,excluded,A,A,A,A,A,A,B,B,B
1e17563bd4f2a7b8,F,166.0,49.0,P23,True,13.21,excluded,excluded,A,A,B,B,B,B,B,B,B
c8b74923a5cdd3b0,F,,,P30,False,11.88,excluded,excluded,excluded,A,A,A,A,B,B,B,B
75fa3c9462004244,F,,,P24,False,12.34,A,B,B,B,B,B,B,B,B,B,B
d4fab485cd6aab59,F,,,P30,False,12.22,excluded,A,A,A,A,A,B,B,B,B,B
7593700ae8c33677,F,161.0,55.0,P08,True,11.82,excluded,excluded,excluded,excluded,A,A,A,A,B,B,B
14436456ef1865ee,M,182.0,63.0,P10,True,10.96,excluded,excluded,A,B,B,B,B,B,B,B,B
57cac28113821aa0,M,175.0,64.0,P20,True,11.34,excluded,A,B,B,B,B,B,B,B,B,B
500389e30b6f9c4e,F,,,P12,False,13.0,A,B,B,B,B,B,B,B,B,B,B
8e1eeb8214f115fc,F,178.0,60.0,,True,13.28,excluded,excluded,excluded,excluded,excluded,excluded,A,A,B,B,B
f49c64645e5fcc53,F,,,P23,False,12.32,excluded,excluded,excluded,excluded,excluded,A,A,B,B,B,B
1541913cf073e3bd,M,,,P08,False,11.66,excluded,excluded,excluded,excluded,excluded,excluded,excluded,excluded,excluded,excluded,excluded
a0cd92dadae2d8db,M,175.0,61.0,P21,True,11.27,excluded,excluded,excluded,excluded,A,A,B,B,B,B,B
0c4755e077ab97b2,M,180.0,63.0,P16,True,10.47,excluded,excluded,excluded,excluded,excluded,A,A,A,A,A,B
b2c6677f5ae6838f,M,,,,False,11.61,excluded,excluded,excluded,B,B,B,B,B,B,B,B
3316ceb243a56473,F,,,P03,False,12.55,A,B,B,B,B,B,B,B,B,B,B
c14fac29263e0051,M,,,P10,False,11.96,excluded,excluded,excluded,B,B,B,B,B,B,B,B
928ad9bdc9b5bbb4,F,160.0,49.0,P20,True,14.51,excluded,excluded,excluded,excluded,excluded,excluded,excluded,excluded,excluded,excluded,excluded
7696dd2072130642,M,,,,False,11.5,excluded,excluded,A,B,B,B,B,B,B,B,B
62f187eea53e5e3d,F,,,P27,False,12.21,excluded,excluded,excluded,A,A,B,B,B,B,B,B
6b4f57d5b9ffeb1c,M,,,P20,False,10.57,A,B,B,B,B,B,B,B,B,B,B
201dd2935112dbd3,M,,,P20,False,11.72,excluded,excluded,A,B,B,B,B,B,B,B,B
3856a28965e553a0,F,167.0,49.0,P23,True,11.52,excluded,excluded,excluded,A,A,A,B,B,B,B,B
f5351038a9fc9cf6,M,,,,False,11.35,excluded,excluded,A,B,B,B,B,B,B,B,B
822d502abf4ad878,M,,,P10,False,11.54,excluded,excluded,A,B,B,B,B,B,B,B,B
300c6fd54118a349,F,,,P20,False,12.79,A,B,B,B,B,B,B,B,B,B,B
35217c387357dc41,F,162.0,55.0,P24,True,12.55,A,A,A,A,B,B,B,B,B,B,B
a3c42af0460f6671,F,,,P15,False,11.81,excluded,excluded,A,A,A,A,A,A,B,B,B
f7ba90f5ed730b7c,M,,,P20,False,11.57,excluded,excluded,A,B,B,B,B,B,B,B,B
380cf87d5c424059,M,,,,False,11.42,excluded,excluded,A,B,B,B,B,B,B,B,B
9a35a28d17510035,M,178.0,140.0,P10,False,11.27,excluded,excluded,A,B,B,B,B,B,B,B,B
f60f791c6648e045,M,,,P21,False,11.16,excluded,excluded,excluded,excluded,excluded,excluded,excluded,excluded,excluded,excluded,excluded
84d3cd6edaf77898,F,170.0,55.0,P25,True,13.16,excluded,A,A,A,B,B,B,B,B,B,B
e051e8cf0440e82d,M,,,P12,False,11.0,A,A,A,B,B,B,B,B,B,B,B
2d8af15f4da65470,M,,,P10,False,11.34,excluded,A,A,B,B,B,B,B,B,B,B
7e8eef211aa9211d,M,,,P10,False,11.63,excluded,excluded,A,B,B,B,B,B,B,B,B
bb8e479ad3dfc27f,M,,,P25,False,11.37,A,B,B,B,B,B,B,B,B,B,B
3475a8489a9ee537,F,162.0,49.0,P23,True,11.43,excluded,excluded,excluded,A,A,B,B,B,B,B,B
354dcc4a0ae2d278,M,,,P10,False,11.54,A,A,B,B,B,B,B,B,B,B,B
d1c08b471adec0fb,M,,,P02,False,11.73,excluded,excluded,B,B,B,B,B,B,B,B,B
9120022f9234fe72,F,,,P10,False,13.02,A,B,B,B,B,B,B,B,B,B,B
d8e3dcf46db2b98f,M,,,P17,False,11.83,excluded,excluded,excluded,B,B,B,B,B,B,B,B
961d193c31563523,F,170.0,53.0,P23,True,11.83,excluded,excluded,excluded,excluded,A,A,B,B,B,B,B
e81b7dfe8468431e,F,,,P21,False,13.42,excluded,excluded,A,A,A,A,A,A,B,B,B
1e415f3e6d4d9d95,M,,,P25,False,11.42,excluded,excluded,excluded,A,A,B,B,B,B,B,B
fc9cb6f322cfbc60,F,,,P04,False,12.99,A,A,B,B,B,B,B,B,B,B,B
34dcd9bc169e115d,M,,,P21,False,11.87,excluded,excluded,excluded,excluded,excluded,excluded,excluded,excluded,excluded,excluded,excluded
eec60beaf9421072,M,,,,False,11.6,excluded,excluded,A,B,B,B,B,B,B,B,B
83401667124bc09e,F,,,P05,False,13.25,A,A,B,B,B,B,B,B,B,B,B
07345213d8574590,M,,,P18,False,10.96,excluded,A,A,B,B,B,B,B,B,B,B
238d723d668e0339,M,,,P20,False,11.83,excluded,excluded,A,B,B,B,B,B,B,B,B
ec6d70a924b8e208,M,,,,False,11.8,excluded,excluded,A,B,B,B,B,B,B,B,B
939b0f7d9da99bab,M,,,P10,False,11.17,excluded,excluded,A,A,B,B,B,B,B,B,B
98e60669c79d4f79,M,,,P10,False,12.01,excluded,excluded,excluded,excluded,excluded,excluded,excluded,excluded,excluded,excluded,excluded
946e79aebad8e660,F,,,P18,False,12.53,A,B,B,B,B,B,B,B,B,B,B
b12276df67b078ec,F,,,P23,False,12.3,A,A,A,B,B,B,B,B,B,B,B
79e68fec3a8e07ff,M,176.0,60.0,P04,True,11.37,excluded,excluded,A,B,B,B,B,B,B,B,B
5886100425423983,M,175.0,60.0,P20,True,10.2,excluded,excluded,excluded,excluded,excluded,A,A,B,B,B,B
092f3a43378d51ce,M,188.0,55.0,P10,True,11.63,excluded,excluded,B,B,B,B,B,B,B,B,B
24db92a29d16fcb9,M,175.0,65.0,P20,True,11.75,excluded,A,B,B,B,B,B,B,B,B,B
88f47fd6aa6294ba,M,,,P12,False,12.08,A,B,B,B,B,B,B,B,B,B,B
3495bcc826f08c65,M,,,,False,15.16,excluded,excluded,excluded,excluded,excluded,excluded,excluded,excluded,excluded,excluded,excluded
fe2adecbad0dabab,M,,,P10,False,11.3,excluded,excluded,A,B,B,B,B,B,B,B,B
2b43a11ceea14fbe,M,183.0,160.0,P18,False,12.06,excluded,excluded,excluded,excluded,excluded,excluded,excluded,excluded,excluded,excluded,excluded
232158e45815342b,M,,,,False,11.67,excluded,excluded,excluded,excluded,A,B,B,B,B,B,B
be2f88377e0a6dd0,M,178.0,65.0,P26,True,11.22,A,B,B,B,B,B,B,B,B,B,B
a819e33d10c12987,M,169.0,55.0,,True,11.43,A,B,B,B,B,B,B,B,B,B,B
a1a9194a35459e08,M,,,,False,11.63,excluded,excluded,A,B,B,B,B,B,B,B,B
ebac919e00c346d2,M,,,P14,False,10.35,excluded,excluded,A,A,A,A,A,A,A,B,B
fef0c0b545c38473,F,,,P07,False,12.64,excluded,excluded,excluded,A,A,A,A,B,B,B,B
b335afc86fe1e4aa,F,165.0,54.0,P15,True,13.33,A,A,B,B,B,B,B,B,B,B,B
3aad74dafff2c570,F,166.0,57.0,P19,True,13.57,excluded,excluded,A,B,B,B,B,B,B,B,B
d9c286510198933a,F,162.0,60.0,P21,True,13.35,excluded,excluded,A,B,B,B,B,B,B,B,B
3ab766a5e2c60f82,M,178.0,65.0,P10,True,11.98,excluded,excluded,excluded,excluded,excluded,excluded,excluded,excluded,excluded,excluded,excluded
8eb72539588370f4,M,181.0,71.0,P10,True,11.16,excluded,excluded,A,B,B,B,B,B,B,B,B
92b7108130e468a0,F,160.0,50.0,P10,True,12.34,excluded,excluded,A,B,B,B,B,B,B,B,B
02175a85dd751627,M,,,P21,False,10.58,excluded,excluded,A,B,B,B,B,B,B,B,B
5eca513dc7e53899,M,186.0,69.0,P26,True,11.21,excluded,excluded,excluded,excluded,A,A,B,B,B,B,B
783af60da5795c25,F,,,P21,False,12.38,excluded,excluded,A,B,B,B,B,B,B,B,B
bd8d2c7530fa3bee,F,,,P12,False,12.72,A,B,B,B,B,B,B,B,B,B,B
ed3fbbe43531d310,F,,,P25,False,13.54,A,B,B,B,B,B,B,B,B,B,B
ff3feb308e5803af,M,,,P23,False,11.15,excluded,A,B,B,B,B,B,B,B,B,B
f07e0596ac10fa82,M,177.0,65.0,P20,True,11.27,A,A,B,B,B,B,B,B,B,B,B
d15815683b08674a,M,,,P04,False,11.42,A,B,B,B,B,B,B,B,B,B,B
1599ebc8f2d06251,M,,,,False,11.16,excluded,excluded,A,B,B,B,B,B,B,B,B
f9e1ad1423013add,F,172.0,57.0,P25,True,14.21,A,B,B,B,B,B,B,B,B,B,B
d0d33552a2c4e3a6,M,,,P12,False,11.34,A,B,B,B,B,B,B,B,B,B,B
605e87048f39a0da,M,,75.0,,False,10.83,excluded,excluded,excluded,excluded,excluded,excluded,excluded,excluded,excluded,excluded,excluded
2d0f270a977e6155,M,170.0,60.0,P19,True,11.52,excluded,excluded,excluded,excluded,excluded,excluded,excluded,excluded,excluded,excluded,excluded
6443be0cf7a2ee58,F,,,P10,False,13.08,excluded,excluded,A,B,B,B,B,B,B,B,B
ce1831674a42d1e9,F,170.0,52.0,P04,True,13.29,excluded,A,A,B,B,B,B,B,B,B,B
bbf913cd05944b71,M,,,,False,11.19,excluded,excluded,B,B,B,B,B,B,B,B,B
bc00ea08c23b80b4,F,,,P12,False,11.51,excluded,excluded,excluded,excluded,excluded,excluded,A,A,A,A,A
eec5d048a86e9ec6,M,,,,False,11.29,A,B,B,B,B,B,B,B,B,B,B
9334b44998b2e620,M,,,P14,False,11.47,excluded,excluded,A,B,B,B,B,B,B,B,B
624a6f798bf7bb2d,M,,,,False,12.03,excluded,excluded,excluded,excluded,excluded,excluded,excluded,excluded,excluded,excluded,excluded
f92f7e586d999d2c,M,,,P04,False,11.49,excluded,excluded,A,B,B,B,B,B,B,B,B
7453440951591f77,F,,,P06,False,12.33,excluded,excluded,A,B,B,B,B,B,B,B,B
06d968a32ab2eb74,F,,,P25,False,14.15,A,B,B,B,B,B,B,B,B,B,B
b31eae09bac18e82,M,,,P10,False,11.14,excluded,A,A,B,B,B,B,B,B,B,B
a93cf9ed0df79a40,M,,,P10,False,11.31,excluded,excluded,A,B,B,B,B,B,B,B,B
22a3fd29620f1cf2,F,,,P23,False,12.81,A,B,B,B,B,B,B,B,B,B,B
2bf28c948e18d4a1,F,162.0,47.0,,True,12.48,A,A,B,B,B,B,B,B,B,B,B
3396123874ea7f03,F,174.0,55.0,P25,True,13.27,excluded,excluded,A,B,B,B,B,B,B,B,B
2c87e0c14d170905,F,,,P07,False,13.38,excluded,excluded,A,B,B,B,B,B,B,B,B
cdcd70173cdcebe6,M,,,P10,False,11.41,excluded,excluded,A,B,B,B,B,B,B,B,B
580ac36248530880,M,,,P27,False,12.0,excluded,excluded,excluded,excluded,excluded,excluded,excluded,excluded,excluded,excluded,excluded
4ef23c820c79577d,F,,,P28,False,12.84,excluded,excluded,A,B,B,B,B,B,B,B,B
2a629146d199aa26,M,,,P17,False,11.51,excluded,excluded,A,B,B,B,B,B,B,B,B
50bf6d78a287cdba,F,,,P23,False,13.26,A,B,B,B,B,B,B,B,B,B,B
ff195941deee239a,M,172.0,55.0,P19,True,11.12,excluded,excluded,A,A,A,B,B,B,B,B,B
5254a298fc24bd08,F,165.0,52.0,P15,True,11.92,excluded,excluded,A,A,A,B,B,B,B,B,B
7e2a018e9b13afff,M,,,P14,False,10.68,A,A,A,A,A,B,B,B,B,B,B
7532a3b6ec9d9e0a,F,169.0,50.0,P25,True,12.93,excluded,excluded,A,B,B,B,B,B,B,B,B
bb9ac431e178c26d,M,,,P24,False,10.44,excluded,excluded,excluded,excluded,excluded,excluded,A,A,A,A,B
84969cfce090874b,M,,,P10,False,12.11,excluded,excluded,excluded,excluded,excluded,excluded,excluded,excluded,excluded,excluded,excluded
d4747953aeff7a77,M,,,P18,False,11.61,excluded,excluded,A,B,B,B,B,B,B,B,B
60f7dffe95bc7c25,M,175.0,60.0,,True,10.8,excluded,excluded,B,B,B,B,B,B,B,B,B
ddb8243e24c46edb,M,,,P10,False,12.03,excluded,excluded,B,B,B,B,B,B,B,B,B
04a52d188e277c5e,M,,,P20,False,11.4,excluded,excluded,A,B,B,B,B,B,B,B,B
87bb01a5ebf3ba0d,M,,,P17,False,10.96,excluded,A,A,B,B,B,B,B,B,B,B
346dd148f0bd5c2f,F,,,P20,False,12.83,A,B,B,B,B,B,B,B,B,B,B
f65765b88c0aa3bf,M,,,P17,False,11.42,A,A,B,B,B,B,B,B,B,B,B
fcaf3a091d118a1e,F,,,P24,False,12.47,A,A,B,B,B,B,B,B,B,B,B
d134603ac0f469b8,M,180.0,60.0,P10,True,11.66,excluded,excluded,A,B,B,B,B,B,B,B,B
348f61e87433a943,M,174.0,68.0,P10,True,11.6,excluded,excluded,B,B,B,B,B,B,B,B,B
5497c4f8290f01e4,M,,,,False,12.58,A,B,B,B,B,B,B,B,B,B,B
76b53f9e119fcf8e,F,,,P23,False,11.75,A,A,A,B,B,B,B,B,B,B,B
813244d2273ad129,M,,,P20,False,11.02,A,B,B,B,B,B,B,B,B,B,B
21a5d364f5a974e3,M,,,,False,11.59,excluded,excluded,A,B,B,B,B,B,B,B,B
0d367f2aff80e259,F,,,P21,False,12.84,A,A,B,B,B,B,B,B,B,B,B
4fc08e343937277e,M,,,P20,False,11.23,excluded,excluded,A,B,B,B,B,B,B,B,B
3b4b5cfdd436f34a,F,,,P12,False,13.248,A,A,B,B,B,B,B,B,B,B,B
dafdfcc323c22521,M,176.0,70.0,,True,12.35,excluded,excluded,excluded,excluded,excluded,excluded,excluded,excluded,excluded,excluded,excluded
d7a1df50a5d8b4f0,M,,,P19,False,11.18,excluded,excluded,A,B,B,B,B,B,B,B,B
317bd77d58a76661,F,,,,False,14.51,excluded,excluded,excluded,excluded,excluded,excluded,excluded,excluded,excluded,excluded,excluded
40f0422a972a62fb,M,,,P20,False,11.04,A,B,B,B,B,B,B,B,B,B,B
7b0cd46d9857ba5c,M,,,P13,False,10.52,A,A,B,B,B,B,B,B,B,B,B
1af0502ad0334de5,M,,,,False,11.78,excluded,excluded,excluded,B,B,B,B,B,B,B,B
2d1aec09fa0d41be,F,,,,False,12.62,A,A,B,B,B,B,B,B,B,B,B
7edc00bffe0ec082,M,,,P20,False,11.02,excluded,excluded,excluded,excluded,excluded,excluded,A,B,B,B,B
12593d923e771672,F,164.0,49.0,P26,True,13.22,B,B,B,B,B,B,B,B,B,B,B
f63d3f7aa13d0677,M,,,P10,False,12.8,excluded,excluded,excluded,excluded,excluded,excluded,excluded,excluded,excluded,excluded,excluded
3a027031d3e4fec4,M,,,P19,False,11.5,excluded,excluded,A,B,B,B,B,B,B,B,B
2bb92fdfd89fad03,M,,,P17,False,11.14,A,A,A,A,A,B,B,B,B,B,B
7b6f429ff61285f9,M,184.0,65.0,P20,True,12.19,excluded,excluded,B,B,B,B,B,B,B,B,B
1e922d26af6c907b,F,,,P20,False,12.27,A,A,B,B,B,B,B,B,B,B,B
69e824b25b04d7b9,M,,,P12,False,11.93,A,B,B,B,B,B,B,B,B,B,B
ac2d7501b8297c4d,M,,,,False,11.07,excluded,excluded,excluded,excluded,excluded,excluded,A,B,B,B,B
0eb3cadf17a8119a,M,,,P17,False,10.85,A,A,B,B,B,B,B,B,B,B,B
c7996dd1801f4d0b,M,,,,False,12.36,excluded,excluded,excluded,B,B,B,B,B,B,B,B
c426e1fbb7ecbb7b,M,181.0,64.0,P20,True,11.6,excluded,excluded,A,B,B,B,B,B,B,B,B
b454be960ca1456f,M,183.0,64.0,P14,True,10.78,excluded,A,A,A,A,B,B,B,B,B,B
7dc7f58ccb482cee,M,,,P14,False,12.22,excluded,excluded,excluded,excluded,excluded,excluded,excluded,excluded,excluded,excluded,excluded
80ce36ef9ae47b19,M,173.0,62.0,P02,True,11.23,excluded,excluded,excluded,A,A,A,B,B,B,B,B
0d0ede4cded6057c,M,,,P23,False,11.76,excluded,excluded,excluded,excluded,A,B,B,B,B,B,B
5162bcdd6e687531,F,,,,False,12.44,A,B,B,B,B,B,B,B,B,B,B
fd69355714f07320,F,170.0,51.0,P26,True,12.52,excluded,excluded,A,A,A,B,B,B,B,B,B
3211e9f084970717,M,,,P21,False,11.67,excluded,A,A,B,B,B,B,B,B,B,B
09c4317991fe5672,F,,,P04,False,13.08,A,B,B,B,B,B,B,B,B,B,B
cbc599f9040cb4b6,M,,,P25,False,11.65,excluded,excluded,A,B,B,B,B,B,B,B,B
454fce2a8acb372a,F,,,P04,False,12.76,A,B,B,B,B,B,B,B,B,B,B
d1b3a52089a84e98,F,,,P24,False,13.68,B,B,B,B,B,B,B,B,B,B,B
e7dd4ccbeaf8d9e4,F,,,P04,False,13.92,A,A,B,B,B,B,B,B,B,B,B
7274ea9694a8609a,M,,,P02,False,11.61,excluded,excluded,excluded,excluded,excluded,excluded,excluded,excluded,excluded,excluded,excluded
5a1136040385b175,M,182.0,75.0,P02,True,11.32,A,B,B,B,B,B,B,B,B,B,B
ef51d8a5fb9348fa,M,,,P23,False,11.3,excluded,excluded,A,B,B,B,B,B,B,B,B
75a50e61f52662d6,F,,,P10,False,12.29,A,A,A,B,B,B,B,B,B,B,B
c0f0b6dd0016506a,F,170.0,47.0,P18,True,12.23,A,B,B,B,B,B,B,B,B,B,B
4995a48201017dc0,M,,,P19,False,11.46,excluded,A,A,B,B,B,B,B,B,B,B
edc40f8852a5700a,F,,,P09,False,12.65,A,A,B,B,B,B,B,B,B,B,B
b762079ed36ac502,F,,,P00,False,12.45,excluded,A,A,A,A,B,B,B,B,B,B
d3dd203720344069,M,,,P20,False,11.12,excluded,A,A,B,B,B,B,B,B,B,B
33204ff24fa8345b,F,,,P17,False,12.93,excluded,A,A,A,B,B,B,B,B,B,B
d145a567b09ca0b9,M,,,P14,False,12.44,excluded,excluded,B,B,B,B,B,B,B,B,B
2035a22d56f4dfbb,M,,,P04,False,11.61,A,B,B,B,B,B,B,B,B,B,B
12a061916e7e612a,F,,,P20,False,12.69,A,A,B,B,B,B,B,B,B,B,B
2aebb17e5d23e4e4,M,,,P20,False,11.91,excluded,excluded,B,B,B,B,B,B,B,B,B
e1d591694620d1f3,M,172.0,58.0,P30,True,10.85,excluded,excluded,A,A,A,A,B,B,B,B,B
da927992fa29a39d,M,,,P12,False,11.27,A,B,B,B,B,B,B,B,B,B,B
5b68993b2e70bc7c,F,,,P27,False,13.19,A,A,B,B,B,B,B,B,B,B,B
409a510a8ad15580,F,,,P21,False,12.75,A,B,B,B,B,B,B,B,B,B,B
229768dea099fb25,M,,,P26,False,11.01,excluded,excluded,excluded,excluded,A,A,A,B,B,B,B
c18fb3d9937c9bae,M,,,,False,11.43,excluded,excluded,excluded,B,B,B,B,B,B,B,B
97186be53d473ad8,F,163.0,55.0,P18,True,12.29,excluded,excluded,A,B,B,B,B,B,B,B,B
9aa6b7cfd1899154,F,161.0,46.0,P29,True,12.48,excluded,A,A,A,B,B,B,B,B,B,B
bdd8b7ab66d209fa,F,165.0,50.0,P24,True,12.28,excluded,excluded,A,B,B,B,B,B,B,B,B
7ee4d52c4fc25a45,F,162.0,45.0,P29,True,12.63,excluded,A,A,A,B,B,B,B,B,B,B
b16cc51c8d422c5f,F,,,P27,False,12.26,excluded,excluded,A,B,B,B,B,B,B,B,B
d5e57d660659faaf,M,,,P18,False,11.7,excluded,excluded,A,B,B,B,B,B,B,B,B
2bcf7c41a6595022,M,180.0,70.0,P07,True,11.23,excluded,excluded,B,B,B,B,B,B,B,B,B
bfbefdbf849d6821,M,,,,False,10.82,excluded,excluded,A,A,B,B,B,B,B,B,B
ac528e378579e693,M,,,,False,11.34,excluded,excluded,A,B,B,B,B,B,B,B,B
b7d9e4890e94a57d,M,168.0,57.0,P20,True,11.53,excluded,excluded,B,B,B,B,B,B,B,B,B
96c88f63197d78a8,M,185.0,60.0,P17,True,10.7,excluded,A,A,B,B,B,B,B,B,B,B
6ca28acdd3cf5453,F,155.0,45.0,P23,True,11.85,excluded,excluded,excluded,excluded,A,A,A,B,B,B,B
f8910ed10b1476db,F,168.0,52.0,P06,True,12.58,A,A,B,B,B,B,B,B,B,B,B
9651c40be82c5afe,M,175.0,65.0,P20,True,11.28,A,B,B,B,B,B,B,B,B,B,B
b0a6b4b28f1852a2,M,174.0,65.0,P26,True,10.9,excluded,excluded,excluded,A,A,B,B,B,B,B,B
60a13dc725eef421,F,,,,False,14.27,excluded,excluded,excluded,excluded,excluded,excluded,excluded,excluded,excluded,excluded,excluded
eb83f0459f32a711,M,186.0,72.0,P14,True,11.13,excluded,excluded,excluded,A,B,B,B,B,B,B,B
a774b98dc6da4dc1,F,,,P17,False,13.24,A,B,B,B,B,B,B,B,B,B,B
f081179d1164a6d8,F,,,P26,False,12.26,excluded,excluded,A,A,B,B,B,B,B,B,B
7f6c417bad8b9e77,M,,,,False,11.7,excluded,excluded,excluded,B,B,B,B,B,B,B,B
d3374e0f7316f552,M,185.0,75.0,,True,11.36,excluded,excluded,excluded,excluded,excluded,excluded,excluded,excluded,excluded,excluded,excluded
9f8dcce82d86ce87,M,,,P04,False,11.4,excluded,excluded,excluded,excluded,A,B,B,B,B,B,B
56d2c72f0b6f2b52,M,,,P14,False,11.83,excluded,excluded,excluded,B,B,B,B,B,B,B,B
c844a806884e5fc4,M,,,P09,False,10.84,excluded,excluded,excluded,A,A,A,A,B,B,B,B
c7849591a1aee775,F,166.0,51.0,P16,True,12.7,excluded,excluded,excluded,excluded,A,B,B,B,B,B,B
fb55acbcf8a0bbfd,F,157.0,45.0,P23,True,12.57,excluded,excluded,A,B,B,B,B,B,B,B,B
361abdf1bf609762,F,158.0,50.0,P23,True,12.32,excluded,excluded,A,B,B,B,B,B,B,B,B
3ddc2d570bc47462,M,,,P09,False,11.64,excluded,A,A,B,B,B,B,B,B,B,B
a7ff2f849e7d8ec9,F,,,P04,False,13.09,excluded,A,A,B,B,B,B,B,B,B,B
3fd7411e1fed029e,F,163.0,50.0,P20,True,12.5,A,B,B,B,B,B,B,B,B,B,B
dcb0d5dd684abc49,M,179.0,70.0,P10,True,12.51,excluded,excluded,excluded,excluded,excluded,excluded,excluded,excluded,excluded,excluded,excluded
5fb821b98b73008a,M,,,P20,False,11.04,excluded,excluded,A,B,B,B,B,B,B,B,B
49a421dd32de8b82,M,,,P18,False,10.71,excluded,excluded,excluded,excluded,A,B,B,B,B,B,B
a5d72d1358992f62,M,,,,False,11.56,excluded,excluded,A,B,B,B,B,B,B,B,B
0e45dafce8535745,M,,,P10,False,11.84,excluded,excluded,A,B,B,B,B,B,B,B,B
0be6580deea3e3f9,M,,,P12,False,11.45,excluded,excluded,A,B,B,B,B,B,B,B,B
d1f4ce4a8d040cd0,F,172.0,56.0,P18,True,11.65,excluded,excluded,excluded,excluded,excluded,excluded,A,A,A,A,B
fb71a4d2ca2e0271,F,,,P03,False,12.75,A,A,A,B,B,B,B,B,B,B,B
576af8197d5ef20a,F,,,P12,False,12.73,A,A,A,B,B,B,B,B,B,B,B
939f4b46f7cb6991,M,188.0,65.0,P10,True,11.87,excluded,excluded,excluded,excluded,excluded,excluded,excluded,excluded,excluded,excluded,excluded
53a133e39c23571f,M,175.0,61.0,P00,True,10.91,excluded,excluded,B,B,B,B,B,B,B,B,B
e58ee21ad0069ba3,M,,,P17,False,11.68,A,A,B,B,B,B,B,B,B,B,B
844e9f1ba4915a78,M,,,P17,False,11.23,excluded,excluded,A,B,B,B,B,B,B,B,B
e826729be37c6bab,M,,,,False,11.57,excluded,excluded,excluded,B,B,B,B,B,B,B,B
e4200cb49f63894d,F,174.0,61.0,P26,True,11.8,excluded,excluded,excluded,excluded,A,A,B,B,B,B,B
907d7977fd3cb971,F,,,P17,False,12.68,A,A,B,B,B,B,B,B,B,B,B
daa03cefef6e75d5,M,187.0,71.0,P09,True,11.35,A,A,A,A,B,B,B,B,B,B,B
39fa1ca4b24caca6,F,,,,False,13.01,excluded,B,B,B,B,B,B,B,B,B,B
8ff9669491574b85,F,,,P10,False,13.08,excluded,excluded,B,B,B,B,B,B,B,B,B
9cadead01393ac37,F,,,P11,False,13.31,A,B,B,B,B,B,B,B,B,B,B
a71cfb6b14e271d2,M,185.0,80.0,P10,True,11.8,excluded,excluded,excluded,excluded,excluded,excluded,excluded,excluded,excluded,excluded,excluded
a80bcc59fb87fbab,F,,,P27,False,12.19,excluded,excluded,A,B,B,B,B,B,B,B,B
510f143a30032f99,M,,,P14,False,11.55,A,A,B,B,B,B,B,B,B,B,B
30e805bb92c9d71a,F,,,P23,False,12.36,A,A,B,B,B,B,B,B,B,B,B
6a958047b1efc4a0,M,,,P04,False,13.77,excluded,excluded,excluded,excluded,excluded,excluded,excluded,excluded,excluded,excluded,excluded
2d5010fe2c03c7f0,F,,,P23,False,12.59,A,B,B,B,B,B,B,B,B,B,B
42f9c2009821ca15,F,,,,False,13.12,excluded,B,B,B,B,B,B,B,B,B,B
55e18b3ce2bab27d,F,,,P04,False,12.97,excluded,A,A,B,B,B,B,B,B,B,B
d69b61fc18095953,M,178.0,68.0,P10,True,11.46,excluded,A,A,B,B,B,B,B,B,B,B
d4f29d4c8a40fc7c,F,164.0,50.0,P26,True,12.05,excluded,excluded,excluded,excluded,excluded,excluded,A,B,B,B,B
7c312ecd4d0e9bb2,F,,,P03,False,11.75,excluded,excluded,excluded,A,A,A,A,A,A,B,B
cb5856798864c33b,M,,,P30,False,10.72,excluded,excluded,A,A,A,A,A,B,B,B,B
aebb264df1d3cf6c,F,176.0,60.0,P18,True,12.03,excluded,excluded,excluded,excluded,excluded,A,A,B,B,B,B
13ffe1befba45ea6,F,,,P15,False,11.73,excluded,excluded,excluded,excluded,excluded,A,A,A,A,B,B
0228beb647ee236a,F,,,P17,False,12.78,excluded,excluded,A,A,A,B,B,B,B,B,B
2474954f8f765439,F,,,P04,False,13.48,A,B,B,B,B,B,B,B,B,B,B
f4206e215e3f00f1,M,,,P12,False,10.66,excluded,excluded,excluded,excluded,A,A,A,B,B,B,B
b5810f80724107fd,M,,,P04,False,11.95,excluded,excluded,A,B,B,B,B,B,B,B,B
c7ad6aa62d6d81b0,M,,,P23,False,12.07,excluded,excluded,excluded,excluded,excluded,excluded,excluded,excluded,excluded,excluded,excluded
6e16450615381ba0,F,,,P17,False,11.93,A,B,B,B,B,B,B,B,B,B,B
5aecfcd369659990,M,,,P20,False,11.7,excluded,excluded,A,B,B,B,B,B,B,B,B
07a4abe7254dab21,F,164.0,54.0,P21,True,12.28,excluded,excluded,A,A,B,B,B,B,B,B,B
0fafa8a08eb707ba,F,,,P19,False,13.39,A,A,B,B,B,B,B,B,B,B,B
7be8a2d576078ddd,M,,,P26,False,10.8,A,A,B,B,B,B,B,B,B,B,B
62d844dde91d6627,F,168.0,52.0,P11,True,13.12,A,B,B,B,B,B,B,B,B,B,B
a94a0d08959345c7,M,,,P22,False,11.31,excluded,excluded,B,B,B,B,B,B,B,B,B
3536621a5fae2061,F,,,P20,False,12.11,A,B,B,B,B,B,B,B,B,B,B
45e4542617073fc5,M,,,P23,False,11.56,excluded,excluded,B,B,B,B,B,B,B,B,B
1e609dfea94a9e8f,F,,,P04,False,12.99,excluded,excluded,A,B,B,B,B,B,B,B,B
9c04d71b1701393a,M,,,P10,False,11.32,excluded,excluded,A,B,B,B,B,B,B,B,B
b2be1c09e08486ef,M,,,P23,False,11.56,excluded,excluded,excluded,excluded,excluded,excluded,excluded,excluded,excluded,excluded,excluded
ad40b143276b98ed,M,,,P04,False,11.33,excluded,A,A,B,B,B,B,B,B,B,B
761d5179abfc35cf,M,,,P20,False,11.92,excluded,excluded,excluded,excluded,excluded,excluded,excluded,excluded,excluded,excluded,excluded
ad45915dee572245,M,,,,False,11.15,excluded,excluded,excluded,excluded,excluded,excluded,B,B,B,B,B
b155d296cbac05da,M,,,P14,False,11.5,excluded,excluded,B,B,B,B,B,B,B,B,B
6523d1492d025f94,F,,,P08,False,13.13,excluded,A,A,B,B,B,B,B,B,B,B
ca5831f15e3ad7ad,F,,,P23,False,12.42,A,A,A,B,B,B,B,B,B,B,B
5b60d5488e492335,F,168.0,60.0,P10,True,12.95,A,B,B,B,B,B,B,B,B,B,B
094fdea98dff1f5c,M,,,,False,10.25,excluded,excluded,excluded,excluded,excluded,excluded,excluded,excluded,excluded,excluded,excluded
805474b803f57ea1,M,,,P27,False,11.29,excluded,B,B,B,B,B,B,B,B,B,B
879486f96debe384,M,,,,False,11.29,excluded,excluded,A,B,B,B,B,B,B,B,B
b001d93168ed6c7f,M,,,P23,False,11.87,excluded,excluded,A,B,B,B,B,B,B,B,B
43e7dff2a7f02840,F,,,P17,False,13.06,A,B,B,B,B,B,B,B,B,B,B
2f138ed4b50bd544,F,,,P20,False,11.88,excluded,excluded,A,A,B,B,B,B,B,B,B
76a2cb18338779aa,F,,,P26,False,12.97,excluded,excluded,A,A,A,B,B,B,B,B,B
615309b64a407ac4,F,,,P15,False,12.73,excluded,excluded,excluded,excluded,excluded,A,A,A,A,B,B
7c8e23afa99a9cbd,M,180.0,66.0,P22,True,11.84,B,B,B,B,B,B,B,B,B,B,B
755f78a8641ce880,M,,,P04,False,11.9,excluded,excluded,A,B,B,B,B,B,B,B,B
fa9884b0867d819e,F,168.0,48.0,P09,True,12.66,excluded,excluded,A,A,A,A,B,B,B,B,B
67d4d8e0c0437eb6,M,,,P04,False,11.7,excluded,B,B,B,B,B,B,B,B,B,B
fc5df1481d45e6d3,F,156.0,46.0,P26,True,12.82,excluded,excluded,A,A,A,B,B,B,B,B,B
970832cc1f3c877e,M,,,P10,False,11.05,excluded,excluded,A,B,B,B,B,B,B,B,B
d241de812b9675fd,F,160.0,53.0,P23,True,13.43,excluded,excluded,excluded,excluded,excluded,excluded,excluded,excluded,excluded,excluded,excluded
0c5cd4962337add4,M,,,P12,False,11.72,excluded,A,B,B,B,B,B,B,B,B,B
26fd62233233a016,M,180.0,64.0,P09,True,11.3,excluded,excluded,A,B,B,B,B,B,B,B,B
d3f878ee6d3dceb9,M,,,,False,11.54,excluded,excluded,B,B,B,B,B,B,B,B,B
b40aa959397231fc,F,170.0,55.0,P15,True,12.76,excluded,excluded,A,A,B,B,B,B,B,B,B
d65ecc5da65e1109,F,,,P02,False,12.46,A,B,B,B,B,B,B,B,B,B,B
764b33ce96f41caf,M,,,,False,11.64,excluded,excluded,B,B,B,B,B,B,B,B,B
adbcace683a5710a,M,178.0,65.0,P10,True,11.26,excluded,excluded,A,B,B,B,B,B,B,B,B
5b9f1c65424afb90,M,,,P10,False,10.78,excluded,A,A,B,B,B,B,B,B,B,B
87849e150e50e1b5,M,,,P20,False,10.64,excluded,excluded,excluded,excluded,excluded,A,A,B,B,B,B
359d44d0f1a66f02,F,,,P29,False,12.82,excluded,excluded,A,B,B,B,B,B,B,B,B
5009e4e713e2df4c,F,,,P12,False,12.69,A,B,B,B,B,B,B,B,B,B,B
34f5cbe000f6d826,M,180.0,65.0,P27,True,10.77,excluded,excluded,excluded,excluded,A,A,A,A,B,B,B
17b5cd687787a4b0,F,165.0,50.0,P08,True,11.34,excluded,excluded,excluded,excluded,excluded,excluded,A,A,A,A,A
6920b7194aa52d3e,M,185.0,75.0,P10,True,11.71,excluded,excluded,excluded,excluded,excluded,excluded,excluded,excluded,excluded,excluded,excluded
06096955e1289c46,M,178.0,64.0,P10,True,11.5,excluded,excluded,A,B,B,B,B,B,B,B,B
a5b166bdb92d585f,M,180.0,60.0,,True,11.73,A,B,B,B,B,B,B,B,B,B,B
f96d333849fbc8a6,M,,,P10,False,11.89,excluded,excluded,B,B,B,B,B,B,B,B,B
c4f2456e705499b6,F,,,P25,False,14.56,excluded,excluded,excluded,excluded,excluded,excluded,excluded,excluded,excluded,excluded,excluded
9ab825337a82b440,M,,,P10,False,11.94,excluded,excluded,excluded,B,B,B,B,B,B,B,B
54b235d4698cfd9b,F,165.0,53.0,P18,True,11.95,excluded,excluded,A,A,A,A,B,B,B,B,B
120e504008eae81e,F,168.0,57.0,P29,True,12.06,excluded,excluded,B,B,B,B,B,B,B,B,B
611c4aadbb1395c0,F,,,P27,False,12.5,A,A,A,B,B,B,B,B,B,B,B
e603f7afcefc3518,M,,,P14,False,11.85,excluded,excluded,B,B,B,B,B,B,B,B,B
7b218c036d0e1ea2,M,170.0,65.0,P10,True,11.88,A,B,B,B,B,B,B,B,B,B,B
4c32c23295c4e7fb,M,,,P10,False,11.08,excluded,excluded,A,A,A,A,B,B,B,B,B
22bbe0667d241964,M,,,,False,12.07,excluded,excluded,excluded,excluded,excluded,excluded,excluded,excluded,excluded,excluded,excluded
8a96576ded9a65b2,M,,,P10,False,11.72,excluded,excluded,A,B,B,B,B,B,B,B,B
db1ecefff979650e,F,,,P27,False,12.14,excluded,A,A,B,B,B,B,B,B,B,B
e11e3990df1eb7a6,F,,,P19,False,12.64,A,A,B,B,B,B,B,B,B,B,B
68ee73e7a98a907e,M,181.0,69.0,,True,11.4,excluded,excluded,A,B,B,B,B,B,B,B,B
2bc0b723a2dcd888,M,181.0,65.0,,True,11.18,excluded,excluded,excluded,excluded,excluded,excluded,excluded,excluded,excluded,excluded,excluded
b8916d36e9560f81,F,,,P18,False,12.92,excluded,A,A,B,B,B,B,B,B,B,B
152c36bb0bc5eb88,F,170.0,56.0,P10,True,12.45,excluded,excluded,excluded,A,B,B,B,B,B,B,B
142a3a1d599f461f,F,,,P23,False,12.39,excluded,excluded,A,B,B,B,B,B,B,B,B
ce3805583de43c1d,M,,,P19,False,12.06,excluded,excluded,excluded,excluded,excluded,excluded,excluded,excluded,excluded,excluded,excluded
c016989accff6a3b,F,168.0,52.0,P26,True,12.55,excluded,excluded,A,B,B,B,B,B,B,B,B
99161ef59aa3c771,M,174.0,55.0,,True,11.49,A,B,B,B,B,B,B,B,B,B,B
c14328c11226aa22,F,,,P04,False,12.66,excluded,A,A,B,B,B,B,B,B,B,B
3931e992c18f91ab,M,,,,False,11.23,excluded,excluded,A,B,B,B,B,B,B,B,B
e3dc2fdf9698bbf6,F,164.0,58.0,P02,True,12.54,excluded,excluded,A,B,B,B,B,B,B,B,B
e85ca1c7eaa054e7,M,,,P17,False,11.24,A,B,B,B,B,B,B,B,B,B,B
f9e2e5e3006de528,M,,,P10,False,11.11,excluded,excluded,excluded,excluded,excluded,excluded,excluded,B,B,B,B
9cc757715716d5b1,F,,,P07,False,12.32,excluded,A,A,A,B,B,B,B,B,B,B
a73cdc1861a3a3b1,M,,,P07,False,11.84,A,B,B,B,B,B,B,B,B,B,B
23a8859ddbf31ce1,F,163.0,55.0,P01,True,13.69,excluded,excluded,excluded,excluded,B,B,B,B,B,B,B
4a4efda54470cb0f,M,,,P10,False,11.16,excluded,excluded,A,B,B,B,B,B,B,B,B
6f32373828f0b34f,M,,,P18,False,11.52,excluded,A,B,B,B,B,B,B,B,B,B
c2e6889d32dc5a6c,M,,,P10,False,12.05,excluded,excluded,A,B,B,B,B,B,B,B,B
14a33c96bbcf1e7d,M,175.0,65.0,,True,12.05,excluded,excluded,excluded,B,B,B,B,B,B,B,B
b74d3eb7478a3eb0,M,,,P10,False,11.98,excluded,excluded,B,B,B,B,B,B,B,B,B
72bc0af9a36b8b8b,M,,,P08,False,13.15,excluded,excluded,excluded,excluded,excluded,excluded,excluded,excluded,excluded,excluded,excluded
d2a6cb582443e6e7,M,,,P08,False,10.82,excluded,excluded,excluded,excluded,A,A,A,B,B,B,B
c8cfd799bc065b97,M,,,P10,False,12.04,excluded,excluded,excluded,B,B,B,B,B,B,B,B
db84a0a4e579ce89,F,,,,False,15.05,excluded,excluded,excluded,excluded,excluded,excluded,excluded,excluded,excluded,excluded,excluded
cd4dba7f1db098cb,F,,,,False,12.17,excluded,A,A,B,B,B,B,B,B,B,B
5d8de7fb85de0010,M,,,P23,False,11.64,excluded,excluded,A,B,B,B,B,B,B,B,B
b663149a30ca2152,M,,,P18,False,11.26,A,A,B,B,B,B,B,B,B,B,B
b7be5e8d7091044f,M,188.0,70.0,P28,True,10.9,excluded,excluded,excluded,excluded,A,A,B,B,B,B,B
63bc5dbb81c838bc,F,162.0,50.0,P20,True,12.57,excluded,A,A,B,B,B,B,B,B,B,B
beadbfdf8957bca5,M,,,,False,11.38,excluded,excluded,excluded,B,B,B,B,B,B,B,B
2435eebe13410c8d,M,,,P04,False,11.32,excluded,excluded,A,B,B,B,B,B,B,B,B
d5dd8ef7dc984e05,M,180.0,75.0,P15,True,11.77,excluded,excluded,A,B,B,B,B,B,B,B,B
00d6c0632a937004,M,165.0,50.0,P25,True,12.18,A,A,B,B,B,B,B,B,B,B,B
7d7ae59af13da66b,M,,,P09,False,10.63,excluded,excluded,excluded,excluded,A,A,A,B,B,B,B
d685c69d423eff18,F,168.0,54.0,P25,True,13.63,excluded,B,B,B,B,B,B,B,B,B,B
f5ea4d3bfaf5f445,M,178.0,70.0,P10,True,12.32,excluded,excluded,excluded,excluded,excluded,excluded,excluded,excluded,excluded,excluded,excluded
ed0051a082ecac64,F,,,P20,False,13.22,A,A,B,B,B,B,B,B,B,B,B
4ab7fabbe04fe457,M,,,P14,False,11.38,excluded,excluded,A,A,B,B,B,B,B,B,B
325a3638c940ae32,M,,,P10,False,10.58,excluded,excluded,excluded,A,A,A,A,A,A,A,B
ae94d22256206e89,M,,,P17,False,11.31,excluded,excluded,excluded,A,A,B,B,B,B,B,B
d8771cb7bb9f69b6,M,184.0,70.0,P30,True,10.97,excluded,excluded,excluded,excluded,A,A,A,A,B,B,B
3c5aa70c80394ee8,M,,,P02,False,11.42,excluded,A,A,B,B,B,B,B,B,B,B
f9af050b00decb7b,F,,,P26,False,12.2,A,A,B,B,B,B,B,B,B,B,B
e39ec9d0b0497fe6,F,165.0,60.0,P10,True,16.96,excluded,excluded,excluded,excluded,excluded,excluded,excluded,excluded,excluded,excluded,excluded
d3189922c6afc168,M,,,P17,False,11.88,excluded,excluded,excluded,excluded,B,B,B,B,B,B,B
df561670769127c6,M,,,P05,False,11.8,excluded,excluded,excluded,excluded,excluded,excluded,excluded,excluded,excluded,excluded,excluded
c4a9d59247d6ab50,M,180.0,60.0,P18,True,11.51,excluded,excluded,A,B,B,B,B,B,B,B,B
91420fd940b106fc,M,,,P20,False,11.75,excluded,excluded,excluded,excluded,excluded,excluded,excluded,excluded,excluded,excluded,excluded
45ffd2fb00dd8094,M,,,P06,False,11.43,A,B,B,B,B,B,B,B,B,B,B
2cc2bf5574c40629,M,,,,False,12.87,excluded,excluded,excluded,excluded,excluded,excluded,excluded,excluded,excluded,excluded,excluded
d880e0e10b4f7a01,F,158.0,47.0,P03,True,12.56,A,A,A,B,B,B,B,B,B,B,B
5ec102475fa98456,F,154.0,45.0,,True,14.16,excluded,excluded,excluded,excluded,excluded,excluded,excluded,excluded,excluded,excluded,excluded
015b09868e9e2f91,M,,,P10,False,10.79,excluded,excluded,A,A,B,B,B,B,B,B,B
9e653e516ae243ac,M,183.0,62.0,P10,True,13.43,excluded,excluded,excluded,excluded,excluded,excluded,excluded,excluded,excluded,excluded,excluded
8a75bdee5086a68e,M,,,P04,False,11.76,excluded,excluded,excluded,excluded,excluded,excluded,excluded,excluded,excluded,excluded,excluded
0354021426a33ee9,F,167.0,55.0,P26,True,13.96,excluded,excluded,excluded,excluded,excluded,excluded,excluded,excluded,excluded,excluded,excluded
350c7a5a9c1ea08c,M,,,P23,False,10.35,excluded,excluded,A,B,B,B,B,B,B,B,B
37915bf0ffa3808d,F,154.0,48.0,P20,True,11.72,A,B,B,B,B,B,B,B,B,B,B
6916d32034cabb79,F,,,P23,False,12.69,A,A,B,B,B,B,B,B,B,B,B
0bdc2454851aad51,F,,,P21,False,12.24,A,B,B,B,B,B,B,B,B,B,B
e66baebe138c4e9a,F,165.0,53.0,,True,13.08,A,B,B,B,B,B,B,B,B,B,B
9443d724846808d3,F,,,P15,False,12.76,excluded,excluded,A,B,B,B,B,B,B,B,B
a3455374f4b2784d,M,,,P23,False,12.3,excluded,excluded,excluded,excluded,excluded,excluded,excluded,excluded,excluded,excluded,excluded
b051a73601e644b0,F,165.0,43.0,P09,True,13.84,A,B,B,B,B,B,B,B,B,B,B
2e7a892089df7ba3,F,,,P15,False,13.25,excluded,excluded,excluded,B,B,B,B,B,B,B,B
29c55b4f24c8407a,F,,,P23,False,12.82,A,A,B,B,B,B,B,B,B,B,B
2e5cee7c2bd37629,M,,,P10,False,11.16,excluded,excluded,A,B,B,B,B,B,B,B,B
112950ab4b82a74f,M,175.0,68.0,,True,12.13,excluded,excluded,excluded,excluded,excluded,excluded,excluded,excluded,excluded,excluded,excluded
530613f97bc4b33c,M,177.0,60.0,P07,True,11.99,excluded,excluded,excluded,excluded,excluded,excluded,excluded,excluded,excluded,excluded,excluded
8494a104145ee6ab,M,,,,False,11.27,excluded,excluded,excluded,excluded,excluded,excluded,excluded,excluded,excluded,excluded,excluded
9212cb741ca37701,M,,,P05,False,10.97,excluded,excluded,excluded,excluded,excluded,excluded,A,B,B,B,B
943b1bd4928332e1,M,,,P26,False,10.68,excluded,excluded,excluded,excluded,A,B,B,B,B,B,B
f6a90e1c2e7e38ce,M,176.0,66.0,P10,True,11.69,excluded,excluded,excluded,excluded,excluded,excluded,excluded,excluded,excluded,excluded,excluded
91c329ca0500ffb1,M,,,P28,False,10.98,A,A,A,B,B,B,B,B,B,B,B
c83bc654a9298ae9,F,,,P30,False,12.06,excluded,excluded,excluded,excluded,excluded,A,A,A,A,A,B
a3504fef34fcf2ca,F,,,P23,False,12.19,A,A,B,B,B,B,B,B,B,B,B
f86db47c86a6a732,F,166.0,56.0,P25,True,12.48,excluded,excluded,A,A,B,B,B,B,B,B,B
270a15495ae6368a,F,,,P08,False,13.73,A,B,B,B,B,B,B,B,B,B,B
207e45df135317d9,M,,,P09,False,11.56,excluded,A,A,B,B,B,B,B,B,B,B
4fbd55dd8ed1b313,M,178.0,65.0,P10,True,11.97,excluded,excluded,excluded,excluded,excluded,excluded,excluded,excluded,excluded,excluded,excluded
cf7e5fd2cb73e12f,F,167.0,50.0,P10,True,12.12,excluded,excluded,A,B,B,B,B,B,B,B,B
5b53054337f45e7d,F,175.0,52.0,P00,True,13.15,A,A,A,A,A,B,B,B,B,B,B
5597e2959cc2c9f0,M,,,P19,False,10.8,excluded,excluded,A,A,A,B,B,B,B,B,B
c85877adfe604ff9,M,178.0,76.0,,True,12.48,excluded,excluded,excluded,excluded,excluded,excluded,excluded,excluded,excluded,excluded,excluded
1fd5a601d3675045,M,,,P10,False,12.52,excluded,excluded,A,B,B,B,B,B,B,B,B
373ec5879d3667a8,F,164.0,52.0,P07,True,13.35,A,A,A,B,B,B,B,B,B,B,B
87cca5d780d94323,M,182.0,70.0,P30,True,10.37,excluded,excluded,excluded,excluded,excluded,A,A,B,B,B,B
c6b5447ff7ae0919,F,,,P12,False,13.2,A,B,B,B,B,B,B,B,B,B,B
2f8c3c6280340593,F,161.0,58.0,,True,13.95,excluded,excluded,excluded,excluded,excluded,excluded,excluded,excluded,excluded,excluded,excluded
551b5f59f20b3e2c,M,,,P09,False,11.67,excluded,excluded,A,B,B,B,B,B,B,B,B
a3c67537ea764f95,F,160.0,52.0,P14,True,12.51,excluded,A,A,A,B,B,B,B,B,B,B
7a7baaa864eeca72,M,,,P10,False,12.37,excluded,excluded,excluded,excluded,excluded,excluded,excluded,excluded,excluded,excluded,excluded
545aad1684bf6174,F,,,P03,False,13.97,A,B,B,B,B,B,B,B,B,B,B
e226185ba78728c6,M,,,,False,11.72,excluded,A,B,B,B,B,B,B,B,B,B
dc122abc06b412b2,M,174.0,60.0,P19,True,10.87,excluded,A,A,B,B,B,B,B,B,B,B
11c94d76ccdeaf03,M,,,P28,False,11.44,A,B,B,B,B,B,B,B,B,B,B
6e42c49f5141e5bc,F,165.0,49.0,P09,True,12.36,excluded,A,A,B,B,B,B,B,B,B,B
b8bf9993b4a5ccc6,F,,,P21,False,12.32,excluded,A,A,A,A,A,A,A,A,A,B
9906927391e84fe8,M,182.0,72.0,P10,True,11.14,excluded,excluded,excluded,excluded,A,B,B,B,B,B,B
a3a941d91e5969ae,F,,,P27,False,13.34,excluded,excluded,excluded,excluded,A,A,B,B,B,B,B
716e22c292c398b2,M,,,P26,False,10.43,excluded,excluded,excluded,excluded,excluded,excluded,A,B,B,B,B
0cde0372a10220fd,M,,,P14,False,11.96,excluded,excluded,excluded,B,B,B,B,B,B,B,B
cd23e5b80a12fa7d,F,,,P13,False,12.45,excluded,excluded,A,B,B,B,B,B,B,B,B
6e0582e975bf3614,M,,,P23,False,11.11,excluded,excluded,A,B,B,B,B,B,B,B,B
d3ce2c0dba90d937,M,,,P09,False,10.54,excluded,excluded,excluded,A,A,A,B,B,B,B,B
7978dbdb0c9782bd,F,172.0,53.0,P23,True,13.46,A,A,A,A,B,B,B,B,B,B,B
d299ad2738ba212a,M,164.0,65.0,P20,True,12.26,excluded,excluded,A,B,B,B,B,B,B,B,B
f15f2d10c64c8098,F,,,P04,False,12.22,A,B,B,B,B,B,B,B,B,B,B
46b3141f7f1c7433,M,,,P14,False,11.03,excluded,excluded,A,B,B,B,B,B,B,B,B
7853b105e3f0a3af,M,,,,False,11.39,A,B,B,B,B,B,B,B,B,B,B
be16e40987cf18f7,M,,,P20,False,11.07,A,A,B,B,B,B,B,B,B,B,B
71ff3a7fce2019cf,M,,,P20,False,12.37,excluded,excluded,A,B,B,B,B,B,B,B,B
6ad4eaa502ed0c37,M,,,P14,False,11.97,excluded,excluded,A,B,B,B,B,B,B,B,B
e030113c02c77ca4,F,,,P23,False,12.19,A,A,B,B,B,B,B,B,B,B,B
acd72304201ef1ee,M,,,P14,False,12.2,excluded,excluded,excluded,excluded,excluded,excluded,excluded,excluded,excluded,excluded,excluded
5bf57e89f181d842,M,,,P15,False,11.27,B,B,B,B,B,B,B,B,B,B,B
d28b1e23989bb8eb,M,180.0,75.0,P10,True,11.73,excluded,excluded,A,B,B,B,B,B,B,B,B
3185be4406f0023e,M,175.0,65.0,P10,True,11.27,A,B,B,B,B,B,B,B,B,B,B
c504ff06cbf2d59f,M,,,P04,False,11.68,excluded,excluded,A,B,B,B,B,B,B,B,B
dcfbb9182bc3fc2f,M,,,,False,12.57,excluded,excluded,excluded,excluded,excluded,excluded,excluded,excluded,excluded,excluded,excluded
7af1994e75dd3b3a,M,177.0,87.0,,True,12.98,excluded,excluded,excluded,excluded,excluded,excluded,excluded,excluded,excluded,excluded,excluded
71339553072581dc,F,173.0,55.0,P07,True,12.16,A,A,B,B,B,B,B,B,B,B,B
2bc8f7c7cc42e62f,F,168.0,56.0,P26,True,12.33,excluded,A,A,A,A,A,B,B,B,B,B
c7eea563045e3510,F,,,P04,False,12.75,excluded,excluded,A,B,B,B,B,B,B,B,B
78c5b26f8ea7cd14,M,,,P28,False,11.29,excluded,excluded,A,B,B,B,B,B,B,B,B
b20fe5e9044ef6ff,M,,,P10,False,11.1,A,B,B,B,B,B,B,B,B,B,B
0d1ea575694a0c04,F,,,P03,False,11.75,A,A,B,B,B,B,B,B,B,B,B
f290446dce963045,M,,,P20,False,11.07,excluded,excluded,excluded,A,A,B,B,B,B,B,B
f12f97e11ffa87ee,M,,,P15,False,10.88,excluded,excluded,A,B,B,B,B,B,B,B,B
b8908e05b8828c59,M,185.0,70.0,,True,11.88,excluded,excluded,excluded,excluded,excluded,excluded,excluded,excluded,excluded,excluded,excluded
a4c95c389af7c9d5,M,,,P10,False,11.92,excluded,B,B,B,B,B,B,B,B,B,B
1edec61e2d0951ca,M,,,,False,11.78,excluded,B,B,B,B,B,B,B,B,B,B
7d509d23712d414d,F,165.0,58.0,P25,True,13.19,A,A,A,B,B,B,B,B,B,B,B
cfebc794f942dd96,M,,,,False,11.24,excluded,A,B,B,B,B,B,B,B,B,B
45c501d59ccd8c9f,F,,,P03,False,12.68,A,B,B,B,B,B,B,B,B,B,B
021a6a8cddd25c41,M,,,P23,False,11.26,A,B,B,B,B,B,B,B,B,B,B
37fa9958c9cd9cad,M,,,P00,False,11.31,A,A,B,B,B,B,B,B,B,B,B
dc87003b1996e035,M,175.0,57.0,,True,11.39,B,B,B,B,B,B,B,B,B,B,B
bf6ea6e279bd7a31,M,,,P15,False,11.96,excluded,excluded,B,B,B,B,B,B,B,B,B
df7d87f553960e51,M,182.0,126.0,P01,False,12.74,excluded,excluded,excluded,excluded,excluded,excluded,excluded,excluded,excluded,excluded,excluded
cb0d7677a58b8557,F,,,P21,False,12.42,excluded,A,A,B,B,B,B,B,B,B,B
5a029aedcfaa06da,M,,,P20,False,11.25,excluded,excluded,A,B,B,B,B,B,B,B,B
62e2d33423153b6a,F,,,P17,False,13.45,excluded,excluded,A,B,B,B,B,B,B,B,B
920f7e02e680b9ff,M,,,P14,False,12.95,A,B,B,B,B,B,B,B,B,B,B
f708112d678f42e5,F,167.0,50.0,P16,True,12.37,excluded,excluded,A,A,B,B,B,B,B,B,B
c34ceecccd2c9a37,F,,,P26,False,12.43,excluded,excluded,A,B,B,B,B,B,B,B,B
2c6f8243c059146f,F,,,,False,14.8,excluded,excluded,excluded,excluded,excluded,excluded,excluded,excluded,excluded,excluded,excluded
8ed9643e2727c4b8,M,,,P12,False,11.71,A,B,B,B,B,B,B,B,B,B,B
095d0658bf9a0f89,M,,,,False,11.06,excluded,excluded,A,B,B,B,B,B,B,B,B
e199fc371f88e5f1,M,,,P27,False,10.92,excluded,excluded,A,B,B,B,B,B,B,B,B
075f55336c260338,M,170.0,55.0,P10,True,11.23,excluded,excluded,A,B,B,B,B,B,B,B,B
6296b7e86e115c07,M,171.0,60.0,,True,12.09,excluded,excluded,excluded,excluded,excluded,excluded,excluded,excluded,excluded,excluded,excluded
156fb76c9c5a65b8,M,187.0,70.0,P28,True,10.43,A,A,A,A,A,B,B,B,B,B,B
3338ea8ab1bf2fa8,M,,,P18,False,10.93,excluded,excluded,A,B,B,B,B,B,B,B,B
a8cabbfebf0ba1ab,M,175.0,55.0,,True,11.53,A,B,B,B,B,B,B,B,B,B,B
c64486017207c125,M,174.0,58.0,,True,12.39,excluded,excluded,excluded,excluded,excluded,excluded,excluded,excluded,excluded,excluded,excluded
9e5427feb7df3f2f,M,,,P10,False,11.72,excluded,excluded,A,B,B,B,B,B,B,B,B
c2a995bd54547f9c,M,,,P09,False,11.77,excluded,B,B,B,B,B,B,B,B,B,B
f9bc80ace71cfd8c,M,184.0,70.0,P30,True,10.52,excluded,excluded,excluded,excluded,A,A,A,A,B,B,B
7fdd11e25b8b0039,M,188.0,68.0,,True,11.49,excluded,excluded,excluded,excluded,excluded,excluded,A,B,B,B,B
ca237e2ba54d8277,M,182.0,64.0,P29,True,12.06,excluded,excluded,excluded,excluded,excluded,excluded,excluded,excluded,excluded,excluded,excluded
066bf5cf6b98ccb4,M,185.0,70.0,P10,True,12.02,excluded,excluded,excluded,excluded,excluded,excluded,excluded,excluded,excluded,excluded,excluded
c30a625095cde66d,F,172.0,58.0,P00,True,12.49,A,A,B,B,B,B,B,B,B,B,B
7d4e92761cc0e9d3,F,,,P09,False,13.63,A,B,B,B,B,B,B,B,B,B,B
96d59de444651139,F,,,P21,False,12.22,excluded,excluded,A,A,B,B,B,B,B,B,B
3552a00a4902e6f3,F,164.0,52.0,P14,True,12.76,A,B,B,B,B,B,B,B,B,B,B
3db2c4fac69c1b7a,M,,,P19,False,12.37,excluded,excluded,A,B,B,B,B,B,B,B,B
0ed78a3bcbc2292d,F,,,,False,12.74,excluded,excluded,A,B,B,B,B,B,B,B,B
a2fe377ff11f09d8,F,166.0,45.0,P10,True,12.27,excluded,excluded,A,B,B,B,B,B,B,B,B
466fe8023ef4bf0a,F,,,P20,False,12.23,A,A,A,A,A,A,B,B,B,B,B
7f81715dd29c4b27,M,,,P10,False,11.59,excluded,excluded,A,B,B,B,B,B,B,B,B
f4b9c6602fcead7d,M,,,,False,11.67,excluded,excluded,excluded,excluded,excluded,excluded,excluded,excluded,excluded,excluded,excluded
0083e5cb002fa680,M,171.0,68.0,P06,True,11.75,excluded,excluded,excluded,excluded,excluded,excluded,excluded,excluded,excluded,excluded,excluded
517774badc5946a2,F,,,P15,False,13.33,A,B,B,B,B,B,B,B,B,B,B
fa46a9a489381d57,M,180.0,70.0,P03,True,10.87,excluded,excluded,excluded,excluded,A,B,B,B,B,B,B
7e5e1feedcfe0589,M,,,P10,False,12.06,excluded,excluded,excluded,excluded,excluded,excluded,excluded,excluded,excluded,excluded,excluded
357c5eb5b86992a6,F,,,,False,13.92,excluded,excluded,excluded,excluded,excluded,excluded,excluded,excluded,excluded,excluded,excluded
9692ffc64da5464b,F,170.0,55.0,,True,13.2,A,B,B,B,B,B,B,B,B,B,B
747f3a84cb4c7a2c,M,176.0,57.0,P01,True,11.34,excluded,excluded,A,A,A,A,B,B,B,B,B
0cd2e8a8863d80e3,M,,,P23,False,10.66,excluded,excluded,excluded,excluded,A,B,B,B,B,B,B
bc98441315b33c47,M,170.0,60.0,P23,True,11.4,excluded,excluded,excluded,A,B,B,B,B,B,B,B
b9f7286dce8ece29,M,174.0,,P14,False,10.62,excluded,excluded,excluded,excluded,excluded,B,B,B,B,B,B
21a67002c62d64e3,M,181.0,70.0,,True,11.47,excluded,excluded,A,B,B,B,B,B,B,B,B
5c6334717d442df5,M,,,,False,10.92,A,B,B,B,B,B,B,B,B,B,B
19f54b05e3b38d04,F,,,P26,False,13.86,A,B,B,B,B,B,B,B,B,B,B
8e97d4a42348fd76,F,168.0,60.0,P10,True,14.17,excluded,excluded,A,B,B,B,B,B,B,B,B
b14b1064e8c7311e,F,163.0,52.0,P07,True,13.1,A,A,B,B,B,B,B,B,B,B,B
8e702647d932516e,M,,,P15,False,11.17,A,B,B,B,B,B,B,B,B,B,B
4e085538674d1c63,F,,,P03,False,13.25,A,A,B,B,B,B,B,B,B,B,B
e326be48187c9936,M,,,P17,False,10.69,excluded,A,A,B,B,B,B,B,B,B,B
669d82b485acd3f1,M,,,,False,11.98,excluded,excluded,B,B,B,B,B,B,B,B,B
39f7689bd22e040e,F,,,,False,13.65,excluded,excluded,excluded,excluded,excluded,excluded,excluded,excluded,excluded,excluded,excluded
3cb3cbca2764f11b,M,,,,False,11.55,excluded,excluded,A,B,B,B,B,B,B,B,B
070593ae0504ffc6,M,,,P28,False,11.08,excluded,excluded,excluded,excluded,excluded,excluded,excluded,excluded,excluded,excluded,excluded
d84dfd268ffd014b,M,,,P14,False,11.48,excluded,excluded,A,B,B,B,B,B,B,B,B
7d03d3089847b74e,F,,,P07,False,13.02,A,A,B,B,B,B,B,B,B,B,B
7e4ebf0143f31e7b,M,,,P17,False,10.96,excluded,excluded,A,B,B,B,B,B,B,B,B
c918744f3a4b96e6,M,183.0,73.0,P26,True,10.85,excluded,excluded,excluded,excluded,excluded,excluded,A,B,B,B,B
2d7868f0110f0fd6,F,,,P10,False,13.19,excluded,excluded,A,B,B,B,B,B,B,B,B
7eaf1ae1e76ed544,F,,,P20,False,11.91,excluded,excluded,excluded,A,A,A,A,A,B,B,B
8acfb11334da157c,M,,,P17,False,11.06,excluded,A,A,A,B,B,B,B,B,B,B
d9ddfb7fdf45a672,M,,,P25,False,11.47,excluded,excluded,A,A,B,B,B,B,B,B,B
8c0e88b8d49e73c1,M,183.0,68.0,P12,True,11.38,excluded,excluded,excluded,excluded,excluded,excluded,excluded,excluded,excluded,excluded,excluded
aa75d135c4518503,F,,,P10,False,12.52,excluded,A,A,A,B,B,B,B,B,B,B
2b5bc115f859fa09,F,,,P12,False,13.59,A,B,B,B,B,B,B,B,B,B,B
3fe9219c5fd2df19,M,,,P14,False,11.6,excluded,excluded,B,B,B,B,B,B,B,B,B
45450418b223efbd,F,,,P05,False,12.76,excluded,excluded,excluded,excluded,excluded,A,A,A,B,B,B
7c8e9488b9fce57e,F,,,P04,False,12.08,excluded,excluded,excluded,excluded,A,A,A,A,A,A,B
bc292339b8424e0d,F,,,P07,False,13.22,A,A,B,B,B,B,B,B,B,B,B
38e6f1f37c304e5b,F,170.0,62.0,P10,True,13.73,excluded,excluded,A,B,B,B,B,B,B,B,B
d602ffb2a4708597,M,,,P20,False,11.04,excluded,excluded,excluded,excluded,A,B,B,B,B,B,B
f658e8d5e77840b3,F,163.0,48.0,P10,True,12.63,excluded,A,A,B,B,B,B,B,B,B,B
6771b27e9af6252a,F,,,P14,False,13.1,excluded,excluded,A,B,B,B,B,B,B,B,B
451d66bf73d5359b,M,,,P04,False,11.13,A,A,B,B,B,B,B,B,B,B,B
fb621b10a818d20d,M,,,P00,False,11.14,excluded,excluded,excluded,excluded,excluded,excluded,excluded,excluded,excluded,excluded,excluded
b1f91c669a768215,F,,,P30,False,12.8,A,B,B,B,B,B,B,B,B,B,B
297f8eda77fba2ff,F,,,P04,False,13.11,A,B,B,B,B,B,B,B,B,B,B
6c110966078fba3e,F,,,,False,12.59,excluded,excluded,A,A,A,B,B,B,B,B,B
b9dbfec854986027,F,,,,False,12.22,A,B,B,B,B,B,B,B,B,B,B
be993355671fa865,F,,,P17,False,12.71,excluded,excluded,A,B,B,B,B,B,B,B,B
08595eb4dac3faf6,M,,,P05,False,10.55,excluded,excluded,excluded,A,A,A,B,B,B,B,B
63819ff7095b5f72,F,171.0,51.0,P25,True,12.48,excluded,excluded,A,B,B,B,B,B,B,B,B
044c76448e19466e,M,,,P19,False,11.73,excluded,excluded,A,B,B,B,B,B,B,B,B
b352d6a988c69453,M,182.0,63.0,P10,True,12.04,excluded,B,B,B,B,B,B,B,B,B,B
150e0328a6373ede,F,,,P19,False,12.78,excluded,excluded,excluded,A,A,B,B,B,B,B,B
9d5ad9746833d504,F,,,P13,False,12.21,A,A,B,B,B,B,B,B,B,B,B
bc6d12796cb5797d,F,,,P23,False,12.7,excluded,excluded,A,A,B,B,B,B,B,B,B
87cb80bf15ed0978,F,,,P23,False,12.64,excluded,excluded,excluded,excluded,excluded,A,A,B,B,B,B
7f26fcaf5114be19,M,175.0,57.0,P25,True,11.81,excluded,A,A,B,B,B,B,B,B,B,B
5f9fb82346100d7b,F,,,P03,False,12.05,A,B,B,B,B,B,B,B,B,B,B
91e21fd4b3e487c9,F,167.0,52.0,P30,True,13.95,excluded,excluded,A,A,A,A,A,B,B,B,B
5c85dd4395c550b8,F,170.0,60.0,P05,True,12.13,excluded,excluded,excluded,excluded,A,A,A,A,A,A,B
1a4385458bcc4442,F,,,P00,False,12.18,excluded,excluded,excluded,A,A,A,A,A,B,B,B
5128231244839abe,F,,,P26,False,13.54,A,A,A,A,B,B,B,B,B,B,B
2e45a538e0a54678,F,,,P13,False,12.21,A,A,B,B,B,B,B,B,B,B,B
7d7f8d5f6c1a43ab,M,,,P23,False,11.53,excluded,excluded,A,B,B,B,B,B,B,B,B
15e3990a5984f25e,F,,,P30,False,12.97,excluded,excluded,A,A,B,B,B,B,B,B,B
258b77164d2f43d0,M,61.0,180.0,P10,False,11.28,excluded,A,A,B,B,B,B,B,B,B,B
b94ec6fc6a76c976,F,,,P21,False,13.08,A,B,B,B,B,B,B,B,B,B,B
684454dc226a182d,F,,,,False,12.77,A,A,B,B,B,B,B,B,B,B,B
011f06aa3d9848c1,M,,,,False,11.6,excluded,excluded,A,B,B,B,B,B,B,B,B
991252b8b65bf1f0,F,,,P17,False,13.54,excluded,excluded,A,A,A,A,B,B,B,B,B
8fc914ac53cb97d7,M,,,P12,False,11.06,A,A,B,B,B,B,B,B,B,B,B
8bfe48ce9fb0357a,M,,,P20,False,12.19,B,B,B,B,B,B,B,B,B,B,B
a36889d6f3c11511,M,175.0,65.0,P20,True,11.14,B,B,B,B,B,B,B,B,B,B,B
ada3d6f5cecb1c63,M,186.0,72.0,P23,True,11.81,excluded,excluded,excluded,excluded,excluded,excluded,excluded,excluded,excluded,excluded,excluded
52ff7c1f801e8319,F,173.0,60.0,P04,True,13.3,excluded,B,B,B,B,B,B,B,B,B,B
fe4fa8ddd4d7f43b,F,,,P17,False,12.74,excluded,excluded,A,B,B,B,B,B,B,B,B
159473ec94a5f59e,M,,,P12,False,11.82,excluded,excluded,A,B,B,B,B,B,B,B,B
42c1d80fe384e975,F,,,P20,False,12.99,excluded,excluded,A,B,B,B,B,B,B,B,B
90a261cfd063653d,F,170.0,55.0,P06,True,13.18,excluded,excluded,A,A,B,B,B,B,B,B,B
ad207c210ee1ab9b,M,,,P20,False,10.82,excluded,excluded,A,A,B,B,B,B,B,B,B
23db4057fc4f8d91,F,,,P04,False,12.46,A,B,B,B,B,B,B,B,B,B,B
f540ecabdb8b02ba,M,,,,False,11.59,excluded,excluded,B,B,B,B,B,B,B,B,B
70116a1b77c2fcfe,M,,,,False,11.72,excluded,excluded,excluded,B,B,B,B,B,B,B,B
e7169ef1a87d1dc4,M,185.0,65.0,P10,True,11.31,excluded,excluded,B,B,B,B,B,B,B,B,B
d69c34bc2b2e9282,M,,,P09,False,12.01,excluded,excluded,excluded,excluded,excluded,excluded,excluded,excluded,excluded,excluded,excluded
092b1fef503e89a4,M,168.0,50.0,P09,True,12.26,A,B,B,B,B,B,B,B,B,B,B
39d348922afe9aca,F,,,P26,False,12.12,excluded,excluded,excluded,excluded,A,A,B,B,B,B,B
4965910e62af0337,M,180.0,75.0,P23,True,11.81,excluded,excluded,excluded,excluded,excluded,excluded,excluded,excluded,excluded,excluded,excluded
46fd9c0146492844,M,180.0,65.0,P25,True,10.93,excluded,excluded,A,A,A,A,B,B,B,B,B
dfba195f7f689407,F,,,P10,False,12.33,excluded,excluded,excluded,A,A,A,B,B,B,B,B
703bfa4d74cd2f62,M,,,,False,10.97,excluded,excluded,excluded,A,B,B,B,B,B,B,B
9f5cccda304ee6f1,M,,,P17,False,11.04,excluded,excluded,A,A,B,B,B,B,B,B,B
0c8360532dc665e8,F,,,P14,False,13.02,excluded,excluded,A,B,B,B,B,B,B,B,B
cb7fe86c5aecc305,F,162.0,49.0,P10,True,11.75,excluded,excluded,excluded,A,A,A,B,B,B,B,B
9bab910c3f92bc28,F,,,P17,False,13.16,excluded,A,A,B,B,B,B,B,B,B,B
ecb2ae6a14cc15a8,M,,,,False,11.64,excluded,excluded,B,B,B,B,B,B,B,B,B
efa406ed72338280,F,170.0,60.0,P17,True,11.71,excluded,excluded,A,A,A,A,B,B,B,B,B
d11baed7c50b8ca5,M,,,,False,11.64,excluded,excluded,A,B,B,B,B,B,B,B,B
94f2d8bad3d256d5,F,172.0,54.0,P18,True,11.87,excluded,excluded,A,A,B,B,B,B,B,B,B
33f842b6d9baa4bf,M,184.0,63.0,P20,True,11.61,excluded,excluded,excluded,excluded,B,B,B,B,B,B,B
4f4a6ae70d177ed3,F,173.0,58.0,P25,True,15.0,excluded,excluded,excluded,excluded,excluded,excluded,excluded,excluded,excluded,excluded,excluded
cfbbe527754ab04e,F,169.0,51.0,P19,True,12.11,excluded,excluded,A,A,A,A,A,A,A,B,B
58881f56b4d679c5,M,,,P14,False,11.58,excluded,excluded,excluded,excluded,excluded,excluded,excluded,excluded,excluded,excluded,excluded
ca186555e9cdffe5,M,,,P02,False,11.46,excluded,excluded,A,B,B,B,B,B,B,B,B
8f604679eb0f2cac,M,,,,False,11.29,excluded,excluded,A,B,B,B,B,B,B,B,B
591266c3e4400293,F,,,P25,False,13.73,A,B,B,B,B,B,B,B,B,B,B
0032e7d558115ef2,F,,,P02,False,13.62,A,B,B,B,B,B,B,B,B,B,B
64a6c7eb80bb3fbe,F,168.0,50.0,P10,True,13.62,A,B,B,B,B,B,B,B,B,B,B
2969866cdeffc1fd,M,177.0,62.0,P10,True,12.04,excluded,excluded,excluded,excluded,excluded,excluded,excluded,excluded,excluded,excluded,excluded
e9b1b49f383adde5,M,176.0,65.0,P20,True,12.41,excluded,excluded,excluded,excluded,excluded,excluded,excluded,excluded,excluded,excluded,excluded
b6c36a3d0ae1e1f5,F,,,P21,False,12.29,A,A,B,B,B,B,B,B,B,B,B
78896e3f4f2a16f0,F,,,P24,False,12.91,excluded,excluded,A,A,A,A,A,B,B,B,B
10d740473fb953c7,F,165.0,50.0,P10,True,12.76,excluded,excluded,A,A,A,A,B,B,B,B,B
83668bea9b04f0f3,F,,,P12,False,13.85,excluded,excluded,excluded,excluded,excluded,excluded,excluded,excluded,excluded,excluded,excluded
16a3fb24b7523a09,F,165.0,48.0,P30,True,12.5,A,A,A,B,B,B,B,B,B,B,B
e972a303583dc42a,M,173.0,60.0,P10,True,11.18,excluded,excluded,A,A,B,B,B,B,B,B,B
b4e7a9c0b0df821c,M,,,P17,False,11.13,excluded,excluded,excluded,excluded,excluded,excluded,excluded,excluded,excluded,excluded,excluded
a8fc1b01c2e8b87d,M,,,P14,False,11.82,excluded,A,A,B,B,B,B,B,B,B,B
015888b964a8f0e1,M,,,P20,False,12.05,excluded,excluded,excluded,excluded,excluded,excluded,excluded,excluded,excluded,excluded,excluded
4e1e762ff132710d,M,,,P17,False,11.35,excluded,excluded,A,B,B,B,B,B,B,B,B
aa9cf2da8af3a3ec,M,,,P12,False,11.78,excluded,excluded,A,A,B,B,B,B,B,B,B
67ec33ffdd256143,M,170.0,62.0,P20,True,10.23,excluded,excluded,A,A,B,B,B,B,B,B,B
d0b11ec291a3da8e,M,,,,False,11.01,excluded,A,A,A,B,B,B,B,B,B,B
f15666a374cb8115,M,,,P14,False,11.29,excluded,excluded,B,B,B,B,B,B,B,B,B
c2745fe60faf4a7e,M,,,P04,False,11.75,excluded,excluded,excluded,excluded,excluded,excluded,excluded,excluded,excluded,excluded,excluded
c5284660320264a1,M,,,P17,False,11.24,A,A,B,B,B,B,B,B,B,B,B
f16a3e0f1180856f,M,180.0,70.0,,True,11.45,excluded,excluded,excluded,excluded,excluded,excluded,excluded,excluded,excluded,excluded,excluded
c8b5be0a4f9350d7,F,169.0,55.0,P10,True,12.34,A,A,A,B,B,B,B,B,B,B,B
b258b1061ccf68f4,M,178.0,65.0,P10,True,11.11,excluded,excluded,excluded,A,A,B,B,B,B,B,B
36b8eea7a944254a,M,,,P03,False,11.16,excluded,excluded,A,B,B,B,B,B,B,B,B
98de808ffd0e1c22,M,178.0,65.0,P10,True,12.09,excluded,excluded,excluded,B,B,B,B,B,B,B,B
adbfbe1d24662549,F,,,P08,False,11.81,excluded,excluded,excluded,excluded,excluded,excluded,A,A,A,B,B
e538467d989d8080,M,,,P10,False,11.47,excluded,excluded,A,A,B,B,B,B,B,B,B
cb158df9145b03ed,M,,,,False,11.64,A,B,B,B,B,B,B,B,B,B,B
24489608401c8e6e,M,180.0,,,False,11.56,excluded,excluded,excluded,excluded,excluded,excluded,excluded,excluded,excluded,excluded,excluded
d97a818856fde8f6,M,,,P10,False,11.09,excluded,A,A,B,B,B,B,B,B,B,B
fad24f11cddf481d,M,,,,False,11.62,excluded,excluded,excluded,B,B,B,B,B,B,B,B
a78b199323950aec,F,,,P20,False,12.48,excluded,excluded,A,A,B,B,B,B,B,B,B
d9ab887af8d1c34e,M,188.0,78.0,P27,True,10.58,excluded,excluded,excluded,excluded,A,A,B,B,B,B,B
9726e6b069d18096,F,,,P12,False,11.92,excluded,excluded,excluded,A,A,A,A,A,B,B,B
07c7773d4fbefa51,F,167.0,50.0,P26,True,12.07,excluded,excluded,excluded,excluded,A,A,B,B,B,B,B
0753de0d84f7ab3c,M,,,P12,False,11.64,excluded,excluded,A,B,B,B,B,B,B,B,B
be35598d6a99cc8f,M,,,,False,11.4,excluded,excluded,A,B,B,B,B,B,B,B,B
76b61a72aacf9f13,F,166.0,52.0,P23,True,12.61,excluded,excluded,A,B,B,B,B,B,B,B,B
5a597b7afcb3f352,F,163.0,48.0,P28,True,12.35,excluded,A,A,A,B,B,B,B,B,B,B
c779085e176f9852,M,,,P17,False,11.81,excluded,excluded,A,B,B,B,B,B,B,B,B
f60874a4925e1ee3,M,175.0,63.0,P03,True,10.68,excluded,excluded,excluded,excluded,excluded,excluded,A,B,B,B,B
d3e91a2dd25cc4d7,F,,,P00,False,13.49,excluded,excluded,excluded,excluded,excluded,excluded,excluded,excluded,excluded,excluded,excluded
843ad023159767c7,M,175.0,60.0,P25,True,11.54,excluded,excluded,A,B,B,B,B,B,B,B,B
14ff1c90a45b59ae,F,,,P09,False,12.88,excluded,excluded,A,B,B,B,B,B,B,B,B
c65fe90ac2a68381,M,,,P09,False,10.15,excluded,A,A,A,B,B,B,B,B,B,B
141a08a6ced55b64,F,,,P04,False,12.86,A,A,B,B,B,B,B,B,B,B,B
b21f76f68beb5296,M,,,P09,False,10.78,A,A,B,B,B,B,B,B,B,B,B
c53fb4c69e9e129d,M,,,P12,False,10.85,excluded,excluded,A,A,A,B,B,B,B,B,B
86f48ae7d7019aa7,M,,,P03,False,11.87,excluded,excluded,excluded,excluded,excluded,excluded,excluded,excluded,excluded,excluded,excluded
bb46255fe85e7a54,F,165.0,52.0,P21,True,13.09,excluded,A,A,A,A,A,A,B,B,B,B
2905ef3151e08590,F,,,P04,False,12.22,A,A,B,B,B,B,B,B,B,B,B
47dded95414b6fc2,M,,,P20,False,11.34,excluded,B,B,B,B,B,B,B,B,B,B
44438cc7fec737a1,F,,,P12,False,12.34,A,B,B,B,B,B,B,B,B,B,B
1b9366308b6f881e,M,,,,False,13.37,excluded,excluded,excluded,excluded,excluded,excluded,excluded,excluded,excluded,excluded,excluded
d3043d95cb293141,M,,,P09,False,10.46,excluded,excluded,excluded,excluded,excluded,excluded,A,A,B,B,B
9b88cc4f466897f2,F,158.0,45.0,P20,True,12.18,excluded,A,A,A,A,B,B,B,B,B,B
657344b3659b631f,F,,,P17,False,11.38,excluded,excluded,excluded,excluded,A,B,B,B,B,B,B
377bf4ab692e48bb,M,,,,False,10.66,excluded,excluded,excluded,excluded,excluded,excluded,B,B,B,B,B
17f4b84a3121be64,F,,,P15,False,12.75,excluded,excluded,A,A,B,B,B,B,B,B,B
a854483ee74c9580,F,,,P17,False,12.43,A,A,B,B,B,B,B,B,B,B,B
b014dc2543939f32,M,,,P10,False,11.59,excluded,excluded,A,B,B,B,B,B,B,B,B
cb85da02e77a4d8f,M,,,P17,False,11.74,excluded,excluded,B,B,B,B,B,B,B,B,B
0481ed01880422e9,M,,,P23,False,11.21,excluded,excluded,A,B,B,B,B,B,B,B,B
f896e251ea83f7b5,F,,,P28,False,12.52,excluded,A,A,A,A,A,B,B,B,B,B
afb31c75aadff3c3,F,159.0,47.0,P30,True,15.28,excluded,excluded,excluded,excluded,excluded,excluded,excluded,excluded,excluded,excluded,excluded
87172119965ae890,M,,,P00,False,11.43,excluded,excluded,excluded,excluded,excluded,excluded,excluded,excluded,excluded,excluded,excluded
2d9a3878fa7ac629,M,,,P10,False,11.35,excluded,excluded,A,B,B,B,B,B,B,B,B
4b0802a2cdd6f8f8,F,,,,False,13.21,excluded,excluded,A,B,B,B,B,B,B,B,B
fc0a2b8505311782,M,,,P10,False,11.44,excluded,excluded,A,B,B,B,B,B,B,B,B
c6724f7115e884ea,M,,,P14,False,10.8,excluded,excluded,excluded,A,A,B,B,B,B,B,B
827a0b956d0e845e,F,,,P17,False,13.09,A,B,B,B,B,B,B,B,B,B,B
32fcda64c84053b8,M,182.0,72.0,,True,11.57,excluded,excluded,B,B,B,B,B,B,B,B,B
f3016450561796bb,F,,,P12,False,13.19,excluded,B,B,B,B,B,B,B,B,B,B
40932be71590be51,M,,,P14,False,11.32,excluded,excluded,A,B,B,B,B,B,B,B,B
171ed406ac1f7365,F,,,P20,False,11.59,excluded,excluded,excluded,excluded,A,A,A,A,A,A,B
96b4c55a8639894f,F,,,P20,False,11.52,excluded,excluded,excluded,A,A,A,A,A,A,B,B
e63fed6c524d7ec8,F,,,P26,False,11.99,excluded,excluded,excluded,excluded,excluded,A,A,A,B,B,B
7ea345206cccb8f0,M,175.0,65.0,,True,11.93,excluded,excluded,A,B,B,B,B,B,B,B,B
23f8633ba8dab64b,F,,,P23,False,12.89,A,A,B,B,B,B,B,B,B,B,B
cffb4bd4b8bdc9eb,M,,,P17,False,11.07,A,B,B,B,B,B,B,B,B,B,B
9d691299d461965b,M,,,P23,False,11.27,excluded,excluded,B,B,B,B,B,B,B,B,B
4b367affc5f85179,M,170.0,59.0,,True,11.44,A,B,B,B,B,B,B,B,B,B,B
3402d8778562604c,M,,,P10,False,11.11,excluded,excluded,A,B,B,B,B,B,B,B,B
6cb6b4432cf7d5c9,M,,,,False,12.18,B,B,B,B,B,B,B,B,B,B,B
05d10a50156d2db9,M,,,P23,False,10.72,excluded,excluded,A,B,B,B,B,B,B,B,B
859fc290281a80f9,M,171.0,54.0,P25,True,11.86,A,B,B,B,B,B,B,B,B,B,B
4353ae0b4192b3e2,F,162.0,50.0,P20,True,12.48,excluded,A,A,B,B,B,B,B,B,B,B
b491deabcd054f86,M,,,P15,False,11.01,excluded,excluded,excluded,excluded,excluded,excluded,A,B,B,B,B
c933db50607905b9,M,170.0,128.0,P15,False,11.37,excluded,excluded,excluded,excluded,excluded,excluded,excluded,excluded,excluded,excluded,excluded
ccafd15b1be9f326,F,,,P09,False,11.72,excluded,excluded,excluded,excluded,excluded,excluded,A,A,A,A,A
eb9794811ce8a757,M,180.0,67.0,P10,True,12.4,excluded,excluded,excluded,excluded,excluded,excluded,excluded,excluded,excluded,excluded,excluded
afc71ed5d94b796b,M,185.0,62.0,,True,13.05,excluded,excluded,excluded,excluded,excluded,excluded,excluded,excluded,excluded,excluded,excluded
f6da80bd30c0d338,M,,,P20,False,11.83,A,A,B,B,B,B,B,B,B,B,B
a6239f223da3345e,M,,,,False,11.57,excluded,excluded,A,B,B,B,B,B,B,B,B
d7698f0ca8395f89,F,171.0,55.0,P10,True,13.54,excluded,excluded,excluded,excluded,excluded,excluded,excluded,excluded,excluded,excluded,excluded
f6c2ea30fa578390,M,,,,False,12.19,excluded,excluded,B,B,B,B,B,B,B,B,B
2141704e5ec910a0,M,,,P00,False,11.77,excluded,excluded,B,B,B,B,B,B,B,B,B
8484793634c9b7a2,M,,,,False,11.44,excluded,excluded,A,B,B,B,B,B,B,B,B
a5f7edb088279445,M,180.0,65.0,P10,True,11.63,excluded,excluded,A,B,B,B,B,B,B,B,B
e45a1f4a9e4620f3,F,,,P14,False,12.83,A,B,B,B,B,B,B,B,B,B,B
e68ba4172fe624c1,F,,,,False,13.05,A,B,B,B,B,B,B,B,B,B,B
c60e9a9902357433,M,,,P23,False,11.14,excluded,A,A,A,B,B,B,B,B,B,B
6be6c0a1ad570b1b,M,,,P10,False,11.12,excluded,A,A,A,A,A,B,B,B,B,B
f701af2695675d27,F,,,P25,False,13.26,A,A,B,B,B,B,B,B,B,B,B
efd1ad6ec1a1be2d,F,,,,False,13.09,A,B,B,B,B,B,B,B,B,B,B
8310ccce61b28261,F,,,P26,False,12.31,A,A,B,B,B,B,B,B,B,B,B
942a58783c20d0ad,M,180.0,78.0,P20,True,11.0,excluded,excluded,excluded,excluded,A,A,B,B,B,B,B
98a9476ea726dbe2,M,,,P00,False,11.69,A,A,B,B,B,B,B,B,B,B,B
da6a54bc90882226,M,,,,False,11.19,excluded,A,B,B,B,B,B,B,B,B,B
bf65ab30fce157e5,F,175.0,55.0,P26,True,12.75,A,A,A,A,A,A,B,B,B,B,B
5f276927d5057a52,M,180.0,67.0,P14,True,10.97,excluded,A,A,B,B,B,B,B,B,B,B
d9d69bca15f02b54,M,,,P09,False,11.79,A,B,B,B,B,B,B,B,B,B,B
29d51afc3dd92787,M,170.0,54.0,P20,True,12.66,excluded,excluded,excluded,excluded,excluded,excluded,excluded,excluded,excluded,excluded,excluded
a42ff60f010b3f7e,M,,,P20,False,11.51,A,A,B,B,B,B,B,B,B,B,B
ca44771d948a2a54,M,174.0,65.0,P10,True,12.0,excluded,excluded,excluded,excluded,excluded,excluded,excluded,excluded,excluded,excluded,excluded
03b2ff826d5e233e,M,,,P26,False,11.52,excluded,excluded,A,B,B,B,B,B,B,B,B
2b5f6eead7bbc4d6,M,178.0,65.0,P25,True,11.69,excluded,excluded,excluded,excluded,excluded,excluded,excluded,excluded,excluded,excluded,excluded
b6d9376ccb4a70a1,M,,,P26,False,12.2,excluded,excluded,excluded,excluded,excluded,excluded,excluded,excluded,excluded,excluded,excluded
7ce76e640808d940,M,,,P09,False,10.5,excluded,excluded,excluded,excluded,excluded,excluded,A,A,A,A,B
753dce711f7a0fc2,F,,,P23,False,12.55,A,A,B,B,B,B,B,B,B,B,B
5095bbd014ecac72,M,182.0,65.0,,True,11.72,excluded,excluded,B,B,B,B,B,B,B,B,B
1ec998a8419a93f5,M,182.0,70.0,,True,12.87,excluded,excluded,excluded,excluded,excluded,excluded,excluded,excluded,excluded,excluded,excluded
a189b2e8e89a4b8b,M,,,,False,11.73,A,B,B,B,B,B,B,B,B,B,B
ae917bd0e2fd8ffc,M,,,P17,False,11.32,excluded,excluded,excluded,B,B,B,B,B,B,B,B
5d5dfcbd51a9f6a3,F,,,P10,False,12.38,A,B,B,B,B,B,B,B,B,B,B
5d7eba5c5aa82f2d,F,168.0,54.0,P06,True,13.0,excluded,excluded,A,A,B,B,B,B,B,B,B
625eec419f7980be,F,,,P21,False,12.22,excluded,excluded,excluded,excluded,excluded,A,A,B,B,B,B
ace9d1c4fa22d51e,F,,,P06,False,13.03,excluded,excluded,excluded,excluded,excluded,excluded,A,B,B,B,B
a547b6e06454a6e9,M,180.0,68.0,P20,True,11.4,excluded,A,A,B,B,B,B,B,B,B,B
212ba62a7ea8efbc,M,,,P12,False,11.37,A,A,B,B,B,B,B,B,B,B,B
ce43fc07c2f932d8,M,173.0,65.0,,True,11.88,excluded,excluded,excluded,excluded,excluded,excluded,excluded,excluded,excluded,excluded,excluded
b04c4ab3bb99fe97,M,180.0,70.0,P10,True,11.56,excluded,excluded,A,B,B,B,B,B,B,B,B
aa59967ef769389c,M,186.0,70.0,P28,True,11.2,excluded,excluded,A,A,B,B,B,B,B,B,B
920e8bdeb1b94207,M,,,P18,False,11.54,excluded,excluded,B,B,B,B,B,B,B,B,B
4fdde170ceb979fc,F,,,P27,False,12.24,A,A,B,B,B,B,B,B,B,B,B
68347e64c97ad86e,M,,,P10,False,12.26,excluded,excluded,excluded,excluded,excluded,excluded,excluded,excluded,excluded,excluded,excluded
3878a03dbf9b1697,M,171.0,56.0,P20,True,11.98,excluded,excluded,excluded,excluded,excluded,excluded,excluded,excluded,excluded,excluded,excluded
895546a260d646fa,F,,,P06,False,12.85,excluded,A,A,B,B,B,B,B,B,B,B
4e12a4beed83db6d,F,,,P21,False,12.72,excluded,excluded,A,B,B,B,B,B,B,B,B
cc532e80630df371,M,180.0,71.0,P20,True,11.85,excluded,excluded,A,B,B,B,B,B,B,B,B
a4c9dd11a5dd876b,M,,,,False,11.01,excluded,excluded,A,B,B,B,B,B,B,B,B
beac87bc960d851c,M,,,P10,False,11.71,excluded,excluded,excluded,B,B,B,B,B,B,B,B
245ba52c6f26cdec,F,167.0,49.0,P25,True,13.28,A,A,B,B,B,B,B,B,B,B,B
6f2c479849202941,F,,,P15,False,13.04,A,B,B,B,B,B,B,B,B,B,B
04c853c28209e5dc,M,,,,False,11.48,excluded,excluded,B,B,B,B,B,B,B,B,B
22136eda01f7451b,F,,,P17,False,12.9,excluded,excluded,A,B,B,B,B,B,B,B,B
55b99dbaa7135e77,F,,,P26,False,11.83,excluded,excluded,excluded,A,A,B,B,B,B,B,B
d3fe3576cae78279,M,,,P18,False,11.57,excluded,excluded,excluded,excluded,excluded,excluded,excluded,excluded,excluded,excluded,excluded
c072ebd67bc2ebd4,M,,,,False,11.58,excluded,excluded,A,B,B,B,B,B,B,B,B
2dde04679da86914,M,,,P04,False,12.1,excluded,excluded,B,B,B,B,B,B,B,B,B
1ee2d0a77c7f99f3,M,180.0,75.0,P10,True,11.78,excluded,excluded,excluded,excluded,excluded,excluded,excluded,excluded,excluded,excluded,excluded
455029d09dc1bbb2,M,183.0,62.0,P11,True,12.25,excluded,excluded,excluded,excluded,excluded,excluded,excluded,excluded,excluded,excluded,excluded
c330c0ec716f54ad,F,167.0,50.0,P18,True,12.08,A,A,B,B,B,B,B,B,B,B,B
12c00ec1aea65883,M,173.0,65.0,P10,True,11.68,excluded,A,A,B,B,B,B,B,B,B,B
f51a010eb82b0b6c,M,,,P12,False,11.09,A,A,B,B,B,B,B,B,B,B,B
c2a34234496832a0,M,178.0,69.0,P10,True,11.27,A,B,B,B,B,B,B,B,B,B,B
7943ebe8f77d8a06,M,,,P23,False,12.35,excluded,excluded,excluded,excluded,excluded,excluded,excluded,excluded,excluded,excluded,excluded
44eb04e8bf348baf,M,,,P19,False,11.3,excluded,B,B,B,B,B,B,B,B,B,B
4fa9a1e0378de80d,M,,,P10,False,11.94,excluded,excluded,A,B,B,B,B,B,B,B,B
d05f48012b3956f5,M,,,P23,False,11.4,excluded,A,A,B,B,B,B,B,B,B,B
04aa263fa8bba198,M,,,,False,11.44,excluded,excluded,A,B,B,B,B,B,B,B,B
4e3d30bffe684d9b,M,185.0,57.0,P25,True,11.26,excluded,excluded,A,A,A,A,B,B,B,B,B
43165cb4d4f77584,M,185.0,80.0,,True,12.2,excluded,excluded,excluded,excluded,excluded,excluded,excluded,excluded,excluded,excluded,excluded
678c8d0625977aae,F,166.0,60.0,P08,True,12.88,excluded,excluded,A,B,B,B,B,B,B,B,B
15bdb7ec19b2b8f3,M,,,P10,False,11.66,excluded,excluded,A,B,B,B,B,B,B,B,B
8a8bf120787bd46d,F,,,P12,False,12.51,A,A,B,B,B,B,B,B,B,B,B
b98c3effae3f60d6,M,,,P15,False,11.76,excluded,A,A,B,B,B,B,B,B,B,B
eafcaeb530dac251,F,,,P20,False,12.45,excluded,excluded,A,A,B,B,B,B,B,B,B
8727315273e929e2,M,,,,False,11.68,excluded,excluded,A,B,B,B,B,B,B,B,B
ef5e8c8258e1bdc3,M,,,P04,False,13.07,excluded,excluded,excluded,excluded,excluded,excluded,excluded,excluded,excluded,excluded,excluded
5f98710e894af9ca,M,180.0,69.0,P19,True,11.8,excluded,excluded,A,B,B,B,B,B,B,B,B
98f22c286a9edec3,M,178.0,60.0,P04,True,11.61,excluded,A,A,B,B,B,B,B,B,B,B
2cea33d1bfe54139,M,,,P17,False,11.37,excluded,excluded,A,B,B,B,B,B,B,B,B
77c983ccd89fe0bf,M,,,,False,11.49,excluded,excluded,excluded,excluded,excluded,excluded,excluded,excluded,excluded,excluded,excluded
247801522e37e7ed,M,,,,False,11.35,excluded,excluded,A,B,B,B,B,B,B,B,B
50289b5176703b1b,F,,,P25,False,12.99,A,A,B,B,B,B,B,B,B,B,B
0cd7cbf6bfc76a65,M,,,P18,False,11.4,excluded,excluded,A,B,B,B,B,B,B,B,B
c8548d8408cf614c,F,,,P04,False,12.86,excluded,excluded,excluded,A,A,A,A,A,B,B,B
91fcdaac60cf1b0c,F,,,P25,False,13.88,A,A,B,B,B,B,B,B,B,B,B
07863bdd11e6f6be,F,169.0,62.0,P16,True,12.83,excluded,excluded,A,A,A,B,B,B,B,B,B
c5255ca35dd25cfd,M,187.0,75.0,P23,True,11.2,excluded,excluded,A,B,B,B,B,B,B,B,B
d4011c31622690dd,F,166.0,50.0,P10,True,13.94,excluded,excluded,excluded,excluded,excluded,excluded,excluded,excluded,excluded,excluded,excluded
18ac7a3c12ec2b87,F,167.0,52.0,P10,True,13.12,A,A,B,B,B,B,B,B,B,B,B
7da4eff42aca5ec1,F,166.0,63.0,P26,True,13.19,A,B,B,B,B,B,B,B,B,B,B
aa766f3a928e8b82,M,,,,False,10.8,excluded,excluded,excluded,excluded,excluded,excluded,excluded,A,A,B,B
228f16dacf006514,F,,,P30,False,12.1,excluded,excluded,excluded,A,A,A,B,B,B,B,B
c1220da57ed53106,M,,,P10,False,11.13,excluded,excluded,excluded,A,A,B,B,B,B,B,B
aa0d520ffc2ce42e,F,,,,False,12.58,excluded,excluded,excluded,A,A,B,B,B,B,B,B
83dcdc9265166caf,M,,,,False,12.65,excluded,excluded,B,B,B,B,B,B,B,B,B
e30ad13bde4d9cf4,M,,,P08,False,10.87,excluded,excluded,excluded,excluded,excluded,A,A,A,A,A,A
a27ffcbb835d480b,M,182.0,68.0,P18,True,11.04,A,B,B,B,B,B,B,B,B,B,B
b654306ef9f77525,M,175.0,72.0,P21,True,11.69,excluded,B,B,B,B,B,B,B,B,B,B
a10267ad2ef5b097,F,,,P27,False,11.42,excluded,excluded,A,A,A,A,A,A,B,B,B
c471df2b6e6b5d8d,M,,,P05,False,11.69,excluded,A,A,B,B,B,B,B,B,B,B
f52f6a65656ae4ec,M,176.0,66.0,P23,True,11.62,excluded,excluded,excluded,excluded,excluded,excluded,excluded,excluded,excluded,excluded,excluded
4a2524293848c0a6,F,169.0,50.0,P12,True,12.32,excluded,A,A,A,A,A,B,B,B,B,B
374cf30de557dedb,M,,,,False,11.85,excluded,excluded,excluded,excluded,excluded,excluded,excluded,excluded,excluded,excluded,excluded
d917c395d860f0f7,M,178.0,86.0,P25,True,11.34,excluded,excluded,A,B,B,B,B,B,B,B,B
82457dccceb8960b,F,,,P09,False,12.45,A,A,B,B,B,B,B,B,B,B,B
24068aae29e67058,M,,,P09,False,13.41,excluded,excluded,excluded,excluded,excluded,excluded,excluded,excluded,excluded,excluded,excluded
b0471b18fa412a3d,F,,,P13,False,12.1,excluded,excluded,A,A,B,B,B,B,B,B,B
a07fd163f58bdcaa,F,169.0,51.0,P24,True,11.85,excluded,A,A,A,A,A,A,B,B,B,B
89d58da936d22954,M,,,P17,False,11.29,excluded,excluded,A,B,B,B,B,B,B,B,B
60da764b6e7453d4,F,,,P28,False,12.13,excluded,excluded,A,A,A,B,B,B,B,B,B
41d9b84d6683b4f0,M,,,P18,False,11.63,excluded,excluded,B,B,B,B,B,B,B,B,B
80aa700053901222,F,163.0,51.0,P04,True,12.87,A,B,B,B,B,B,B,B,B,B,B
bcf9874816ed27b4,F,167.0,50.0,P23,True,12.52,A,A,A,B,B,B,B,B,B,B,B
6657b429932457f3,M,,,P10,False,11.62,excluded,excluded,A,B,B,B,B,B,B,B,B
fdb1c6161e4684c2,M,,,P10,False,11.8,excluded,excluded,excluded,B,B,B,B,B,B,B,B
ae897ab20921ea54,M,,,,False,11.5,excluded,excluded,A,B,B,B,B,B,B,B,B
7fc9cfb31ce0b0d1,M,,,P14,False,11.34,excluded,excluded,excluded,A,A,B,B,B,B,B,B
655d705e07c9f442,M,171.0,64.0,P18,True,10.9,excluded,excluded,A,A,B,B,B,B,B,B,B
8ef315b0655e8601,F,,,P03,False,13.69,A,A,B,B,B,B,B,B,B,B,B
660370bde47753b4,F,166.0,50.0,P15,True,13.43,A,A,A,B,B,B,B,B,B,B,B
d3b3487c559bc507,M,,,P23,False,11.67,excluded,excluded,B,B,B,B,B,B,B,B,B
99684f959811addf,M,,,,False,11.67,excluded,excluded,A,B,B,B,B,B,B,B,B
bd3b20b1065e1a48,F,,,P20,False,12.8,A,A,B,B,B,B,B,B,B,B,B
713608dfd6e72312,M,,,P17,False,11.17,excluded,excluded,excluded,excluded,excluded,excluded,B,B,B,B,B
90a0234263cf0aeb,M,,,P10,False,11.0,A,A,B,B,B,B,B,B,B,B,B
e8c39e7a5a2e1baf,M,,,P09,False,11.86,excluded,excluded,A,B,B,B,B,B,B,B,B
9cca402cd8b2e7c6,M,176.0,66.0,P10,True,11.1,A,B,B,B,B,B,B,B,B,B,B
bc56bc3b01c8d546,F,,,P05,False,12.25,excluded,A,A,B,B,B,B,B,B,B,B
78121accb01fccc7,F,,,P12,False,12.33,A,A,B,B,B,B,B,B,B,B,B
e2a1b89dc3aa168f,F,159.0,48.0,P10,True,16.34,excluded,excluded,excluded,excluded,excluded,excluded,excluded,excluded,excluded,excluded,excluded
b45f819a8f59d004,F,175.0,53.0,P26,True,14.08,excluded,A,A,A,A,A,B,B,B,B,B
01f43197c37d025c,F,170.0,52.0,P10,True,12.79,A,B,B,B,B,B,B,B,B,B,B
3608650365cab3f3,F,168.0,56.0,,True,12.78,A,A,B,B,B,B,B,B,B,B,B
330bf5ddaf30f1eb,M,,,,False,12.07,excluded,excluded,A,B,B,B,B,B,B,B,B
f293095e64d5745d,M,,,,False,10.91,excluded,A,A,B,B,B,B,B,B,B,B
5137e82c9c3e52d6,F,,,P25,False,13.7,A,B,B,B,B,B,B,B,B,B,B
92bc0a251f4f5c97,M,,,P19,False,12.81,excluded,excluded,excluded,excluded,excluded,excluded,excluded,excluded,excluded,excluded,excluded
19b0cd3acc0dd424,M,,,,False,11.54,excluded,excluded,excluded,excluded,excluded,excluded,excluded,excluded,excluded,excluded,excluded
30b9cf3666525008,M,180.0,68.0,,True,12.02,excluded,excluded,excluded,excluded,excluded,excluded,excluded,excluded,excluded,excluded,excluded
21192e15fefe5d47,M,,,,False,12.11,excluded,excluded,excluded,excluded,excluded,excluded,excluded,excluded,excluded,excluded,excluded
b4537ee46a5d50cb,F,,,P23,False,12.48,A,B,B,B,B,B,B,B,B,B,B
be93b7adfa6e4be3,F,,,P23,False,12.76,excluded,excluded,A,B,B,B,B,B,B,B,B
f6db492b4482acf6,M,,,P04,False,11.1,excluded,A,A,B,B,B,B,B,B,B,B
f735eef6aa937980,M,,,,False,11.88,excluded,excluded,A,B,B,B,B,B,B,B,B
f27501e9082a3e73,M,,,P21,False,12.44,excluded,excluded,B,B,B,B,B,B,B,B,B
e334a6382a0234d8,M,,,P17,False,12.03,excluded,excluded,excluded,excluded,excluded,excluded,excluded,excluded,excluded,excluded,excluded
915c944b6610dcae,M,,,,False,12.4,excluded,excluded,excluded,excluded,excluded,excluded,excluded,excluded,excluded,excluded,excluded
9ab6c1a4da1675f7,M,,,,False,11.35,excluded,excluded,A,B,B,B,B,B,B,B,B
9bfeb3b56682db2c,F,,,P28,False,13.06,excluded,excluded,A,B,B,B,B,B,B,B,B
91710ca196e2bc10,F,,,,False,14.21,excluded,excluded,excluded,excluded,B,B,B,B,B,B,B
60e1525fc10d66d3,F,165.0,55.0,P04,True,12.69,excluded,A,A,B,B,B,B,B,B,B,B
3fba7f03d5956caf,M,,,P12,False,10.6,excluded,excluded,excluded,excluded,excluded,excluded,A,B,B,B,B
21639150ac76e0d2,M,,,P28,False,11.58,A,B,B,B,B,B,B,B,B,B,B
824e45abdefad08c,M,177.0,66.0,P20,True,10.76,excluded,excluded,A,A,B,B,B,B,B,B,B
10a6c0ab75e3cf8b,F,,,P17,False,12.55,excluded,excluded,A,A,B,B,B,B,B,B,B
8888d3f9132fc980,F,,,P30,False,12.46,A,B,B,B,B,B,B,B,B,B,B
fb29bb36c403415e,M,,,P12,False,11.45,A,A,B,B,B,B,B,B,B,B,B
c994cd39af13984c,M,,,P21,False,11.36,excluded,A,A,A,B,B,B,B,B,B,B
0bb1efdbe7e96fdb,M,175.0,58.0,P27,True,12.24,B,B,B,B,B,B,B,B,B,B,B
1511a57939d24d94,F,,,P03,False,12.32,A,B,B,B,B,B,B,B,B,B,B
37dcd7378bd55853,F,,,,False,12.33,excluded,excluded,excluded,excluded,excluded,A,A,B,B,B,B
efccdb6f8d98f967,F,,,P10,False,13.2,excluded,A,A,B,B,B,B,B,B,B,B
efa437d96a455ea1,M,,,P12,False,11.2,A,B,B,B,B,B,B,B,B,B,B
1b02d893a1ade088,M,,,P04,False,11.68,A,A,B,B,B,B,B,B,B,B,B
fe74241e6b7f2206,M,175.0,65.0,P11,True,11.67,excluded,excluded,A,B,B,B,B,B,B,B,B
d3e146ce4455693a,M,,,P23,False,11.58,excluded,excluded,A,B,B,B,B,B,B,B,B
d818c6a8216977f4,F,,,P30,False,12.33,excluded,A,A,A,A,A,B,B,B,B,B
0b8bf433e7cbd2cd,M,,,,False,11.62,excluded,excluded,A,B,B,B,B,B,B,B,B
e7ab43f0d63a2f61,M,,,,False,11.7,excluded,excluded,B,B,B,B,B,B,B,B,B
95fe4c6d193cfc34,F,165.0,50.0,P23,True,13.14,A,B,B,B,B,B,B,B,B,B,B
19958d9a9e921352,M,,,,False,11.89,excluded,excluded,A,B,B,B,B,B,B,B,B
f1d865d956c6b03c,M,174.0,55.0,P20,True,11.65,A,B,B,B,B,B,B,B,B,B,B
d475e659d331d5f8,F,165.0,55.0,P23,True,12.68,excluded,excluded,B,B,B,B,B,B,B,B,B
69e30a907179cc3b,M,,,P14,False,11.34,excluded,excluded,A,B,B,B,B,B,B,B,B
1ed88af00dcd2555,M,,,P27,False,11.04,excluded,excluded,excluded,excluded,A,B,B,B,B,B,B
03e2fbf12a734f9f,F,165.0,55.0,P25,True,12.21,excluded,excluded,A,A,A,A,A,B,B,B,B
b86e2afd48cf9ec9,M,,,,False,11.11,A,A,B,B,B,B,B,B,B,B,B
79e89341a6ecdc10,F,,,P09,False,14.48,B,B,B,B,B,B,B,B,B,B,B
54b4819c54091851,M,181.0,62.0,,True,11.12,excluded,excluded,A,B,B,B,B,B,B,B,B
bef267f414ab5907,M,162.0,,P25,False,11.6,A,B,B,B,B,B,B,B,B,B,B
7b31a6eb322e3fa6,M,,,,False,13.09,excluded,excluded,excluded,excluded,excluded,excluded,excluded,excluded,excluded,excluded,excluded
e3b0e32ff0b03a17,F,,,P07,False,12.75,A,A,B,B,B,B,B,B,B,B,B
bae3c2d9b21fd057,M,,,P10,False,12.08,excluded,excluded,A,A,B,B,B,B,B,B,B
e6ee62e1efb4bbdd,F,163.0,45.0,P08,True,12.52,excluded,excluded,excluded,excluded,A,A,B,B,B,B,B
1e9e084feeef03a9,M,175.0,60.0,P20,True,11.84,excluded,excluded,A,B,B,B,B,B,B,B,B
8c68fce8e69aca39,M,,,P04,False,11.61,excluded,A,A,B,B,B,B,B,B,B,B
a87ee5a6ac1ee886,M,,,,False,11.09,A,A,B,B,B,B,B,B,B,B,B
5a1dca4daa5f7aea,F,,,P25,False,13.11,A,A,B,B,B,B,B,B,B,B,B
1c8d1d6d8b378cb1,F,,,P23,False,12.22,excluded,A,A,B,B,B,B,B,B,B,B
89ce665b41535682,F,,,P09,False,13.23,A,A,B,B,B,B,B,B,B,B,B
b8ace7f28933a18c,M,,,P21,False,12.96,excluded,excluded,excluded,excluded,excluded,excluded,excluded,excluded,excluded,excluded,excluded
200d488bb475ec86,M,,,P26,False,11.62,excluded,excluded,A,B,B,B,B,B,B,B,B
6eef339fea372469,M,,,P20,False,13.22,excluded,excluded,excluded,excluded,excluded,excluded,excluded,excluded,excluded,excluded,excluded
f897c6fe613d9ecf,M,177.0,62.0,P10,True,12.53,excluded,excluded,B,B,B,B,B,B,B,B,B
57f33ee45b7d1c43,M,,,,False,12.27,excluded,excluded,A,B,B,B,B,B,B,B,B
0ae673d3bcf6ec63,F,,,P26,False,12.78,excluded,excluded,excluded,A,A,B,B,B,B,B,B
a520d0ffc7ee3401,M,,,P10,False,11.39,A,B,B,B,B,B,B,B,B,B,B
b75646ec6ac455c3,F,,,P04,False,11.97,excluded,A,A,B,B,B,B,B,B,B,B
d3f7e2d347fd8551,M,,,P10,False,11.12,excluded,excluded,A,B,B,B,B,B,B,B,B
af97ad19b4901dee,F,,,,False,12.63,A,A,B,B,B,B,B,B,B,B,B
a661075ed9176e3c,M,,,,False,11.92,excluded,B,B,B,B,B,B,B,B,B,B
ff63a83f6be6928e,F,161.0,48.0,,True,12.79,excluded,excluded,A,B,B,B,B,B,B,B,B
a1a72c6705789b89,M,177.0,70.0,,True,12.25,excluded,excluded,excluded,excluded,excluded,excluded,excluded,excluded,excluded,excluded,excluded
e883afd71e363567,F,,,P02,False,13.16,excluded,excluded,A,B,B,B,B,B,B,B,B
9fe54018d9d8dfce,M,,,P20,False,11.77,A,A,B,B,B,B,B,B,B,B,B
0667bc8f23732c2a,M,,,P14,False,11.57,excluded,excluded,A,B,B,B,B,B,B,B,B
6a86d5f83246e2e4,F,166.0,53.0,P17,True,12.19,A,B,B,B,B,B,B,B,B,B,B
3ba0fa25f03d0d72,F,,,P14,False,12.87,A,B,B,B,B,B,B,B,B,B,B
8c637b32f3e471e2,F,,,P30,False,11.65,excluded,excluded,excluded,A,A,A,A,A,A,B,B
1336e2538431a127,M,,,P14,False,11.06,A,A,B,B,B,B,B,B,B,B,B
bd825258a1a7036d,M,,,P14,False,11.49,excluded,excluded,A,B,B,B,B,B,B,B,B
5c2f7484b01c75c3,M,,,P17,False,11.3,excluded,excluded,excluded,excluded,excluded,excluded,excluded,excluded,excluded,excluded,excluded
2a45c71e4754a107,F,,,P14,False,12.87,excluded,excluded,A,B,B,B,B,B,B,B,B
bea87e958983a588,F,,,P12,False,13.2,A,B,B,B,B,B,B,B,B,B,B
6b030a31602d22ec,F,,,,False,14.89,A,B,B,B,B,B,B,B,B,B,B
fd8cbf9e08b4c53a,F,,,P14,False,12.54,A,B,B,B,B,B,B,B,B,B,B
f088a7757c49d17c,F,,,P18,False,12.38,excluded,excluded,A,A,B,B,B,B,B,B,B
9664b36d071433a2,F,,,P02,False,12.85,excluded,excluded,A,A,B,B,B,B,B,B,B
98073cc8d48ec7a9,F,,,P20,False,11.89,excluded,A,A,A,A,A,B,B,B,B,B
3ac31c137e98b466,F,165.0,52.0,P14,True,11.98,excluded,A,A,A,A,A,B,B,B,B,B
1b302c21fd3cac7d,F,170.0,66.0,P30,True,11.57,excluded,A,A,A,A,A,A,A,A,A,A
6f8325254ef3c8ba,F,,,P27,False,12.5,A,B,B,B,B,B,B,B,B,B,B
d26314f0c616e4f3,M,180.0,68.0,,True,12.0,excluded,excluded,excluded,excluded,excluded,excluded,excluded,excluded,excluded,excluded,excluded
bc76b46ed58b1d4a,M,,,P30,False,11.31,A,A,B,B,B,B,B,B,B,B,B
f237326672797ff3,F,,,P30,False,12.34,B,B,B,B,B,B,B,B,B,B,B
687d0163088e081b,F,,,P17,False,12.77,excluded,excluded,excluded,excluded,excluded,excluded,A,A,B,B,B
9dba197a70df0cc7,M,,,,False,11.87,excluded,excluded,A,B,B,B,B,B,B,B,B
6846e690525ef7a3,F,,,P20,False,12.63,A,B,B,B,B,B,B,B,B,B,B
546491e1ba6f7bc6,M,,,P18,False,11.17,excluded,excluded,excluded,excluded,A,A,B,B,B,B,B
bfaa1bf4a542c2ad,M,,,P17,False,11.26,excluded,excluded,A,B,B,B,B,B,B,B,B
2427865c38129a98,M,185.0,65.0,P19,True,11.28,excluded,excluded,A,B,B,B,B,B,B,B,B
65cda03a121fae62,F,,,P18,False,12.55,excluded,excluded,A,A,B,B,B,B,B,B,B
fb70f89842040e17,M,,,P19,False,10.88,excluded,A,A,B,B,B,B,B,B,B,B
1f959a13ee36e472,M,,,,False,11.43,excluded,excluded,A,B,B,B,B,B,B,B,B
035c4705d492c3b9,M,170.0,64.0,,True,11.5,excluded,A,A,B,B,B,B,B,B,B,B
f00d1ee10ce0dfe7,M,,,P20,False,11.21,excluded,excluded,B,B,B,B,B,B,B,B,B
44a4f6f1c43a5906,M,,,,False,12.53,excluded,excluded,excluded,excluded,excluded,excluded,excluded,excluded,excluded,excluded,excluded
364bb947293f8967,F,,,,False,12.89,excluded,A,A,A,B,B,B,B,B,B,B
b43cf34cfab36bd4,F,,,P08,False,12.95,excluded,A,A,A,B,B,B,B,B,B,B
14a891ca305bf528,M,,,P20,False,11.06,excluded,excluded,A,A,B,B,B,B,B,B,B
13233acdf23165bb,F,158.0,48.0,P20,True,10.97,excluded,excluded,excluded,excluded,excluded,excluded,A,A,A,A,A
88ee3a6b6a30fd3f,M,177.0,62.0,P18,True,10.68,A,A,A,A,B,B,B,B,B,B,B
7006da983ef39484,M,,,P12,False,10.72,excluded,excluded,excluded,A,B,B,B,B,B,B,B
34bc981a497f4766,M,,,P23,False,11.58,excluded,excluded,B,B,B,B,B,B,B,B,B
c3143d0e1eecb83d,M,,,,False,11.54,excluded,excluded,B,B,B,B,B,B,B,B,B
4ee4e8ae72ef431a,M,,,P20,False,12.14,A,B,B,B,B,B,B,B,B,B,B
b225ce7b4396c9a9,M,,,P10,False,12.3,excluded,excluded,excluded,excluded,excluded,excluded,excluded,excluded,excluded,excluded,excluded
6206d1cba831f0ba,M,,,P20,False,10.94,excluded,excluded,A,A,B,B,B,B,B,B,B
9f39ed6208fbf02c,F,,,,False,15.34,A,B,B,B,B,B,B,B,B,B,B
b400f734c4a4ab34,F,,,,False,12.74,A,A,A,A,B,B,B,B,B,B,B
fac71e0c8cfcecbd,M,180.0,67.0,,True,10.97,excluded,excluded,excluded,excluded,excluded,A,B,B,B,B,B
671dc4cb05d2dc1b,M,170.0,55.0,P09,True,10.86,excluded,excluded,excluded,A,A,B,B,B,B,B,B
1ad2bc057d138fa5,F,161.0,48.0,P20,True,12.87,A,A,B,B,B,B,B,B,B,B,B
a5f23cb4392af38c,M,,,,False,11.37,excluded,excluded,A,B,B,B,B,B,B,B,B
6e9d49832432531e,M,,,,False,11.8,excluded,excluded,excluded,B,B,B,B,B,B,B,B
0a1c157d23cab049,M,180.0,67.0,,True,12.13,excluded,excluded,excluded,excluded,excluded,excluded,excluded,excluded,excluded,excluded,excluded
47fc9c2bf31f1c70,M,,,P20,False,11.17,excluded,excluded,A,B,B,B,B,B,B,B,B
e775256006b6ded3,M,,,P19,False,12.15,excluded,excluded,excluded,B,B,B,B,B,B,B,B
87202d0172584c28,M,,,P17,False,11.74,excluded,excluded,A,B,B,B,B,B,B,B,B
094f7f5f44afd475,M,183.0,60.0,P10,True,11.56,excluded,excluded,B,B,B,B,B,B,B,B,B
1f6923966b2d7adb,M,,,P04,False,11.61,excluded,excluded,A,B,B,B,B,B,B,B,B
86dad48de99c9edc,M,,,P14,False,12.53,excluded,excluded,excluded,excluded,excluded,excluded,excluded,excluded,excluded,excluded,excluded
f53b5a74bf11e9e8,M,175.0,65.0,P23,True,11.46,excluded,A,A,B,B,B,B,B,B,B,B
fd740106e8103312,M,,,P18,False,12.59,excluded,excluded,excluded,excluded,excluded,excluded,excluded,excluded,excluded,excluded,excluded
5333cd4266225482,F,168.0,52.0,P21,True,12.03,excluded,A,A,B,B,B,B,B,B,B,B
70d4450a072402f8,M,,,,False,11.99,A,B,B,B,B,B,B,B,B,B,B
228c8a5b5411dbad,M,,,P17,False,11.42,B,B,B,B,B,B,B,B,B,B,B
354ebc6eae749316,F,,,P12,False,13.19,A,B,B,B,B,B,B,B,B,B,B
894025865610f7f9,F,,,P26,False,12.7,excluded,excluded,excluded,A,A,B,B,B,B,B,B
b191469550d307ae,F,,,P03,False,13.09,A,B,B,B,B,B,B,B,B,B,B
c38b9ace3e000d9e,M,,,P17,False,11.15,excluded,excluded,A,A,B,B,B,B,B,B,B
1198efaaa196e152,M,,,P25,False,11.38,A,A,B,B,B,B,B,B,B,B,B
06ee703c36d0b0d6,M,,,,False,11.12,excluded,excluded,A,B,B,B,B,B,B,B,B
cf21469193cdcdaf,F,163.0,52.0,P03,True,13.21,excluded,excluded,A,B,B,B,B,B,B,B,B
44ca0bbc93bced75,F,,,P28,False,12.74,excluded,excluded,A,A,B,B,B,B,B,B,B
baabbbcac66ba28a,F,,,P23,False,12.32,excluded,excluded,excluded,A,A,A,A,B,B,B,B
6ef22861d6d56545,M,,,,False,11.85,excluded,excluded,B,B,B,B,B,B,B,B,B
6b33207878263673,M,,,P21,False,10.97,A,A,B,B,B,B,B,B,B,B,B
51f43a6c8dc82dc5,F,,,P12,False,12.92,A,B,B,B,B,B,B,B,B,B,B
45d3d14e99d8dedf,M,,,P20,False,11.29,excluded,excluded,A,B,B,B,B,B,B,B,B
df630d5c7be152ff,F,173.0,61.0,P18,True,12.31,A,A,A,A,A,A,A,B,B,B,B
d23e9e691014ef70,M,,,P04,False,11.6,excluded,B,B,B,B,B,B,B,B,B,B
c8298149cf086222,F,,,P27,False,12.52,excluded,A,A,B,B,B,B,B,B,B,B
97ac4657e355ee15,M,,,P26,False,10.36,excluded,excluded,excluded,excluded,excluded,A,A,A,B,B,B
ddd1eb2f7d008b2a,M,,,P14,False,12.76,excluded,excluded,excluded,excluded,excluded,excluded,excluded,excluded,excluded,excluded,excluded
b78a9289d8132ba6,F,158.0,47.0,P03,True,11.83,A,A,A,A,A,B,B,B,B,B,B
8be9c1033366d2ba,M,,,,False,11.58,excluded,excluded,A,B,B,B,B,B,B,B,B
5c3eccd072df058c,F,,,P23,False,12.54,A,A,B,B,B,B,B,B,B,B,B
12aa802944968f7d,F,,,,False,12.93,A,A,B,B,B,B,B,B,B,B,B
86e7fcdfbfb4982e,M,,,,False,10.75,A,A,B,B,B,B,B,B,B,B,B
16ce3b7dfa7836b0,M,188.0,66.0,P10,True,11.59,excluded,excluded,A,B,B,B,B,B,B,B,B
e7024d90deda2350,F,168.0,54.0,P05,True,12.52,excluded,excluded,A,A,B,B,B,B,B,B,B
728848ad3d971d6e,F,175.0,55.0,P10,True,12.27,excluded,excluded,A,A,B,B,B,B,B,B,B
4357c6fa83ae6aae,F,,,P18,False,12.6,excluded,excluded,excluded,A,A,B,B,B,B,B,B
e3b45f38ef97cc9a,M,,,P09,False,11.84,excluded,excluded,A,B,B,B,B,B,B,B,B
2febabbb924d9c77,M,188.0,75.0,P10,True,11.19,excluded,excluded,excluded,B,B,B,B,B,B,B,B
a46eb256d79995cf,F,167.0,44.0,P30,True,11.95,A,A,A,A,A,A,B,B,B,B,B
3c54e10955f5bacf,M,180.0,60.0,P05,True,10.91,excluded,excluded,A,B,B,B,B,B,B,B,B
6a93ddd0172cfc24,M,,,P23,False,11.01,A,A,A,B,B,B,B,B,B,B,B
bb3f18cbfebaa20e,M,181.0,67.0,P04,True,10.58,excluded,excluded,excluded,A,A,A,B,B,B,B,B
bbb6f1cba6f4920d,M,173.0,69.0,P03,True,11.05,excluded,excluded,excluded,excluded,excluded,excluded,A,B,B,B,B
1af1b97df07a41ef,F,,,,False,12.96,excluded,excluded,A,B,B,B,B,B,B,B,B
bf7f682f6dcf42d7,M,1.0,1.0,,False,11.72,excluded,excluded,excluded,excluded,excluded,excluded,excluded,excluded,excluded,excluded,excluded
8b42448d6922ba7e,F,178.0,60.0,P07,True,13.01,excluded,A,A,A,A,B,B,B,B,B,B
85cab5347b8519e4,M,,,P19,False,12.91,excluded,excluded,excluded,excluded,excluded,excluded,excluded,excluded,excluded,excluded,excluded
e51f7d0199eb6f22,F,,,P23,False,12.78,A,A,B,B,B,B,B,B,B,B,B
06d51aacf0b253c7,M,173.0,60.0,P20,True,11.37,excluded,A,A,B,B,B,B,B,B,B,B
b28e9c3ab62467d0,F,,,P12,False,12.11,excluded,excluded,excluded,excluded,A,A,A,A,B,B,B
dc1ddaafeba1b763,M,,,,False,11.65,A,B,B,B,B,B,B,B,B,B,B
bc31e65bc1f70eb8,M,,,P18,False,11.8,excluded,excluded,excluded,B,B,B,B,B,B,B,B
817e74883eab1d98,F,,,P20,False,12.74,excluded,excluded,A,B,B,B,B,B,B,B,B
0a7968c3321978ec,F,,,P28,False,12.13,A,B,B,B,B,B,B,B,B,B,B
56a44086e1d78d1f,F,,,,False,13.23,A,B,B,B,B,B,B,B,B,B,B
ada09a2dc16e78e1,M,,,P14,False,11.4,excluded,A,A,B,B,B,B,B,B,B,B
f08ab7a811f536a7,M,,,P14,False,11.78,excluded,excluded,A,B,B,B,B,B,B,B,B
c10271a86319f8b2,F,,,P17,False,12.51,excluded,A,A,B,B,B,B,B,B,B,B
3f6383553ed7e1f4,M,,,,False,11.43,A,B,B,B,B,B,B,B,B,B,B
61cf4b3399f1d9c1,M,,,P14,False,11.76,excluded,excluded,excluded,excluded,excluded,excluded,excluded,excluded,excluded,excluded,excluded
192b7d3c6bd7309a,M,,,,False,11.2,excluded,excluded,excluded,A,A,B,B,B,B,B,B
8cf4a86aff79f373,F,167.0,50.0,P10,True,13.13,A,B,B,B,B,B,B,B,B,B,B
3279b1c23a7cbde9,M,,,P12,False,12.05,excluded,excluded,B,B,B,B,B,B,B,B,B
6db1a3c2d3158cc6,M,,,P27,False,10.8,excluded,excluded,A,B,B,B,B,B,B,B,B
f968b387dd1f8e7d,F,168.0,58.0,P30,True,12.05,excluded,excluded,excluded,excluded,A,A,A,A,B,B,B
fb959636bfd5ab4b,F,165.0,52.0,P30,True,11.51,excluded,excluded,excluded,excluded,excluded,excluded,A,B,B,B,B
51fc485cc950e353,M,,,P10,False,10.67,excluded,excluded,A,B,B,B,B,B,B,B,B
1aa9822b093be98f,M,,,,False,11.37,excluded,excluded,A,B,B,B,B,B,B,B,B
6a59521aa85b4396,M,,,P21,False,10.47,excluded,excluded,excluded,A,A,A,B,B,B,B,B
f42cf05bd7da5693,M,,,P03,False,11.18,A,A,A,B,B,B,B,B,B,B,B
06db950f6d8d0486,F,,,,False,12.77,A,A,B,B,B,B,B,B,B,B,B
fe71b2a8f3c96833,F,,,P12,False,12.38,excluded,excluded,A,B,B,B,B,B,B,B,B
5bda0c789b8902ec,M,,,P03,False,11.84,excluded,excluded,excluded,excluded,excluded,excluded,excluded,excluded,excluded,excluded,excluded
2528914ab84b44a9,F,,,P04,False,13.4,excluded,excluded,excluded,excluded,excluded,excluded,excluded,excluded,excluded,excluded,excluded
4158cfc2df775a4d,F,,,P04,False,13.03,excluded,excluded,A,B,B,B,B,B,B,B,B
698dcf2b6330b738,F,,,P12,False,11.5,excluded,excluded,A,A,A,A,B,B,B,B,B
69c8fd1ac2ce6ef6,M,,,P26,False,10.58,excluded,A,A,A,B,B,B,B,B,B,B
bd4861df751c9fa7,M,,,P09,False,11.11,excluded,excluded,A,A,B,B,B,B,B,B,B
ef2c6a485b7fbbc0,F,165.0,50.0,P10,True,12.3,A,A,B,B,B,B,B,B,B,B,B
f5dbd7a6035e571e,F,165.0,53.0,P30,True,12.25,excluded,excluded,excluded,excluded,A,B,B,B,B,B,B
8935992dfe3ed15d,M,,,P23,False,11.26,excluded,excluded,A,B,B,B,B,B,B,B,B
a5ffa146a110223a,M,,,P17,False,11.84,excluded,excluded,A,B,B,B,B,B,B,B,B
23a2968801787519,F,,,P07,False,13.36,A,A,A,A,A,B,B,B,B,B,B
7bc22268b206ca4e,F,161.0,54.0,P24,True,12.78,excluded,A,A,A,A,B,B,B,B,B,B
2531133cf2c335bf,F,,,P10,False,13.71,excluded,excluded,A,B,B,B,B,B,B,B,B
735be6196595a525,M,180.0,70.0,,True,11.36,excluded,excluded,excluded,excluded,A,B,B,B,B,B,B
bf6e947f024e4018,M,175.0,60.0,P23,True,12.14,excluded,B,B,B,B,B,B,B,B,B,B
81f1a9f849d701d4,M,185.0,65.0,,True,11.28,excluded,A,B,B,B,B,B,B,B,B,B
886eaf5eb4831e5f,M,,,,False,11.57,excluded,excluded,A,B,B,B,B,B,B,B,B
4c40ccfc989ced34,M,,,P04,False,12.12,excluded,excluded,excluded,excluded,excluded,excluded,excluded,excluded,excluded,excluded,excluded
6376b76f281782c2,M,187.0,66.0,P10,True,10.68,excluded,excluded,excluded,excluded,A,A,A,B,B,B,B
0a503479da717c0d,F,164.0,45.0,P23,True,12.33,excluded,excluded,A,A,A,A,A,B,B,B,B
cd578732d75e8231,F,,65.0,P21,False,12.49,excluded,excluded,A,B,B,B,B,B,B,B,B
ce1c5c285dbf6562,F,,,,False,13.36,excluded,excluded,excluded,excluded,excluded,excluded,excluded,excluded,excluded,excluded,excluded
d4a03b0ed10a36d6,F,,,P26,False,11.92,excluded,excluded,A,A,A,A,A,B,B,B,B
0fb4ba0209516469,F,166.0,53.0,P30,True,12.73,A,A,A,B,B,B,B,B,B,B,B
5ee54b1910230b10,F,174.0,55.0,P26,True,12.85,A,A,A,A,A,A,B,B,B,B,B
3bfcda286f08c044,F,167.0,45.0,P25,True,13.92,excluded,excluded,A,B,B,B,B,B,B,B,B
e9dd26d346499fe2,F,,,P28,False,12.66,A,A,B,B,B,B,B,B,B,B,B
089dc7dced48f7a4,M,,,P25,False,12.35,A,B,B,B,B,B,B,B,B,B,B
0351fcef37b6e82a,M,,,P13,False,10.9,A,B,B,B,B,B,B,B,B,B,B
f72511750738a058,M,177.0,60.0,P01,True,11.51,excluded,excluded,excluded,excluded,excluded,excluded,A,B,B,B,B
aa022228a0fb114d,F,,,P00,False,12.9,A,B,B,B,B,B,B,B,B,B,B
7236c3c087ff138f,F,,,P09,False,13.56,A,B,B,B,B,B,B,B,B,B,B
3f21dc8b1e6dd194,F,,,,False,13.48,excluded,excluded,A,B,B,B,B,B,B,B,B
48c5e4d343ff65ad,M,176.0,66.0,,True,11.2,excluded,A,A,B,B,B,B,B,B,B,B
17a69f62a5ec3a99,M,,,P20,False,11.71,excluded,excluded,A,B,B,B,B,B,B,B,B
5bbbd96ff0705eab,M,,,P18,False,10.78,excluded,A,A,B,B,B,B,B,B,B,B
fa9167fc465643b2,M,,,P14,False,11.97,excluded,excluded,B,B,B,B,B,B,B,B,B
6eafb1a3edcfee6c,F,,,,False,13.1,excluded,A,A,B,B,B,B,B,B,B,B
14641aa1542ec154,M,,,P14,False,11.64,B,B,B,B,B,B,B,B,B,B,B
159fca3b6bd696c3,M,,,P12,False,11.51,excluded,A,A,B,B,B,B,B,B,B,B
96320cd40e67d9f9,M,179.0,65.0,,True,11.81,excluded,excluded,A,B,B,B,B,B,B,B,B
e4c52c0c0b873fea,M,,,,False,11.65,excluded,excluded,excluded,B,B,B,B,B,B,B,B
4077859a8f5fc535,M,180.0,60.0,,True,11.28,excluded,A,A,B,B,B,B,B,B,B,B
6255450c2b3b456c,M,180.0,68.0,P10,True,11.16,excluded,excluded,A,B,B,B,B,B,B,B,B
5cb81b411fc0b443,M,,,P17,False,11.2,excluded,excluded,A,A,B,B,B,B,B,B,B
2a144a0f163b8cf0,M,,,P14,False,11.91,excluded,excluded,excluded,B,B,B,B,B,B,B,B
1a4422812f421938,M,,,P10,False,12.18,excluded,excluded,B,B,B,B,B,B,B,B,B
63851992f07e4496,M,,,P10,False,11.4,excluded,excluded,A,B,B,B,B,B,B,B,B
da409640d1ae9fe1,F,,,P26,False,13.4,excluded,excluded,excluded,excluded,excluded,excluded,excluded,excluded,excluded,excluded,excluded
5d15fb2f1eebfd93,M,60.0,176.0,P23,False,10.64,excluded,excluded,A,A,A,A,B,B,B,B,B
16ce6c46d3d9536c,M,170.0,55.0,,True,11.57,excluded,excluded,excluded,B,B,B,B,B,B,B,B
58065dacf5bd7adc,M,170.0,65.0,P10,True,11.28,excluded,excluded,A,B,B,B,B,B,B,B,B
98e07ea7d6a3a64f,M,,,P26,False,11.28,excluded,excluded,excluded,excluded,excluded,excluded,A,B,B,B,B
7b1ed1fcbe1e1071,F,169.0,54.0,P03,True,12.27,excluded,A,A,B,B,B,B,B,B,B,B
75a4a4a97983bd64,F,160.0,50.0,P08,True,12.62,excluded,A,A,A,B,B,B,B,B,B,B
b44c5bca721be62e,F,165.0,47.0,P23,True,12.01,excluded,excluded,excluded,excluded,excluded,excluded,A,B,B,B,B
845f127412531e67,M,,,P18,False,11.1,excluded,excluded,A,B,B,B,B,B,B,B,B
3fa5865863bc4aa5,M,,,P17,False,11.67,excluded,excluded,A,B,B,B,B,B,B,B,B
2c192471a2a4664f,M,,,P15,False,11.71,excluded,excluded,excluded,B,B,B,B,B,B,B,B
dd29ad4f3f3c09b3,M,,,,False,11.55,excluded,excluded,B,B,B,B,B,B,B,B,B
39d01d9b4bdf04c6,M,,,,False,11.82,excluded,excluded,excluded,B,B,B,B,B,B,B,B
6f39e6e379bc0724,F,170.0,60.0,P10,True,13.65,A,B,B,B,B,B,B,B,B,B,B
06c73cf77803a6ed,F,165.0,47.0,P18,True,12.03,excluded,excluded,excluded,excluded,excluded,excluded,A,A,A,A,B
7c6d30d7edaac94b,F,,,P04,False,11.96,excluded,excluded,excluded,excluded,excluded,A,A,A,A,A,A
26a21365cbc9d62c,F,,,P14,False,12.42,excluded,excluded,excluded,A,A,B,B,B,B,B,B
dac7d8276bcc7231,M,174.0,55.0,P25,True,11.7,excluded,excluded,A,B,B,B,B,B,B,B,B
ac7847bd6d411d05,F,170.0,51.0,P26,True,12.23,A,A,A,A,A,B,B,B,B,B,B
327264ac85e162cd,M,,,P26,False,10.96,excluded,excluded,A,B,B,B,B,B,B,B,B
ba43eda783cbccd0,M,,,P27,False,11.13,excluded,excluded,A,B,B,B,B,B,B,B,B
5f0e87eac18da49e,M,178.0,67.0,P08,True,11.31,excluded,excluded,A,B,B,B,B,B,B,B,B
c64ac94d3488e5c4,M,,,P20,False,11.74,excluded,A,B,B,B,B,B,B,B,B,B
9bbec6ba2d737890,M,,,P14,False,11.7,excluded,A,B,B,B,B,B,B,B,B,B
92b1613cf6333fa5,M,,,P17,False,11.68,excluded,excluded,excluded,excluded,excluded,excluded,excluded,excluded,excluded,excluded,excluded
42985b2d2630dc81,F,,,P10,False,13.64,excluded,excluded,excluded,A,A,B,B,B,B,B,B
6180da60ece55f39,M,175.0,70.0,,True,11.87,excluded,excluded,A,B,B,B,B,B,B,B,B
9dbc08733f0d725b,M,,,P10,False,12.08,excluded,A,B,B,B,B,B,B,B,B,B
d7ec28fe70e39df0,M,,,P10,False,11.35,excluded,A,A,B,B,B,B,B,B,B,B
e2238033e46c7b34,M,,,P19,False,11.79,excluded,excluded,excluded,excluded,excluded,excluded,excluded,excluded,excluded,excluded,excluded
38e0803320a002fc,F,,,P03,False,13.68,A,B,B,B,B,B,B,B,B,B,B
dd0239fd832dc95d,F,173.0,52.0,P20,True,11.96,A,A,A,A,A,A,B,B,B,B,B
fa7377e13bbfc518,M,,,P19,False,11.13,excluded,excluded,A,A,B,B,B,B,B,B,B
992619d165d3aebe,M,,,,False,11.76,excluded,excluded,excluded,excluded,excluded,excluded,excluded,excluded,excluded,excluded,excluded
b5c7303afa0ac2cb,M,,,P28,False,10.56,excluded,excluded,excluded,excluded,excluded,excluded,A,A,A,B,B
96fea2ee19e4865e,F,,,P23,False,12.43,excluded,excluded,A,A,A,A,B,B,B,B,B
168cb696d3f4e52a,M,,,P23,False,11.12,excluded,excluded,A,A,A,B,B,B,B,B,B
2efbd412ebc2a7ce,M,178.0,65.0,P10,True,10.83,excluded,A,B,B,B,B,B,B,B,B,B
7ab38ec5a606cd27,M,175.0,66.0,,True,12.11,excluded,excluded,excluded,excluded,excluded,excluded,excluded,excluded,excluded,excluded,excluded
70c54c7bc34f132d,M,,,P10,False,12.44,excluded,excluded,excluded,excluded,excluded,excluded,excluded,excluded,excluded,excluded,excluded
119eb70fcf61afbd,M,,,P17,False,11.69,A,B,B,B,B,B,B,B,B,B,B
f53f2ceeb9413f3d,M,,,P23,False,12.13,excluded,excluded,B,B,B,B,B,B,B,B,B
a3fb935eb5b7aa5d,M,,,P10,False,11.42,excluded,excluded,A,B,B,B,B,B,B,B,B
9f2a10dbb8589370,M,,,P17,False,11.53,excluded,excluded,excluded,excluded,excluded,excluded,excluded,excluded,excluded,excluded,excluded
c51ddebbe24b46b4,M,,,P17,False,11.89,excluded,excluded,A,B,B,B,B,B,B,B,B
098fdfdcdf0ad80f,M,,,P26,False,10.31,excluded,excluded,excluded,excluded,excluded,A,A,A,A,A,B
c2e9a9b9fa55b76e,M,176.0,57.0,P14,True,11.56,excluded,excluded,B,B,B,B,B,B,B,B,B
20771f201a5d4ab4,M,,,,False,11.93,excluded,excluded,excluded,excluded,excluded,excluded,excluded,excluded,excluded,excluded,excluded
98ea05818d95fe52,F,,,P08,False,14.1,A,A,B,B,B,B,B,B,B,B,B
9361693e27a5a1bb,F,,,P03,False,12.0,A,A,A,A,A,B,B,B,B,B,B
c41d1410e51602c3,F,165.0,45.0,P10,True,12.47,A,B,B,B,B,B,B,B,B,B,B
5de1a384f781c8ac,F,,,P03,False,11.71,excluded,excluded,A,A,A,A,B,B,B,B,B
dc7307b3d8400da5,F,177.0,55.0,P25,True,13.67,A,A,A,B,B,B,B,B,B,B,B
61cdf43c9a8f5ef7,M,,,P18,False,10.98,excluded,excluded,A,B,B,B,B,B,B,B,B
7d2c3fb7fba10542,F,,,P17,False,12.24,excluded,excluded,A,A,B,B,B,B,B,B,B
3c7a5a66d75e67eb,M,176.0,66.0,,True,11.55,excluded,excluded,A,B,B,B,B,B,B,B,B
dbdfc21e11dc90ca,M,,,,False,11.68,excluded,A,B,B,B,B,B,B,B,B,B
8fee08704d48b251,F,,,P23,False,12.1,excluded,excluded,excluded,A,A,A,A,B,B,B,B
cbaed135afa8d687,F,166.0,55.0,P10,True,12.61,excluded,excluded,excluded,excluded,A,A,B,B,B,B,B
ad4a89df5d74d926,M,,,P10,False,10.82,excluded,excluded,A,A,A,B,B,B,B,B,B
e3434582d97c1a7b,F,,,P08,False,12.81,excluded,excluded,A,B,B,B,B,B,B,B,B
a73a4cbdc35215df,F,170.0,60.0,P25,True,13.51,A,B,B,B,B,B,B,B,B,B,B
e2ad6387b053ffe4,F,,,P17,False,12.69,A,B,B,B,B,B,B,B,B,B,B
1df3d7914d42ac03,M,,,,False,11.45,excluded,A,A,B,B,B,B,B,B,B,B
3d69de07c54a8b46,F,165.0,55.0,P11,True,12.88,excluded,A,A,B,B,B,B,B,B,B,B
841af51368dcb166,M,,,P14,False,10.93,A,A,B,B,B,B,B,B,B,B,B
ebcf749ed79cbdb7,F,,,,False,14.59,B,B,B,B,B,B,B,B,B,B,B
16eae972d8b54f86,M,,,P10,False,11.09,excluded,A,A,B,B,B,B,B,B,B,B
d9fa130934c5407d,M,,,,False,11.51,B,B,B,B,B,B,B,B,B,B,B
ea4bc9d8b03aa960,F,,,P00,False,12.56,excluded,excluded,A,A,A,B,B,B,B,B,B
490dbab44e6fa554,M,,,,False,11.87,A,B,B,B,B,B,B,B,B,B,B
1fb20dce5faf06cb,M,,,,False,10.68,excluded,excluded,excluded,excluded,excluded,excluded,A,B,B,B,B
2b4e2d1d082d145d,M,175.0,63.0,P25,True,11.7,A,A,B,B,B,B,B,B,B,B,B
9c87bb4b86f0c888,M,178.0,65.0,,True,11.54,excluded,excluded,B,B,B,B,B,B,B,B,B
07970776cd567e1e,M,,,P04,False,12.23,excluded,excluded,excluded,excluded,excluded,excluded,excluded,excluded,excluded,excluded,excluded
32f48c75a8c32394,M,,,,False,12.01,excluded,excluded,excluded,excluded,excluded,excluded,excluded,excluded,excluded,excluded,excluded
203c52301e8df128,F,173.0,63.0,P26,True,13.13,excluded,excluded,B,B,B,B,B,B,B,B,B
2b79820ba956c07b,M,,,,False,12.84,excluded,excluded,excluded,excluded,excluded,excluded,excluded,excluded,excluded,excluded,excluded
4f612fbbd71acbfd,M,176.0,70.0,P18,True,10.55,excluded,excluded,excluded,A,A,B,B,B,B,B,B
0001cf6c22609b80,F,,,P12,False,12.82,A,A,B,B,B,B,B,B,B,B,B
4ec46265af6221b9,F,,,P23,False,13.5,A,B,B,B,B,B,B,B,B,B,B
6853fcf33e8c48c5,F,,,P30,False,12.68,excluded,excluded,excluded,A,A,B,B,B,B,B,B
d3d0849f9589391a,F,,,P10,False,12.31,excluded,A,A,A,A,B,B,B,B,B,B
e640e22455728a59,F,,,P20,False,12.35,excluded,excluded,A,A,B,B,B,B,B,B,B
3881f98d92dca457,M,,,P27,False,10.66,excluded,excluded,excluded,excluded,A,A,A,B,B,B,B
20ed66f3eaa8eae1,F,,,P10,False,13.07,excluded,A,A,B,B,B,B,B,B,B,B
5170fb033ac2bb4f,M,,,P00,False,10.51,excluded,excluded,excluded,excluded,excluded,excluded,A,A,B,B,B
a7712f6f6b70ff33,F,,,P08,False,12.49,excluded,A,A,A,A,B,B,B,B,B,B
2b1f626f0e270a88,M,175.0,70.0,P10,True,12.03,excluded,excluded,A,A,B,B,B,B,B,B,B
ec9f585fb5f303d6,M,,,P14,False,11.48,excluded,excluded,A,B,B,B,B,B,B,B,B
9b8e02d07ee1d6f1,F,166.0,52.0,P09,True,11.89,A,A,A,A,A,A,B,B,B,B,B
335ff46010db280c,F,,,,False,12.01,excluded,A,A,A,B,B,B,B,B,B,B
c056b9414487d484,F,175.0,63.0,P17,True,12.44,A,A,A,A,A,A,B,B,B,B,B
62ba385c4630ae22,M,,,P14,False,11.49,excluded,excluded,A,B,B,B,B,B,B,B,B
bde7a378146acf25,F,,,P07,False,12.74,excluded,A,A,A,A,A,B,B,B,B,B
e3ed3695b39a0682,M,,,P04,False,11.05,excluded,excluded,A,A,B,B,B,B,B,B,B
0e5670c5c742a52e,F,,,,False,13.12,excluded,excluded,A,B,B,B,B,B,B,B,B
85cce646c2d416ac,M,,,,False,11.32,excluded,excluded,excluded,excluded,excluded,excluded,excluded,excluded,excluded,excluded,excluded
acd4e488f0c3c1cf,M,,,P14,False,11.82,A,A,B,B,B,B,B,B,B,B,B
893e9bc911b7e317,F,,,P13,False,11.76,excluded,excluded,A,A,B,B,B,B,B,B,B
9c560db49cb66f87,F,,,P13,False,11.76,excluded,excluded,A,A,B,B,B,B,B,B,B
b7cfa7ce09040b5b,F,,,P08,False,13.78,A,B,B,B,B,B,B,B,B,B,B
4a018d53d9615566,F,,,P04,False,12.54,excluded,A,A,B,B,B,B,B,B,B,B
15a06e0930c56236,M,,,P04,False,11.58,excluded,excluded,excluded,A,A,B,B,B,B,B,B
7d8659a8ec26cc6f,F,,,P19,False,12.87,A,B,B,B,B,B,B,B,B,B,B
39a579b820eb6edf,F,,,P08,False,12.14,excluded,A,A,A,A,A,B,B,B,B,B
ee05ca4e3f7f330f,M,,,P17,False,11.59,excluded,excluded,B,B,B,B,B,B,B,B,B
c654d3dce821eae0,M,182.0,65.0,P08,True,11.65,excluded,A,B,B,B,B,B,B,B,B,B
8807755c3967c85d,M,188.0,140.0,,False,12.25,excluded,B,B,B,B,B,B,B,B,B,B
57a0c8e822fc0e1b,F,,,P10,False,13.3,excluded,excluded,A,B,B,B,B,B,B,B,B
c246e758315b6100,M,184.0,68.0,P16,True,10.72,excluded,excluded,A,A,A,A,A,A,A,A,B
c032d5e5856e8e69,M,173.0,68.0,P20,True,11.44,excluded,excluded,A,B,B,B,B,B,B,B,B
31d95a64ff9e9d28,M,,,P06,False,11.09,excluded,excluded,A,B,B,B,B,B,B,B,B
28fe071aff1f4ec4,M,,,P20,False,11.68,A,B,B,B,B,B,B,B,B,B,B
c172e52e46e298ee,F,167.0,51.0,P17,True,12.86,A,A,A,A,B,B,B,B,B,B,B
8505d9d47727f3ae,M,,,,False,11.67,excluded,excluded,excluded,excluded,excluded,excluded,excluded,excluded,excluded,excluded,excluded
cc717f8cd10810c6,F,160.0,50.0,P22,True,12.01,A,A,A,A,B,B,B,B,B,B,B
7cd4f48fa285921b,M,,,P04,False,11.29,A,B,B,B,B,B,B,B,B,B,B
5069438abd267154,M,,,P10,False,12.07,excluded,excluded,A,B,B,B,B,B,B,B,B
27e265a75c176007,F,174.0,59.0,P18,True,12.19,excluded,A,A,A,A,A,A,B,B,B,B
bc918361404ebfc4,F,165.0,56.0,,True,13.07,excluded,excluded,excluded,excluded,excluded,excluded,excluded,excluded,excluded,excluded,excluded
d1801c7903f976fc,M,,,P17,False,11.66,A,B,B,B,B,B,B,B,B,B,B
dce94efcadbbed6a,F,169.0,53.0,P06,True,13.01,excluded,excluded,A,B,B,B,B,B,B,B,B
8ffab65df60540ac,F,,,P04,False,11.77,A,A,B,B,B,B,B,B,B,B,B
54ac47be80c4651f,F,,,P09,False,13.54,excluded,excluded,excluded,excluded,excluded,excluded,excluded,excluded,excluded,excluded,excluded
405dffe3eb53fc9c,M,,,,False,11.6,excluded,excluded,A,B,B,B,B,B,B,B,B
e1093ff95ace0a52,M,179.0,65.0,P07,True,11.13,excluded,excluded,excluded,A,A,B,B,B,B,B,B
e69f5583a3f9460c,M,177.0,59.0,P15,True,12.19,excluded,excluded,excluded,excluded,excluded,excluded,excluded,excluded,excluded,excluded,excluded
567db840fb72fa55,F,,,P18,False,12.4,excluded,A,A,A,B,B,B,B,B,B,B
b42ba1a17dfbd3f3,F,170.0,60.0,P28,True,12.97,excluded,excluded,A,A,B,B,B,B,B,B,B
ea9453380ce64567,M,,,,False,11.4,excluded,excluded,B,B,B,B,B,B,B,B,B
9a968a7a34d54a67,F,165.0,50.0,P24,True,13.54,excluded,excluded,excluded,excluded,excluded,excluded,excluded,excluded,excluded,excluded,excluded
a9695526dcad6ba6,F,,,P24,False,12.25,A,A,B,B,B,B,B,B,B,B,B
9a36fb1a7adaab1b,F,,,,False,13.01,A,B,B,B,B,B,B,B,B,B,B
c434f04bd2064459,F,161.0,50.0,P23,True,12.45,excluded,excluded,A,B,B,B,B,B,B,B,B
400570b8a8a719f3,F,167.0,60.0,P17,True,11.68,excluded,excluded,A,A,B,B,B,B,B,B,B
7db5db97a69b795d,F,,,P10,False,11.81,excluded,excluded,excluded,excluded,excluded,A,A,B,B,B,B
83b587d85238ac2e,M,,,,False,11.59,excluded,excluded,A,A,B,B,B,B,B,B,B
537446e717ae2df7,M,,,P00,False,10.74,excluded,excluded,excluded,excluded,excluded,A,A,B,B,B,B
967b5c672fb37093,M,,,P09,False,11.42,excluded,excluded,B,B,B,B,B,B,B,B,B
3d07529d2c60c731,M,,,,False,11.42,excluded,B,B,B,B,B,B,B,B,B,B
d6d1a9952d6a5a62,M,,,,False,10.92,excluded,excluded,excluded,excluded,A,B,B,B,B,B,B
f2c72191ba5d6d9e,M,,,,False,11.11,excluded,excluded,excluded,excluded,excluded,excluded,A,B,B,B,B
0650dd3ba8748539,F,161.0,49.0,P09,True,12.12,excluded,excluded,A,A,B,B,B,B,B,B,B
5436d889505b78fa,M,,,P04,False,11.71,excluded,A,A,B,B,B,B,B,B,B,B
5b816ece0f1df1e8,M,,,P20,False,11.43,excluded,excluded,A,A,B,B,B,B,B,B,B
16ab9ad40ddf1846,M,,,P20,False,11.28,excluded,A,A,B,B,B,B,B,B,B,B
d53c9bae41f6f7ba,M,175.0,65.0,P14,True,11.76,excluded,excluded,A,B,B,B,B,B,B,B,B
02a48bb2b75316cb,F,163.0,63.0,P04,True,12.04,A,A,A,A,A,B,B,B,B,B,B
10ca33e3a2c4fc34,M,,,P17,False,10.77,excluded,excluded,A,A,A,A,B,B,B,B,B
1b7cd935a1554b64,M,,,P25,False,11.04,excluded,excluded,A,A,B,B,B,B,B,B,B
b162eccad4163f21,F,165.0,50.0,P03,True,12.4,A,A,A,A,B,B,B,B,B,B,B
88309b818bf9e760,F,,,,False,12.61,A,A,B,B,B,B,B,B,B,B,B
853c77d56badb743,M,,,P17,False,11.27,excluded,excluded,A,A,B,B,B,B,B,B,B
f2c84bdd81710500,F,162.0,49.0,P24,True,12.64,excluded,excluded,A,A,A,A,B,B,B,B,B
7428144355329b09,F,163.0,52.0,P12,True,11.93,excluded,A,A,A,A,A,B,B,B,B,B
47ffc94ae460c76a,M,,,,False,11.76,excluded,excluded,A,B,B,B,B,B,B,B,B
dd2e3508c09a4d15,F,170.0,53.0,P29,True,11.99,A,A,A,A,A,B,B,B,B,B,B
aa50ed55ac09949c,M,186.0,68.0,P25,True,11.56,excluded,A,A,B,B,B,B,B,B,B,B
b4f1a7b3e86b40ad,F,,,P20,False,11.92,excluded,excluded,A,A,A,A,A,B,B,B,B
22f55a7cb972cd6e,M,,,P15,False,10.93,excluded,excluded,excluded,excluded,excluded,excluded,A,B,B,B,B
2030a0bf5b2fa0d6,F,,,P24,False,12.82,excluded,excluded,excluded,excluded,excluded,excluded,excluded,excluded,excluded,excluded,excluded
9d175c1cd1e161ab,M,,,P25,False,12.3,excluded,excluded,A,B,B,B,B,B,B,B,B
05321b27d737954e,F,,,P16,False,13.59,A,B,B,B,B,B,B,B,B,B,B
22c23901976551ad,M,,,P25,False,12.07,A,B,B,B,B,B,B,B,B,B,B
f40643259d4c42e8,F,155.0,45.0,P25,True,13.21,A,B,B,B,B,B,B,B,B,B,B
c0015247e5c12092,M,,,P14,False,11.51,excluded,excluded,A,B,B,B,B,B,B,B,B
8dc1b338e80dc632,M,,,P14,False,11.36,excluded,excluded,A,A,B,B,B,B,B,B,B
b81f91a9669a9bc8,F,175.0,60.0,P05,True,12.63,excluded,A,A,A,B,B,B,B,B,B,B
b63ebbad1ac7b963,M,,,P10,False,12.25,excluded,excluded,B,B,B,B,B,B,B,B,B
857c33b6c8c397d2,M,,,,False,11.77,excluded,excluded,excluded,excluded,B,B,B,B,B,B,B
30e208bbfee9fbd8,M,180.0,65.0,P26,True,10.6,excluded,excluded,excluded,excluded,A,A,B,B,B,B,B
09f3ba40601f4bd7,F,167.0,50.0,P10,True,12.61,excluded,A,A,B,B,B,B,B,B,B,B
508c4fc39c2542a4,M,183.0,70.0,P21,True,10.56,excluded,excluded,excluded,A,A,B,B,B,B,B,B
2cd95dcf6b7c3bfe,F,174.0,64.0,P00,True,12.83,excluded,excluded,excluded,A,A,A,A,B,B,B,B
77f9fa544c6715f3,M,,,P10,False,12.02,excluded,excluded,A,B,B,B,B,B,B,B,B
e74192e8c90422f8,M,,,P30,False,11.21,A,B,B,B,B,B,B,B,B,B,B
170e33879f222045,M,174.0,55.0,P10,True,11.28,excluded,A,A,B,B,B,B,B,B,B,B
b028a8ca78fb0c08,F,167.0,51.0,P25,True,12.21,A,A,A,A,A,A,B,B,B,B,B
8d745bd5488b27cc,F,,,,False,14.23,excluded,excluded,excluded,excluded,excluded,excluded,excluded,excluded,excluded,excluded,excluded
843ed7a86bacda08,M,,,P21,False,11.07,excluded,A,B,B,B,B,B,B,B,B,B
87282a604c24a28b,F,,,P21,False,12.28,excluded,A,A,B,B,B,B,B,B,B,B
1afb5d300d726c68,M,,,P14,False,11.59,excluded,excluded,B,B,B,B,B,B,B,B,B
4d37d9dfce4f1414,M,,,P20,False,12.4,A,A,B,B,B,B,B,B,B,B,B
120101654f4dd39c,M,,,P12,False,12.49,B,B,B,B,B,B,B,B,B,B,B
50b3fa8a1d57ac09,M,,,P23,False,11.69,excluded,excluded,A,B,B,B,B,B,B,B,B
f6394d0ca240393b,M,,,P21,False,11.25,A,A,B,B,B,B,B,B,B,B,B
f89067133765bb32,M,,,,False,11.33,A,B,B,B,B,B,B,B,B,B,B
4f4370ad1adac513,M,,,P28,False,11.74,excluded,excluded,B,B,B,B,B,B,B,B,B
be5e54c040d1ddf2,M,170.0,60.0,P23,True,11.85,excluded,excluded,A,B,B,B,B,B,B,B,B
787a122e2cf15537,M,,,P12,False,11.57,excluded,excluded,A,B,B,B,B,B,B,B,B
2123caf18a1f2b13,M,,,P14,False,11.17,excluded,A,A,B,B,B,B,B,B,B,B
448d4bee073532d5,M,,,P02,False,11.58,excluded,excluded,excluded,B,B,B,B,B,B,B,B
cb76f9cdf392134c,F,165.0,45.0,P20,True,12.92,A,A,A,B,B,B,B,B,B,B,B
ff3ab5d648957683,M,,,P10,False,12.56,excluded,excluded,excluded,excluded,excluded,excluded,excluded,excluded,excluded,excluded,excluded
33f5d9dbf1815ec1,M,,,P20,False,11.11,A,A,B,B,B,B,B,B,B,B,B
875cbb8827e7562d,M,179.0,76.0,,True,11.37,excluded,excluded,excluded,excluded,excluded,excluded,excluded,excluded,excluded,excluded,excluded
93f335e5d97f1eab,F,177.0,58.0,P18,True,12.28,excluded,excluded,A,A,B,B,B,B,B,B,B
60ca349a3a8fff88,F,168.0,55.0,,True,12.88,A,B,B,B,B,B,B,B,B,B,B
3fb5b40a4eb7e0eb,M,,,P14,False,12.45,excluded,excluded,excluded,excluded,excluded,excluded,excluded,excluded,excluded,excluded,excluded
89034116d4631a3b,F,,,P20,False,12.56,excluded,excluded,excluded,excluded,excluded,excluded,A,B,B,B,B
0933d7bace0a5c7b,M,175.0,60.0,P04,True,11.03,A,A,B,B,B,B,B,B,B,B,B
ed4efd778136bbc5,M,180.0,70.0,P09,True,10.94,excluded,excluded,excluded,excluded,excluded,excluded,A,B,B,B,B
f519840ae99aa64c,F,,,P18,False,13.24,A,B,B,B,B,B,B,B,B,B,B
41839ed0f7ba598a,M,,,P04,False,11.68,A,A,B,B,B,B,B,B,B,B,B
bd2aa77943669318,M,,,P23,False,10.9,excluded,A,A,B,B,B,B,B,B,B,B
eef3f54cdd8b21ed,M,,,P23,False,11.42,excluded,A,A,B,B,B,B,B,B,B,B
f45c47e3cc0a94ea,F,164.0,55.0,P10,True,12.48,excluded,A,A,A,A,A,B,B,B,B,B
2c82576b32dbe8cf,M,178.0,53.0,P02,True,10.9,excluded,excluded,A,A,A,B,B,B,B,B,B
d5892ebf16b1e6ce,M,,,,False,11.1,excluded,excluded,excluded,excluded,A,B,B,B,B,B,B
d7d1d01eec900cc1,M,,,,False,11.71,A,B,B,B,B,B,B,B,B,B,B
e280ae4989d6aa74,M,,,P10,False,11.67,excluded,excluded,A,B,B,B,B,B,B,B,B
e00cd7f299331d77,M,,,P10,False,11.83,excluded,excluded,excluded,excluded,B,B,B,B,B,B,B
2f11ee4a2ddf08fe,M,,,P10,False,11.93,excluded,excluded,A,B,B,B,B,B,B,B,B
f9fbf0b9d6fbcb4b,F,172.0,67.0,P10,True,13.04,B,B,B,B,B,B,B,B,B,B,B
bba278078fb94380,M,180.0,70.0,,True,11.14,excluded,excluded,A,B,B,B,B,B,B,B,B
f428f752e9f84984,F,,,P17,False,12.54,excluded,A,A,A,B,B,B,B,B,B,B
2dba0ff39b0967b9,F,170.0,53.0,P28,True,11.99,excluded,excluded,excluded,A,A,A,B,B,B,B,B
5b3a63cddb092ece,M,,,P10,False,11.38,excluded,A,A,B,B,B,B,B,B,B,B
9f59608b9bd52fc5,M,174.0,59.0,P20,True,11.13,A,A,B,B,B,B,B,B,B,B,B
8060b8d53b42986e,F,,,P20,False,12.87,excluded,A,A,B,B,B,B,B,B,B,B
14705a159f215608,M,,,P17,False,11.22,excluded,A,A,B,B,B,B,B,B,B,B
763ad4b01147423c,F,,,P00,False,12.06,excluded,excluded,A,A,A,A,B,B,B,B,B
2993adc9e894e4ac,M,,,P20,False,10.22,excluded,excluded,A,A,A,A,A,A,A,A,A
092585426ccea50d,M,,,P23,False,11.19,excluded,excluded,A,A,B,B,B,B,B,B,B
32dc228a56fb17c6,M,,,P20,False,11.97,excluded,excluded,B,B,B,B,B,B,B,B,B
95159783f15be046,M,173.0,62.0,P20,True,12.34,excluded,excluded,B,B,B,B,B,B,B,B,B
ee6e853b6d9dafb0,F,163.0,43.0,P20,True,12.16,excluded,excluded,excluded,excluded,A,A,A,B,B,B,B
22347099f3d58b4e,F,,,P13,False,12.15,A,A,B,B,B,B,B,B,B,B,B
9be735285442d23f,M,180.0,65.0,,True,12.38,excluded,excluded,excluded,excluded,excluded,excluded,excluded,excluded,excluded,excluded,excluded
3bd35ec1b3ef0a72,M,,,P10,False,11.84,excluded,excluded,excluded,excluded,excluded,excluded,excluded,excluded,excluded,excluded,excluded
958e65e71ab36cbb,F,164.0,55.0,P11,True,13.14,excluded,excluded,excluded,excluded,A,B,B,B,B,B,B
436df54a6e751715,M,,,P12,False,11.71,A,A,B,B,B,B,B,B,B,B,B
96f057992072ec0b,F,165.0,50.0,P05,True,12.76,excluded,A,A,A,B,B,B,B,B,B,B
577c12667489253c,M,,,,False,11.37,excluded,A,A,B,B,B,B,B,B,B,B
c0798ec31cce6d6c,M,,,P20,False,11.88,excluded,excluded,B,B,B,B,B,B,B,B,B
6631bdf5cfaa77fd,M,,,P15,False,11.69,excluded,excluded,A,B,B,B,B,B,B,B,B
06a39b0df0643ad8,M,,,P14,False,11.76,excluded,excluded,A,B,B,B,B,B,B,B,B
fa3a760a51052dad,F,169.0,58.0,P25,True,12.93,excluded,excluded,A,A,B,B,B,B,B,B,B
345b7f0e2ad22686,F,,,P03,False,11.93,excluded,A,A,A,A,B,B,B,B,B,B
20ce8a3ad1f704c0,M,,,P04,False,11.93,A,A,B,B,B,B,B,B,B,B,B
88e7b60fb8dd838a,M,,,P17,False,11.22,excluded,excluded,B,B,B,B,B,B,B,B,B
521437f7e8da2285,F,,,P09,False,12.32,excluded,excluded,excluded,A,A,A,A,B,B,B,B
7bd8d03cfd0dbe27,M,,,P17,False,11.2,excluded,A,B,B,B,B,B,B,B,B,B
021f457b2a64a3ed,M,,,,False,11.5,excluded,excluded,excluded,excluded,excluded,excluded,excluded,excluded,excluded,excluded,excluded
636b3fdcfde75f28,M,180.0,74.0,P10,True,12.52,excluded,excluded,excluded,excluded,excluded,excluded,excluded,excluded,excluded,excluded,excluded
e91de1f24be512dc,M,170.0,60.0,P17,True,11.83,excluded,excluded,excluded,excluded,excluded,excluded,excluded,excluded,excluded,excluded,excluded
b8f87669020be76e,F,164.0,49.0,P09,True,12.49,excluded,A,A,B,B,B,B,B,B,B,B
73b3c7846e3b28ae,F,,,P23,False,13.35,excluded,excluded,A,B,B,B,B,B,B,B,B
f5077f1d84ba04a7,F,,,P21,False,13.31,A,B,B,B,B,B,B,B,B,B,B
d0aa86dd833c0dc7,M,,,,False,10.87,excluded,excluded,A,A,A,B,B,B,B,B,B
aad65278cd85e803,M,173.0,65.0,P20,True,11.65,excluded,excluded,excluded,B,B,B,B,B,B,B,B
2a14d8f4c79ca007,F,167.0,48.0,P30,True,12.03,excluded,A,A,A,B,B,B,B,B,B,B
6513d0586a476452,F,,,P17,False,12.55,A,A,A,B,B,B,B,B,B,B,B
fe00e09f24ee3b1b,M,,,P14,False,11.83,excluded,excluded,excluded,excluded,B,B,B,B,B,B,B
b9f54e3524869499,F,,,P09,False,12.82,A,A,B,B,B,B,B,B,B,B,B
62d11f0e6ec4a7cc,F,,,P09,False,12.01,excluded,excluded,excluded,A,A,A,A,A,A,B,B
0a514bb3e20c91eb,M,175.0,65.0,P20,True,11.48,excluded,excluded,A,B,B,B,B,B,B,B,B
0a4c43f027d5ccb4,F,,,P23,False,12.57,excluded,A,A,A,A,B,B,B,B,B,B
19467b68f8b681e4,F,,,P12,False,12.77,excluded,excluded,excluded,excluded,A,B,B,B,B,B,B
a4c589184b2474e1,F,,,P12,False,13.62,excluded,B,B,B,B,B,B,B,B,B,B
d963de0bfd52aa4c,M,,,P17,False,11.41,excluded,excluded,A,B,B,B,B,B,B,B,B
28a236fb8a7a8f4a,F,,,P21,False,12.24,A,B,B,B,B,B,B,B,B,B,B
ad6efe08fcd34b14,M,,,P20,False,11.35,excluded,excluded,B,B,B,B,B,B,B,B,B
3f3fb540f408c6af,M,,,P17,False,12.6,excluded,excluded,excluded,excluded,excluded,excluded,excluded,excluded,excluded,excluded,excluded
220be28e4b74e410,F,,,P09,False,13.36,A,B,B,B,B,B,B,B,B,B,B
dd12aac5bf9aa384,F,,,P04,False,12.44,excluded,excluded,A,B,B,B,B,B,B,B,B
1e5a84ed13d018bb,M,,,P23,False,11.64,excluded,excluded,A,B,B,B,B,B,B,B,B
9f5bdb2b64213089,M,176.0,62.0,,True,11.09,excluded,A,B,B,B,B,B,B,B,B,B
c8524c084f6a5edb,F,,,P17,False,11.96,excluded,excluded,A,A,A,A,A,B,B,B,B
eb83d65c9f4c4a21,F,,,P18,False,11.65,excluded,excluded,excluded,A,A,A,A,A,B,B,B
84748572c74d8eac,M,178.0,64.0,,True,12.32,excluded,excluded,excluded,excluded,excluded,excluded,excluded,excluded,excluded,excluded,excluded
244c56a84ee6d6f7,M,,,P23,False,11.47,excluded,excluded,B,B,B,B,B,B,B,B,B
7dfdccc50df6cea3,M,,,P14,False,11.63,excluded,excluded,B,B,B,B,B,B,B,B,B
b9759e70054f1657,F,,,P10,False,12.44,excluded,A,A,B,B,B,B,B,B,B,B
ab0be2c77e8281c3,M,,,P20,False,12.08,excluded,excluded,excluded,excluded,B,B,B,B,B,B,B
405712acedb328e8,M,186.0,60.0,P10,True,10.83,excluded,excluded,A,B,B,B,B,B,B,B,B
ee41e20a0889f603,F,164.0,48.0,P24,True,12.23,excluded,excluded,excluded,excluded,excluded,A,A,A,A,A,B
4e33b3edbb8350ae,M,,,,False,10.9,excluded,excluded,A,A,B,B,B,B,B,B,B
1cae6fc9fa3c0f4e,F,160.0,45.0,P10,True,13.8,excluded,excluded,excluded,excluded,excluded,excluded,excluded,excluded,excluded,excluded,excluded
5de06cad0a7e7f82,F,158.0,45.0,P10,True,13.7,B,B,B,B,B,B,B,B,B,B,B
fbb15f9e97c77937,F,165.0,52.0,P10,True,12.87,excluded,A,A,B,B,B,B,B,B,B,B
31e6aa441b5a311a,F,,,,False,12.69,A,B,B,B,B,B,B,B,B,B,B
25e04f0db20cf17d,F,,,P12,False,12.5,excluded,A,A,B,B,B,B,B,B,B,B
60510d4f8d000b9c,M,180.0,65.0,P02,True,11.72,excluded,excluded,excluded,excluded,excluded,excluded,excluded,excluded,excluded,excluded,excluded
3a5625edd0c31511,F,171.0,66.0,P17,True,12.33,excluded,A,A,A,A,A,A,B,B,B,B
2c4e5544856779b1,M,,,P23,False,10.87,excluded,A,A,A,B,B,B,B,B,B,B
a72d5d246f0fb0e6,M,,,,False,11.58,excluded,excluded,A,B,B,B,B,B,B,B,B
36d93bbf56f975fa,M,,,P23,False,10.83,excluded,B,B,B,B,B,B,B,B,B,B
e574ca2b49899909,M,180.0,70.0,P20,True,11.14,excluded,excluded,A,B,B,B,B,B,B,B,B
822025c3cc32bbc0,M,190.0,73.0,P03,True,11.93,excluded,excluded,B,B,B,B,B,B,B,B,B
3afc9163bf5ac96d,M,,,,False,11.37,excluded,excluded,excluded,excluded,excluded,excluded,excluded,excluded,excluded,excluded,excluded
b733ef82401184ba,F,,,P03,False,12.44,excluded,A,A,B,B,B,B,B,B,B,B
b77a9543b5e25fa6,F,158.0,58.0,P18,True,11.29,excluded,excluded,excluded,excluded,excluded,A,A,A,A,A,A
23af0e2ed2e1f729,F,,,P17,False,13.03,excluded,excluded,excluded,excluded,A,B,B,B,B,B,B
a342de0bbf082afb,F,156.0,50.0,P20,True,12.58,excluded,A,A,B,B,B,B,B,B,B,B
31fe7e8895204e43,M,,,P10,False,11.69,excluded,excluded,A,B,B,B,B,B,B,B,B
ce63fa8ce9965055,M,,,,False,11.55,excluded,excluded,B,B,B,B,B,B,B,B,B
f8fcddaf0135662f,M,,,,False,11.17,A,B,B,B,B,B,B,B,B,B,B
98eb014733fd8700,M,,,,False,12.01,excluded,B,B,B,B,B,B,B,B,B,B
42d87c6517324e3e,M,172.0,53.0,P09,True,10.81,excluded,excluded,excluded,A,A,B,B,B,B,B,B
ea330f4d006cec13,F,,,P09,False,13.02,A,B,B,B,B,B,B,B,B,B,B
d2399493ce179830,M,188.0,70.0,P10,True,11.41,excluded,excluded,excluded,excluded,B,B,B,B,B,B,B
231c979229a552a7,F,,,P12,False,12.48,A,B,B,B,B,B,B,B,B,B,B
7c7600dec1f75f90,F,,,P27,False,12.04,A,A,A,A,A,A,A,B,B,B,B
308980243a6859ce,M,,,P21,False,10.82,excluded,A,B,B,B,B,B,B,B,B,B
4a8cb3da3eae0b28,M,,,P10,False,11.86,excluded,excluded,A,B,B,B,B,B,B,B,B
2574d07109826177,M,,,P17,False,11.88,excluded,excluded,excluded,excluded,excluded,excluded,excluded,excluded,excluded,excluded,excluded
ccd00e453ede7af6,M,,,P23,False,11.53,A,A,B,B,B,B,B,B,B,B,B
3b3f2678f795b380,M,,,,False,12.2,excluded,excluded,A,B,B,B,B,B,B,B,B
4aedfca49a4b68a2,M,183.0,65.0,P10,True,10.88,excluded,excluded,A,B,B,B,B,B,B,B,B
9d0f4860e4526171,F,,,P20,False,12.67,A,B,B,B,B,B,B,B,B,B,B
c78897c8939245fd,M,,,P18,False,10.51,excluded,excluded,A,A,A,A,A,A,B,B,B
8a3db22b15c5bfe7,M,65.0,173.0,P21,False,11.66,excluded,excluded,excluded,excluded,excluded,excluded,excluded,excluded,excluded,excluded,excluded
c0d428b51908d6ef,F,,,P30,False,13.17,A,B,B,B,B,B,B,B,B,B,B
4b841badb630295a,M,,,,False,11.55,excluded,excluded,B,B,B,B,B,B,B,B,B
4334be71e8254ab2,F,,,P25,False,13.59,A,B,B,B,B,B,B,B,B,B,B
ebc8a3af0b09332e,F,173.0,59.0,P26,True,12.23,excluded,excluded,A,A,A,A,B,B,B,B,B
2a6147f8258c7a36,M,,,P27,False,12.32,excluded,excluded,excluded,excluded,excluded,excluded,excluded,excluded,excluded,excluded,excluded
89843c5fb73f89cb,F,,,P12,False,13.23,excluded,A,B,B,B,B,B,B,B,B,B
6823a7787a38f00e,M,174.0,58.0,P04,True,10.81,A,A,A,A,A,A,B,B,B,B,B
e01e6f173d14e229,M,,,P09,False,10.59,excluded,excluded,excluded,excluded,A,A,A,A,B,B,B
b5be58ed82afe0d7,F,,,P17,False,13.85,B,B,B,B,B,B,B,B,B,B,B
695bace017c0013e,M,181.0,70.0,P12,True,10.75,excluded,excluded,A,A,B,B,B,B,B,B,B
eb3b7fe0dde020ac,M,,,,False,11.59,excluded,excluded,A,B,B,B,B,B,B,B,B
f24b29506592a582,M,,,P17,False,11.0,excluded,excluded,A,A,B,B,B,B,B,B,B
577791036c6da5eb,M,175.0,61.0,,True,11.83,excluded,excluded,excluded,excluded,excluded,excluded,excluded,excluded,excluded,excluded,excluded
4dd36800764ff38e,F,,,P20,False,12.43,excluded,excluded,A,B,B,B,B,B,B,B,B
4b2d17eedb386a99,M,175.0,125.0,P20,False,11.06,A,B,B,B,B,B,B,B,B,B,B
21d8cc17fa7bb2aa,M,,,P21,False,12.09,excluded,excluded,excluded,excluded,excluded,excluded,excluded,excluded,excluded,excluded,excluded
3dc3b7e66fa9b48b,F,,,,False,11.82,excluded,excluded,excluded,A,A,A,B,B,B,B,B
7f8cc9033b967ae7,M,173.0,105.0,,True,11.75,excluded,excluded,excluded,excluded,excluded,excluded,excluded,excluded,excluded,excluded,excluded
55dbbe2ddc823d4a,M,175.0,58.0,P10,True,11.64,excluded,excluded,B,B,B,B,B,B,B,B,B
73ecfd305fdfb66f,M,,,P04,False,11.2,excluded,excluded,B,B,B,B,B,B,B,B,B
0981355a159963b3,M,,,P04,False,10.93,A,A,B,B,B,B,B,B,B,B,B
2ff70a06398c55d6,F,,,P18,False,13.62,excluded,excluded,A,B,B,B,B,B,B,B,B
3917f7696d826ca9,F,,,P17,False,11.64,excluded,excluded,excluded,excluded,excluded,excluded,A,A,B,B,B
54f1a284e9cfe803,F,,,P20,False,12.01,excluded,excluded,excluded,A,A,A,B,B,B,B,B
7aca8e862f8bcb4e,M,,,P20,False,11.54,excluded,excluded,A,B,B,B,B,B,B,B,B
4623c1c198e37e7a,M,182.0,70.0,,True,13.07,excluded,excluded,excluded,excluded,excluded,excluded,excluded,excluded,excluded,excluded,excluded
f3f9bb45e39e8a62,M,,,P14,False,11.59,excluded,excluded,A,B,B,B,B,B,B,B,B
5b989b0123720d45,M,,,P20,False,11.64,excluded,excluded,A,B,B,B,B,B,B,B,B
64dc19d7588ea445,F,172.0,55.0,P04,True,13.66,A,A,B,B,B,B,B,B,B,B,B
88aee9bcbbfe0d18,M,,,P20,False,11.55,excluded,excluded,A,B,B,B,B,B,B,B,B
88769bb5e0e0be26,M,177.0,68.0,,True,12.01,excluded,excluded,excluded,excluded,excluded,excluded,excluded,excluded,excluded,excluded,excluded
4c6c3efb6f16f316,M,,,,False,11.07,excluded,A,A,B,B,B,B,B,B,B,B
f1164bc30a176433,F,,,P23,False,12.05,excluded,excluded,excluded,excluded,excluded,excluded,B,B,B,B,B
8546dc8e47a6c693,M,,,,False,11.54,excluded,excluded,A,B,B,B,B,B,B,B,B
41a37117f3625369,F,165.0,50.0,P23,True,13.26,excluded,excluded,excluded,excluded,excluded,excluded,excluded,excluded,excluded,excluded,excluded
633cb0c5790c494a,M,190.0,77.0,P30,True,11.06,excluded,excluded,excluded,excluded,excluded,A,A,A,A,A,A
ce48f7f1d73a4954,M,,,P04,False,11.17,excluded,excluded,A,B,B,B,B,B,B,B,B
0ca6ab2fc972e42c,M,181.0,58.0,P20,True,10.35,excluded,A,A,A,B,B,B,B,B,B,B
93a7734b93f74202,F,166.0,,P14,False,11.84,excluded,excluded,A,A,B,B,B,B,B,B,B
d7e9c67452891e92,M,,,P14,False,11.92,excluded,excluded,B,B,B,B,B,B,B,B,B
473bb9a1c19c3837,F,163.0,45.0,P07,True,12.42,A,A,A,A,B,B,B,B,B,B,B
48699fb658e3cdae,F,,,P04,False,14.88,excluded,excluded,excluded,excluded,excluded,excluded,excluded,excluded,excluded,excluded,excluded
4197da84068801d2,F,,,P00,False,11.95,excluded,excluded,A,A,A,A,A,A,B,B,B
aa7ae287db607587,F,,,P10,False,13.21,excluded,excluded,A,B,B,B,B,B,B,B,B
98d109c044df554f,M,,,P10,False,11.87,excluded,excluded,excluded,B,B,B,B,B,B,B,B
db653e3ab17bc9b9,M,,,P06,False,10.72,excluded,excluded,excluded,A,A,A,A,B,B,B,B
4209119478609303,F,170.0,48.0,P15,True,13.12,excluded,excluded,A,A,B,B,B,B,B,B,B
72229c20be56aa50,F,160.0,50.0,P20,True,12.49,A,A,B,B,B,B,B,B,B,B,B
66201a0590e19327,M,,,P15,False,11.96,excluded,excluded,excluded,excluded,excluded,excluded,excluded,excluded,excluded,excluded,excluded
a00fa96ca84c2d59,M,,,P17,False,11.93,excluded,B,B,B,B,B,B,B,B,B,B
e2e9c7fb0c43756f,M,,,P20,False,10.77,excluded,excluded,A,A,B,B,B,B,B,B,B
dd0b8e6abe8fa420,M,,,,False,12.21,excluded,excluded,excluded,excluded,excluded,excluded,excluded,excluded,excluded,excluded,excluded
0dd402359583c064,M,,,P02,False,11.69,A,A,B,B,B,B,B,B,B,B,B
f949b10c2079262e,F,,,P26,False,12.19,excluded,A,A,A,B,B,B,B,B,B,B
1ff86aadc7fd1a3b,M,,,,False,11.68,excluded,excluded,excluded,excluded,excluded,excluded,excluded,excluded,excluded,excluded,excluded
34a81f77a4d2ca69,M,183.0,65.0,P15,True,10.77,excluded,A,A,B,B,B,B,B,B,B,B
38f33b82ac313e81,F,164.0,50.0,P25,True,12.22,excluded,excluded,A,A,A,A,A,A,B,B,B
ae91a5c99ab93221,F,172.0,62.0,P14,True,11.93,A,A,A,A,B,B,B,B,B,B,B
3b797c203174f3aa,M,175.0,70.0,P10,True,11.77,excluded,excluded,A,B,B,B,B,B,B,B,B
5c5fa7b00ce09739,M,,,P20,False,11.56,A,A,B,B,B,B,B,B,B,B,B
2e7db98839e00e55,M,,,,False,11.04,excluded,A,B,B,B,B,B,B,B,B,B
8c3c5fcd09b58d37,M,175.0,65.0,,True,11.96,excluded,excluded,excluded,excluded,excluded,excluded,excluded,excluded,excluded,excluded,excluded
6ac212fe6bbd666f,M,,,,False,10.84,excluded,excluded,A,A,A,A,B,B,B,B,B
701420a118e0d228,M,,,,False,11.81,excluded,excluded,excluded,excluded,excluded,excluded,excluded,excluded,excluded,excluded,excluded
7486132d9b218a35,M,,,,False,12.52,excluded,excluded,excluded,excluded,excluded,excluded,excluded,excluded,excluded,excluded,excluded
6a694b9b198fd7c5,M,181.0,60.0,P21,True,11.44,excluded,excluded,excluded,excluded,excluded,excluded,excluded,excluded,excluded,excluded,excluded
101c1ef982021a46,M,,,P19,False,11.02,excluded,excluded,excluded,excluded,excluded,excluded,B,B,B,B,B
8553c18ac5424466,M,,,P28,False,11.88,A,B,B,B,B,B,B,B,B,B,B
43ff82bfa6fb2ef5,M,,,P00,False,11.32,excluded,excluded,excluded,B,B,B,B,B,B,B,B
7dc552b7ee9e371a,M,,,P23,False,11.5,excluded,excluded,excluded,A,A,B,B,B,B,B,B
3b4d914ba2f30c46,M,,,P10,False,11.43,excluded,excluded,A,B,B,B,B,B,B,B,B
5c4cd52ac74e72b3,M,178.0,70.0,P10,True,11.61,excluded,excluded,A,B,B,B,B,B,B,B,B
cb30b347d729cd9c,M,,,,False,11.65,excluded,excluded,A,B,B,B,B,B,B,B,B
b2e9f41fdf7ea6b0,M,,,P04,False,11.36,excluded,excluded,A,B,B,B,B,B,B,B,B
592f505312c3e34d,M,,,P20,False,11.05,excluded,excluded,A,A,A,B,B,B,B,B,B
f8eee5c0381e4945,M,,,,False,11.2,excluded,excluded,excluded,excluded,excluded,excluded,excluded,excluded,excluded,excluded,excluded
f6b4924ae85a8080,F,170.0,55.0,P25,True,14.27,excluded,excluded,A,B,B,B,B,B,B,B,B
785b9cadc033a0cd,M,,,P25,False,11.89,excluded,B,B,B,B,B,B,B,B,B,B
205d2c1e656fe002,M,166.0,60.0,P21,True,10.78,excluded,A,A,A,A,A,B,B,B,B,B
7a292f530f16f4ec,F,,,P15,False,12.17,excluded,excluded,excluded,excluded,excluded,A,A,B,B,B,B
4efccdf689aacb19,M,,,P18,False,11.01,A,A,A,B,B,B,B,B,B,B,B
5dec65498b2d4c77,F,163.0,48.0,P09,True,11.79,excluded,excluded,excluded,excluded,A,A,A,A,B,B,B
a1a681795f71c128,M,,,,False,11.77,excluded,excluded,A,B,B,B,B,B,B,B,B
41f779b526f6e464,F,165.0,53.0,P25,True,12.59,A,A,A,B,B,B,B,B,B,B,B
d97467ed90f1acc9,M,,,P20,False,10.92,excluded,excluded,A,B,B,B,B,B,B,B,B
2906bd0ecf98f2f1,F,,,P17,False,12.4,excluded,excluded,A,B,B,B,B,B,B,B,B
115f5fb8ff65ca85,M,,,P17,False,11.32,excluded,excluded,excluded,B,B,B,B,B,B,B,B
14cae2ed4d7a14e2,M,,,P14,False,10.94,excluded,excluded,A,B,B,B,B,B,B,B,B
afa257de342e9dd0,M,,,P17,False,11.9,excluded,excluded,A,B,B,B,B,B,B,B,B
a3db06c823c2e555,M,,,,False,12.32,excluded,excluded,excluded,excluded,excluded,excluded,excluded,excluded,excluded,excluded,excluded
286cf2c5bc4035e2,F,166.0,57.0,P10,True,12.55,excluded,excluded,A,B,B,B,B,B,B,B,B
7f3f13cb2be3a9f4,M,,,,False,11.08,excluded,excluded,B,B,B,B,B,B,B,B,B
55fb45300dac7f8c,F,,,P20,False,12.45,A,B,B,B,B,B,B,B,B,B,B
303d410245071088,M,177.0,65.0,P10,True,11.62,excluded,B,B,B,B,B,B,B,B,B,B
d8936e7ac21ef9c6,M,,,P17,False,10.85,excluded,excluded,A,A,B,B,B,B,B,B,B
add49093e207ce50,M,,,P14,False,11.38,A,B,B,B,B,B,B,B,B,B,B
6a120b183ecb7258,M,181.0,62.0,P14,True,11.38,A,B,B,B,B,B,B,B,B,B,B
32ee28bfd216726d,F,,,,False,13.15,excluded,excluded,A,B,B,B,B,B,B,B,B
de2ebc9d71feda3e,M,181.0,62.0,P20,True,11.3,excluded,B,B,B,B,B,B,B,B,B,B
30596312b3249b1c,F,,,P10,False,12.89,excluded,A,A,A,B,B,B,B,B,B,B
ca1ae28f994257de,F,,,P25,False,13.51,excluded,excluded,A,A,B,B,B,B,B,B,B
897002c68c3d2291,M,,,P12,False,12.12,excluded,excluded,A,B,B,B,B,B,B,B,B
50122f0c5a63944c,M,,,P17,False,11.74,excluded,excluded,excluded,excluded,A,A,B,B,B,B,B
3a2b104b0a9826d7,M,,,P20,False,11.76,excluded,excluded,excluded,excluded,excluded,excluded,excluded,excluded,excluded,excluded,excluded
e7ecce029b54f803,F,158.0,47.0,P04,True,13.29,excluded,excluded,excluded,A,A,B,B,B,B,B,B
aed7c7a55c76eceb,M,177.0,65.0,,True,11.52,excluded,excluded,B,B,B,B,B,B,B,B,B
80f5048c9337620a,M,,,,False,11.53,excluded,excluded,A,B,B,B,B,B,B,B,B
f0530eaf42608e9f,M,,,P23,False,11.65,A,B,B,B,B,B,B,B,B,B,B
2a561256eddf98fa,M,,,,False,11.6,excluded,excluded,A,B,B,B,B,B,B,B,B
9f21342800c5dcc5,M,175.0,53.0,P20,True,11.5,excluded,excluded,A,B,B,B,B,B,B,B,B
332a8974bfc66bbf,F,,,,False,12.16,excluded,excluded,excluded,excluded,A,B,B,B,B,B,B
460c2c377d9a83e1,M,,,P04,False,13.18,excluded,excluded,excluded,excluded,excluded,excluded,excluded,excluded,excluded,excluded,excluded
9ef96d55ead2dedd,F,165.0,60.0,P23,True,12.79,excluded,A,A,B,B,B,B,B,B,B,B
564824b3c80b5140,M,,,P04,False,12.05,excluded,excluded,excluded,excluded,excluded,excluded,excluded,excluded,excluded,excluded,excluded
3bea927667826b89,F,165.0,50.0,P04,True,12.53,excluded,excluded,excluded,excluded,A,B,B,B,B,B,B
824bde8938051f8e,F,166.0,53.0,P30,True,12.06,A,A,A,A,A,B,B,B,B,B,B
5369383395c10aee,F,165.0,55.0,P14,True,12.25,excluded,A,A,A,A,A,A,A,A,B,B
2e9c2f2810174399,F,,,P21,False,12.52,excluded,excluded,excluded,excluded,excluded,excluded,A,B,B,B,B
db10a5c58b6d4ea5,F,,,,False,13.01,excluded,excluded,A,B,B,B,B,B,B,B,B
82b1583122d8d20f,M,,,P10,False,11.0,excluded,A,A,B,B,B,B,B,B,B,B
b2118a4add3f9484,M,,,,False,12.92,B,B,B,B,B,B,B,B,B,B,B
49949fdd876d2e37,F,,,P12,False,12.17,A,A,B,B,B,B,B,B,B,B,B
ae1fe6ca3541e9dd,F,,,P13,False,13.1,A,B,B,B,B,B,B,B,B,B,B
179aeca2e3b7e078,M,,,P25,False,11.41,A,A,B,B,B,B,B,B,B,B,B
7b42183418eef26a,M,,,P20,False,11.18,excluded,excluded,excluded,excluded,A,B,B,B,B,B,B
bf8e902b8fa5a07a,F,170.0,60.0,P10,True,12.71,A,B,B,B,B,B,B,B,B,B,B
ebc95582f8b25435,F,,,P14,False,12.57,excluded,A,A,B,B,B,B,B,B,B,B
7d84c7eca04fd1c4,M,,,,False,11.86,excluded,excluded,B,B,B,B,B,B,B,B,B
2d05af3b9c75918e,M,,,P20,False,11.68,excluded,excluded,A,B,B,B,B,B,B,B,B
69ee115ff72ecad1,F,,,P14,False,12.36,excluded,excluded,A,B,B,B,B,B,B,B,B
ed0686bd42d8713e,M,,,P10,False,11.47,excluded,excluded,A,B,B,B,B,B,B,B,B
432cedd30bdeb29e,M,,,P12,False,11.5,excluded,A,A,B,B,B,B,B,B,B,B
567e3d34b7bdaa5c,F,,,P12,False,12.54,excluded,A,A,B,B,B,B,B,B,B,B
d0cd6a51852c1db6,M,178.0,69.0,P10,True,11.98,excluded,excluded,A,B,B,B,B,B,B,B,B
46c18570dc0cf6fb,M,,,P09,False,11.57,B,B,B,B,B,B,B,B,B,B,B
267a56357124aaef,M,172.0,65.0,,True,11.1,excluded,excluded,excluded,excluded,excluded,excluded,A,B,B,B,B
439fd946499b9e74,M,,,,False,12.06,A,B,B,B,B,B,B,B,B,B,B
4f1418597361cd87,M,175.0,65.0,,True,11.52,B,B,B,B,B,B,B,B,B,B,B
6868684a8bf62f95,F,,,P28,False,13.56,excluded,excluded,B,B,B,B,B,B,B,B,B
6bcbe0ea9bb4957f,F,,,P17,False,12.76,excluded,excluded,A,B,B,B,B,B,B,B,B
1b2a71d0bb63faff,M,,,,False,12.05,excluded,excluded,excluded,excluded,excluded,excluded,excluded,excluded,excluded,excluded,excluded
aa0a286b51ddd6c5,F,,,P12,False,13.07,excluded,A,A,B,B,B,B,B,B,B,B
2fc046a06fd5309f,F,,,,False,12.88,excluded,excluded,A,B,B,B,B,B,B,B,B
febb0b8c5d057d7c,M,,,P10,False,11.66,excluded,B,B,B,B,B,B,B,B,B,B
9799e9a041de78c4,M,,,,False,11.63,excluded,excluded,excluded,excluded,excluded,excluded,excluded,excluded,excluded,excluded,excluded
1259382b556026d6,M,,,P24,False,11.11,A,B,B,B,B,B,B,B,B,B,B
ccda27bd2b59377c,M,,,P23,False,11.59,excluded,excluded,B,B,B,B,B,B,B,B,B
de279435d412de10,F,,,P20,False,12.53,excluded,excluded,A,A,B,B,B,B,B,B,B
a4205932dd59c24f,F,,,P23,False,12.87,A,B,B,B,B,B,B,B,B,B,B
03ee08c34d41fb3e,F,168.0,52.0,P04,True,12.53,excluded,excluded,excluded,A,A,B,B,B,B,B,B
24957d4edf1c8112,F,170.0,55.0,P04,True,13.11,A,A,A,A,B,B,B,B,B,B,B
56e5282c0511ddb5,F,,,P26,False,12.53,excluded,excluded,excluded,excluded,A,A,A,A,B,B,B
4628b358dee192e0,F,,,P17,False,12.55,excluded,excluded,A,B,B,B,B,B,B,B,B
bf56e6ad85b530f3,M,,,P17,False,11.44,excluded,excluded,excluded,excluded,B,B,B,B,B,B,B
047b82e0990de60e,F,,,P24,False,13.03,A,B,B,B,B,B,B,B,B,B,B
d3ab7e1ac2e4ee8d,M,,,,False,11.11,A,A,B,B,B,B,B,B,B,B,B
39a46647a688482b,M,,,P27,False,11.28,A,B,B,B,B,B,B,B,B,B,B
3f3cd6df69314bb5,M,175.0,72.0,P10,True,12.01,excluded,excluded,excluded,excluded,excluded,excluded,excluded,excluded,excluded,excluded,excluded
c1d3396cfc5804b2,F,,,P30,False,13.19,A,A,B,B,B,B,B,B,B,B,B
5337985ff713b258,F,,,P07,False,13.42,A,B,B,B,B,B,B,B,B,B,B
a7c5c0e208958fd7,M,,,,False,11.72,excluded,excluded,A,B,B,B,B,B,B,B,B
11b1be43f4dac0c1,M,,,P21,False,10.56,excluded,excluded,excluded,excluded,excluded,A,A,A,A,B,B
63ea17713dc4d309,M,178.0,61.0,P09,True,11.28,excluded,excluded,excluded,excluded,B,B,B,B,B,B,B
3d1ebc1b9e88ad39,M,,,P13,False,10.4,excluded,A,A,B,B,B,B,B,B,B,B
81341f466282060d,M,,,P12,False,11.56,excluded,A,A,B,B,B,B,B,B,B,B
e6ad74eb257b5d21,M,,,,False,10.92,excluded,A,A,A,B,B,B,B,B,B,B
a8ce144c8c9fec77,M,173.0,63.0,P10,True,10.83,excluded,excluded,A,B,B,B,B,B,B,B,B
f197b68c481d1fb8,F,,,P23,False,11.78,excluded,A,A,A,B,B,B,B,B,B,B
bdb19c803850b7f9,M,,,,False,12.37,excluded,excluded,excluded,excluded,excluded,excluded,excluded,excluded,excluded,excluded,excluded
2c223f134bb48e3e,M,,,P10,False,11.18,excluded,excluded,A,A,B,B,B,B,B,B,B
7a65ee38e7f128ca,M,,,P27,False,10.96,A,A,B,B,B,B,B,B,B,B,B
4c42963de2e0589e,F,,,P20,False,12.37,excluded,A,A,B,B,B,B,B,B,B,B
dd2eb781ab24c37c,M,,,,False,12.35,excluded,excluded,B,B,B,B,B,B,B,B,B
c80052d2ef79117d,F,183.0,69.0,P21,True,12.57,excluded,excluded,A,B,B,B,B,B,B,B,B
da03888380e5bbee,F,,,P26,False,11.87,excluded,excluded,excluded,excluded,excluded,A,A,A,B,B,B
7754f630746ee39a,M,176.0,70.0,P12,True,10.75,excluded,A,A,A,A,A,B,B,B,B,B
23a8b62adebc143b,M,,,P10,False,11.16,excluded,A,A,A,B,B,B,B,B,B,B
ec6424ad6c91bf80,F,,,P21,False,12.13,excluded,excluded,A,A,A,A,A,A,A,B,B
83234316004bb828,F,162.0,55.0,P12,True,12.87,excluded,excluded,A,B,B,B,B,B,B,B,B
23324d4eb7227e34,M,,,,False,12.79,excluded,excluded,excluded,excluded,excluded,excluded,excluded,excluded,excluded,excluded,excluded
00365d1e072af8e6,M,178.0,66.0,P17,True,11.16,excluded,excluded,A,B,B,B,B,B,B,B,B
7023fa5470fdc39e,M,,,P00,False,10.74,excluded,excluded,excluded,A,A,A,B,B,B,B,B
51032d2cc2e61c0b,M,,,P12,False,11.13,A,B,B,B,B,B,B,B,B,B,B
b17209cc48e81b2f,M,,,,False,10.77,excluded,excluded,excluded,A,A,A,B,B,B,B,B
70bcec807b38aa25,F,,,,False,12.36,excluded,A,A,B,B,B,B,B,B,B,B
d7e97e4e99b53167,M,,,P10,False,11.76,excluded,excluded,A,B,B,B,B,B,B,B,B
f161984c09e08b13,F,,,P26,False,12.81,A,B,B,B,B,B,B,B,B,B,B
0688c240f5de84a0,F,,,P19,False,12.85,A,B,B,B,B,B,B,B,B,B,B
526ada055291b02f,M,181.0,62.0,P17,True,11.11,excluded,excluded,excluded,A,A,A,B,B,B,B,B
3d0ce5d640a191b3,M,,,P17,False,10.74,excluded,excluded,excluded,excluded,excluded,excluded,excluded,B,B,B,B
cc90c7fa5691ebce,F,,,P17,False,13.31,excluded,excluded,A,B,B,B,B,B,B,B,B
4df8b3a2a6fee511,M,,,P17,False,11.78,excluded,excluded,A,B,B,B,B,B,B,B,B
cab89d65419da8de,M,,,P14,False,11.7,excluded,excluded,A,B,B,B,B,B,B,B,B
944c4ddf80d63d0d,F,,,P17,False,12.85,excluded,excluded,A,B,B,B,B,B,B,B,B
897e300639e4502f,M,,,P10,False,13.15,excluded,excluded,excluded,excluded,excluded,excluded,excluded,excluded,excluded,excluded,excluded
b0126b6d020fc5a0,M,170.0,65.0,,True,11.83,excluded,excluded,B,B,B,B,B,B,B,B,B
9e5197ee7553b956,F,,,P03,False,12.41,A,B,B,B,B,B,B,B,B,B,B
dc68fa50bb183d7b,F,168.0,60.0,P23,True,12.42,excluded,A,A,A,A,A,B,B,B,B,B
d77c814b9cf41de6,F,163.0,48.0,P20,True,11.96,excluded,A,A,B,B,B,B,B,B,B,B
0f56f8e2cdb9a4c6,M,,,P09,False,12.01,excluded,excluded,B,B,B,B,B,B,B,B,B
86a404a84dc6ac53,F,,,P26,False,12.02,excluded,excluded,excluded,A,A,B,B,B,B,B,B
bad2b1bf4258af23,M,,,P13,False,10.44,excluded,excluded,excluded,excluded,A,B,B,B,B,B,B
658662d3c25f4bd1,M,,,P20,False,11.51,excluded,excluded,excluded,excluded,A,B,B,B,B,B,B
4e0b1a3b4f55ef83,M,,,P17,False,11.0,excluded,A,A,B,B,B,B,B,B,B,B
93ba014082bc9bcd,M,,,P17,False,11.62,excluded,excluded,A,B,B,B,B,B,B,B,B
301c1418b3d9e7f6,M,176.0,66.0,P10,True,12.06,excluded,excluded,B,B,B,B,B,B,B,B,B
6b784558049f7100,F,,,P25,False,13.57,A,A,B,B,B,B,B,B,B,B,B
12f09abdc8a4ab68,F,,,P30,False,12.02,A,A,B,B,B,B,B,B,B,B,B
3314c5f55975939a,M,,,P17,False,11.56,excluded,excluded,A,B,B,B,B,B,B,B,B
75753eb2a7ea6a8d,F,,,P30,False,11.91,excluded,excluded,excluded,excluded,excluded,excluded,A,A,A,B,B
fb746d34e7997774,M,,,P14,False,10.78,excluded,excluded,A,B,B,B,B,B,B,B,B
df76d4e8eeba77b4,M,,,P19,False,11.37,A,A,B,B,B,B,B,B,B,B,B
6c16d4d1f81d372d,M,,,P14,False,11.36,excluded,excluded,excluded,excluded,A,B,B,B,B,B,B
db597fdf715db0be,M,,,P10,False,12.08,excluded,excluded,excluded,excluded,excluded,excluded,excluded,excluded,excluded,excluded,excluded
38c4a9eb810b39e6,M,,,P25,False,11.51,excluded,excluded,A,B,B,B,B,B,B,B,B
8badf5fb80bd7b75,M,,,,False,11.79,excluded,excluded,excluded,excluded,excluded,excluded,excluded,excluded,excluded,excluded,excluded
4aa4198f3100abf7,M,,,P20,False,11.39,A,A,B,B,B,B,B,B,B,B,B
8033fc781da06229,F,163.0,50.0,P12,True,12.12,excluded,excluded,excluded,A,A,A,B,B,B,B,B
b8221ef447661657,M,,,P17,False,11.6,excluded,excluded,excluded,B,B,B,B,B,B,B,B
8aa917b9be114f3c,M,,,P20,False,11.97,excluded,excluded,B,B,B,B,B,B,B,B,B
8ae245d526cf4634,M,,,,False,12.35,excluded,excluded,excluded,excluded,excluded,excluded,excluded,excluded,excluded,excluded,excluded
e2aa2fbb850b61bc,M,,,P10,False,11.08,A,A,A,B,B,B,B,B,B,B,B
f3b6537b1eb63846,M,,,,False,11.22,excluded,excluded,A,B,B,B,B,B,B,B,B
d6e3b79a29e48466,F,,,P17,False,12.41,excluded,A,A,B,B,B,B,B,B,B,B
736683a8122876b1,F,,,P17,False,12.15,excluded,excluded,A,B,B,B,B,B,B,B,B
69e80227dd28837f,M,,,P20,False,10.98,A,B,B,B,B,B,B,B,B,B,B
0b120829247d63be,F,,,P17,False,11.95,excluded,excluded,excluded,excluded,A,A,A,A,A,B,B
0dfff091f1d2e129,M,172.0,75.0,P09,True,10.97,excluded,A,A,B,B,B,B,B,B,B,B
378c5aa45708afb0,F,167.0,56.0,P08,True,14.04,A,B,B,B,B,B,B,B,B,B,B
fbc5c75d23d4c277,M,,,P10,False,11.94,excluded,excluded,A,B,B,B,B,B,B,B,B
c2829162b574430a,M,175.0,55.0,P10,True,11.4,excluded,excluded,A,B,B,B,B,B,B,B,B
96276b37aee84004,M,,,P20,False,10.89,A,B,B,B,B,B,B,B,B,B,B
134bbb663b484986,F,,,P03,False,11.9,excluded,A,A,A,A,A,A,B,B,B,B
c5eaa14727a03c41,M,,,P17,False,11.71,excluded,excluded,excluded,excluded,excluded,excluded,excluded,excluded,excluded,excluded,excluded
83594ec3de288b1b,M,178.0,120.0,P20,True,11.57,excluded,excluded,B,B,B,B,B,B,B,B,B
a5c0cda0a5b1ec83,M,,,P14,False,11.76,excluded,A,A,B,B,B,B,B,B,B,B
0984dc08b35a247a,M,,,,False,11.37,excluded,B,B,B,B,B,B,B,B,B,B
7e82e5d815379098,M,,,P09,False,11.58,excluded,excluded,A,B,B,B,B,B,B,B,B
d04768ec51b9196c,M,,,P20,False,10.06,excluded,excluded,excluded,excluded,excluded,excluded,A,A,A,A,B
18655558763af50a,M,,,P04,False,11.33,excluded,A,A,A,B,B,B,B,B,B,B
3eb0afb37ce53c5d,M,176.0,70.0,P12,True,11.39,excluded,excluded,excluded,excluded,excluded,excluded,A,A,A,B,B
f14e7502a1fd2409,M,,,P14,False,12.01,excluded,excluded,excluded,excluded,excluded,excluded,excluded,excluded,excluded,excluded,excluded
a95bd04bc493a025,M,175.0,65.0,P20,True,11.26,excluded,excluded,A,B,B,B,B,B,B,B,B
cd8efe7396ec7fce,F,,,P04,False,12.13,A,B,B,B,B,B,B,B,B,B,B
58b4aecd761307f8,M,,,P04,False,11.47,excluded,excluded,A,B,B,B,B,B,B,B,B
897e220e69f60068,M,190.0,76.0,P23,True,11.72,A,B,B,B,B,B,B,B,B,B,B
571479464c47cbd5,F,,,P24,False,13.43,excluded,A,A,B,B,B,B,B,B,B,B
785eca42399e26b4,M,,,P14,False,11.49,excluded,excluded,A,B,B,B,B,B,B,B,B
a449073a04e51f63,M,,,,False,11.55,excluded,excluded,A,B,B,B,B,B,B,B,B
6fd0b8d8c8fb83b5,F,,,,False,14.92,B,B,B,B,B,B,B,B,B,B,B
9472687160f15d1a,M,,,P10,False,12.12,excluded,excluded,A,B,B,B,B,B,B,B,B
18ca6209b1429390,M,,,P15,False,11.11,excluded,excluded,excluded,B,B,B,B,B,B,B,B
49c7a6469db9ce50,F,,,P17,False,11.1,A,B,B,B,B,B,B,B,B,B,B
20f4694e766d25df,F,,,,False,12.83,excluded,excluded,A,B,B,B,B,B,B,B,B
b96f91c2cac59670,M,173.0,65.0,P14,True,10.97,excluded,excluded,excluded,excluded,excluded,A,A,A,A,B,B
c7b9654985091c6f,F,,,P30,False,12.89,A,B,B,B,B,B,B,B,B,B,B
95f85f73575f8c76,M,,,,False,11.42,excluded,excluded,B,B,B,B,B,B,B,B,B
b37c17d1d25645d8,M,,,P17,False,11.51,excluded,excluded,A,B,B,B,B,B,B,B,B
fc34521be5ee90ae,F,,,P20,False,12.91,excluded,A,A,B,B,B,B,B,B,B,B
4f9a96e2f2ed0a71,M,,,P14,False,11.47,excluded,B,B,B,B,B,B,B,B,B,B
5e7a46797e3759bb,M,172.0,60.0,,True,12.45,excluded,excluded,excluded,excluded,excluded,excluded,excluded,excluded,excluded,excluded,excluded
edc2486c2f2496bf,F,,,P26,False,12.24,excluded,excluded,excluded,excluded,A,B,B,B,B,B,B
39f28661ab69ee77,F,168.0,49.0,P23,True,13.06,excluded,A,A,B,B,B,B,B,B,B,B
29a8313d7c176696,F,168.0,52.0,P15,True,12.52,excluded,A,A,A,B,B,B,B,B,B,B
8d95e6641c191be3,M,,,P25,False,12.02,A,A,B,B,B,B,B,B,B,B,B
159ed3f81b0f9405,M,,,P13,False,10.76,excluded,excluded,A,A,B,B,B,B,B,B,B
6c236591b1860d4d,M,,,P20,False,11.89,excluded,excluded,A,B,B,B,B,B,B,B,B
4b1b57f3a767d4e7,M,175.0,66.0,P23,True,10.89,excluded,excluded,excluded,excluded,A,B,B,B,B,B,B
a5711e43ae7c52a9,F,,,P09,False,11.97,excluded,A,A,A,A,A,A,B,B,B,B
2bf3e0863b982d72,F,170.0,51.0,P21,True,13.24,excluded,A,A,B,B,B,B,B,B,B,B
a7861072254b2f98,M,,,P10,False,11.74,A,B,B,B,B,B,B,B,B,B,B
4f79c7806e88ba61,F,168.0,49.0,P08,True,12.8,excluded,excluded,A,A,A,B,B,B,B,B,B
0831754dfe2fd8e1,M,,,P20,False,11.45,A,B,B,B,B,B,B,B,B,B,B
791fd95af6aad1e3,M,,,P15,False,11.62,excluded,excluded,A,B,B,B,B,B,B,B,B
c6f2e67b4d720a78,M,,,,False,11.48,excluded,excluded,A,B,B,B,B,B,B,B,B
e951231e3ab78cea,F,,,,False,12.9,excluded,excluded,A,B,B,B,B,B,B,B,B
bbab72e7553a97a2,F,165.0,50.0,,True,12.22,A,B,B,B,B,B,B,B,B,B,B
bfd97564d9cbdf47,F,165.0,55.0,P09,True,11.89,excluded,excluded,excluded,excluded,A,A,B,B,B,B,B
9d8b537bc2a0ebb1,M,,,P25,False,10.58,excluded,excluded,A,A,B,B,B,B,B,B,B
8f86a7c9d677c271,M,,,P17,False,11.77,excluded,excluded,B,B,B,B,B,B,B,B,B
c876bf3532d7fab2,F,,,,False,12.77,A,A,A,B,B,B,B,B,B,B,B
c969c223a4e5a689,M,,,P19,False,12.26,excluded,excluded,excluded,excluded,excluded,excluded,excluded,excluded,excluded,excluded,excluded
3ae7c129d3a33c1b,F,,,P24,False,12.67,A,A,B,B,B,B,B,B,B,B,B
ae08f442422cfb32,M,,,P10,False,11.09,excluded,A,A,B,B,B,B,B,B,B,B
e6acb841ee9a40ac,M,,,P12,False,11.13,excluded,excluded,excluded,excluded,excluded,A,A,B,B,B,B
af1ae5783c754976,F,165.0,57.0,P16,True,12.46,excluded,A,A,A,A,B,B,B,B,B,B
7a1ca99b88cdde55,F,,,P18,False,13.13,A,B,B,B,B,B,B,B,B,B,B
87f21df1a84bf435,F,164.0,46.0,P14,True,12.57,excluded,excluded,A,B,B,B,B,B,B,B,B
9d13cee45e7881b5,F,,,P20,False,11.55,A,B,B,B,B,B,B,B,B,B,B
bf6713c419254eb2,M,181.0,70.0,P16,True,10.72,excluded,excluded,excluded,excluded,A,A,A,A,A,A,A
949bd871cab882a9,M,180.0,61.0,P20,True,10.86,A,A,B,B,B,B,B,B,B,B,B
e31607f6cc76c99e,M,,,P20,False,11.62,excluded,A,A,B,B,B,B,B,B,B,B
d83687aac1a002dd,M,175.0,65.0,P30,True,10.86,excluded,A,A,A,B,B,B,B,B,B,B
fcb96f8bfd9dde7e,F,,,P14,False,13.54,excluded,excluded,excluded,excluded,excluded,excluded,excluded,excluded,excluded,excluded,excluded
d7cc8eda8fec783f,F,165.0,50.0,P20,True,12.31,A,B,B,B,B,B,B,B,B,B,B
c2a0168fe306441e,F,,,P17,False,12.23,A,B,B,B,B,B,B,B,B,B,B
8b24bcee98c8a968,M,,,P23,False,13.44,excluded,excluded,excluded,excluded,excluded,excluded,excluded,excluded,excluded,excluded,excluded
92aaba9eb45354e9,F,158.0,48.0,P09,True,12.59,excluded,excluded,A,B,B,B,B,B,B,B,B
25df92626683d3c8,F,,,P20,False,12.42,excluded,excluded,excluded,A,A,A,B,B,B,B,B
c4119d10733f6001,F,,,,False,12.94,excluded,A,B,B,B,B,B,B,B,B,B
ad679b2c541fad6c,F,,,P08,False,13.33,excluded,excluded,A,B,B,B,B,B,B,B,B
fe6238f2664d5d1f,F,167.0,54.0,P09,True,12.5,excluded,excluded,A,A,B,B,B,B,B,B,B
ae77a55e1c99d4b7,F,,,P12,False,12.33,excluded,A,A,B,B,B,B,B,B,B,B
f071966ea3fa4258,F,162.0,45.0,P23,True,12.86,A,A,A,B,B,B,B,B,B,B,B
82a34ae42c543e57,F,,,P20,False,13.55,excluded,A,A,B,B,B,B,B,B,B,B
c5e1c7529f6fa795,M,,,P30,False,10.63,A,B,B,B,B,B,B,B,B,B,B
d4f7adae6ad0aacb,M,,,P06,False,10.89,excluded,A,A,A,B,B,B,B,B,B,B
8f4099161f0e6b31,F,,,P17,False,12.6,excluded,A,A,B,B,B,B,B,B,B,B
c1c0b2df15b54a02,M,,,P04,False,11.7,A,A,B,B,B,B,B,B,B,B,B
902a9107fca7e553,F,170.0,50.0,P25,True,13.24,A,A,B,B,B,B,B,B,B,B,B
7176bd5e2c098ca7,F,,,P25,False,14.03,A,B,B,B,B,B,B,B,B,B,B
56a918b44d2cd076,F,,,P25,False,14.42,A,A,B,B,B,B,B,B,B,B,B
67e2ac03073ff3b3,M,175.0,60.0,P10,True,12.44,excluded,excluded,excluded,excluded,excluded,excluded,excluded,excluded,excluded,excluded,excluded
4e4b2069895e5002,M,,,P20,False,11.02,A,A,B,B,B,B,B,B,B,B,B
5a4e2cad32eba824,F,,,P24,False,12.66,excluded,A,A,B,B,B,B,B,B,B,B
5da6b686777827d6,F,,,P27,False,12.43,A,A,B,B,B,B,B,B,B,B,B
1d68da624f9160bc,F,165.0,54.0,P23,True,12.95,A,B,B,B,B,B,B,B,B,B,B
69893ca5074f2b15,M,,,P12,False,11.69,excluded,excluded,A,B,B,B,B,B,B,B,B
a162798057d0692f,M,,,P09,False,11.53,excluded,excluded,A,B,B,B,B,B,B,B,B
908a6515949f5501,F,,,P14,False,12.56,A,A,A,A,B,B,B,B,B,B,B
92a843c37c6c512c,F,,,P04,False,12.57,excluded,excluded,A,B,B,B,B,B,B,B,B
06c7d7bd6aaa66c3,M,,,P23,False,11.13,excluded,excluded,A,B,B,B,B,B,B,B,B
e62145c2cb2f8e17,F,,,P09,False,13.49,B,B,B,B,B,B,B,B,B,B,B
db842ae06b369387,F,180.0,60.0,P18,True,12.3,excluded,A,A,B,B,B,B,B,B,B,B
542655136cd4f5ca,F,,,P17,False,12.41,excluded,A,A,B,B,B,B,B,B,B,B
b0ea169a7562e42e,F,,,P14,False,11.82,A,B,B,B,B,B,B,B,B,B,B
3d00667928af2120,M,176.0,60.0,P28,True,11.1,excluded,A,A,A,B,B,B,B,B,B,B
83517b6b470b9635,M,,,,False,11.21,excluded,excluded,excluded,excluded,excluded,excluded,excluded,excluded,excluded,excluded,excluded
6bfa7f8dcadcd619,M,,,P20,False,12.11,excluded,excluded,A,B,B,B,B,B,B,B,B
e361e237e5844e13,F,164.0,45.0,P20,True,12.29,A,A,A,A,B,B,B,B,B,B,B
e67aa98d72c29dc1,M,,,P10,False,12.01,excluded,excluded,B,B,B,B,B,B,B,B,B
0bfd532f849effbb,M,,,,False,12.02,excluded,excluded,excluded,excluded,excluded,excluded,excluded,excluded,excluded,excluded,excluded
6aa8b7a4b9fe63c9,F,,,,False,13.07,excluded,excluded,excluded,excluded,excluded,excluded,A,B,B,B,B
19224ee82ead36f5,M,,,P04,False,11.81,A,B,B,B,B,B,B,B,B,B,B
a870ef6281fa7fe4,M,,,P02,False,11.67,excluded,excluded,B,B,B,B,B,B,B,B,B
c809d544f0b225b4,F,,,P27,False,11.91,excluded,A,A,A,A,B,B,B,B,B,B
00bffa0c79f9c0da,F,,,P02,False,12.47,A,A,B,B,B,B,B,B,B,B,B
b8cb842a20456db2,M,,,P20,False,10.59,excluded,A,A,B,B,B,B,B,B,B,B
db6b01605d48ca31,M,,,P23,False,11.11,excluded,excluded,A,A,B,B,B,B,B,B,B
eca2b9ea9468076f,F,173.0,53.0,P18,True,11.79,excluded,A,A,B,B,B,B,B,B,B,B
d6d08477ef578d75,M,,,,False,11.37,excluded,excluded,A,B,B,B,B,B,B,B,B
c6aee82bc4addce7,M,,,P10,False,12.59,excluded,excluded,excluded,excluded,excluded,excluded,excluded,excluded,excluded,excluded,excluded
6798026a5726d505,M,,,P23,False,11.3,A,A,A,B,B,B,B,B,B,B,B
980bb53a4d8f4a86,F,,,P23,False,12.0,excluded,excluded,A,A,A,A,A,A,B,B,B
e35a5d0739af63d4,M,,,P11,False,11.92,excluded,excluded,excluded,B,B,B,B,B,B,B,B
4e7996412245356e,M,,,P18,False,10.69,excluded,excluded,A,B,B,B,B,B,B,B,B
fe25e4cd66d7a47f,M,,,P20,False,12.11,A,B,B,B,B,B,B,B,B,B,B
f2439aef71936661,M,,,,False,11.76,excluded,excluded,excluded,B,B,B,B,B,B,B,B
3f342412d27c16e0,M,180.0,69.0,P06,True,10.94,excluded,A,A,B,B,B,B,B,B,B,B
11f9b1728126a8f9,M,,,,False,11.14,A,B,B,B,B,B,B,B,B,B,B
b15099f2a832a814,F,,,P04,False,14.42,A,B,B,B,B,B,B,B,B,B,B
6627a236555ebb91,M,172.0,68.0,P20,True,12.14,excluded,excluded,excluded,excluded,excluded,excluded,excluded,excluded,excluded,excluded,excluded
367f109ab140f599,F,162.0,54.0,P20,True,12.92,A,A,A,B,B,B,B,B,B,B,B
579834e1273cf94f,M,,,P09,False,10.84,excluded,A,A,B,B,B,B,B,B,B,B
aa36c08489f01359,M,,,P25,False,11.55,A,A,B,B,B,B,B,B,B,B,B
226fd999cf4df819,M,175.0,60.0,,True,11.46,excluded,excluded,B,B,B,B,B,B,B,B,B
a51489eef9f5e716,M,177.0,54.0,P10,True,10.81,excluded,excluded,A,A,B,B,B,B,B,B,B
407ba0e7345c08f0,M,,,P20,False,11.15,excluded,excluded,A,B,B,B,B,B,B,B,B
18cc1ffaa664540b,M,,,P15,False,10.93,excluded,A,A,A,A,B,B,B,B,B,B
a86566e271ae4f94,F,,,P25,False,14.45,A,B,B,B,B,B,B,B,B,B,B
2aaeef2d76963856,M,,,P17,False,11.4,excluded,excluded,A,A,B,B,B,B,B,B,B
c97e2d7ddf89f54f,F,166.0,50.0,P10,True,12.84,A,A,B,B,B,B,B,B,B,B,B
8f1e2be5869118d5,M,,,P02,False,11.05,excluded,A,A,B,B,B,B,B,B,B,B
67b851180d0a221a,F,175.0,51.0,P10,True,12.51,excluded,A,A,B,B,B,B,B,B,B,B
57e15512c30746ae,M,180.0,70.0,P10,True,12.12,excluded,excluded,excluded,excluded,excluded,excluded,excluded,excluded,excluded,excluded,excluded
c48355e0ae97d7df,F,,,P26,False,12.14,A,A,A,A,A,A,A,A,B,B,B
73804074ce544c30,M,,,P17,False,11.88,excluded,excluded,excluded,excluded,excluded,excluded,excluded,excluded,excluded,excluded,excluded
1fc5a1c3c32ceeb3,M,,,P17,False,11.07,excluded,A,A,A,B,B,B,B,B,B,B
cfc1fd532d3daa2b,F,155.0,55.0,P18,True,12.18,excluded,excluded,A,A,A,B,B,B,B,B,B
37b3a6afc7963b79,F,,,P18,False,12.77,A,B,B,B,B,B,B,B,B,B,B
1439c835b5b59843,F,165.0,51.0,P09,True,12.13,excluded,excluded,excluded,excluded,excluded,A,A,A,B,B,B
6665fd12ea3759be,M,,,P18,False,10.78,excluded,excluded,A,A,B,B,B,B,B,B,B
f2c2537cf26e67ac,M,,,P04,False,11.64,A,B,B,B,B,B,B,B,B,B,B
1d1901d5e14c875a,F,,,P30,False,11.88,excluded,excluded,excluded,A,A,A,A,A,B,B,B
017b66f6e0e920ae,M,,,P10,False,10.93,excluded,excluded,A,B,B,B,B,B,B,B,B
5011fd1326886067,F,,,P18,False,12.06,excluded,A,A,A,A,A,A,B,B,B,B
bbc3835653bb21a5,F,,,P17,False,12.67,A,A,B,B,B,B,B,B,B,B,B
841dc4a64585c0de,F,166.0,50.0,P18,True,12.52,excluded,excluded,A,B,B,B,B,B,B,B,B
e9a74d711606411f,M,,,P14,False,11.3,excluded,excluded,A,B,B,B,B,B,B,B,B
08a0a4ab26fd4f90,M,175.0,65.0,,True,12.27,excluded,excluded,excluded,excluded,excluded,excluded,excluded,excluded,excluded,excluded,excluded
726275c22e688dba,F,,,P20,False,12.55,A,B,B,B,B,B,B,B,B,B,B
44a96f97dafb0273,F,,,P10,False,12.05,A,B,B,B,B,B,B,B,B,B,B
ab49f675f6f86558,M,,,P20,False,11.42,A,B,B,B,B,B,B,B,B,B,B
21bbb909b85edec1,F,167.0,60.0,P26,True,12.75,A,B,B,B,B,B,B,B,B,B,B
0e951105e6f8627b,M,173.0,55.0,P02,True,11.45,A,A,B,B,B,B,B,B,B,B,B
f828d726eef6a34d,F,,,,False,13.7,excluded,excluded,A,B,B,B,B,B,B,B,B
82a25b0523bb91aa,F,168.0,55.0,P10,True,13.75,excluded,excluded,excluded,excluded,excluded,excluded,excluded,excluded,excluded,excluded,excluded
ba144a20feda2236,M,,,P15,False,10.92,excluded,excluded,A,B,B,B,B,B,B,B,B
8d175b380217dd7a,M,,,P10,False,11.74,excluded,excluded,A,B,B,B,B,B,B,B,B
166200646ae800fa,F,,,P20,False,11.47,excluded,excluded,A,A,A,B,B,B,B,B,B
907c511a817ad62a,F,,,P07,False,12.73,excluded,excluded,A,A,A,A,B,B,B,B,B
9f79ca66b5d36dea,M,,,P03,False,11.21,excluded,excluded,excluded,excluded,excluded,excluded,excluded,excluded,excluded,excluded,excluded
9cbcea388d2088b9,M,178.0,60.0,P10,True,12.19,excluded,excluded,excluded,excluded,excluded,excluded,excluded,excluded,excluded,excluded,excluded
bf78b5491785b222,M,174.0,62.0,P24,True,11.33,excluded,excluded,A,A,A,A,A,A,B,B,B
4b96b0f4e6da9b6d,M,179.0,72.0,P20,True,11.56,A,B,B,B,B,B,B,B,B,B,B
384b56c907010963,M,167.0,58.0,P23,True,11.26,A,A,B,B,B,B,B,B,B,B,B
707ed946f08dba29,F,,,P24,False,12.73,A,A,B,B,B,B,B,B,B,B,B
aaa937e8db8db0fa,F,,,P08,False,13.62,A,A,B,B,B,B,B,B,B,B,B
4f21982f29c8625e,F,,,P25,False,13.08,A,A,B,B,B,B,B,B,B,B,B
2c048c4ecf1cb72f,M,,,,False,12.49,excluded,excluded,excluded,excluded,excluded,excluded,excluded,excluded,excluded,excluded,excluded
e9237f3dd32fb31f,M,,,P10,False,11.5,excluded,excluded,excluded,B,B,B,B,B,B,B,B
e087f5e59d3c2008,F,,,P09,False,12.61,A,B,B,B,B,B,B,B,B,B,B
7d59d3240a28886b,M,,,P20,False,11.54,excluded,excluded,A,B,B,B,B,B,B,B,B
e2319c1cf02a18b7,F,,,P05,False,12.86,A,A,B,B,B,B,B,B,B,B,B
d93f967238479035,F,,,P28,False,12.02,excluded,excluded,excluded,A,A,A,A,A,B,B,B
11913fab8ffc7e2a,M,,,,False,11.19,excluded,excluded,excluded,B,B,B,B,B,B,B,B
68e2cab1b6d60504,F,,,P26,False,12.87,excluded,excluded,A,A,A,A,A,B,B,B,B
f44d7bca466dff9f,M,,,P10,False,11.6,excluded,excluded,A,B,B,B,B,B,B,B,B
e6b9582861bacf86,M,,,,False,11.44,excluded,excluded,excluded,A,A,B,B,B,B,B,B
c2a28e877b502a2b,M,,,P10,False,11.27,excluded,excluded,A,B,B,B,B,B,B,B,B
1470e88c1b771288,M,,,P17,False,11.43,excluded,A,A,B,B,B,B,B,B,B,B
c63e245068ded1b8,M,174.0,63.0,P23,True,11.93,excluded,excluded,excluded,excluded,excluded,excluded,excluded,excluded,excluded,excluded,excluded
264006353eaae4aa,F,170.0,55.0,P12,True,12.45,excluded,excluded,A,A,A,A,A,A,B,B,B
d7eae5666e019d7d,F,170.0,53.0,P08,True,12.45,excluded,excluded,A,B,B,B,B,B,B,B,B
c0db39104fc9eafd,M,172.0,61.0,P20,True,10.87,excluded,excluded,A,B,B,B,B,B,B,B,B
a46f8b04a324bf84,F,,,P30,False,12.66,excluded,excluded,excluded,A,A,A,B,B,B,B,B
eabeca0caabf2489,M,,,P23,False,12.15,excluded,excluded,B,B,B,B,B,B,B,B,B
9ed17e281478e8e9,M,,,,False,12.99,excluded,excluded,excluded,excluded,excluded,excluded,excluded,excluded,excluded,excluded,excluded
cbdd59861c6849f5,M,178.0,74.0,P19,True,11.99,excluded,excluded,excluded,excluded,excluded,excluded,excluded,excluded,excluded,excluded,excluded
7879b6a8c8faf86e,F,,,P26,False,15.16,excluded,excluded,excluded,excluded,A,B,B,B,B,B,B
cb4c747517d28b63,M,,,,False,11.5,A,B,B,B,B,B,B,B,B,B,B
e9cb20840e8ab8e9,M,,,P08,False,12.05,excluded,excluded,excluded,B,B,B,B,B,B,B,B
8a1bf7094345e498,F,58.0,168.0,P02,False,12.66,excluded,excluded,A,B,B,B,B,B,B,B,B
18716c409735c7ce,F,,,P18,False,12.22,excluded,excluded,excluded,excluded,A,A,B,B,B,B,B
d700a68692c622d4,F,165.0,55.0,,True,13.27,A,B,B,B,B,B,B,B,B,B,B
b25df1a814cb9ec2,M,180.0,70.0,P16,True,11.13,excluded,excluded,excluded,excluded,A,A,B,B,B,B,B
593beda822c792e6,M,,,,False,11.39,excluded,excluded,A,B,B,B,B,B,B,B,B
c69dbe2c71c841a0,F,,,P17,False,12.23,excluded,excluded,A,B,B,B,B,B,B,B,B
81c87211c0068029,M,,,,False,11.64,excluded,excluded,A,B,B,B,B,B,B,B,B
96b194571fed27d8,F,,,P21,False,12.53,A,A,B,B,B,B,B,B,B,B,B
7b0ca2a8ac0bf4ec,M,181.0,75.0,,True,10.9,excluded,excluded,excluded,excluded,A,B,B,B,B,B,B
f3b3428db09d8bc1,M,,,P19,False,11.04,A,B,B,B,B,B,B,B,B,B,B
660ba3c3176fee93,M,,,P09,False,10.98,excluded,excluded,A,A,B,B,B,B,B,B,B
1909d9789c3b2f47,M,,,P12,False,11.63,excluded,excluded,A,B,B,B,B,B,B,B,B
9a75b57c728f7e0f,F,,,P12,False,12.89,excluded,excluded,A,B,B,B,B,B,B,B,B
0dd122708101e3b2,F,,,P25,False,14.08,A,B,B,B,B,B,B,B,B,B,B
57020e1789d24972,M,180.0,70.0,,True,11.11,excluded,excluded,excluded,excluded,excluded,A,A,B,B,B,B
1a9e8ccc6b2049be,M,,,P14,False,11.46,excluded,excluded,B,B,B,B,B,B,B,B,B
f0617279449b62e8,M,,,P14,False,11.64,excluded,excluded,A,B,B,B,B,B,B,B,B
9c41ce89e5b0bb95,M,,,P17,False,11.09,excluded,excluded,A,B,B,B,B,B,B,B,B
30772eb576dcc8fc,F,,,P20,False,12.52,excluded,excluded,excluded,A,A,B,B,B,B,B,B
2ec399c6ea9ea653,M,183.0,56.0,P21,True,10.65,A,A,B,B,B,B,B,B,B,B,B
6a74a5a7be3eeb38,M,,,P20,False,11.71,A,A,B,B,B,B,B,B,B,B,B
8886c1df570aa1b2,F,,,,False,13.06,A,B,B,B,B,B,B,B,B,B,B
098f48d99b5396ab,F,,,P13,False,12.21,A,B,B,B,B,B,B,B,B,B,B
4e7ca383308279fc,F,,,P21,False,12.01,A,A,B,B,B,B,B,B,B,B,B
86a6469290c2c740,F,90.0,183.0,P20,False,11.6,excluded,excluded,A,A,B,B,B,B,B,B,B
05c14e30141a6a48,M,,,P12,False,12.03,excluded,B,B,B,B,B,B,B,B,B,B
2908ce0a0a49a02c,M,178.0,65.0,P23,True,11.83,excluded,excluded,A,B,B,B,B,B,B,B,B
c7cd0bdde50182d4,M,,,P04,False,12.07,A,B,B,B,B,B,B,B,B,B,B
ce4efb548b9286e9,F,,,,False,12.7,B,B,B,B,B,B,B,B,B,B,B
bcd3c61fc11e8389,F,,,P26,False,12.21,A,A,B,B,B,B,B,B,B,B,B
e0728676d65bd404,F,,,P20,False,11.87,A,B,B,B,B,B,B,B,B,B,B
5f976be3b6ad9b87,M,180.0,55.0,P06,True,11.48,excluded,excluded,A,B,B,B,B,B,B,B,B
e36bd504841b10b1,F,,,,False,13.67,A,B,B,B,B,B,B,B,B,B,B
72bf77587d2222f3,F,163.0,55.0,,True,13.06,A,B,B,B,B,B,B,B,B,B,B
ed176c14caead1a1,F,165.0,55.0,P20,True,12.85,excluded,excluded,excluded,excluded,A,A,A,B,B,B,B
cc29ec68666195ac,F,,,P02,False,12.86,A,B,B,B,B,B,B,B,B,B,B
5422e4368f3a481e,F,,,P04,False,13.89,excluded,excluded,excluded,excluded,excluded,excluded,excluded,excluded,excluded,excluded,excluded
11ddafdebab0a061,F,165.0,55.0,P10,True,13.04,excluded,excluded,excluded,excluded,excluded,excluded,excluded,excluded,excluded,excluded,excluded
bcb15efd1d4c7f7e,M,,,P12,False,11.22,excluded,A,A,B,B,B,B,B,B,B,B
dcb519030dc8a58d,M,,,P12,False,11.12,excluded,A,A,A,B,B,B,B,B,B,B
75a9cbfdcd988548,M,,,P17,False,11.59,A,A,B,B,B,B,B,B,B,B,B
3691a6e81e5a201f,M,175.0,72.0,,True,10.86,excluded,excluded,excluded,excluded,excluded,excluded,A,B,B,B,B
6e0d38e0cc5a7813,M,183.0,70.0,,True,11.11,excluded,excluded,excluded,excluded,excluded,excluded,excluded,excluded,excluded,excluded,excluded
b505d32960777b60,F,,,P20,False,11.98,A,B,B,B,B,B,B,B,B,B,B
ad91a1eb562e8a08,F,,,,False,12.96,excluded,A,A,B,B,B,B,B,B,B,B
7123d0f3de075400,F,,,P14,False,12.77,A,A,A,A,B,B,B,B,B,B,B
06e14be20316eb93,F,,,,False,13.13,A,B,B,B,B,B,B,B,B,B,B
00c49bf0ea38cf6c,M,,,P09,False,12.52,B,B,B,B,B,B,B,B,B,B,B
7471694d08343867,M,,,P20,False,10.83,excluded,excluded,A,A,B,B,B,B,B,B,B
b64a358688cc14eb,F,161.0,46.0,P20,True,13.3,B,B,B,B,B,B,B,B,B,B,B
b8425936f05ba473,M,173.0,60.0,P20,True,11.77,excluded,excluded,excluded,excluded,excluded,excluded,excluded,excluded,excluded,excluded,excluded
900bdc0aafc76db5,M,,,P20,False,10.29,excluded,A,A,A,A,A,A,B,B,B,B
738a639c4e847cd7,M,,,P23,False,11.16,excluded,excluded,A,B,B,B,B,B,B,B,B
8f08f7df100284ee,M,,,,False,10.9,A,A,B,B,B,B,B,B,B,B,B
ce80571376814cd1,M,,,P04,False,11.39,excluded,excluded,excluded,B,B,B,B,B,B,B,B
ee53b00251d87796,M,,,,False,11.32,A,A,B,B,B,B,B,B,B,B,B
341d397c911c0b64,F,,,P20,False,11.48,excluded,excluded,excluded,excluded,excluded,A,A,B,B,B,B
dfecc229b4a71c8d,M,,,,False,14.31,excluded,excluded,excluded,excluded,excluded,excluded,excluded,excluded,excluded,excluded,excluded
a4443e1b62acb7c0,F,165.0,50.0,P14,True,11.44,excluded,excluded,excluded,excluded,excluded,excluded,A,A,A,A,A
4675dbea263069cf,M,,,P17,False,10.94,excluded,A,A,B,B,B,B,B,B,B,B
e705ddcb57b0d399,F,,,P14,False,11.4,excluded,excluded,excluded,A,A,A,A,B,B,B,B
e80cc10e9ec5716b,F,167.0,60.0,P21,True,11.42,excluded,excluded,A,A,B,B,B,B,B,B,B
f51c1848c6767454,F,158.0,47.0,P30,True,11.69,excluded,excluded,excluded,excluded,excluded,A,A,B,B,B,B
70bfff60d0bc3c62,M,175.0,65.0,P20,True,11.23,excluded,excluded,excluded,excluded,excluded,excluded,excluded,excluded,excluded,excluded,excluded
d290b38d69594d8a,M,,,P20,False,11.46,excluded,A,B,B,B,B,B,B,B,B,B
74d4989d0dd57a7d,M,,,,False,11.05,excluded,excluded,A,A,A,B,B,B,B,B,B
8ba8824a701701f0,F,,,P10,False,12.62,A,A,B,B,B,B,B,B,B,B,B
af19991f2c9d553f,M,,,,False,11.24,excluded,excluded,B,B,B,B,B,B,B,B,B
52cb80c4a07b0349,F,,,,False,15.81,excluded,excluded,excluded,excluded,excluded,excluded,excluded,excluded,excluded,excluded,excluded
d0c4e0396df7da85,F,,,P12,False,12.41,excluded,A,A,B,B,B,B,B,B,B,B
26ec155a7d412b3f,M,175.0,60.0,P20,True,11.58,excluded,excluded,A,B,B,B,B,B,B,B,B
d105f7feb54757e7,M,177.0,64.0,P03,True,10.21,excluded,A,A,A,B,B,B,B,B,B,B
b7fea24f7cc5fd41,M,,,P20,False,10.75,excluded,excluded,A,A,B,B,B,B,B,B,B
7fe980c34bc5ccd8,F,,,P20,False,12.43,excluded,excluded,A,B,B,B,B,B,B,B,B
5ba535d93eb6913e,M,,,,False,10.82,A,A,A,B,B,B,B,B,B,B,B
e2ec187a4a5c2087,F,,,P12,False,12.09,excluded,excluded,A,A,A,B,B,B,B,B,B
3736794b70fa7bf9,M,,,P17,False,11.98,excluded,excluded,A,B,B,B,B,B,B,B,B
99e6aec862487e82,F,,,P14,False,13.16,excluded,A,B,B,B,B,B,B,B,B,B
50a091e00e16acf9,F,,,P20,False,13.17,A,A,B,B,B,B,B,B,B,B,B
86a7e806fdf04e1a,F,,,P18,False,12.34,excluded,A,A,B,B,B,B,B,B,B,B
afe0d8b5d9354b16,M,,,P20,False,10.97,excluded,excluded,excluded,excluded,excluded,excluded,excluded,B,B,B,B
cce6483209bf1b25,F,,,P09,False,12.93,A,A,B,B,B,B,B,B,B,B,B
a589afd30b41ff6c,F,160.0,50.0,P10,True,12.86,A,A,B,B,B,B,B,B,B,B,B
da1d171e995728ae,M,173.0,63.0,P08,True,11.12,A,A,A,A,A,B,B,B,B,B,B
37b0ceba6261ed93,M,165.0,54.0,P30,True,11.42,excluded,excluded,A,B,B,B,B,B,B,B,B
d7c804edf1790527,F,169.0,55.0,P23,True,12.29,excluded,excluded,A,A,B,B,B,B,B,B,B
168d1637926e317a,M,,,P23,False,11.41,excluded,excluded,A,B,B,B,B,B,B,B,B
970b9ec3c882e5d1,M,183.0,74.0,P21,True,11.87,excluded,excluded,excluded,excluded,excluded,excluded,excluded,excluded,excluded,excluded,excluded
274b34e80d0f0810,F,165.0,53.0,P25,True,13.47,A,A,B,B,B,B,B,B,B,B,B
4f5b06ed86db5efa,F,,,P12,False,13.37,A,B,B,B,B,B,B,B,B,B,B
